address,network
111112TykSw72ztDN2WJger4cynzWYC5w,bitcoin
1111DAYXhoxZx2tsRnzimfozo783x1yC2,bitcoin
1111VHuXEzHaRCgXbVwojtaP7Co3QABb,bitcoin
111218KKkh1JJFRHbwM16AwCiVCc4m7he1,bitcoin
1115LWW3xsD9jT9VRY7viCN9S34RVAAuA,bitcoin
1117wASFaYgJJP6MiY8cPD5DMdQda8gDZ,bitcoin
111ECNFEjJsQJ6LkAsAESBGTHBvZE66oX,bitcoin
111FJppFVhFYWPDagaAxp24U6zb7gAyv4,bitcoin
111HRAJxnoxqyKRVnjqBmwqneUrHc1chi,bitcoin
111KdcceSRgzYCnV4EP4nEChtQMEkSP8R,bitcoin
111Ud9zxFi3VgcstEM2R3YAS3CNxf9o8r,bitcoin
111Y3BkUGLSWQjHCb2Mg8oMNiwc1jxMwe,bitcoin
111YiWPqpWjz1Y8RNy3JGKq1CdQpp841n,bitcoin
111hUsP6Ekt8ahaEYZUCUTK4svAuKc5Gt,bitcoin
111iu559diy1cBDTP9cRhy8sYYcECvvrw,bitcoin
111khWGs3Mj7UgKT7aS6hLsYK11ii4Gmw,bitcoin
111wQPfkD1smT5cZCWxAL4U3Ssogdioqx,bitcoin
11214iNCgVdqCtqeLiYUNHtwiBeVx9U56X,bitcoin
11216oX1YSABzxhs3vCm1RSssyHzAnTxVh,bitcoin
11218UPhatsmeMZh9Xy9VmjFubjh6T22pR,bitcoin
1121A3vrYYduVPMnfS87ieHFP2bwy6xriv,bitcoin
1121AaULiSBgTQDyLMTwiWGgNLygMmZJAz,bitcoin
1121Fg7Kz8X5cvK5F4wbZfHecYUnr29YJg,bitcoin
1121LXUU8xwRaNqpBJDPjyRL1ctApsS4uU,bitcoin
1121MFrce2rKw5XRuG7mWCSesLxRrx6Q5A,bitcoin
1121SNiVgJ6esyxhmEK45E8Q1YxWs6htNz,bitcoin
1121XS2XFGMmfVfzCMqgRGNwLJVt5PEUBa,bitcoin
1121nN15wBqr2cxMiGkZxQoS4do8TZfUoT,bitcoin
1122A9t4WwGoP2eNcoxsoW7yuRuCeJoNKR,bitcoin
1122EeCxhpTn17NnPzSjeZ7Xci2WiZkyVD,bitcoin
1122R1PjMG1Y6PAMpjkJAC6qpm7LWfV2Wk,bitcoin
1122bmNJQvwntrLSfTG6rsYiAsUQqhPbUH,bitcoin
1122eFHVNscGneS8ksavvFKw4tHQtkCYnZ,bitcoin
1122o5gJmVVyQjNDVq5xTiPr7wnFn4V5xy,bitcoin
1122qKaHEdkBuBFp4WGcwNwQnh7QuPKJTR,bitcoin
1122t65ZSwPb97ECk9DT8HQkYubrdCN7t7,bitcoin
11232DYeYgEw1cpuzrKPaJVAKAoezLXpN1,bitcoin
11232pRvWXmRwA75hSDgkjw1T3ize7GkbG,bitcoin
11238JxaWpG9UsmVapWF4kNkhH9hZhxYeh,bitcoin
1123AAVJnV4fNh55aawv22cKnSWzZQoDXc,bitcoin
1123ENiPU91o633SLv5bEKE7WSuHw15pwV,bitcoin
1123K1uwqWDHBxjkugaef8kN9hd98YBFZi,bitcoin
1123VmM6fcxDcZF2kSrzn7wQdzuf4peCFc,bitcoin
1123YDK4FDDwpE5URjz2fHkr5L1SXofyLh,bitcoin
1123cV46Jba2PdwX3SjAQrkGrsEJePJW5L,bitcoin
1123dvG2WjMTcUxCBBKi5CqhRdExxiX2yt,bitcoin
11241duuRdzqsBh7kcd9T32Uqx8ecWesBd,bitcoin
112467zLZa5J6JLmvDr384Adx9ddqeRqC2,bitcoin
1124cGkmJvi4iswcH2CcU1e7to2RtyLgEL,bitcoin
1124gCZwWuXftCS3yAXsoqxQzSan2VjagY,bitcoin
1124wKRxDDMEdkeEZGBEk5WpK3pUVerfU6,bitcoin
11257XJ9pUnTPPDtxvgugnFHXfTD2hY3Fi,bitcoin
11258XXeNpfDm1EeWG9XeBetSjRstNKDEx,bitcoin
1125HPGUbM1zuUVKSksVfpMDNjhFGYFASW,bitcoin
1125K5XpyQQLvnLELaNnSaFQYgdHWu9CLi,bitcoin
1125TH4VbzGSijFWvtmgjbtKjRtu1rNsVB,bitcoin
1125YQqEGwSjTfzewHVbaQa5jqv8tug1bd,bitcoin
1125a6Q9zDvfx1TbBos7xNWhmYWmtYUX1S,bitcoin
1125gA55bMKdCM5zuQGb2DTU1qMPnnGAcT,bitcoin
1125iFNsf9EPE4ZYKGsN8FAkxxRZ5WrfEm,bitcoin
1125mk1uScXXFi5MfR6gBpBDu3UNCvh2WF,bitcoin
1125nU5HY4Kwwg3cbb2eBGtMnw26n3ctTs,bitcoin
1125nv7Y9sNfU5ry8nuwVfdf2SJE8wFPi8,bitcoin
1125qbgf3KUy8odp4VSA3B5CFshqdKFrYu,bitcoin
1125uafjtPwxxixhzJRdu9RYMw6vVt5voL,bitcoin
1126APrcFVWFK4iZhg7Apm1TAiMvyX1BXK,bitcoin
1126M6DbsvwAgcZt52yr8AxxQupuqybNSY,bitcoin
1126dPCA7Rp19NBkNuEzYvG8S77Tj9UKHt,bitcoin
1126i2ZHGeU29qQJ4TnC7s51mcEHS4vmwc,bitcoin
1126nC9nY73uYEuJrvgpaahfBmg5YTuYUd,bitcoin
1126nZbf1u6z6Fu2jNqEoWqPZ7SLCHCqSw,bitcoin
1126vgWL76YsKjuAXmhoj9oZWFKxm8EZXc,bitcoin
1126xWUTuv7BPUPLPMyPrtzUrknzZ5ByqC,bitcoin
1126zBoJZay36SoSMK7PwtkHqBYk5QSMgH,bitcoin
112752kNqqReQU6RwHSxPHz76EcVTs7Zps,bitcoin
11276Czygw1masTriYmxezjx6Kf2yaW9pi,bitcoin
11276Mgu2Wrtj7hoPYf8SFeCk86LqcwNZa,bitcoin
1127EVekJYumhffn6cG98GNaySwmxPEPqb,bitcoin
1127Eb2hQJQPgd26wMap1ZfaxXKRb54L96,bitcoin
1127No4oGnigWNhL7C1KPKQrm9ucno4GWF,bitcoin
1127q656Fo4MuQV2SHHuXAPqVbB6KrbX2E,bitcoin
1127r4a2iESrSKFCk2m38p9Utsxxy7MRbm,bitcoin
1127srNE7cQuZmiZuQDzBH82NPvsbYyCWm,bitcoin
1127tGfmP6e9ghQF5BJ4JJkb3qkQHtaxAd,bitcoin
1127wCtC23SmLxpHAFyknvatknjG7HuEf1,bitcoin
1127wCyoKX59k7zUzuRqzmLb19Urwc6EkZ,bitcoin
1127x4RZNKkR91eU4m79xqAq5XeJTcTmx4,bitcoin
1127zQeyS7f8VhuEeGb4ds5BDddYpH1ZW4,bitcoin
11287dmR4AcCWg8g8jfnPHLN39gmmpeNrQ,bitcoin
11287qifjZfVzwKbyxsw9p7EtHmgVwyJja,bitcoin
11288ts1nQN5KVjkfVDBWsqLxkQvbkMYDr,bitcoin
1128AHWfxZeTSYFnwWkfZ66m6cXnc5RduA,bitcoin
1128EamLN3MFpMLvyeMpHAVMbR7jRKtSZH,bitcoin
1128R85E7agQiFpm7N6CTGoB7bN74zEQd5,bitcoin
1128RTzDfBTRRmzvaVxrsoGn2xDi5rjcae,bitcoin
1128WGgZJmL7seVnWcxbhXSCM3mf6wsN41,bitcoin
1128YZkG7nnTR44zQPDBFixdMMmNmhSEdd,bitcoin
1128Zimy6z1XnADYtLDHiMJ96dmJpko6Jp,bitcoin
1128h9QBNM7YHhnfpL5KBi55CqusCBBqo7,bitcoin
1128wqAdB147hMmqxm2e7zzFqf99Bh6uRK,bitcoin
1128y2m3Rc1ESVKJFj6hLLgkjuCuEs7hAK,bitcoin
11292XCMb6y7XBC2j8Dy8dWyxZxh9PcpeA,bitcoin
11297FAeqjq6x2Kut5Uc6zq8R2rUvLtbh8,bitcoin
11299W1wyEZRzTNfrTWiMt7yvPWQeH8V6c,bitcoin
1129A9dFqy4ABDsGQ8RGusbMWYBoZc4myc,bitcoin
1129QLEVwVyWbgLNhtFMGpMzMySUJCP2kG,bitcoin
1129R93aEp7o2vHTrshXawq8mQhV7JcZQi,bitcoin
1129RVKksfNqqNEtWspGX4VB1CuGJ9gdXF,bitcoin
1129UiwtmQZdttUm9vk9kzAkFNtAbXgshi,bitcoin
1129Woz7vgaCGTcSXguvpsWVpJ5aGs9q2f,bitcoin
1129Xnu31hndyCNDHL44scvH69efMUw4nZ,bitcoin
1129bXGcchUng3abpvnMYAXX4kMsiugRFF,bitcoin
1129cgBMp8tRtDyKpemDEHL5hdL8HNfrX4,bitcoin
1129mytLsaa7jV7pdcEPByUrLWZKxJpiDd,bitcoin
1129rmJup1VzqDJMDzL4VVr4BMtG3bGc22,bitcoin
1129whjzD8Gb3mKxR8F2MdX6izQfwwg7bY,bitcoin
1129xjFfe5o1dVKCVrRiVcZHGxVgKQwixs,bitcoin
112ASPKJM3sck8q5xFVz4NVDt8AKRoPsSU,bitcoin
112AWYdPXcwMybKvmz3hGnMhysDuxM7v2r,bitcoin
112AWZbxc9Du4GWXWTtF7Lbir3ij9vZF3A,bitcoin
112AeoNPQj71dS21AEUFBeajon7Gu9VqGr,bitcoin
112AmZiuVF918d8Kh1Zetr2sQJoY3a5D3B,bitcoin
112Av4ZGEZ8ihC7VZhmvRJYCkF1bRf2qUy,bitcoin
112B3KpjY8smNh1Q3wts1fYEhV6KnuQRY5,bitcoin
112BG7qVC6MCKrCMvNkgBjSoQdXuDU2VEe,bitcoin
112BNnsnPnxLi3fjpmWRpjmDrnXasKzazX,bitcoin
112BRWwuhMhSnzMZGAH4pxxZR7xYhiuM4C,bitcoin
112BUJk76Dcq2rY5xxwMWTerive6xbNLA5,bitcoin
112BVHdUSPCHxTs8REqmkNqvhAd1hJVRDS,bitcoin
112BeN15iosQNuyCWiqAxJANTnB2HKi4W8,bitcoin
112BgLYSxxwPpS1wMGAnTA77xciozKyt5F,bitcoin
112BgrAWxNqRwzyyPdWvUzdm76KWvYuVmc,bitcoin
112BokvppJ4QDLKe43y1bs5TVggWo1osZZ,bitcoin
112BoytFfmVeggFXcnH1yts3JB6bi8dCTp,bitcoin
112ByBHAjAAKR2Ntcxu8u8bmYtjrAM2zaU,bitcoin
112ByUfJJxKQtHbYMpHBkQWfL3vSED7YT6,bitcoin
112CB1LdVTbJnn94gVR8ydRRagGhG3v8bh,bitcoin
112CCFedr6j1w6srrzvJKWyGmP899hA3X2,bitcoin
112CG9ZatkwxCeuvsSg5VsuapMib6mi5nM,bitcoin
112CJ3v4W7cHqathBuKpTp9L4kHzpr8m3h,bitcoin
112CWupKy1aw2SpzCW8brMwyqzgpCJ8xp5,bitcoin
112CYXeHqCHYFCuRDnQbtCuNxb86LUnSP2,bitcoin
112Cb6EtwQp1mxqz628EVvchyUi7aB6Kp1,bitcoin
112Co2ydfyD5Wmrck6EfWNH7C4MzMcHDaJ,bitcoin
112D2ENnUSsWrQZFLBvGwaeBGu6jGCYSxf,bitcoin
112DE4J9igZsswUhrwgyGWyg6gMyEqPJPd,bitcoin
112DEXynkcjVFxzCBGkcZ1VnEMnybzcgko,bitcoin
112Di7CFu1MDbvKfpB5MfSYes8vmCb8bzS,bitcoin
112Dw1Xvr8bgH8CPQS1r1vGixLd5cUT8XN,bitcoin
112E52StJnzEsNK4uBagJe1uuskPtDjx61,bitcoin
112E9cUEzq8hpSB7XUxufx5DPndn6dbeWg,bitcoin
112EFmY89R1cFdvoAuxMXdG9Y6Kr6jcLkW,bitcoin
112EGGqmn9FpHzqtakJ4iYt7sVjSngcZW9,bitcoin
112EM2jPzCBuifQEdYhZUdhfSsibZUdVS1,bitcoin
112ENHjTS6BndVeYjqqDuD3kPfHABa6oTv,bitcoin
112EQN7yGVE74DJCgmVAdafpEA7JFv2U2U,bitcoin
112ERdKs3kDzYAQDAst45GJRZ8fGVaoxQM,bitcoin
112EVH61Xk5ec9trWxsGfvkY5CGCCE1hjz,bitcoin
112EXFUXXDFXoHf34Fue8UxnrzRK95ADw2,bitcoin
112EhwhX3vobNeYWdAEWi8ntRoTDHMHREo,bitcoin
112Eo8WjZeKNGXnq39YWbqw66XNMQKMTCz,bitcoin
112FARuCjtGExhNs9t43JLbvrjyD2wuyU7,bitcoin
112FBwDQ21CYxX785HE8qnQwkoDusYsTxC,bitcoin
112FFmQwgXeVTvmUB6ybMfSHSZGyEEiwpv,bitcoin
112FNTUcjdUDtcPzviChDuS4Qk6252iqmN,bitcoin
112FRGxQYaaVz3EHLsQitGYAGX5EPtfhjv,bitcoin
112FTXfWHqGwPLQh7TAs8KVE7GzsGEpewi,bitcoin
112FXzHjtTHJTWSrwWvGYfwQc7GShZT6QS,bitcoin
112FhmDw53sGamGKUk46ErDbGmoTL5zrDi,bitcoin
112FimvffAs1wexAbyfPyq5RJU47WXtAJr,bitcoin
112FkKponTzYb6dBEz3oA65MVfN5BwV26E,bitcoin
112FqtLA9vYVFtB7eRN4emxx9RE935e5Hf,bitcoin
112GBCxMnbDkZdSSKVehkQ5F9YJQ9V8yA,bitcoin
112GPXnHSJQHP4LinZuhwk2ukUxMudFUwa,bitcoin
112GPjVp5zZ4zNbekXLLx2DkSuXJ7F1CdG,bitcoin
112GeLmxLYMuLcuzq4BxvC8FE53Zu6KFUu,bitcoin
112GgVVTgX6LTvERqFxYqbU2Bz43MdCnx4,bitcoin
112Ggfz7s499kW3iwbqYKpcLAxVFW3YNps,bitcoin
112GjnFS5vbxLGuChoCY5tK9TyPpCAFFQ6,bitcoin
112GjwaEMVjz8ft7T51VkEZjhUMsgYoToA,bitcoin
112Gnyt99LE8bAT25CnMTDv9x3N8JExcT2,bitcoin
112Gs8H9jVFw5fRhseFea4DQ5rNDTks4cQ,bitcoin
112Gs8NzjEfjRmBysTrsJpeYWby733Hi3n,bitcoin
112Gwwg8nPoMqyn298JnoeqFDXtkVF6FET,bitcoin
112H8prPn1V9ZvSbGzPy6cSfPwduhZEu7y,bitcoin
112HFuDwx2SRnXuQXHT9j9pFcAMtyeyvR5,bitcoin
112HPhDimvPmGqdRu6fdJytGy5mzspGhvo,bitcoin
112HRmJfrL9MrmGYjRh2W8dG51RnKS8a8w,bitcoin
112HTgR8S3pcaCnkqnsVX95oCmkv1SrB48,bitcoin
112HWwJ15GjBhWmcpzVVpe8rT6Dr3uawef,bitcoin
112Hc6XBf7gE4twXE7UajhMR6kB4Zrq9wo,bitcoin
112HrcBxpm78Y1EFh1K6cRApjb21GN7wDA,bitcoin
112HsPeF5V58mk5w8FDJ4YguCPPPWgWRye,bitcoin
112J7kETXFUyDzAnbpFN1hegxRBCV9WPX9,bitcoin
112JKyCfov3PtPwXR7C24YwjqzCEM2Srer,bitcoin
112JL8poDZTf6jshGV3tSkcMMV9PJU8Rqn,bitcoin
112JNvTP5qvRLBa41k6KAm1v1D8Dw1eYVr,bitcoin
112JV3tCfwzwWQzxSrZ361nrwSxLtn4K4M,bitcoin
112JoaaUa1mH7wCkHFqV74x2GxscN1QKPJ,bitcoin
112JqK7uGzCdEK3ArYoD1SPwPciut7s97m,bitcoin
112Jqj5EWDQfrqxpzdqzeYdosVXmhiyeb1,bitcoin
112JyhHqECwBEYnL2qSTZf5ZHeSUms98jL,bitcoin
112KB2bzVZeZGJgwqbt23YoACYrrKycrf4,bitcoin
112KFBSbxj7Ep7CdkVhRxfLyTRJdHfR6A4,bitcoin
112KWASkxZvmUk9fDZh9RYcMD3m2kBmEQ3,bitcoin
112KZ2fXeNaJ5KCNYuaAE5Sgw7zMEyuiXB,bitcoin
112KZ3drSVb9dKnTDaZ9yDzsrBnD5ddEfX,bitcoin
112KbhLUVaSBH1G486k3HxkeoDPvFwT6o7,bitcoin
112KtESSLPJYSLwj9uP51oxJa8D9TcycLf,bitcoin
112KuqQPkHC59njVUQwbS85Vojass1qoGD,bitcoin
112L58ufSkxcQ4YZbNhZdqEpGUQEwBRpLj,bitcoin
112Lfid8TzdsUFewHaNLBJzS44DauGT3Qj,bitcoin
112LnYRdcEDvFCzPHoHhFFv8SKbEvaw8Px,bitcoin
112LxnNQavy3FzZitSV3wrpTurJ4k5BDhx,bitcoin
112MAat4tJoJq3qKKzfJVtmbVj7cCjQXYe,bitcoin
112MKub7NZZUAGaBbGitPVDeKkEabeH5AQ,bitcoin
112MMcsxjjfUhkVfvsBuqE1sTsJEJsnYRB,bitcoin
112MeuSnKsT6dEXzGeGTEEvsR82DUzBKAV,bitcoin
112Mfs89o65BSqhKY9DGT4RBqEdikTrf9j,bitcoin
112MjittyMPkdUzFZnkVE4RMXNr7iP8hyQ,bitcoin
112Ms9vVPMFctVdB8kVc66A2dGXwmmw93y,bitcoin
112NQSA2ZURq91Krom2Bd7NuthNfPJ94fu,bitcoin
112NZ3VrWZFE6ScKG8j2kVdN88L3mCiuq2,bitcoin
112NfMorH66GdRgWVFUAb43nQAbw2wKgRW,bitcoin
112Ns49UobQn1cX1G1axs1cmGvjFBxVxvf,bitcoin
112NuZznyofhN958mpuEJb3dz3ZpuNNvAk,bitcoin
112NwLpiew25AJNXkvKRNxtRjqX4KETrhJ,bitcoin
112NyNCmBFw28SUwCAVYnuN1BUP57mSChG,bitcoin
112NzyzbLAhyZNwcnvR3oyWAssXzfhhDGv,bitcoin
112P2yPkp8NgMBp99peDpjUMqUJ1ESe527,bitcoin
112P2yhHyJ5SvcqV6vH6bhCpaY4KNU99Zb,bitcoin
112PFfsnHCWRkrE469kHQL9BF2G22qbruA,bitcoin
112PGuqiPHr3P5tu8gBKD3LNn3LpcsTpdp,bitcoin
112PRshpMxtDB46XfE7j8emKmjqkJFCepX,bitcoin
112PX7Ci2FQ9UYJk5RAQoFcxVsRbQxarxu,bitcoin
112PZRMj95VuCuPLzd9YCsfxhSoW2fgQDa,bitcoin
112PjEMSpNKrvdLvtAEQqsaSk4LvqeTHtP,bitcoin
112PrrbT1zntqTKqeuQb6kdJRjiyfQak5u,bitcoin
112PyQCxp3V7tiWpKTEmNgqhdGgc55kJGc,bitcoin
112Q6cEamrCja6eL5DuTZpAtJbVvDxAepo,bitcoin
112QCRrYqKkJzmUTUGbhWnWBS8BxDC45qm,bitcoin
112QCiYePJxrDJ3htjVKrpFpDnhbca98gz,bitcoin
112QKa6jPv8a2RagkbeZDJ6VjA5U2U5bVB,bitcoin
112QL73VPLQs26rUo5QnEx44PKiZ29LSoF,bitcoin
112QPb8ty1zjtxEJ9i9HjSzrvLREivsFhM,bitcoin
112QWfXTMpTDJGEqcUxrmi2A47E4vW6jdj,bitcoin
112Qc3XbibLk1SVQ2uG7WBqRYGeV2sJFvJ,bitcoin
112QcYKWzrZtskYRNnxYRTwcNea9Kg46AH,bitcoin
112Qh2RZxWCg23qU7bZC6WwmG3LK7PYF22,bitcoin
112QhcM8T2xMqgezooWwdJr77iy6VNrug2,bitcoin
112QhigkWHWP3QrGMR9a4BmHbz5KZH2Hq9,bitcoin
112QmRavdf1sknZZ9eWJBfLUFUDR3ShGYk,bitcoin
112R7F51TMpoxJ3tAExPKeKdSHEo48YVmZ,bitcoin
112R7KGZBJMeegRmWSyEczwid8fa32uFAT,bitcoin
112R9kdBtaVebnshyrmEXFwV2NXzcDrFDs,bitcoin
112RBTSkPcQuD4VWNKZL3PCDiAyFY1Zdz3,bitcoin
112RBzQ61mW1JUHfxnS5CdPg5uWUKJQCMR,bitcoin
112RCjwBwQAeTrkRHJcMYobbqyPhTdzaYE,bitcoin
112RHDxmMwfCfkLffSA7hKTDgia5GBiZu5,bitcoin
112RXdL6EdP79wpXgun7KN5yxAQ17wTK62,bitcoin
112RcRuyrgXN5bmZgYfJhbHMk7NDKmpp57,bitcoin
112RjkmPZMciaKJbGacBwGe94W4AqiEmF7,bitcoin
112Rr5eB5S7D68es4qbyvUMqxjn22k4DVg,bitcoin
112Rxv6eG64jzp6SNJuDtjwU2Pv5ueeTyw,bitcoin
112Rz45tuT5N4NmYaEQub6C8skndLsaeoA,bitcoin
112S1N3LWHr1bErPj3UNNYS4jQP1YDjtye,bitcoin
112SGdFQVXoFTesPd5ZZzheyEibbXyb82n,bitcoin
112SJTzvvXundTy3wi8erU3bKFwUCgWrwk,bitcoin
112Sda2u79pHUa9383hDbyAT6tnApZgN6Z,bitcoin
112SgXxEBFvrLsAzMyYsvhK4pQAV6weSCz,bitcoin
112ShrygVbb259wo6G1byymW2Zyfhe6XMo,bitcoin
112SkyRoxBN4gfGTyJDMWX6Tn8bSzx1NMW,bitcoin
112Stm3oUd6rPZBf1chgaCe41K6gPdU9Av,bitcoin
112SupGJTsnQwKaodEDvWSuRp5NqXadyf9,bitcoin
112T1bNoTSg11w9EUrZ9vvrfemTJs5FqQb,bitcoin
112T4jedbnjk7mbQvJJMxJ6bX3tyhdCn1A,bitcoin
112Tsfxp3rb4iKmifZMEfwqzYnhBh1FJPu,bitcoin
112TzbynZfa9oCBf3e1R5FnFHc24eVfbtT,bitcoin
112UGDDoN5f34aBcb8nRsxK6NRwKzP5nzz,bitcoin
112UKfjcdRETus9ErXqS6FahJVHPfpbEy2,bitcoin
112UNqTVmikCcfFEw6qQdurijFHhYBxDGn,bitcoin
112UXABjrhy5Gba4TLXrextcKqCaU4nyrU,bitcoin
112Uj8HTRo66haY1qpLChnv74EzQeA1toz,bitcoin
112UkcaDmuxZsGj9zmydRcEkm1dwXk2Fab,bitcoin
112UoSP4omgak5mK2v4nZSZ3JH1XKdg5Nc,bitcoin
112UyAFpSVKJ7gnoyGEgko4uAmTEkqmNKT,bitcoin
112V1Eo6p4enFaeUutrX8mPDk36DtRvjCQ,bitcoin
112V3EVBHkPiPU32WXQo15c6osyjFNrTnp,bitcoin
112V8dWh5vJJ24NX3tFYpMdjMjdEaUrzh3,bitcoin
112VCpTffKhqaje9i7xAsS6g7UKCDGdtbV,bitcoin
112VH4Pt9N1dQGgm5ZNoJLNeh98MKR3tt4,bitcoin
112VWnuVy3otdq7XjNSiqme2pQu4tifNVy,bitcoin
112VZQfUcpZsUezWbPN14ryiAnKC7FSZpv,bitcoin
112VtV6QMGH2eGU6ohVV1JfLCjZ2VoTnQt,bitcoin
112VxMhR1wkdCzsEcyif5tjP3cBi2MSGxs,bitcoin
112Vyqy2aYrvyJ4mpV4sL17vXMG2dUH6Xc,bitcoin
112W96NG3yUk2AC8WQFHoQWpgjpzzeoNq6,bitcoin
112WSYqmYAJp1sCwLuXnQ2AAZEU4YaKfbr,bitcoin
112WTLb57pMrTfxfMXSXjFQKVpWzFEyhw1,bitcoin
112WUPBe53z8UvhWSjTLvcevfJ9PgsFtWq,bitcoin
112WUsPgzvbLkLcMGrDnj38zs668f611Jf,bitcoin
112WZ7Pctbbnug9QDGGS1bWshUgxYeWusD,bitcoin
112WeMpGqV4TnJkKd9jzW9Z7dg8veWfjb1,bitcoin
112WnrXtzjKgZoTcHHeNXYY3m1VTAYz9HP,bitcoin
112X6fGTHkZ5amqWHwsfonnhKQJur8sduz,bitcoin
112X6zWZe1dm4cDKPS3PUhHEqxMyryJMUS,bitcoin
112XJ9svJ7RV7hWobuoVtKhPJij4VuW5EB,bitcoin
112XT3toWH5M249s3UNiN9GCHAigzeJ7Q,bitcoin
112XZwPcED63zmBUUUgsxuGbxRzddRTzQK,bitcoin
112Xd5scM2X8NvB5kWdCagMYUefcbNEUKi,bitcoin
112XmEucxEwrMJW4Lzd1teH17FoLs8j229,bitcoin
112XpyYDpJn7RLb9RkeV2WkCabUNmPy2pZ,bitcoin
112XvA9AC1c5LH2FmSXfanVtCv81WcH9ia,bitcoin
112XxCH9MB1dpJRJq4HXXFtBAdLs6CVDVy,bitcoin
112YCdFacwPwLupatDmHz7BD7dE31oGXzt,bitcoin
112YTQyQGkjPgsxJiaqhqyz8CB9yLjKWpR,bitcoin
112Yi1UukwQp1Cqpd2wZqDEZBYq61usCAv,bitcoin
112Z3DxXE8cbo5wRj4V2szemskCjRRC6da,bitcoin
112ZPdfPMWqKcLhQUjGBwutYA6AaPnuVe5,bitcoin
112ZTt5wCH4bp6MT813CQQasYudn9cQgPU,bitcoin
112Zd86vdqThdf3VVQUuzXZ4JRztWYGeh5,bitcoin
112ZdUxynwUCTyQCgxtLMhom9GJxFhxuGv,bitcoin
112ZggX7oVqDZcSnYWMseL4n7bgwE7MSa5,bitcoin
112ZuBbDg8opG6MNGQXe3B6Jm1qnRmx3Sk,bitcoin
112ZzbrhJdujKjt7aXvEFoozzDj9bus5C9,bitcoin
112a1k9Z8PZEBgUBUKXit95jVwYdGzN51R,bitcoin
112a5Je7Rc1Vdze7s3RpZdkuQb1gNhgmrT,bitcoin
112a8qatre9kVEd95rmt34NUZrghExsd8,bitcoin
112aQFSYZGSaUf5awJLPxeVfVaVX83oAxA,bitcoin
112ah4MHRAYY4Fhu7w5XaH6Z1bMQC9MnhU,bitcoin
112aix4sgwxh6cPd2uAsedqpMdwTsbN7Uz,bitcoin
112anGT9Xc5gXAgwMPqQE3DjDiRxamJxp8,bitcoin
112asZHxHKvYGe4kynP4tAkd4MuqT8DcGC,bitcoin
112b2K8yaMEDv3jkDbHJdZWC4TFnw5Ezpu,bitcoin
112b3BDMW5QRXG2wjbx69asHvBUruNagod,bitcoin
112b63fdygvXDbRVqG2HP4vugV4NaNKsgS,bitcoin
112b7BpMSSKeLUTmN8nMdSCaZmnqWsFt4X,bitcoin
112bBZipkdPD7Rg92u9eY9nHLfqL2xwqoE,bitcoin
112bP6wWkBF51sFrMv8Fp3Km3q6uM3H1TE,bitcoin
112btP9K22rhoKT2k1BRXEff8ibwE4Q97h,bitcoin
112bv2GBar9vQgGqA4xEZmW4oppJUKW5oZ,bitcoin
112byM7kJB3eQTrhmhwKYBCrPhjJmCGYeP,bitcoin
112c7uf8AW1ZJ3RBfTRCps6R8HaV2X3ukR,bitcoin
112cN8gupnTubvCPtTai6uR88mZyEVY5JX,bitcoin
112cpbiYpy7Mat4ffWykurS24QczXMQYP1,bitcoin
112cuFviKto51ekkshBGNKgBpcNV6MEwuY,bitcoin
112d2aX2mePeRZx3BWdNTvzHX1asatrfgw,bitcoin
112d7PkmLKnM2DGLqKJhWyFGqxuYcSCTDX,bitcoin
112dDMZmaymAW52AciQroksJmK7CLr7XJb,bitcoin
112dMwnDfqsDkCjsMNt8d2mEkbtjh4sJm4,bitcoin
112dPgvEt4Vjo8gvycmBU7efZZiKdP3TMi,bitcoin
112daJ1sCozvAR26zgZn7LEEYcvn1rwMhz,bitcoin
112deDJpAPozV9fFpnJ2U3b5qgmR8pbyrR,bitcoin
112dfAxjy6sdzaTafGB2TfwkucMex7rq95,bitcoin
112do74YcRThuqzEUssJMoa72oQV425z4F,bitcoin
112dvhgucmf178K6HXQTUafWEuwgSG2QfL,bitcoin
112e3VzEjFMm596cD28g1b9iaZd2Bgcqb7,bitcoin
112e3vBGob11VbeKLbZhnLikqNQmRRXsc,bitcoin
112e9iH6wdCHHCCL8TPgEFVFQoWraaSRFe,bitcoin
112eS1XRrwv1RbXonbSLAjM6Qkz89mtCPx,bitcoin
112eTQuA7C4vHXiwAE9eJWcsta4jApBvau,bitcoin
112eVab4tv5vP4G8aK6SJYvn8BA7FLiaAt,bitcoin
112eWmo1SPqPHWf7s2CHLYpCjpVraTKWSs,bitcoin
112ehWWYzwX4DxgQ1nvTbwBuG5dFCj1vwP,bitcoin
112ekiEdwEsgsCtyhgmFEpjmSrCJHpTGf,bitcoin
112erg47Jo7QP1i78nYZXxvcsTnpTwqcJU,bitcoin
112eroEk9oRhiXjWSkL3LsQTHGt88bUAeC,bitcoin
112f6KVisNUnpr27zAG2atmGnM8xBxJR8o,bitcoin
112f7eBbgR1AZHpFST8Fo8oHRj55V9b2ga,bitcoin
112fKXV6UUegCJWXswxZzpM8af3PpmfCnT,bitcoin
112fMPgkqAwQP7RzA91WvaF8PJatBAEQtR,bitcoin
112fQwqSSPT3gQneGNCJZdtpdWV7EsxjF,bitcoin
112fVr4zbwU1DpUkFNcTu4aaudq2eejFbh,bitcoin
112fYcfBxu3cSGCF7ecGdapG4wCr2KLQWe,bitcoin
112fZzxgL9edv2UE7uzzvJMqtDToywRmfc,bitcoin
112fqCKdgS1Hj8sjmHnRqV9dP411xp574g,bitcoin
112fub36huo99eEcVwWCu3Cgrg9YLDrN64,bitcoin
112g7tCUPb9Fpb2gX62nzxMeZTiT48uEQ2,bitcoin
112g8H5ssPpfaAPfu4caTgpfddu6c6ykMg,bitcoin
112gE6nMSUSxMB1biRX69c3XDgfwCVF5Hb,bitcoin
112gMQry9WaQVw5VeMkSpsfgiHyGkRLKUW,bitcoin
112gMmeaSeDA5aGHpp5tcWad9oUHQCYyU2,bitcoin
112gMnrESncR1u7VEk4K71o9xzLULZPb9o,bitcoin
112gZ1CAwA5HbB4GhhgqswbGD2QCJG4DCy,bitcoin
112ger1X45Ri8V3R3iVGzRDbXkwUpFCJj,bitcoin
112ghrisFJ33xpWYjRrNjbVeKWmbQ48HH7,bitcoin
112gkJ6NccPck5LbYczNRgcty5CNJYcYRE,bitcoin
112gs3kS3kG3LW28LBtxcdVhuGB6GXjHvk,bitcoin
112gzsMLauHdyqd38i1ax8TNGsoHptDVky,bitcoin
112h4L6fjWeKNZAtvKaVXyuFGrXMTzhbHW,bitcoin
112h69TzDfm1KHF6dKULcpyZLBc34nfA6B,bitcoin
112h7DJz7QBCok3qoKSqpzyE2kd2nscmMe,bitcoin
112hDfLPx3gGzUWVBmzfhNeeEtet4NW56G,bitcoin
112hFASuyraMmdqtoVrZ9g4Pg75ZAkXvNP,bitcoin
112hTM72d8ESZyjLGwzdKf3imXKn3GmUx3,bitcoin
112hbw6pfPMdp5tYKHp28ZFBo8WETNM9Jy,bitcoin
112hdtAeAMRkQf46vedWiCqhATYyRP6LLd,bitcoin
112hgUUTriyWe9G5XMm3REpYLyEo4ScAhn,bitcoin
112hoiULfeCnmDMwVLcr9MLmiYbzJe8wxR,bitcoin
112hqyzGZtwNQ1CkDXSdGtekSpxrJaZQq3,bitcoin
112hsKJ9LA6ef5qSdtxgmKYBm97EVdzFFc,bitcoin
112htmAJ6zHXZi1vWeqTqRE3p3FssMtrEJ,bitcoin
112i7H6esgX8TzmQP79X3gL6jfGo7t9fxg,bitcoin
112i9acQoFYbE7ptjjyEe1AAeQuL3XMKvZ,bitcoin
112iDEugUDEgnn4oPuCGHutCwY38gtwwPw,bitcoin
112iGonbVgTZJXSFMRiFZZj6QjwM87GgSq,bitcoin
112iN5iDfN9ehaHTEV2UvsCXQonmHAcLNb,bitcoin
112iR4nGEWssD8GWexVscGLa3jzup2Umg6,bitcoin
112iRKtGuXhS2nj1sbD6zHgfDNZfDQHT3y,bitcoin
112iSxZ2coTqbnfec6gcTEJSJURxTfasJ9,bitcoin
112ibPGnkjQjGu6GDFyrx3K47jTwz6Uv7F,bitcoin
112iiAzUxqToJhoUyHxbmGHJUSTC4t6Ggi,bitcoin
112iinUjrcCERfyfXcXrTYjKHHuwSJ1XYh,bitcoin
112j5ZewwbTDDmVFFeWsFie3ByUuqtjqPe,bitcoin
112jAeKnigvZ8BevF7SsUkxsyjREBKjjxv,bitcoin
112jD7XEVQ4dQZiWqDYfK3BgC1kQHdAu6o,bitcoin
112jGVvQRbCLDWCenwYYhkBUzGFHztbdru,bitcoin
112jJd9amcf1vfXgyg52PbF6zVeDVDDot7,bitcoin
112jKHt9dS9egunzLNEzCmTJBvooRv5LzS,bitcoin
112jLWWRZbNKo1jNCBcT2LGSBRtTqtvpCj,bitcoin
112jQWnSJgzHpnh6CY3Eb86dkjM64rYS7J,bitcoin
112je4nsqi2k21RGu7Whj5ui15oWKUxDNn,bitcoin
112jh62GBNNofUrh32B7eh8L4myKRgRgAZ,bitcoin
112jmpiUTY3zwxQuvJbtuC9imqCuKtaceN,bitcoin
112jpLGwpuTNDeAntEsn4yVSxvsFJ3zBes,bitcoin
112jsA9PqvqWnz91EC57ZN35RtWHHXiqun,bitcoin
112jwbEk1XDaEJi7LniNJeDvDw3c4WZZmK,bitcoin
112jxLkhE1zmopzudcsqjB2Bt5nt2nTzmD,bitcoin
112jxtEQZay2jAsDGyS8SVkFUMEpoa2sRt,bitcoin
112jyLPUXSecGUDNmrWVgaLNaY5eGrdWT5,bitcoin
112k7HBBcAr96fcg5YXsuHCJ1jzGfFvNiY,bitcoin
112k8Qc6JnSDf9QTBaC3S9WwpCkxABTgom,bitcoin
112kGA1LDm5oSr9QS9wSvfBiv6M1g58kFU,bitcoin
112kJBXYv4H67RYonT7RU2LGSE8UYtDMLH,bitcoin
112kLjrsAEPUQ5bRK1Zk6ZHYdJz1MsKTKk,bitcoin
112kMf1Z1F9kobLaw9Et8F1FVdy9LSx4gZ,bitcoin
112kUjWiwiMuPQ8ztYCMfchE65jwWbExJM,bitcoin
112kWQ9U2yL4f6ir5r2v2MnmsoPTbNM8To,bitcoin
112kbbUfSzBnK8ESYHxN84gJzye16uRzkG,bitcoin
112kq69aFJBN8hbbQJaSc3U9mQTrEWVbwY,bitcoin
112kwCU6G6TGbLBmWJ5onycnVG1qC2L4g7,bitcoin
112kxMjiif6HRJDUg2af3tV3oDau65WjBq,bitcoin
112m4z7kNVLJb1dZRHRtqeJfRQcii5rV1Y,bitcoin
112mBu63yEMmn5BNEFh4osZv3CzSSVejL9,bitcoin
112mE2ryJcujZPgaU8z5sDLRbvnoJkEhgA,bitcoin
112mFezTQxqSijaoVvZwtKVcCAEPV13XQQ,bitcoin
112mKbnWTmEuSQ6rL1jU6EpsQaN4pFPy2S,bitcoin
112mVXUtic7tD5xZXL5ARrqrUGWWxEh56g,bitcoin
112mY2WVFiKgtKJL2cd2n1njbFkM8fxS3A,bitcoin
112n3Hyu9pA3kLs2wUbYiivJ9EP4HDYUuC,bitcoin
112n5TEryQ28F7osxiUML42qrjnjxtuyRm,bitcoin
112nE6EYmVBPZXC2rgJkZUApmtfj1TGatM,bitcoin
112nFzz2WJhq1p2yCAvDe79EvtgtpfZw6s,bitcoin
112nGFYmmpaLQpwKr9RQPhLEQVX2zqdGRs,bitcoin
112nKSAuo2bTxaJ53rQ55MPe1u6RibPUpN,bitcoin
112nMtDYznW65QwjWUMN6TM6aeZ3fuEaAg,bitcoin
112ntT96bgacFEA9dkBJvR8A2o8394Fo8K,bitcoin
112nuCfwHqrrKweMUGSdEFCpT1JLb7oBau,bitcoin
112nuuALikW3s6zF15c8SmK6bx1wHeebEs,bitcoin
112o4nGfEbFmCyrtob7XoYrAQFUu699VVA,bitcoin
112o7u23MQHaPb71gPZzmpWZKnHhHM6awr,bitcoin
112o88orTbboFgpqtcjjMQpoe9xu4ogqsn,bitcoin
112oS63kT31Dk8Kvei1HQRwyXVfKBxZwuP,bitcoin
112oVidbCw3rqWQfA8g8coGDgTrpTDts4q,bitcoin
112oVtQZVyb3dqJ82RPYnT7KqJAYDUKnhh,bitcoin
112oYTSLvAgCTbrKhC7K3biN4vKY2PVsHr,bitcoin
112oYYB2pRt9nSz4jXs6Q39CyswkVL6CnC,bitcoin
112orBGqQSQYfMzKFk1PLTJkUe72vKPG4e,bitcoin
112pAjXprnw3qYnmJ6HZML3KiVAZ71LB79,bitcoin
112pMdZe9pyAyqtVLsFCoVinhVaeogti5y,bitcoin
112pcDrBsG4jquQ7KSai6hRM2yEHoGt1as,bitcoin
112pho4Atww6XF8rMVVp3Cq3ufGh7bbicJ,bitcoin
112ppQRpJsQKywAu4MiLbf2agqykGPNeCj,bitcoin
112pvHNTvn5AUiw7teMET4bt82tS4HHN91,bitcoin
112pyg45zjJMh1jyq3xL3sXaktAt3AuLXf,bitcoin
112qH3u5rNrQEsVHi4GNUs8SdTGrLe5mPY,bitcoin
112qHWU8SeHqDia47qrqWnBDTRpKq7aqdM,bitcoin
112qNK5oKe3mUwio7MnjxKsHE5fohPQgpk,bitcoin
112qQQcUwnRgKLH8AXZYa7acY4dFAeL64L,bitcoin
112qbJzrnrKDuuQdze7sD6ffHSiaDpLgUz,bitcoin
112qjp5bH5gjdrvECNBMZ6PnKYrmEqz1r9,bitcoin
112qpSWkqQPaTtz4b4qsZ1kMVA3RxkTfq5,bitcoin
112qv2Yq1VWFpEVFrzG38HeQom6eo16jnU,bitcoin
112r5A9xs9meAXT1uS1KangLVHxCmC7WqS,bitcoin
112rF7YKfYxG14wQGHKhLAyaX3bRvZvHVY,bitcoin
112rFgPDa4gDPtq86ewASqzc5AA8mQFTui,bitcoin
112rGDvLZjUU1XGPs49sK88tkKTJBYAPhw,bitcoin
112rGseM9dTXqUwVh4jpH1kLeUoY27LGJ4,bitcoin
112rKGtpDFCMhRvgD49P7zHfpmpZFCfwbY,bitcoin
112rUxjWma475hnhBsnc2wGjgEyBjnk3TZ,bitcoin
112ra9ZULm5Bj4fi6GLDVwx8NU84YR9zq2,bitcoin
112rixvqMt9MogBifcnpw9iEP2CxvcaKrG,bitcoin
112rt5eZAr1mroLXeJnWpaD4Sir337MMfp,bitcoin
112rykRaBwLWhCMhj5T1LFr1D4unsYVo3o,bitcoin
112s1HF7tpQJX5F1CvXQrod3xCMTVwjM86,bitcoin
112s3RTew2KkSDxubuLrnrCwkpuSsRtGrH,bitcoin
112s8cb71ihvMX3oimwXpYdpjxUE9qq2XS,bitcoin
112sD2rr4owpRCMSNoHcEBcCGsVPq6AKvo,bitcoin
112sFc3safxETj285bjyTn1bMwBNzzjg1D,bitcoin
112sLBcFY2jxTCf49n8wYCbeyZy4dSVBPh,bitcoin
112sRU5PLZ6wdjwHqoxnTrfDY6nQg1qPWn,bitcoin
112sUhhR2XneyofN1qvDxzQD9A5VD3spWk,bitcoin
112sbQgicwEW9t8t5dtcx27tFbdFxFpLCK,bitcoin
112sbYNmwATfYz2KfemXo9ST4XwoceiETR,bitcoin
112sf1BUgsU3rqzjpLbJ6TqpR2jtzCE7Up,bitcoin
112sgZsagvCJaA85Rbnr4gHg5PdWgi8iFc,bitcoin
112sinc8sShAkFjfcxizt6sDjcuxXLsBH9,bitcoin
112smoXcwsfiUtZKCNTUyPHDxoRfb78eWz,bitcoin
112sqzVcZ48w8FjA6JhLVEBLtZMnbsXQCx,bitcoin
112t8oK6hj993zgCFuttUt91mFspPJuQCr,bitcoin
112tBgyV9HvrMREWdaGoHfcSSdpWPv9aD3,bitcoin
112tDKfDPhuqeyQqmDvTJ7sgUS598JJ6gP,bitcoin
112tohDfYbKq8ct9W4CfbYPfGShdkfCBBZ,bitcoin
112tr1Z3s8sJLQA45256t91ZDZvtFDf4LR,bitcoin
112tvcvVYjZibDiHTyTLZD3qA94ZKHt1yQ,bitcoin
112u9MASheikHDTZeMwB3bAXayVn8j6KAp,bitcoin
112uAw32RR2EPppkdHJpd8nvP2ex7NBT3W,bitcoin
112uXYnbtWRjxUewpMM9QDz9mD68qdQSbQ,bitcoin
112uauVzB71A2D4j5cQPrXedrRxSTV4xCa,bitcoin
112umukQnscrCi2Lx7Acn2jKVhZpgNFsTn,bitcoin
112upVAjN1mGTc64LC9fDwAFVs8pHNNgxX,bitcoin
112uqvTAto79jnutBKphMMCpPAcwRfybFq,bitcoin
112v8gkZszHTZzrB5rP3zykAWF74f3uHRr,bitcoin
112vCzta96zhK7T7QNpeRtXUiatKAEVoE9,bitcoin
112vHBzW2EYL7oMX3sJgrD24nbkiDqgV3E,bitcoin
112vHhxqXK7Yb6xcKNx9QuVjNRcd9K4SgL,bitcoin
112vJid7Bm94CAJTqRVRKNEnTTBwXVZMbJ,bitcoin
112vSwms8qR6mAYxpnHDRRwDox1NKpthGb,bitcoin
112vTGam8hqJvkQjDy57zsD7X75zLUQhCm,bitcoin
112vdsTc26zL7bondTBerg1NVQGsYPeEn,bitcoin
112vpum34YY6QQnXxJdwS8oBYRtbpeSxBd,bitcoin
112vqnbHX7HBc48sVuXVFE3BtWyHsrbGus,bitcoin
112vzYShg896a7eftjPTkYqfaDaMKfrK65,bitcoin
112w7WWhqw6z7SBWcFWeUHh1J3FVEzZKpU,bitcoin
112wErpE7m3aKeWg2q9EKTXB7u5nAfV2JW,bitcoin
112wJ1CXZNSxkf42XqYGHYV1hCmYfgZWxm,bitcoin
112wKj68ePUBruY4TaLEFUbgNcvc7nRZY2,bitcoin
112wXE78h7EffFTneNHUhoC9d4Ynq1Tm22,bitcoin
112wgAbSSVxs3RkTYJZUKcS1QKFWrzHkyo,bitcoin
112wmyjPaFe89mA5GC7dAXSr2zxjRUuaa5,bitcoin
112wqNyi9jt1S7LaKuj1XFWezHcyf4fdQS,bitcoin
112x7qqxdVUD9dEdp8SyyuPiwcRiC8hqNx,bitcoin
112xGwwqtrTqLh2AdmgFgZcm4WaoQSBEm2,bitcoin
112xV8vJcbuXcKLXZa3TmC5jeA9dCUzTPv,bitcoin
112xXTPUKtoKeALScSULYxU6se57MAyTUs,bitcoin
112xdvGMTDWNnUtGkzC9eJJfcbQrhL5bD7,bitcoin
112xfiyhtG2T1zWXW7fgMjVHeXMM49VZXB,bitcoin
112xjpiwLhDHbtc6XG8L51BMcUq4164XCp,bitcoin
112xpQLp4XD8x19ddJ5q455PhUTCmiamAX,bitcoin
112xubmVPBFZKiZd2xt5uz8Uc3eL9oH5Qu,bitcoin
112xwMnYGYp7eFoBgNVtcZ9RAZA4vHNq96,bitcoin
112xy56tayvWzVmJeDszspvCospw36jQcH,bitcoin
112y28xE5Tv2seofj1dnY5TYqfiH8JWfAz,bitcoin
112yFtjGPJZhoogGKjVmBegdGxv1KXrW52,bitcoin
112ydG5kK7cjtJDEWsYishHmG1oix3gJgV,bitcoin
112yejyJpEDFCk6TA8t7QKGr1DeSpJhVzc,bitcoin
112yhCYCib2GNrczU1uZWzAstreYyEriBp,bitcoin
112ynP38HfayJwPB7nt7LXhG8qJQFLVr42,bitcoin
112ypofsYqD7LdJyCTY8DLK1WBTan2mj1N,bitcoin
112yvNNetRbSE8cLEyCtXEffrapKPAjp2M,bitcoin
112yxMgYJsSHLM1mmtR3ShkcKpjAAnjCp5,bitcoin
112z2ELrBvEnMYn7Pfm6JX3vQp4sTZ6psP,bitcoin
112z5Unjh1yjt2VHwED5FLaW8kaJbxrVcy,bitcoin
112zAQcMyHdsqacZbHRDZTvHDBY726mYvD,bitcoin
112zQR8eqdUCZax56r74VMVyfsiTfXcXWB,bitcoin
112zmWCGFMMiqc7sQU17Y6zKvicTYvXKkn,bitcoin
112zrwr6YgkjgwA6xBAfZbEKmbLuVuvZV4,bitcoin
112zuciLUAAQyaPgBiNMhrCX1cCqDuwKGm,bitcoin
113145Rv2Pzi8LSdsfeRaLYLrnccDKeY7m,bitcoin
11316QiRrnoWhsA3gJPM7Gx6NuG1gkLTVJ,bitcoin
113178MfoqcSZcr5MA3maAt9yJKVuZvqXA,bitcoin
11319YZmC8pzMqgK6JYVRnmoQBuYVKgHaV,bitcoin
1131M6fMWtmv9nvRRsq66k1MTV5Qp5SwR3,bitcoin
1131X5X88HnzLX1P1e4ftgALk6hH9NL4aV,bitcoin
1131XQcwppkpmtYEPC56fD68WpQMAmTv5b,bitcoin
1131g63PwEWpjDTKtQ2Sw4vJ8G5sudyGVx,bitcoin
1131hCQb23zWK4k2crNQtJ7vVhVZsMd5Wh,bitcoin
1131w7YfcHviE184f5Fet4F4MqetErJnHP,bitcoin
1131wPUFRb1aQ8VoXiShsusj1UE31GRDWf,bitcoin
1131xZXGH13ar3B14YbD4Anvv5wNdW8rF8,bitcoin
11323E31gZYWcRfmUYrYwYQnsZDDn2VXqV,bitcoin
11327U3v3vxvZ9eNepwEuEMapcxiC2owRY,bitcoin
11329bqKF9CqwrGTsSjEuKqXe44syYDFgu,bitcoin
1132CapFG1NQtpni9HB4ZUXEx2MnSM7kCG,bitcoin
1132EdiXEQViXfh4wRR1yQTb1gMFmJJhFg,bitcoin
1132NLCByHuVmTfLi5HAFwA99PWKmbEa4K,bitcoin
1132T25ngLyEX6iSZLwYWpW4FmyfyKmsQf,bitcoin
1132TGEQNLN2HGSMsRbSNqErWzwZaofY2b,bitcoin
1132a8HHzLLhtquC1gtLZteD8MZoadzfte,bitcoin
11331rgQvcmb9dy1i2ysTa1E2mU435Phkw,bitcoin
11335fQM5TvXWUSdFJiaYC9nQGtdrHJzks,bitcoin
1133JWnqApwGNjzJpRY7732saP3mftQ6aE,bitcoin
1133Jv5biTa1HW2vCTT1XRk3KR1rXAaMut,bitcoin
1133LG4h3WhjdxfVigXzqNDRjcvhBi3Lq3,bitcoin
1133XY4Ctn7KwHhwBqbLr3rBugfHff4Uaq,bitcoin
1133oRFbg1WRGQxghFv3MASHpfiHh1oWiw,bitcoin
1133rzGSw81u6iF9T5PBaZ8kxf9xGq7ufr,bitcoin
1133tF8RwhEgCDKAPmde2jPN3Wc8nydfwK,bitcoin
1133xGsyNNaJyf58Zk5Jf7U1s9qjxyPbfw,bitcoin
11346PntF8kRBkkanGC5iGtNaY7XQHxPJq,bitcoin
11346akfChiHxggH1eVazMyJsGY6yAqz4F,bitcoin
11348YEpiqxCp7kkDLAjh26zvVtjUTNcbJ,bitcoin
1134F2Y46cbBMLMrWvSvt9J8YbdRL55kxa,bitcoin
1134QhpwxwCwz4P7egqYUrCJx1W4NwLTym,bitcoin
1134oJJa6n5xa6rW2momcLnLzMYsroaAzA,bitcoin
1134oh547PjSj9hvNsMf7fG3Dts77FGk8G,bitcoin
1134pNwuTfue2G3TR8Buqpkw7oEg3qDuNX,bitcoin
1134veNJWdcR9G7thVmjW3rQjMcQgaBF72,bitcoin
1134wEW48ABiGbvKNcHi2d21Ve1Z8gkqT3,bitcoin
11352mFDqweeC6j2XxhkMxLgQid8p8xqHC,bitcoin
1135Fe42Hzfa8TZBb5L5QPWWKQLUoP5AdJ,bitcoin
1135N7DzvQp4VkDQ7uQDYdvFFFUoxrCDaa,bitcoin
1135QaBGnJbtVsUxMtQnovxjTHLWpGuEMq,bitcoin
1135VL1hoqJWSTEoroE16vhqj9y8bxKm89,bitcoin
1135a6VEXM45RyA7Bg6GddKNQ6UUqb8tYf,bitcoin
1135oqExgk11mSk5rJq5XiSeaixYwEnbvw,bitcoin
1135rLvX5m3M7FWLBtTP7rPDJMritDAzdH,bitcoin
113623cDGKn2SEiiBnREDXePzMh5hJFV23,bitcoin
11368a8qSPuNkRWz31v9ASWxkeV56RxPAm,bitcoin
1136Ar7MTqCnKcXZfwkg59oqVL4dFKH6rJ,bitcoin
1136PVBVSRqm93iL7NHCMGSGixFPPNcNEZ,bitcoin
1136asFvwiMKMvBxcm9rqL3R3vjgf2fQYP,bitcoin
1136cZfsgFJNdJwCdtAowmKKREtwrgQnLr,bitcoin
1136n4gp3UMjU6mqb9ZWkgFiNeg9HHn8V8,bitcoin
1136pNqcxbk5JWSWw6h7cZ7hPoVESQmriM,bitcoin
1136uiXVSiD699BrX6WU3t1Q63ZjeFuTcZ,bitcoin
1136v1fVfWT3KimKCMurFzo19QyGz8N8E3,bitcoin
11378rn5sKhzd9FFoMP2Ko8ZsVdNvvbVJP,bitcoin
1137BoRS27Wx2tSdqKgDTh9rvUTG1KrWf4,bitcoin
1137DTwncqmjpp8nQtjeEKmmUpttUiggwU,bitcoin
1137He52XJLXD6dGgCqqpKSJsmmLBukX8q,bitcoin
1137eu2TurrJbvkgqeHeQYdFQ61n8mAjmH,bitcoin
1137j4r7svDFMKBay1o3UUTg1XsE5EsBvZ,bitcoin
1137kLiLCC9MU72FFKcJtopF19RDz1pFL6,bitcoin
113877t9sbEKppWQLVtJ4dTurvT8pxT7c4,bitcoin
1138Jx1KntpMyDTNJWeDiCqnTu5xj2R46f,bitcoin
1138PUkVfZNGdDMnnWiZXnqYer76Jv5Pu,bitcoin
1138a2Xd3J4s5ScDyFEtiddQskxCFRTT7p,bitcoin
1138rHQqSXfcaBy6pVXM5rf18LiB15NSzd,bitcoin
1138zvWcGCBeLVvZ2z4gH8qCuMum3evv9q,bitcoin
11391w7GgkWoWJmbdWnD7PQNifdg6tS7m,bitcoin
11395X7kBhBG2gAGkzKxKTQjzzvv8vP4bV,bitcoin
1139PyDaJVBX3uFHqWxrRz9yt5Dfg5obLy,bitcoin
1139RYRCr5qiqZ4arFHFqxSt5tBwfqhZp4,bitcoin
1139Tdj9adnAmsVSw2ZGhJrNKedaJqDbfg,bitcoin
1139Tz11oHnPsev2oh26jqMnhmQN3GJYSS,bitcoin
1139qrQyU84fpatVpwnZ5qJ6pv2snakFFb,bitcoin
1139rNsjAb4MjKLZTkv5ZmJXMhcvVf3BRF,bitcoin
113A4sjXJo1QLHmQ3sGZ4MxSv7dcjKxnHQ,bitcoin
113A8M8ZZoe9yqHnLRdQoUA1v4rK82yapY,bitcoin
113AW192fZNQdXefPv4TxdZtJhy8dSepZs,bitcoin
113AXczCLf7aaWFFj6MVLVLCEJVR9a3YtW,bitcoin
113AeAbR87GeXLgCjW5tw4GvFQekZ5QQw3,bitcoin
113Aqd9EEp5ym3GL8zKKjFHj6KrXKtyi9T,bitcoin
113B3ZpyCGzP94YGVrZ1DayiJ4c2BcpkMy,bitcoin
113B9dPAjS98tBbmpizvrEtbPXg28E1fFU,bitcoin
113BHAgMBmc58h1WKJAuDmpxVHsPHoMnQ4,bitcoin
113BJ5KuAc4V5n8f5HjQzYfX81ekRfDKcn,bitcoin
113BQzztYcLDszyRT6mYFdBGB8M3pVYV7L,bitcoin
113BVWjcyssC7NiQVvWEAoChirg2B8YfjH,bitcoin
113BZ1nVuQz5y5fkdzK2Dob8LtKmzR95XM,bitcoin
113BZgvNxGDDQnkyTapAov5MczyPcx21vz,bitcoin
113BcHrBJJEgL2TV3gC9ayWNxk2X5XbkEa,bitcoin
113BvwEigNu9bQKxSLezi2doMutYcPTjaf,bitcoin
113ByYm9x4pcZYALzkhHcV8Yjjrt8qMFrk,bitcoin
113C2X8kzrnJk8i4WE9MzFb1L616op9Ybh,bitcoin
113C47oT9fdSfcK5cvhwYJnMYYwydUhw8z,bitcoin
113C9uprx3i16WhPh7KDC4MKKom9Hit4js,bitcoin
113CcTngkxveNJH7yC8efcS62cSgbXtFa8,bitcoin
113CcvJ9tJJbXAUy4z7JmWjLHL4TEK4ifo,bitcoin
113CdhiEpLhUsjTrTa1PMF46S9kV5vSKLw,bitcoin
113CeKjTaeZcjvyEBCLF28QQcFjxNPvLhS,bitcoin
113Cekx8ip8Rac9TKg6BSBW36H6TfWi5vu,bitcoin
113CgdPQxpks7j7tU8sJFHWJGVTZgjaauk,bitcoin
113CognxbwhTNWgXj2QZhoTyFTWPqiXUTY,bitcoin
113CtFeLw2Qxm3VP4DPeQxxCoMJ7n1GKd5,bitcoin
113DBzMBgaCNtJuQxVyJHwjQznNwbbqKg3,bitcoin
113DMf6MQUUR9KefBrqM7HApgZaUhryUGr,bitcoin
113DndmMJcHrUbLVx9nira8P9DudoHP71y,bitcoin
113DqJmvkTnxcrkrSWSRQ3DYrWUNCMcZdP,bitcoin
113Ds6Qt3f3JY62FZzTXWAkWyCLPZU3jb2,bitcoin
113DvHaVQLWV9ACdvKyRxoCW5MNLS1t4Ri,bitcoin
113DyCmcG6UTvaDBgLvyAyJhCgoH7YCP33,bitcoin
113E6V43bBavo5zzonenCNVVE9WcTaq7ek,bitcoin
113E81KMJoxyFzUPF9yS7TrbYwvp93jowR,bitcoin
113EAHP2gdgaAKT53Wa2KZsAkv8oVYP1fb,bitcoin
113ETuQfCYCXFyugX38PwRvw7QevRb3pTP,bitcoin
113EUcbn7rXVtcbpxcVdfj7WewSHpLQAGx,bitcoin
113EVYFuFtcxdfbjrzYhRTFyFGP7wG65d9,bitcoin
113EVtP36aE9uXPrgLM8FkcsWejcEkStT6,bitcoin
113EWjvLb4x6kUiRUSW3cQUzCj5G8Kvk3E,bitcoin
113EWxzohY2xKvFieXnLhkEiYt9gupQWBg,bitcoin
113EZ94KdXEFx9oY8hVLHBBRmmSrejsWmw,bitcoin
113EaLpqwUFqRd9u6LKgi3z8bz2YjWmNvJ,bitcoin
113EeGHMjn9jcVd4BW6FzLgrUj6oSkcbyF,bitcoin
113EfYYRTwwVT1Kbzj1wPjgQQQCzS98tsd,bitcoin
113EgLDMc2uDCdQP8z8gUWU4QvKsBrkgAH,bitcoin
113EkpSiwgBbrjaQhcRTxRfkyifzHqqN6D,bitcoin
113EpfqLxLFXXEZUTLv2qw9MJ1qFs6daWW,bitcoin
113EqXpQxmWPFKDsdHE9hMU4TxacQYr3Dg,bitcoin
113Eqc3dymSKr5bvLUZdvCQYU5FKxhxJQX,bitcoin
113Es8183UEEBFR7UC6wLeqbj6mogK5DRs,bitcoin
113EsKZNG7ravZqGWwtr23uyARkTv13rDB,bitcoin
113Ex5rXufPMRoaHwUz55ePYeqkTrDCCd6,bitcoin
113F7aSHWm7RPccjBSQBXKW6SJvPcu2hqJ,bitcoin
113FB6RHkKXMKibDuzhgcF6Viqay56zYp2,bitcoin
113FRKCvYEZrS3vCvs8pNyLEoAGzkm2VT1,bitcoin
113FZMonZFMwsK5Ec2R8SXKGYQT7HhcBhA,bitcoin
113FcW1JtiF9pPqCT5T213F7tJiR3AAAw1,bitcoin
113Fr3EM3jXjnoPXYPX8hN6x9zhVYxxVK2,bitcoin
113FuqP7LMMkR9CHPGVg38JVTj2XFGr7Pk,bitcoin
113G4Waw6axitq6bqiP9fJLa3pEhCeWAhU,bitcoin
113G6Vw6QqCyAPgX6JzXYh3GKN27418YJa,bitcoin
113GCCY9S8Wa9KSAJy5W8PLKaRHeLRZM7V,bitcoin
113GCsYjGVDvNbF2Zz7YQGsz6mqRoFVSvq,bitcoin
113GDTvNqzALyhEM8e7mU82KegXrUyUWsD,bitcoin
113GSSzrDMyuNRnQsywFZu2s3SWgRpYQup,bitcoin
113GUoEqRKEoHWp6KNntbFJMGGECHaeLh9,bitcoin
113GffWxvLV9kT9wkPnq3pVrtHH9zmoWN5,bitcoin
113GgJ8dcdWspyw68tmizgjHvN8XY8KrZK,bitcoin
113GrAXWgLMisUfUBa6VXjxTGxmmmEwB17,bitcoin
113Gw9QL5RAuanB1cK4p9akRW6xpjTbL39,bitcoin
113HCjgWnCRCAEm21ka4pK5NDTMvH7v3Aa,bitcoin
113HQHMU8jEibX79xBV9mBLZzPsgWfJyVn,bitcoin
113HTLjfD6kJVnYJmFCucxaNhsyCnJjYrG,bitcoin
113HdZ5BwZtrL9wAgjkoQPFtymrwAT3Jcg,bitcoin
113HnPaiPFGLvLX1BiYFxzmmHCZhoYFk8z,bitcoin
113HpwUzLENuV8nBhxMuJAFzFEtzo3fP75,bitcoin
113HvM9yp57X42q2KKYBN6StUfY3Veg7kE,bitcoin
113HyZpBgB1guXJtr3SuMg2tQsqoq9m4eT,bitcoin
113J7fchx2uu7ZSnQewyhmeRU4gPwV51jN,bitcoin
113JEvro2Jm15fVJBRMBjyYhDURfRPh7Wf,bitcoin
113JNyGjpYUvZCJM7Z7VpyWTRdHm67pZGr,bitcoin
113JVYcMMRPJQJFZS7yjpyrprfCMTDQTsV,bitcoin
113JZAEq6V2vU9vyxgXBaoo3P261eqoKt2,bitcoin
113JeZxbpcUr6j1b7kXpBmQR1YsQzypgxb,bitcoin
113JjTtqPW4Sj1tmZveFuswSL3PvREwK94,bitcoin
113JvGZXwnCfNeTVnn2ySdLeddWSwV9SXg,bitcoin
113K1BRGVVeqxdegmwGZHH7Zn5t9WgoZxq,bitcoin
113K6QdnJZN7SrjdQ6f6KtGwwGcwJVrAsD,bitcoin
113K8K5Jxqos7cAaaQttH8jyN8LkwJLGFX,bitcoin
113KP65qyUDEMxHXwuedpUumDwqUhnuVTf,bitcoin
113KT7aYv9UbJVcQSCmBpcjYeepR7pZ5TC,bitcoin
113KW3BY7YMfvFC3k27vXuofoT6z2JZvGF,bitcoin
113Ka1a17eUfumkERbwi2z3UVvhUR4CniW,bitcoin
113KbMHA3NXe98PzxXm6be2UybVLALNSe8,bitcoin
113Kns3i7yeQh7v4qU2c24nwQ7rsYCWLDi,bitcoin
113KqWgpvDW7Jy1Zv4aX1YAyVrzFhmw4Jy,bitcoin
113KsTQCVb1EPayVeYp9u42SaeifPP41yj,bitcoin
113Kx2oWRfxPYxto8oM2YSnM3Y84faMaqC,bitcoin
113L1Ynb5ZyewZtxutg8jjVV1RVeVTWkmf,bitcoin
113LGfCBZo7kKDHsvGDUZknt26uMeSNN96,bitcoin
113LKEdf3cbWu14JUeBE88sCMstVacqXwE,bitcoin
113LLku4kpJipMLV4ezQ5nSioUavkToupX,bitcoin
113LNJ8atF4E65rhCDvsNaP5TJ793hLwfF,bitcoin
113LQZpBkPJthQRZcuqpLHVWz3ZinsterQ,bitcoin
113LRoLfe6kZv6grsr3ZbUA46c4DsxiHi1,bitcoin
113LX1AM6VVAKyyzxTTRKiHJAEDaUt86po,bitcoin
113LXKBS1MqRDgkSGVdxokhNSkk3zrLYMV,bitcoin
113LasTHHhmpHfkqWqTfKbkUGhoUHvFuGD,bitcoin
113LhG46UpqrFbc7ERciH6hw7B977DofQv,bitcoin
113LvWxphhYmosSj2kXk6RCaD8R9pdE97b,bitcoin
113M3SzNL9iPFwEPRSips2ygV7cALGfebm,bitcoin
113M3c9CV4BdD4t9XDNedtyiGxpP1eQdA2,bitcoin
113M4ysEPw1YS5SRR3VBrdb75LcJzHHzF1,bitcoin
113M6ieaMayyEQZVBsKvhjDjtAj3Rv1D5,bitcoin
113MYEabDbfGfvQoqLft62a7tgw6ZPTKZD,bitcoin
113MvvvFA13ZcNVjkBQYV1kRuW4Cf2tfhH,bitcoin
113N1LeFgCsJ2EETpdPweJedSHY8AtnUxB,bitcoin
113N2RGg9J8NgdSHZna3MNPqMQNNTCw9bj,bitcoin
113N9sFcQTpy1Hi5rBEnEEgPttEWVRdxyv,bitcoin
113NAvNwF9HTmfM5axkuX89SzU9pQFcxV7,bitcoin
113NB8VyBy25Wois5AEXdZRhS8NknxDUUy,bitcoin
113NEoe369Jt5mY7FUpXJeP3cMqcojBCEG,bitcoin
113NP6gBdpYY2DktKCPz4KhTX3vP1y7vdy,bitcoin
113NSDzkSQEMcs9JQNVCGbWntXKCUz2ToK,bitcoin
113NWmt5H7bU9bMYPLJtdL939DbrwxwupZ,bitcoin
113NXWviFGw5mEvaEvFKMtwDAmBaDqgs7o,bitcoin
113NhShJhYsZ9AvMgvnuLJERMc3zjqk1W7,bitcoin
113NxnDuwq5YU1BArvHTZzq52aCfoWKhom,bitcoin
113P1BpmkTTC5YzGfLe8LmmWC6DFETvWkX,bitcoin
113P1KnkfutJb5Bde8o27KoqL8QVbu5bwZ,bitcoin
113P6qfsYdvBbcWBP8R9U2qmQHSUyN6zNg,bitcoin
113PDMGfN4ctTB1giZ7iQBiRYXmni5mTcp,bitcoin
113PG3zWan1KCrRTZT6oFQ3THJ3ea1FSiH,bitcoin
113PHH5PwdRsHRqManajhACfNGoZnVqBEs,bitcoin
113PW6tRd1zQbdoZbnKMorKmtkZzhjWzrH,bitcoin
113PYcmYyTsxxhv1CRrkePp3jaGbhZQ8G1,bitcoin
113PaRRFYG75E8dF4pqHvRtTcDb2PTrw7L,bitcoin
113Pi6Eht3GA2Vjk1ZLZiH75zQ4NPW48nL,bitcoin
113Pyb6qaMNka2a9raSWXWrQeGPwdw7GvF,bitcoin
113QBwXQJRvgnu1hkhXxDfXRTxAjyPaV2a,bitcoin
113QG2mJmEX9UhQytyt7568Sqw2UNMjcmg,bitcoin
113QHpkzYxaERbMy52vZEQ7JcryuNMWLad,bitcoin
113QNszn7NSSrTdbJQ8VqeejK9ZesCTSax,bitcoin
113QQUndkeVt18t1rpGQPZGaqzV8DWJarP,bitcoin
113Qk9ydkxwekXecboAYyjxHZd4iMJfddZ,bitcoin
113QrJZQ2obNihfinTjxdejQ7v19fcp5hs,bitcoin
113Qw5PaCUPYZD884W1Y7qx1j3GNusw9cv,bitcoin
113QzpBZhw74czGDcE9qcxiqkyXusaGz9Q,bitcoin
113RDPzBEkcpNpjhxZbnnSoD1d9A6tFwKU,bitcoin
113RGFQcYLhfRq88EjHXiHuPC3AcLp7JAC,bitcoin
113RgmU86XHs5CDXeyz5mqvGU2ShSVxMB1,bitcoin
113RmpENfQtVWpvPBFeyy8NGeZT9gKmjXm,bitcoin
113RvJ2g5XG88Lny8DheSofxHo5UTjk4pJ,bitcoin
113SNA83G5E8yBKHZFHTEvAVu7RACcyggN,bitcoin
113Smdm2dT8J5U8KwmJPRpHZjFifWHAfKe,bitcoin
113Szx5RFFAHR5jyDQxZzWdrKpcc8AKaZC,bitcoin
113T5ZX1oFzLxK9Lru2S9YyhVhcNAMumKy,bitcoin
113T6qrLMF1bviCQogQnF2SqxtTjgSeHdx,bitcoin
113TJV89VeqCJFCzgTRoi9Mwu72FmLgATv,bitcoin
113Tp34jLLgWkE2FS1VdX3fxUewixW4tu6,bitcoin
113TpLLHuwMCPMYwGgUS7PHoXh9srZ7AUT,bitcoin
113TyNzmjtDmnhGDJ8NHb8WkW6AkPRd8jK,bitcoin
113U4uzUgfftzxmPq36Tv92SjGs5jEraMZ,bitcoin
113UD7kW6Tm6eGUSdx1nxbyJUXDmPgh9YY,bitcoin
113UNL1L81zPRKKuFiN65eEx13NyHdqf5b,bitcoin
113UVLBCK21tCPhRfJganXCkmdJNjGU1NH,bitcoin
113UjWxwCgZFDix8SLuwFzD9ZdpD5YRjfk,bitcoin
113UnCN5aaodurDqHBtbbp2s1oztmx8A5F,bitcoin
113V1b4eUhaUGiaLXyLfWvsCBiwdsHGME3,bitcoin
113V2ECkSg15LvE8UMMd6V8jJjqocSUeZX,bitcoin
113VA7RSzUcBYdBwtxxC8PxRPsQunirfcy,bitcoin
113VDk5qgsDZtPLx5Ys3fM3nWPmfaccRq7,bitcoin
113VN6o5FKrfmFnij2HRV6kPznm9Eb82pC,bitcoin
113VRjmw7kT2vUwCmarFhRoQgZrLwMfUp7,bitcoin
113VTwNcWrMjWxipsBuTFh7WgwGi9NhwQM,bitcoin
113VYC8PVkMTGLj2h7rHUZLCgGA45TWy4z,bitcoin
113VbDAxbQkfVX4ToCtX8fBv2Q5wZ9EaPY,bitcoin
113VcTm3Jbp4YwPUNi6fjQLcq2jr9JbdwN,bitcoin
113VhvohMej3128v8TYkbVjZQB6LDk1pyN,bitcoin
113VoX2TbidQEpiDC3LMHWr4uXVRWKURB1,bitcoin
113Vw6u96sbkGAfaXxEbX6Q9crirNwgHNm,bitcoin
113W932ffTyBut143PTzCpGuPmZMWJRBvz,bitcoin
113WCvgngaERX4FqYbphwbKehxdp256A9E,bitcoin
113WJyxsRLdZQHfeFDUK7hEjgdcGn8QyfP,bitcoin
113WTuSXaSDucKZMZcuUGF3KSDdWYsaM7G,bitcoin
113Wb3pHLuTqAejERCo9bTnyJ45VdoLUQZ,bitcoin
113X4nQpfKg5dzE2AWJCP6JTaW8vsJNcYY,bitcoin
113XELoYSiYpiNbpNv7sherheRrqzXwS6c,bitcoin
113XQ4EP7trc6VfWJ13WaCquhkfvG9wVnq,bitcoin
113XZapLot8pwvmT8cf9HvXWNksBx9LFmu,bitcoin
113Xp3vzynwdeDQqBWuxa4v8xiNHBchoSD,bitcoin
113XsEYwyyzj6kmF4XsKRVT4ppFg5f2Pwb,bitcoin
113XxMr1m8wD8hkAUoQv89sSMZ9n4NR2dt,bitcoin
113Y1qyts1FNejKhJJbXciDnasM9yT1EfZ,bitcoin
113YJTrGmB8vYAk5oJF3oaTQLynoQtbLdr,bitcoin
113YMzvpt3RfFVYs667mpBUUmgUjj3dRMB,bitcoin
113YQF7MDLFZDLtkkrEiaA8ZUJ4imJwpm7,bitcoin
113YaoXQyinLP6RynVmLoayG2piLm2sFUv,bitcoin
113YqbwsCYKjViAGY4ezekHCT5K2aBkCew,bitcoin
113Yurcy6k4QXpF3yZfhiBz7UaX2XHat8P,bitcoin
113Z1BaTLSv2WRiDpSpUvKdhVa698NoHen,bitcoin
113ZLz5GCy69Xi1rZKaWxA9o6xVh1B6Jaa,bitcoin
113Zaja2D4Q7JRoZyzZk7AiwScSbnyzNDm,bitcoin
113ZcrxUoqpYVwUuVjD1XRSo4agf4uGqPS,bitcoin
113ZwF5nqcRPbqACLqFRb17PVnR4vNdpqf,bitcoin
113ZzmvqynZSx7JNeMBydTaGFK5guRa7Zp,bitcoin
113a4HwKSsqNSw1v9SSfEU3SsCgid2H8BD,bitcoin
113aSBKFoJzGpLkR6Zi6S5kWhunkzBqwL3,bitcoin
113aSjG2DkVtnzgXHy9zVZMF41zuJYaDS8,bitcoin
113aZy3vZ9fDsU4ZUnXwYGZbUT4dMww8eb,bitcoin
113act17WqnKZQyCFXHbLbBvL3G9sB7qid,bitcoin
113ahbJ939VWgSR8v3HdbJSM7GCberCYn2,bitcoin
113an98vfLit6KN7kHdthShDuiSqGHmGe2,bitcoin
113aqqbA8E8uBoBTcroama8AoWpTi7GLpQ,bitcoin
113arWzcUFq1k54MUmu62pA9z7zvV6SLB6,bitcoin
113ausiFc4qBSJrNDUyAoVWbQ9gCeqX5rH,bitcoin
113awVoqi4B1NBAmz7ByrceAVeqGy5KwWc,bitcoin
113awgZmcqLv8rWmrFEMpt9aKMhKykDM5p,bitcoin
113axzkJ6MKSkivhwPbjT9Le7MeqAXS54H,bitcoin
113b5SNUEwemUywdYtAj2pxdf9T3VE6YB3,bitcoin
113bCy3warZgc9BTjuVsDVpUXkEciBQpJA,bitcoin
113bFm2Viz79FdwGqgaeEH59JMvKCPLJnw,bitcoin
113bGzGXbaGaoxvkUK2TKQHRCnahN6nQav,bitcoin
113bVNwDyn9KJUZyeRnAGgMJC52sU8neUf,bitcoin
113bd8cVayW7uBoqQ6PXuGPFsPjNm7j1mF,bitcoin
113bdSYoT8AZsmo5Rc9xGFPksjuHcmPFqK,bitcoin
113bukm6TApLRELJmBwzgi2dPg72cPJAPF,bitcoin
113bwHKoDxpkqaFxvTnrNRrkpDaRkgTknt,bitcoin
113bwq4JLrdGFAaChfaQgfrLoZzfZrzkrj,bitcoin
113bwrP7P52Df4nDwp1p1ZKT9bZTYAjqHQ,bitcoin
113c45NQA1haJuPKwcEunsxjvXxk4PAYf1,bitcoin
113cAdVAPkZJbuKBAnLikvNfUMLnxL2JH5,bitcoin
113cQvQuVRqFpeNHx8LKJ1x4QSeNs3p887,bitcoin
113chS7az1ymSPmb34sCSuPYFqtbfqQ77E,bitcoin
113ck2vDGzWd17uxXSf7UZVkLvAtSSNC1x,bitcoin
113dKEnAsQADu2YrKoBxxx5SPQ9m3ameVu,bitcoin
113dNg3o6SHBKdiLtK8Li9kctMVu3gSygi,bitcoin
113dbyDUCJDasNeCiiSTkAM8E5akjSvQ94,bitcoin
113ddRJW3V8PfVwvkXXB6USYZ2DkE7vdxk,bitcoin
113dqV2vmQFN9zqwmMZjupSUc2WDmcjGrW,bitcoin
113eQZH1vEWLoba9QTUFWJmieCC2nDdCyY,bitcoin
113ena24RC1FzLwhwS5dsSJ27mWiXTQJ1m,bitcoin
113envfrCy4VWjccxsn157dVWpaFCAw9RP,bitcoin
113eocDw4hYATZx1g6AeQY9DWRb8nQs1Eu,bitcoin
113fD2JMJdG9SL4Xq97Lj5ERPYdoDYKhxp,bitcoin
113fQVWBphfKHSAzuj1Ldnc6KQjGRrLnUz,bitcoin
113fWh77ngXH89ZdEbKWpFioXddf9tkEYL,bitcoin
113fhgHtMh49B8R6SzJDiRbbsShTiG8KBH,bitcoin
113fnsL89YgnvBq2vSPLbCaHdZJLVBZiVX,bitcoin
113fsWi1Myeuua1VAmGFe9gQg79csboE2a,bitcoin
113fxPdHz7jhzdz2cLHpkjuDwcCGHnYG3H,bitcoin
113g2GthfHeKUN7wbJQj5Hg3CUXPP8sWoH,bitcoin
113g2jVgUrfJ8DdtT9XMYbJxUKEUcMKYMG,bitcoin
113g5nnnseZK8bYpvFFhHR6Z1hx9NtjQdA,bitcoin
113gDCGysP3pdCiRDNfVECKqqV6MxfJoM9,bitcoin
113gFgJkoNszFwSW1eEZGDmsetukX7Gy41,bitcoin
113gPFMsbuuhRV1n4Uf4Ey1k1kCM5KfS4c,bitcoin
113gTGkEpzYSHvaanjNN56xodSGMMJifFB,bitcoin
113gZ62DBjctiDtsUnry8wzT2aDfDAQ931,bitcoin
113gbBPSNp84YqfCABzByD5Ni17seffeQn,bitcoin
113gfmu1nMhz9Wpow5NvrUhyoC2N4Y9PyJ,bitcoin
113ggVdL39w3jxBRTwvhn42GyDMkpmAbui,bitcoin
113ggYvWyn5A9mamGh2FW8XZ2exm7eJ7EA,bitcoin
113gisHsMTWvoetsUoaXnB3DkHLGoWv5vu,bitcoin
113gkD9EV3mk4ApiL7PG5mQDNth3ZsbsND,bitcoin
113goAZGwRy9x5761LJfSqmNkvAdJPwce,bitcoin
113gqrqkvPNZEWa3CwD4Fphve1qMard5Eq,bitcoin
113guqEF35EXjkQbm6dMyasaZZb4Bm81GV,bitcoin
113gwThT1tmvx3983xqXAxcH99qLHXyHSa,bitcoin
113gxZZ11QiztYFz5w8tFmDWDgioxfqXg7,bitcoin
113gyeZVFjpAAPhQDmEcmkYSioN9KGEFjf,bitcoin
113gzNd4z5gCQiuw7ZhbseKqpJk2NKXv5F,bitcoin
113h2cfg8pmtSgARzjRryBM5spFxW9sedi,bitcoin
113h3VvqoGcSYc25gxLSFB2NcWxYSsHyuQ,bitcoin
113h3wxUWfTK4JnKKp1wwA2hD9CCgCHGHx,bitcoin
113h7mzGazdNkPNULA5nGXBKicrt1wjaak,bitcoin
113hP6A12SSsvN6pXqzRtKPHAnDLE7eqSc,bitcoin
113hWJwUekmJgCDDAGCRZyvJHtHhS8ahhF,bitcoin
113hXBauCCchoNu7Xdq5P7VMUcxiwU4F6o,bitcoin
113hh5yPxgsrpLc3ePAErP281RiKca7dpM,bitcoin
113hjLGS5joiq9K4JWCQcDFboqAD42rdjZ,bitcoin
113hoC75qdKsbJUVMjvB4DJUrXWSVwzf3F,bitcoin
113htedYnThfhkV9YWTiYSjKHi4EmWub6x,bitcoin
113hwREt5eW5pdkodbFZZZD4UibjAGdHkq,bitcoin
113i2bDhtKSxiRYh4G6en1gWnhyBtems85,bitcoin
113iB4VxuW1m9ztCV8PDF9Hz7t1ZQmKQay,bitcoin
113iEdEjwht39UadmVEbtNvmgeUnrkdh3o,bitcoin
113iH312aEnsfdfqdTphg6UMJ8MobmBLex,bitcoin
113iNczLNQBkD3TRLzHBsy1RX3RNpyXmm6,bitcoin
113iP3J1fHXLBonhNTQEkEiBQLBPYBuNwv,bitcoin
113iU1KNyz15j5bjXrvA3WsowtLX4NdtKW,bitcoin
113iXKjLGorPTmJP1Pu5fygY5eCenUibyN,bitcoin
113iu2JxmTEunJMoBGJGHFMFUUNjLqfqmJ,bitcoin
113ixQFW5okcCNQ3HmZZzBkwA1waTYMXdj,bitcoin
113ixpsaXUEigwjmo66zeNpUaaTS8JwPUX,bitcoin
113j4M8fmjbsioXzzQEswSQHv1y7wrJqsP,bitcoin
113j8AnSmWHgT8zVa2AAg8mE3yj6QxFC8Z,bitcoin
113j8DoUhRZrmpcXMzb5AtvBPDSQyrNcpW,bitcoin
113j9EFgGR7Lv6Kj8nZcmqULTywZSRC1Ja,bitcoin
113jCR3T1rxatJJfmwK92T3LawGCKubDnp,bitcoin
113jJjCESmAfYfynwgoCwnRdkdaKasLj4G,bitcoin
113jKLsikYBPAXX3itEcoQboohYb2CGFoz,bitcoin
113jLZqsRwRiwRH9hAVnVFfvgtRcB8M5Ff,bitcoin
113jLfmSkUB3FJVqjaUDkBumLfxHGdBfHh,bitcoin
113jRb2tuMUAXgaHmHyY69RdttqQHbjgE2,bitcoin
113jhvoM6HFszgryxbnZ3CPcbkWvvr2SwJ,bitcoin
113jiWDAnyNvNy46gUgSGNGqntvwCYgG2s,bitcoin
113joJ6mMJvkiFZE2KbUu3K4MvYXThQQdU,bitcoin
113jsqWpGmVxpXxfskx13VQkBdkcSfAo2k,bitcoin
113jxy2QYoJjkNBhi4dM88ATJfion5v5u9,bitcoin
113k22iWE3FymgzM94MrbH11V9At3HT8cr,bitcoin
113k4LL5UHoBDALY1NXZ998RGwkUoVcSqe,bitcoin
113k5ZVWz2ysaAQeLTCq61n4YqWXLUTRQG,bitcoin
113k6XCFEwuAcPSDT9eMeYX72Ue7rFL9Lg,bitcoin
113kMiq2GXXtTcBPZoGKRMkiRzoCXx6Sa6,bitcoin
113kQzA9gfU9J8bF4a5SfVBMEn5QD75nzb,bitcoin
113kR3fnjAVw5NYf6yuKA3ZcwvVhwHUGoW,bitcoin
113kRZUYrLMhWwTqPoKDobNUt3zS7nWtMP,bitcoin
113kU1PkKPKGbD7UbQAZzrMR7uVkHppzBy,bitcoin
113khBMGN4vxuKj3G1D21mu1WmDeCUK2BZ,bitcoin
113m36paeHGhwjnYnoQwtsnXCQsEUWc97A,bitcoin
113m4UBKqqeGpH4VJCKioCCKprqsqr2fv5,bitcoin
113m641CAWNeVRzZ8VMeKHcx8vSSPQDeWN,bitcoin
113mAncaqFYn4zHm6V5jyS3Csev4GMe1CD,bitcoin
113mFz1KahUsza1fpon7L1e335MK7Mea87,bitcoin
113mQNNb9dQvqFQvu7mEWPN6Y5LvSAx52h,bitcoin
113mj7dq27M4K3axFyffKdM7rM6NRArNw2,bitcoin
113mkRb1BtAaJxou5zk7qjSaRRwyhoAwGZ,bitcoin
113mmmHPhaW6shKaz3s2KgvBonjEsttUYs,bitcoin
113msJUwXePSE97TyxBLoCvoXEtJQV9ni8,bitcoin
113mvRZuVwCnXKhEZAihn9XKu7LVpWWqY,bitcoin
113nLGvfr6M7r4SnGKgPvNN4Kjiqy8WyYH,bitcoin
113nUttKigCweVCbYbYp3aAXyQwSHLg6qR,bitcoin
113nX9Ft5WQgZYSj1S4PeiWuZPxw92w64a,bitcoin
113nYT3LM2tUBRWwE7VMfD7DMDv1k5P1jY,bitcoin
113nfwABomGWQ59AhhanT6PBYLFhQX9po,bitcoin
113nkG1A4qTeRY1MBZZs67QBsQsZoqvhf6,bitcoin
113nnvp1mSkVkHpV4E5HquLXdrxG3sA5fQ,bitcoin
113npwVdNMS39K2P9iemMbthNQMnudF4QY,bitcoin
113nrXxsUzP2bpeS4TjPpCWY4wMzqvMePi,bitcoin
113nt4KRaoqufQ6TZQdV6ZcvSiHzFGjcSm,bitcoin
113ntpFMLYtfyhDpYdvyLXsGdxRGmckMGp,bitcoin
113o1wW3DHTJRmDqyshHcdAuHtgYJXo6Y4,bitcoin
113o4Vo9L9A9WddekZED4VpMcZxW2Lg2dK,bitcoin
113oGyanfmUYEsFrimvsj4ndp1JZosTCNT,bitcoin
113oMBr6zEacUzu7PpMLtSisjBq4SNPivn,bitcoin
113ohvLLAEzaYyF79GLfu5FmY4H9Wan1G4,bitcoin
113ooEzAE91mfH1BZouGENL1qB9CpfcGpU,bitcoin
113orKyk9XkSs6qfvftPt2VhHb2qwKKtFn,bitcoin
113osJxyFsiuYtE4Hntk7vUSDZzFKgUuK6,bitcoin
113p2AdcUs11r2Ggqv8x6jdiw2gATKwDZx,bitcoin
113pAqfKMqABKQXX13f5JH3Ayk43CVd8KM,bitcoin
113pRqSwx9CjFEYbHhZkfFcN1RXcDZAdMC,bitcoin
113pVdPxHsHtH5tjr4kYM2dD4x8X7iPqGW,bitcoin
113paZhMcHNKxmgDze7kdeurCh6e6onDqT,bitcoin
113pcDY7BcnJ4FUuFgkKkbDbmb85EJgFVn,bitcoin
113pobLAq6UTRQP7oYCnFVrWkcTV6yw9Tv,bitcoin
113pocuVfrSt64UtM5qq5ku3JAgmVBCPw,bitcoin
113q6xwAHZsH61YDYwAh6khtNLTM7gk8gJ,bitcoin
113qFguVqB3iE6Be1VQyDZG6ZX6AJmEMZW,bitcoin
113qZ7ownVZeiKBrw51hVbsoZ4QBB5bH8L,bitcoin
113qfHXW9mytfQYQR3oB2KUfeZqhqzFJ53,bitcoin
113qrtMURZP5u3iQtDgNqfMx76N2JpKw4Q,bitcoin
113qu8kBUxWJFVkdLJUc6erfPXbCia5bh1,bitcoin
113r7Cxi8FegGW5KZS84rZmGiJBjhmKQxS,bitcoin
113r7Ty4Bw6dACdDLY5HHCgAyBAmXQb8Mm,bitcoin
113r8V83nVs1r9nWZ5ci7DenwwYWsEyXn5,bitcoin
113r91j7cKdWjCMtw89n5LSEucM8Tz2Gzh,bitcoin
113rTLPQdvgEdAoeJdytPPFEXe5Jq4oKGz,bitcoin
113rUc9zBb9b4V4AizJQwR2VEd7QqUpz1f,bitcoin
113rV6vSXidZcK5Yd8AkGEfb633rSPCfoP,bitcoin
113rVwYV8ZMAZfh8uekKyskdAJzuYgrHME,bitcoin
113re64A6exLbxPX1e651ggYGXgePqEzc,bitcoin
113riNZm38btgvGoH6WQmZjrtD1hV6aWHc,bitcoin
113rjS2Z6vujWw4qshuH9jQRYmuUVtkT3a,bitcoin
113rqkcD9G8EK4iftMoJqkCPVDMiASRkQS,bitcoin
113rx4p4v37amRR1hYfngMS7zFFXUZdzJ1,bitcoin
113sCWEFnBVxeLnpd9MpvcwRySbjnvtUnY,bitcoin
113sChfEXttYJfGBZuW8P5VwsKoBgRu6Bv,bitcoin
113sGoB3MoUkosTwT2JhSDMNoD6wkeP4vL,bitcoin
113sPNL5NZ99V1B88WfTFmSssnrkM9t9Zf,bitcoin
113sVK5hY6Jm8DYpyYa9nAhuK3GfhSbNxx,bitcoin
113sXRgAUAF9a1snUktkAaBVPQjAU3TLCB,bitcoin
113sgeXpmUQfSoMkPsU9WakiFnwqWPQ9eh,bitcoin
113shCw8KHWYkAkUUjx1Xv3t9DcocBU7R6,bitcoin
113skJxyJY6PciNRkZfZZti8hdChoPjKDJ,bitcoin
113ssUuMsKBHvqT56sbYqNtE6HUato6gx5,bitcoin
113svxcufhhqojPoeARWgbQnEpaWi4Tp4F,bitcoin
113t12QbXAhBZUJL6iApETYSAkW144XTJu,bitcoin
113tFHWckfTK7xQrMo7MNyAehH4qSL45wP,bitcoin
113tGB77r6TNEXZQFrjcqw5xU7SsZV5qkA,bitcoin
113tHEgRtfKz29rYxeGiMB6PKgTjXLj3E5,bitcoin
113tbwvMXmVJA9i5d2kjY7YNJQ3mzTU4fP,bitcoin
113tfrvkwyKYBD1guVNwRsgGc82i3jR5tY,bitcoin
113tiBtfGrxyqQLnYws9zyZ7ZtmAaPSRDY,bitcoin
113tjQCSfqRa3iH4iapuoNgGkVSh4YibHT,bitcoin
113u4r55tMMbEQfNtDjJeHJsEaYazf7E1k,bitcoin
113u5ZbjYEcmBjgZrNWHNteuUjANyzo498,bitcoin
113u9fpNiZShGR2N5oPpyniwjteiZA2jPB,bitcoin
113ueiVcbsattBk8TmnhNSZv2Qg4gPRray,bitcoin
113uxYVaooiS6Kitjt4ac5UsLCpdNpdGtq,bitcoin
113uyBkYa7hyz4GSb4NtBkiK2J9UGZNrFo,bitcoin
113uyFVWcKvRA2s4gXbJQ5oVZKSobBuPzU,bitcoin
113v7ue2hZDh7LAPs9EQvrde4XG8F6JGu,bitcoin
113vFX7m44V32Tf94sCy3WAfHMhFbHMShd,bitcoin
113vQ5yz1gBYW73Sd43t7TE428wamvpS2v,bitcoin
113vUHXQMNCWfVyHXt9NYN2g4fK5a2tV1T,bitcoin
113vUnw1zefsx6xAjNrrANe6JDj9Wgi7KA,bitcoin
113vVQzxXWJyCWpxFaxF22oCSV9asoZWAT,bitcoin
113vWqSNYgZ2PA5oQa7wLoiKCcm7htgapv,bitcoin
113vfnr2gBxJc2Ttv8Wk4ErmtAATh5U4Jp,bitcoin
113vhuuD27j7UpSPEV8Rj5Tfcbfzrp35BK,bitcoin
113vkw7P9Jj7H6kH3SUJEKAkvk9fnfCSTi,bitcoin
113vrxrpV1g18sGtr3bhPN4Qmj5648j4uL,bitcoin
113w13aYe3ZFxXa2PKh6bRzNhb2TXS4sDF,bitcoin
113w3BK3bMrF7p8rVc6P2CbLVdFWepMR6f,bitcoin
113wAP29rvcHN9Dr4yjGvNncUF9zN7GdrY,bitcoin
113wF4WHEJ7KwVirXWC9i19mRnua1fyPkX,bitcoin
113wHPw3BHBaLn28f6TWBkAsUJPTgXDaUs,bitcoin
113whPox6WjZMVZuSi3x6p6yVZehHqkZcF,bitcoin
113wkCLDAhPDytB8vA6q22PhBY7HiBt6ZD,bitcoin
113wmmRUcgiNGeSKAFJ48YGJ3YBeKpasW1,bitcoin
113wtGwWdE5t9CXmAn2qrm9PhHVusQ8d5,bitcoin
113wuCHPexW5fUBDD5DT4pVAF5XXXAr1oA,bitcoin
113wvAZXJFe6SUL6Gt38XbELU2RVhrmU8P,bitcoin
113wxHvzdFRgiUQY294KdNZ2RT768CQMSe,bitcoin
113x4Z1Wfb9EWEy54EGPKj7HiQcv4ttCUc,bitcoin
113x5xHZt5Q93YuqGCVECEKqczYfqXbgah,bitcoin
113x6iiao4BKdTRAogrQSuMZ6yxGdPFudf,bitcoin
113xGX7f8t7x1KF9GDs1yqD6xKxgTGn3xy,bitcoin
113xJSaodhUcvEfhpjU257s1Z1AuNb8XAj,bitcoin
113xXfCS8YbpReFGTwta2Zt6CVY2xoJcBd,bitcoin
113y5eQyRboyNsn7sCw7eUowjGBUDCNYVu,bitcoin
113yCmhAJqoFeehqJgFpa9CKMp3uQ6BiQQ,bitcoin
113yFRSS9HgpwSj2VPoaQJNYxZ6naFvzwa,bitcoin
113yZx2cpFiuNxkZ8Y4KYMzy9QbvJGzV2M,bitcoin
113yknaHFKbKRuJQJU8cjp9yK4pnFdF43T,bitcoin
113ymKEuUBtEF2VRtnVuoygk2uKrn3AbLw,bitcoin
113yoaA3Mm5QLePxTLBVEcMwPkQakU8ZnS,bitcoin
113ytmzT7R2QZbey81AA9FNVxgWdZs48qz,bitcoin
113yvAY4SV8Y7f7M5A5PHbJj1ev1Beh688,bitcoin
113zBXVU77FQn3UShmZEbsuWe54M3fFFFL,bitcoin
113zHZjdqFRtgHuLzgsgmRWHtXB2dybrDX,bitcoin
113zK2YqA58YbVyVoAzuvBLBrFNEkxZJ99,bitcoin
113zMRg2FkA9dj4Ew4itNLLHX857hx5VPU,bitcoin
113zUUqPsC8zW9Y76BtZpBMx6gTpAdyPo6,bitcoin
113zViyk9R8Wfe4n6TDzJj1V6z33JB3J8k,bitcoin
113zZrmZMpctdnxp9LzJfhrCmNWRLwyCgE,bitcoin
113zsYN2pQoEzja2GMNJQ2d3ffFdPmgej5,bitcoin
11412fWtzGgQgdhfupqsXMyC1W5hhpXEfy,bitcoin
11413aWChDU1X3LgchDbMKrmYVTPzLpXTE,bitcoin
11413geUStCvSrAHxnL6wME9oyqsFWYpKH,bitcoin
1141BQJZuMCHB8kpSQoZHZzvrWDogZchQv,bitcoin
1141JjMBF8oFvBjgBpjbfKVcnF1QzjtNpo,bitcoin
1141MuZaXU1Ty972sBC2eDfBYQL9FyrHi,bitcoin
1141PJ2z4QbyJSb6pRHLH38UVRuRRZ5nb4,bitcoin
1141VR3EGUZnhWXhEARDjTwXrFMAyxVxDV,bitcoin
1141sC86Byc1E325NUGY3veEW3Rx8imzr9,bitcoin
11422AvwcQDiUCgFUmQLmbkqSfiZNjxVo5,bitcoin
1142KXqzBjZgi94cKcJo3VZBVD8tKY2vqN,bitcoin
1142SUdVf3vp5uv5FBiG34HycVGdHKyoMe,bitcoin
1142eTdToiBBrBdWLDoCUptwDYWtkTPT9r,bitcoin
1142jZwjqyJBVBxZnQFZ36MoQxW7ssNNU,bitcoin
1142nPNcbr5wVrbp64myU9iu3NezA12Y1J,bitcoin
1142otBrCsNKbXpV5jEDHKa9az3MX83WAv,bitcoin
1142pyBxZFNG3MuWk2Y4bV9f5o7R2hnuiQ,bitcoin
1142uxvSBkq1jvEHyj13CXoPAXayfrM79X,bitcoin
1142wtqUCeKDKPKTtwZdUxfBUZgqjB23nf,bitcoin
1142yYm3sUku9uPqN8LUbNyvYaexrPshPN,bitcoin
11431ZmrrH3sKJeWArKRwLfTtcah32StMV,bitcoin
11437FJAtYx34vX5JnnZ7CXV3WyYJZhyx,bitcoin
11438P5bFWuBdiEzdQsxXq5gM95coSkGpS,bitcoin
1143H4xZWmmLhuddYSHuPK1pC28iWnPdW8,bitcoin
1143b8noF3Ko86eVcyuMyYjgzjww2dF7QG,bitcoin
1143iyuZJAG2dxugNvki6x2onyVnS4zDFS,bitcoin
114445Qmzrr8Af9mnPVvzDSi8Q28B8ofMx,bitcoin
11444KZ7PjnskVHVPVDd5oJPNiGFZiLubk,bitcoin
11444rBgi44PkKpPFFFaC98jdNEz1aqV8u,bitcoin
1144Ado8QbuPrseeCdc2DVCR6rqLgE2bLj,bitcoin
1144Br9fdx5NjqSdr3ibE7YmKrFARapYPB,bitcoin
1144JSqTntfgVNLuDiARfudwgjtn2LS2v2,bitcoin
1144TwpoN2ZveaP72uTj5DEZHo9TmN6Xtg,bitcoin
1144Wh6P2D7k1TdxQ75rQ9S28zWTarZuy6,bitcoin
1144eDdsbZKPNqxxhJ3RmMaCBQjT3wHxZA,bitcoin
1144hN3DKE8U8muR8JfKq1oyVK8EuoFp2E,bitcoin
1144i1B5nmouvFCxh265VG1txYj8XZaXyG,bitcoin
1144mT7PBFf3R61msQAMzL1dqC6JrM4gya,bitcoin
1144qbTcy6PJYw4edkZDvaHyZQHpXkDHPL,bitcoin
11455uvTiHXPfdkFoA89y1B7TaxKqsX9iq,bitcoin
1145eLJVaXjUoKpByJqS5XzFD95ZwQjWJT,bitcoin
1145gQRc2mFSMe4McPWKBEFJ1rzFPRRRHY,bitcoin
1145s4uTwESi6Wc7SwfMRmzopEFRXy4SwD,bitcoin
11461muxMLNPebhJttVyrwEwxQSKByAzij,bitcoin
1146DVhYkuM2M8vX1jjLdN2jHD9uBr5BJ8,bitcoin
1146GN2HRNJW4KNdk7ikiaxSnEvVBdBVqv,bitcoin
1146K5QBH9DWvzX6WehvzVtmQCQxdV6DD2,bitcoin
1146PpU9MNbSZhWYXRaSwHM7xP5ngKWWim,bitcoin
1146VK2Crmdk2JFSMgUqHLj7SzT3EmY9Yu,bitcoin
1146Xw7XkoG8gA9vHL8ZAAG5yUdXJz6VtD,bitcoin
1146Y4LpEwVMHqqf8jTsW5BiPZCeMderZo,bitcoin
1146q7bur5cMnjb2w6BTUUnRZwnfnEzRro,bitcoin
1146qCHJcf2uA1JXYPbGG2QjdN1g1WXi5Q,bitcoin
1146rHog5uEBeDH3XQvA6ydh9GVe7zQKfi,bitcoin
1146vGjpCuS4gj9gCbhNATzwmUKU7efner,bitcoin
1146wKGXo131ToJmedzcKikAwBfxRTdJyx,bitcoin
1147EZEgAPpM9NF96uHE8fPVEWLS1C7KG2,bitcoin
1147FpquSZ1uZ1437gSWzEd1379CbEUf99,bitcoin
1147T2ycM3Jhs4zfwevsezbSkFAGkrDWBy,bitcoin
1147TFZwbegeRZ52mB24YhitrywRiurHPQ,bitcoin
1147UeatAoZRG42VE3iQa7iZAY5guK4SUK,bitcoin
1147bRsUKbtL8UiniZTV9A4PvkB5KLrQL6,bitcoin
1147fuPTJcsNXjiHoTZgviVTJ4cj1Grkc1,bitcoin
1147gCdCmSA3d9xHtEYD4Cq3YzUC4LuCXL,bitcoin
1147mr5AeqaE1e2uTEfds4GgqLReNJMVTu,bitcoin
1147neBniiFYSrRqhKMKceqcvpaWCkWENZ,bitcoin
1147okonQRHYPKidEiGMvJHjvUaTvdwq4J,bitcoin
1147x7qj2zeRnrRzNhvTNAT4CGshm8HHZ4,bitcoin
1147xdSs897X6wMkrzURDetuykFV8FUqpE,bitcoin
114829CXKTpVEMLByL9b5hkHjoze9Sy2TB,bitcoin
11485DozVdRmLnAz8DYQEnTjx9frMF9X1Y,bitcoin
1148ERhuoxYcPwPRJjAhbRYzmkZeJrn7Gf,bitcoin
1148QTtKCTRQq12CouGa5f4F93SmoFtuek,bitcoin
1148Yv2WBeC3jQaQMoMp1fJdyXYVbKRbCX,bitcoin
1148dNu1fAMp6mP3BWot3G8A2zJWWLsHpw,bitcoin
1148gXwBAKSCCQfQtzbJejZvDe2jAQ4u2m,bitcoin
1148rCJLaGzqCcYs8WehuCbd5jzLP6k6gc,bitcoin
11496We7gzZpxf4v2v1qkFVFx1XkrU8xtQ,bitcoin
11497TJGqzEJo1f1EcPm9txqc5gJfKtxbC,bitcoin
1149A7VTvdex3ssMXCvra5CnJhm2u5fPcP,bitcoin
1149G6LR4xLJPzafEqAYfS6xagnKHVLkSL,bitcoin
1149QMBxtveyrnRhGeAb1vLnoD7kfVBNys,bitcoin
1149ZCstJD8ZZYMutZ2UGo8jaV8KtFaVTb,bitcoin
1149gTyZuCZG4YSPng53LEuZAKAdM5Cp3X,bitcoin
1149gkbRNm4GR9FBwgtPmmZMEa5Scz7qab,bitcoin
1149pSRSCdkWppbQjSk53FA5gQzDfUEPu6,bitcoin
1149ucuD7jD6Lk6wcTN3bh2oemSYbr2oA4,bitcoin
1149xP31TfeAm9kHZqYTA3bTYygJ8caR9Y,bitcoin
114A6iLXmCrLx7DCSqjrGM6rsLwLF2F1ay,bitcoin
114ABQZR2vyzCBix6EAwoGged8u1o3x6Kn,bitcoin
114AEU62eWfcFGsh6vrnMJ4KvUdVZMzqpk,bitcoin
114AFXU7oxWWeovqFKj1UTuJe8GXPEXszD,bitcoin
114AGPE5ETosFBeVUPHGZm2T5ijLAdWfnJ,bitcoin
114AHyVp9DcruyGwuxUmtiCWriVzoGzAb5,bitcoin
114AWxQw3w3ZtbMJYKFsdN1WXGFBHAXWFH,bitcoin
114AheuucxJuJmxDK2ftpbZu4Lpmtge3ZL,bitcoin
114AjKBGey81HprSFRWcsUSFS64HHLrH9E,bitcoin
114AjRs5mjYCFBppCNKPLW6N3H7DjH8zRf,bitcoin
114ApbcoKrv6YmV1LgeNuxLwAP8eMdjqNb,bitcoin
114Aqr29tXMZpk1fYu7Rau7qJB9jzRws2S,bitcoin
114AtcBq8KwHg5tQMqfoycNBLMLJ1B4j8y,bitcoin
114AwxYNcJtpmCbjsfPj1oHx52XiwREvZH,bitcoin
114AyydXQKKA3LGcU84JSBQ9qS7dEhautf,bitcoin
114BBYrQkooxzN17sZc49GUHVE8XXSP3jy,bitcoin
114BEikAMoaJEc1Uqgr4D31MA4J9dXHg4L,bitcoin
114BfxsAxT4Neh8iykSzDyMJhnKjEhaJrU,bitcoin
114Bh9kAxG3i5Na9yKRBVY6KSD2SDVpvAG,bitcoin
114BmULqHHy5wMRgG2uzBNjoc7G7CFKpqA,bitcoin
114BoTLUPPmqSKbFNmDMRLsWJjALVRzJNx,bitcoin
114BrL246nh223YynesSifigEeGViB1C8n,bitcoin
114BsbSX6LKGLPjaugRZ45DRfutiS9qzCg,bitcoin
114Bt18FHPWEQ5dYmjKS6rxYoaUJA9gZKq,bitcoin
114C8PyPZMoyVpchada6rHY3JQyoWr6725,bitcoin
114CEHVz5MtNrmZ7t4yh9aPFvkdf3Gn21K,bitcoin
114CW1eXw74ocHv8NWU9Jhp9kX1GDgCivX,bitcoin
114CbcYm83EfQwEgYseRowCLPkPUcPN8EY,bitcoin
114CdU1nE49nmUrQ6d3zHnYi55XfjBup7i,bitcoin
114Ct8TWHyXRVPMeKYs5F45C5CZfSA3SDS,bitcoin
114D22ibt1WutypXQPQuqivPN4fL3q5xCn,bitcoin
114D4ZJNGqw6o26NuakEcieo63JpfDe7gn,bitcoin
114D8KuiXDTiuhLDwnAiT6W8SxhqH9w49f,bitcoin
114DKNj9RyR4Pck9SfC9hGqS4H1H3EoBZ7,bitcoin
114DM6vsRzDpsbotW6b14RPQtcKjXgQnG3,bitcoin
114DTjk5hCbRaFeJ9Yz7cSzSf4apy5W8xt,bitcoin
114DWyjd8rKKBiiT1yDVjLC6F54gKViFRb,bitcoin
114DnQWyhVTt5Sks1SX9f9Dos4y2YUDBGq,bitcoin
114DqcX1jnP8xFxi6BLyo8SbEx7DJGUPwv,bitcoin
114Dxi5gYC2rPGx4MDq54Raq6UccR3FpRY,bitcoin
114ENTJjAd5FSmcSKZYvGgheCPRDfxzYSG,bitcoin
114EgCLeXohX2u9kJXau8DqyiQKJsUpoUs,bitcoin
114Etc3ecCAUktSLCrwk4qQm61cjDojpxF,bitcoin
114EteBXELxZiof5vZM29fyK3QuHFzxh4i,bitcoin
114Ew4Rwv9vrgVsHtezMBbvU7DcZcP5vaQ,bitcoin
114F8WWfsSxLj5wYaBVsVNXWksw4GaxKzB,bitcoin
114FGgjfr7yqrJqFMBbonPVENVeHdMkmDQ,bitcoin
114FKJ6ZJXsTWVfKzwxwp2Txvb7WLBvVEF,bitcoin
114FTuxg7ifXGopa3LBygeKhXgzqCKUKDH,bitcoin
114FZpXV4kB6cBgdUPFr2vdcYZ1x2CY5ck,bitcoin
114FgkKXcNr4dnnhhqh743hK6HcfRvrCfx,bitcoin
114Fh9AAP7tGYat49MRXiG8dbaYKsD3vnw,bitcoin
114FnDEC9oKRovgE6Ro454tsDUHY7W4sRE,bitcoin
114FsNxuxNspAZqnf7g35nZzsmQwD5CURx,bitcoin
114GBSw7n9psYAmzVzn66ZnVS6QNTrQM8R,bitcoin
114GQN2aKMvFKWY9HcczRBQSeJATfyJh3G,bitcoin
114GWK5giREKbZwHNuofVYUMWitcAbpYYP,bitcoin
114GdDUHQoWp6xX813MJQWdsCpzUrmAA5M,bitcoin
114GkX1UjL2tE54ehp5j75rbCDjMpcjcwJ,bitcoin
114Gu7zGb5TpNG4VzFedz4xqfvZWV6vzne,bitcoin
114Gv2CreYUDUFhYbYLWFTK7UfTbGEvncm,bitcoin
114H4VXXRicqSRhgjDorRidu6NJXsqBfan,bitcoin
114HDsbuBQJPpvmq4LAk34yRXTYbT5YzwH,bitcoin
114HXXsM9hnscGi3wt6vNaxxKT1yJpfWn6,bitcoin
114HaBBm8QekMB7GqxXrWt4TZxXxYSmCQ8,bitcoin
114Hf2yFEDHWrahHRNyBtS2cePEoDZJ2Bo,bitcoin
114HiysaEnMQFMuVqcs2ZBaovBBWLBg9nt,bitcoin
114HsFJNq9nFUFfrkzWckjLMuPQfJsroTx,bitcoin
114J2Gd39DbfzwrcG1bQVd2Hjhtw6hV4zL,bitcoin
114JC7uUGqNZjPwANpVaKp1crBjr32rfGb,bitcoin
114JHW4rkNPqw4HcAMUarXGY4trcb1tFx4,bitcoin
114JHhdD3C2DGwmjYU44UuS1Bi9Sd21v4F,bitcoin
114JUXjiDofYrNhX8txzxgrMvuWvM5yDSQ,bitcoin
114JheURPAfkWkHsusdK1UQjeHbEerHhVC,bitcoin
114JrSYUTkSDfx8kgx21kAPJSYDMRowEDz,bitcoin
114JtHpgbAyPAUjnuzoyZQXx9MV5oDnsQp,bitcoin
114JvXw6DRtL3oB6PvPWAVMqCv49H3QBAt,bitcoin
114KYKXZVoEt2kmJrLhCHfdfcKiVdjUEg9,bitcoin
114KoFF2RJjtJbEtnsT4t5Wb9VHQUbwGuS,bitcoin
114KrMBZcWqGYEZEbeGLk54jg2bMxdCprQ,bitcoin
114KtMDfQKWvPQP5RoVhvECVrkiP1cBf1k,bitcoin
114KzUbvAiLkE6rJ8Q19z3SvjAt6fcj7Ja,bitcoin
114L3FGhMvtW3fptdbtRoFsmtETXvZpHFd,bitcoin
114LH6fqR1o7Vy53NM4khyXJw75Pe4FSdi,bitcoin
114LK7NBd3ZSijTA692ZAaxPTi151Q2MMA,bitcoin
114LLx6t9Kd8E4WEF2oVZHMeEV11MMTMZr,bitcoin
114LPoQs4vCPi81ajUwVSdodqT4h1TMM9h,bitcoin
114LU8wwni9HPq9Zmp94iVbLvtFphazcXP,bitcoin
114LVerNTXj6A6UNrH1nDsLKdSDxaUGwzA,bitcoin
114Lf5RCGr9DrPRBWoMvgnuwcgGGmj59bN,bitcoin
114Ln6EpyPUdfKvdjKzPjxmggrT8yTZFzM,bitcoin
114Lqnc2rp3Ykg8srzoedkFEDAQmuGDrLo,bitcoin
114LsDGzrc2hYaJc7bxGYrf58fxpAhZHLd,bitcoin
114LtJ5v4WFDna94UEm1yvzKtDr6UN1Kc5,bitcoin
114M4Nm9bUAzm82xfWkvaUPssE6yce4J1T,bitcoin
114M6FSymch66eoJCmP6RboyKDPJSkpjj7,bitcoin
114M7dmPNZoPv5zx3b2aBWGfNeTAsvKexD,bitcoin
114MEGkPKsqvmkZwAvyKQEzci77A9pcwbE,bitcoin
114MK6QUMU8YpnxYiJ41d7EXHfL3qrCJF,bitcoin
114MLLw8gT6NsepCUoygfSJ5xhx5KibkCn,bitcoin
114MRxZDAAH6xqahHXHXMG38AbhGP1XhA7,bitcoin
114MSGWnKFBxZ184C7dVxRqi6awVxLvF9K,bitcoin
114MVs4Qevb6MEdTDSB3ScJkfVRRzfgonS,bitcoin
114MauxKfmsdW8hXU8UhsaFjaUSdC71ihz,bitcoin
114Mcx9BfrGDTqx6aUHaTzVJsAegaML67y,bitcoin
114MtVWPzghWmjKpy9xXXm5mCSEfEuwGQB,bitcoin
114MtpDxb8jxCe7FnDPLhHKJP9fpLpSh3V,bitcoin
114MvCHU9ESa5E1hNDR4ZL2WNf5J6XTdva,bitcoin
114MyaPMp8M7ofn9Dc7u4a8bk6nPwzbi6G,bitcoin
114N3kvht53KHS8QWZPkZCrrEXagHHegbo,bitcoin
114NFNrBUfnjtUVWguhPJCrbSPMcgMy7vF,bitcoin
114NGbTFSq2VbgWJP9nMoBmRS4DdRMj6Na,bitcoin
114NJeGQazmo5YGWqyKdAqGVLkDVQLFPY7,bitcoin
114NQWxsebFepCgNE8YGZ5bXKqVuyUgzfR,bitcoin
114NUsqHZNZp4cSJvUd3zzK4YTSdFymnzb,bitcoin
114NY8gaAqjBWE31BTA2XWhgytqKvdvPot,bitcoin
114NqWfkN511A4D6waFtqdtQcVnhKfidpd,bitcoin
114P4yhkAQKBXCpwxWHAvvm4kUtzfzyZ2p,bitcoin
114PCMukTjfwTFemDKR7SAUuag4Hj33Fkt,bitcoin
114PFVtoJraEWyiZnRoBRKau7TDx1gqoNd,bitcoin
114PKVd9kCqrJnVjQEGq7gdwKEX543ZjFd,bitcoin
114PQKKVr3g7Be4hLudgqqd16e5VdkxZsv,bitcoin
114PcpjzWSdfPrRTyW3Ssuy3SdC8JqeTpe,bitcoin
114PdWgu9DniScfuaQfBqqwcFdLgbA5QLk,bitcoin
114PgxCHy24X6SrU4GaPYC9e8UTGNVoSc8,bitcoin
114PmEaN3dhQYWDxis9X5ApDiNxkc5BuVc,bitcoin
114PtA7ryPVx8zSrqVP7qJJEvirhAVdtBL,bitcoin
114PvRYhGatvg2L5bF6iAHs97DgmHHiTV2,bitcoin
114Px9TobVCimwnqZPAKc9rssWc9oMrvXJ,bitcoin
114PxSt2o5EZ7s7CprwBukhNF5sJnZTesP,bitcoin
114Q6bx9MMoNh9h5VNQLcg2ASAJoXXiXc1,bitcoin
114QE9JnWKtmQwgmD7MX5heYZPJkcqsgkb,bitcoin
114QFUNe2dhwFcaBLmk78188oXs8nEXjYp,bitcoin
114QMzS6D4CKjArgnUhwgLgWpAaefHtwmU,bitcoin
114QexgYDHnUvQM86iDNM9jKM7jw5awxE3,bitcoin
114QgBDXZ4PmdhBkKst1c2MsFbj4QV7YyS,bitcoin
114Qj7Sti2VkcH6XCEW817aaJswHVTbkQE,bitcoin
114QssyZuYNskoywDUucT2fhSxpQFwL7gr,bitcoin
114QyE2hLzdhj6jMwj8HjHf6tfHeKGXYYk,bitcoin
114QzJGu4f6wyy19M3H6rEsy1JTu24CgT,bitcoin
114R3vcRYvZx3r7qcmY5xLejy6bhN8F6vx,bitcoin
114RAnDRF3LtMEEL7gRPtDunb87ySR7Bcj,bitcoin
114RLGPrrM7xZPm84oe2uVbvQQvKW11Nzx,bitcoin
114RSK3qaUA5e8VPC3GgHvDM2qSfcnNKrp,bitcoin
114RTPib1p8XwBL6VF7R9CnNSobimcihQu,bitcoin
114RgAEMf2MddD7rrAQt5Pojqtq8XtmMc6,bitcoin
114RoHsmVTeG6k2LatZBaRssq849dmSTkh,bitcoin
114Rp5YWh97SefsscGHzryeo3vobtp8tr4,bitcoin
114RqSwizvf1f4ZDY3w4WpYvrypqyvosJN,bitcoin
114Rs54seVd8PsmTBj2ZRS11XFJizzP6Y,bitcoin
114RuJtx6vpVrcjTCt6zsPSRDxBxNJR6K,bitcoin
114S2dZJtBRGmDXV8xMWCHSVZtKHqMDHZE,bitcoin
114S5mrqFwMHTcQgLYp3t6Rme2GD9uMmCW,bitcoin
114S5vULHkNXsBWAJTUAih1iKpPTepfHNA,bitcoin
114S7p1LVzvirGaFMvswCcMH6kZKbSwAx5,bitcoin
114SBFxBwpChb6uCCLLjyiR44xZXbJMi6p,bitcoin
114SDxeLWCtoaVh1bB8HZY4dSAZJsVkRdz,bitcoin
114SNc3224kgW7nXS3Q1m6vnMF7PwziA15,bitcoin
114SNxDi4SSiccRcL7rJJGGmbDMivFUwcY,bitcoin
114SVksNwbxGwUKeWZjkGuFk3uG1WApEYx,bitcoin
114SaEjvuZin85Mk7s2TghmCj2Vhyy9K2K,bitcoin
114SfMpCniwrF7qc4ATidx5LfxBj4MMMEa,bitcoin
114SgEiFrBLsRn4WzEv5nwTWnv8N1XdPrU,bitcoin
114T8fqrGGMXSgkDj3J4SpXv5Rf9ufqUah,bitcoin
114TAHsPteoC2VSegZqevQAVuoy43bES7Q,bitcoin
114TF5UifCyzvgGFS9KiyCN1326ZX66b4s,bitcoin
114TKb6LPJiRM37Fp6mLCt17KuFh2SifvD,bitcoin
114TNf1nHRwkZEgv1XyYeiptBUpnhB7LKg,bitcoin
114TSaLeVW5Ygi9x824oAFzjACHNzfQ6Mh,bitcoin
114TdTLVjkb5UBauD3PjMaDPxir5iqHvrE,bitcoin
114TmrtyPugZ4sxPR75Cmx5XUPx8P3FK8b,bitcoin
114U4uVHQz2nP3Miy61MfPR1yxYfk6aia9,bitcoin
114U7Tw8ZbgmEFPUWiDGs7YxNBLBuYxwAG,bitcoin
114UNPuB2ajwiHxUCbaWXr3np3UWWd1kni,bitcoin
114UQ2PKMjiXD9jEyGf51UkuRETPtFtNkc,bitcoin
114UQxrL4eh9Y1je27P1HjZwYs14fiNP3g,bitcoin
114USmYBcsFDLXZ53bodxtFk1Do71hywgJ,bitcoin
114UTcM33yHQw9zAczuW3Zd2XGtMXDaMU1,bitcoin
114UUFXh2VRCuY4rrMJKfwshDBWegjMrZR,bitcoin
114UXw6r4xe2nr5i469wgosacgWC4poGia,bitcoin
114UazP2rZJqiFDjebMRkWBSv9TZoRBLYo,bitcoin
114Uh447LwYBTTthiwqbDiYynuJNVabBaz,bitcoin
114UhjSCTDvyJvcCWA5KQgdqbZnjfwCohu,bitcoin
114UqTwx5n9onXARoM4PE3yG8Ec7umtDkf,bitcoin
114UvKDizMnLTTnnjno9k7g8N9Hpngz3cR,bitcoin
114VHuhUuCsQ4Rfu2sJV9HYdJx6do4wfHA,bitcoin
114VQE5MgbxH3RJHt65J1ooTRygWdedRk7,bitcoin
114VRHbAwroMyFmYzFmG7thdS2CJwuygVa,bitcoin
114Vb9f3CZAyfxnDhZGJfNopnq8n519eCw,bitcoin
114VccVqKSb1Fe1C7buN7w3Q23CudyaNDw,bitcoin
114VeqDXoU1uLUeZA9fcfe3kneuayZuh1y,bitcoin
114Vh8H9etaZHKgGgX3jRSfqrruBLbtvKk,bitcoin
114VoXhToSnFu8P326QiC7hE5VEGAKBYeS,bitcoin
114Vpp1rW5VVqjDaHCokA3WBFGQZisQHLY,bitcoin
114VugDVHrejcUkZqLVAR4xw7FiMRfHj9a,bitcoin
114Vwth4orcjB1rps4PAcd47J4AuKPXMvt,bitcoin
114W8fNpLogLrmSmJhqDgHSdXK9NF29pf2,bitcoin
114WJbJLChpfhcT12hTa3jVfV7FKU5usuP,bitcoin
114WNET9NHz2wfV64dGLocLg67aiw6Q8ve,bitcoin
114WYsQM3to7vaPbAo4vxXJrKSWr2DRxXP,bitcoin
114X6xg9GRCjruXMmjG2CJfSQ7W1rEuQJF,bitcoin
114XUdSzdZfXkr416SuMHK66pnuJ8ycq5w,bitcoin
114XZyxRsxW3MY8dQ21dLvs4PAixpEksZh,bitcoin
114XbwDRb2BBeb3x4JjuQRFEZhxpSBC7P7,bitcoin
114XhftyfAQ2A2tofYpwW5TYnVsSC1rit3,bitcoin
114Xx4zvB3HWSWrSuNtfpeusCfv8H77HGA,bitcoin
114Y3GhyMhzXJ4Qz6Rnvwz1oJBJ5rMjvxM,bitcoin
114Y49iLJxy3zKBmvsSfMDyL2ccFS7maPC,bitcoin
114Y5kJitocqbGNKMAxGkSnm9h1Bc5QMxv,bitcoin
114Y6PxcJUkFgqKanDPwXnHvNhHaD9sWNu,bitcoin
114YGQKY6tdjSFcSYBJkDghHzmpn6Vmttb,bitcoin
114YWskx8gaFqoqwmoHR1TYoGd7MbGHJmo,bitcoin
114YjcPf78y6eiheBuoJsBcepivzwkYbQR,bitcoin
114YnceAoewgEDco1Ccx5y9DjVVFeWZfJ7,bitcoin
114YoxzR8XNsLCKtmERho51HMqTBGz1kkd,bitcoin
114YsGMa4L22FmH4G1r8P6b7Sa3z92AFUZ,bitcoin
114YxL5ZciTHabHa2PUcZL9zhh9SaruMvQ,bitcoin
114Z3MzK3jcxYh3Rxs8bYug8Lm2msWsNqq,bitcoin
114Z4LmM1ab1yqfqECR2k8KksyYbPN2Xrz,bitcoin
114Z9nyn7eMNx99iAKAUf7DW91LvmF91BE,bitcoin
114ZFwC8SrRYgezCeKbQP4HscRWuZGz6fP,bitcoin
114ZTmn7f4PiAVHNi7FcyyBTtVmtKsxkYZ,bitcoin
114ZaZiAGFdZNaxg6rkZfjL8mW7FgT8s6,bitcoin
114ZbKiu1zktpAN9sCPbqgsRasrSwU4woV,bitcoin
114ZgGJ9hMktDmWCyXz6MwqErpPUVMPQSz,bitcoin
114ZhAvoT6gAn1v3b5zM7ayi8dLtdNMEp6,bitcoin
114ZjXHPfUpWqepnFAjALjBATTUPy7vH2a,bitcoin
114Zoedmy12E1CYKFxRPyg4KBZPe3MwfW6,bitcoin
114ZpXm7YgkYke1nbUGXnv4kTXxtwerr5y,bitcoin
114Ztnge3YxGmswiQNmayVFaG88KcTs5bF,bitcoin
114ZtpxmGq7oMgvoppEEWU8HFXPqtFcabU,bitcoin
114ZuMeboPrgnLaVTLrKKwBqLBc7EH4bCh,bitcoin
114ZuixSaNujZk9PG5k3cWKnhHaMUG7Y57,bitcoin
114Zwrg6jQgS77f35e9s9rVusaWfYHzpdf,bitcoin
114a6j1ngNkYuL1v2Kwg1n1sS47DTFC6vm,bitcoin
114a6rdRZ6G1iQhpbHMdKxezd93aVHju7w,bitcoin
114aGfRXdS7crW4y7msS7VSGUtE3PQ7v5V,bitcoin
114aPqeiAjjESXiQuQyEP8zN7a5LmHeVDT,bitcoin
114abp5R3JwNsqMgbmZhVaq4GvtuQQYbhZ,bitcoin
114aj3pxuAAXxa6rY1uNza9RDsQteosiGP,bitcoin
114anHC36Dft5UGonPHEjEHAo3pjvFqZpb,bitcoin
114anYUdDrxgud7vsv4f82aeWcgWAKx8cf,bitcoin
114aqHN9KGtVreJEnkgcV8KsVDX7Hcsmcc,bitcoin
114azYxoX3cxrFtvSM9z7XASKWk7Sfh3f4,bitcoin
114b5Emp4s7X8ATjqJrE4eeVXiCMTz6bQK,bitcoin
114b8aQnUEYMzpFqtho6jocZkxoLnngLsR,bitcoin
114bJamfB4tQpVjEf649zMaDHdHvrmmQGF,bitcoin
114bMKwao3HUADkF5kjEnmCkJqKBxPrNuk,bitcoin
114bTnaBT9Ls4QzbBUXvUtrv9DwCrf5UzJ,bitcoin
114ba6bT8YteCxdAbwqdXqVQtwgQWug9st,bitcoin
114bki3gXk2CFceGje2eiyR2PvzSneBWdd,bitcoin
114bu1noNrkMftVtoZvegY9NkF8sxFictC,bitcoin
114bvf93uEq3Rp5mXWT8yys1akiJURd62x,bitcoin
114c3JgRMqsQnmtRS3WW5EBjAkXCaRgwGP,bitcoin
114cEV76gay9rRiim8UM9D95UeLBJ3xAuq,bitcoin
114cQovEYKzkXDSjpminUbPQcDs9drQwcr,bitcoin
114cUR2M66dtnNMAV8mYt2MMyLgBuVv3nn,bitcoin
114cUpE9eedy9miPtkExXEYENL5NXP99Bs,bitcoin
114cWDj36ir1VvqUUqs1UrmS9LZzDYx8ms,bitcoin
114cXWpgDWC5SjpjAdmF6cHkehFVk88PBu,bitcoin
114cZyFH8a4G4YrWmNpoaCz2yFVNDURe9z,bitcoin
114chvZNcgoADfkQgPsUaALGUCze6DkVaq,bitcoin
114cjhANM3bBMk5LwgVxDydxKeGNc4kwpc,bitcoin
114d2so2U4SzozApHuEKsgwGrSWuYy8S8F,bitcoin
114d3pU9L9HExGrgT6Nb3Lzv86VfpNYZwr,bitcoin
114dBucAwwmwRQ4ZxjbDtpzm1xrChPYRSa,bitcoin
114dH6Fi8aCmPaXXf3mseg7Q1KZMhuemxC,bitcoin
114dLiee2r5PAhd4nYaz476unqyGtqVm6J,bitcoin
114dNRZDKLz1dHXv3iLxMQB223VjnBznuX,bitcoin
114dhYBbyKUmZS6b4BkmBGqREqdzGsFist,bitcoin
114dstyhXkemPMi4HkcvhvzVr7GBdwmq41,bitcoin
114duG1o9Kp4yx1sZEtkZfb4Gd9bokd51f,bitcoin
114eDi8Mj57pkuzvCNMtLquJTEZn7WzWnY,bitcoin
114eHRjwgWvFbaqkbLAp7ruLEceAdAy7Fy,bitcoin
114ePnYcuZNsDDMmDM5bKnctdmTnaER3nW,bitcoin
114eRKHRNapdakU4Ko1hUHJJCFFc6UbFf1,bitcoin
114eXSknUFXRVTVUAACL5dDuLKwFDxQJX5,bitcoin
114eYVHisij11f7TDDG5pmSwTjTva1RsAq,bitcoin
114eZ6ybzNSGxVrbKWCT7TE2pUGs8VyTaZ,bitcoin
114emwKmi3EGHhAuMFNvHvdi6RQDhu9yEU,bitcoin
114enFpYfJzzMVCVFnzsoUKUvU7qVksyQs,bitcoin
114f2EUUqsnLEDNC4EMYpQs8GkuUbSPVZn,bitcoin
114f3tbZKSaFnGhg4gBVzn963wY9NC3rR1,bitcoin
114fJkn14UG5xEmmzCZ9euu569kbEC5vd4,bitcoin
114fRzMedqgFBVmvkD6YpnRFLextgJfLTW,bitcoin
114fTwNz9dNkGPhe26e3TyP4jpkhUbwysY,bitcoin
114fXNevgEkVSoEFkDCusTSkCfwjYzsSJX,bitcoin
114fcqRfzYCkFxzZ7YU6deebW7fJSj5gHf,bitcoin
114g4CX62aFrazKxyZzTgZwFZntJgW4mpt,bitcoin
114g5TEQxTs7U8YwVdqcTw3ByD1bUN8d3n,bitcoin
114g8gdk1k5L9wvA5rmBUyneQvhUs8f7KB,bitcoin
114gEbvz9GVca3RsGiJdm5yqK1mD8212mV,bitcoin
114gKc8ezpZkh8dpBvYZUMwq4cnfxkQhQG,bitcoin
114gTJB9qD6SXYjh7uCNUjJTE6zxm7HGGF,bitcoin
114gUtYjWhinmjP9pF2H3EVLBUhR1i3s86,bitcoin
114gzLUYECBQ8NLpayRX9C3T97KqbYiXUs,bitcoin
114hFLr2Ebhn7CBWGfg7cEBTyG3zbzs1Ez,bitcoin
114hWJWVDMCQJ9iBmsdndARUaKCn62tZWB,bitcoin
114hWX7un1Z5V9QZ122tA4jjAGQN5JH83X,bitcoin
114hc8enncXTW1rvdhcfHhaNL2SExZzK2t,bitcoin
114hm8mCqL1ygxJ2oitsfq5VrE9S5GrSF9,bitcoin
114hnLWtCJjt2wuZdMnbV9CSpGeAMXUhnu,bitcoin
114hoHbo5ZaF5pzRenzaAL7dMXVFdPF1z,bitcoin
114hvMb8gCQv5GsmpZPEkVTp8xXBrwLJC6,bitcoin
114i2c4f4HUGRFbdXKcyNhyhMySyW2dumy,bitcoin
114iB4YY4gZyb14tWYkMHT15K2gpCK5DX5,bitcoin
114iCesHQLrxPqaVWMs9XjkotJR2G8ZHwy,bitcoin
114iFVHJzZgDfGoivsFnoob1VfkrTwR6ss,bitcoin
114iHZT8ZEvgGC8JYkAKvbRH5RzcaS6YXa,bitcoin
114iJjjtVrXk6mEsZvKQmSd5YVAxVLSuEN,bitcoin
114iMRafYAGu3pCU4kExT4vpSLtTM7MoiH,bitcoin
114iQUWkoc3bZNqAo5WBoPcUBRDmBPi64Q,bitcoin
114iVtQBEE5h2EGuuBezx8ErRpUYDxVCcy,bitcoin
114inCahRwzMCKayNsaz2PibhENb8smK3T,bitcoin
114iuAtdqwhuGgdUEddCeukMhXLbUnEEUc,bitcoin
114ivVrwKf77Z4wwBWq5WN6iTJvqEpMhfL,bitcoin
114j4u1WyD91H3otPRpVLRYsfoTdh7gFXH,bitcoin
114j569bG2uXa5d4WcD9hhq9Ts4bShEVZ1,bitcoin
114j851sU8a5Y7c875pW3xZ1suxEAr9GGJ,bitcoin
114jCJBRd4vFwfa8BqCbPJMPXiGXTB9Ph1,bitcoin
114jD76FjgfbJKk8riJ1nEezp35htsBPWu,bitcoin
114jDVtffdpV8aPu61EFqwgKAtXYrekYnT,bitcoin
114jNXvLL74mwmGiePrcC4qPadAVRKufuB,bitcoin
114jNdyPbPK81y6cjmyF4Z9TGYkuteTUEr,bitcoin
114jPjyUKuSG77WYDYi6AvdtXgDYQMoJfg,bitcoin
114jUHp4hnLa15NSXH29sQfm4w45hJ1q2T,bitcoin
114jehHrotHzeih6qrMXcwwQPHiGVUooKF,bitcoin
114jjKWdXGZ9aCnfJkpwN8oYkrXF61UiYN,bitcoin
114jjMSXGLQyyFiE6JGXzwpDXpEKHZhD7w,bitcoin
114jqkLPsPz5W5dwd8kACxHAF3gLqs4Tuq,bitcoin
114jwhT952jUAGWUhE659uttaMKs6DkvYr,bitcoin
114kHbsr9K78eaEhorVSNdW8TomMwGtmsb,bitcoin
114kKasg7PYfipw9fGJiKhwR3uQ52SZZ4B,bitcoin
114kM6kAKS7KA4pfziV1WLM9pbRggK1Pzo,bitcoin
114kN48PnBND4M3J42xYeJYYpEUAK3UzQ6,bitcoin
114kNoAaaBXm4WFLaknHBMy5S8ABRqo92T,bitcoin
114kZEBdgSpuhG9ATfU4kdDNGJJZn95qm3,bitcoin
114kaWUv4ZMY6SbakqNT5oNco22yvfs32S,bitcoin
114kbn1THDit6d5XBUGiB98xd9LVNL4Ti3,bitcoin
114kjqahJi4iHBVukuPhW7WVUnA2HzXeW1,bitcoin
114km7yu8nUENQTxrkBb6rcAv8dJUtwKYz,bitcoin
114kn3tTTwtjXT5mgBLksc43BGtBq57SKi,bitcoin
114knZ5UziTq2nwmm4Bm7d9VpxkWUJB4wf,bitcoin
114ksjuZprctubp9FThA5bnwpm7S5ptCG5,bitcoin
114m9vJHGNWu3ddKuQEcjyEdHWcQGz5AEc,bitcoin
114mMouv6P9un4mGD2Q2Gu98yZ9CTDyqK1,bitcoin
114mMuUJc7Am6o38uEnayPrpR8t4KUe17X,bitcoin
114md8dYK35r3Tnro4LvZ9LWFHuFvM6TNE,bitcoin
114mhUJahq3jKYWgW5VTvRQx3XbfYrtPom,bitcoin
114mngi7xAUJjePomdpkFT5LCXztnKteuW,bitcoin
114mua9feY4uaEePy6uTeoBTed6WKuJfho,bitcoin
114mwnR4zMs4zECASnhENzXa6PjQ8QgWtb,bitcoin
114nJEscr6W9ufyWtkroziWqgitGrXhM4r,bitcoin
114nYEUGMn5CL6BVTVYCPieBbzrjpJ7TQy,bitcoin
114nYp2onRpDU3Bxs4zU1tsGZT74zASPCu,bitcoin
114niQ193t1GQAiw8oyffPfQBvkKePynBf,bitcoin
114nrG43weVmh6jvHRaNrVgTTpyWBaQ5MP,bitcoin
114nwUV73ATGPhTrMMn6dLbSjBHYN11CWt,bitcoin
114o6Gj5oWGA68ckK6qkmXgWsMnqfAr4De,bitcoin
114o7NnHsCw5ckxZWPWv3VaGahnQdSXntH,bitcoin
114oDDkeT45Pu6Ndm3BDNabpzjHyPScxTs,bitcoin
114oFpbDwhJ8LBGBFuCVwUUU5sKLCcnaFn,bitcoin
114oJqhMha1SpgfvPr9RPnMLbGmbzv6SnF,bitcoin
114oTcTFuUdhJd7oVwZ4PneQgo9xwaz11G,bitcoin
114oWCXWURRABZjCarMj6ukoXoZNr7iqWq,bitcoin
114oac5XTRTHhi8fMHPnTngjWeK2TGqnz5,bitcoin
114oiUnuzWYNamHDFwyw2LD3R8zuqDHct7,bitcoin
114oyhkutaCdkCGLknxGDH1Fy19dSbH1AJ,bitcoin
114ozV5Dh3WHwiLRGY7s7oLuRPGoHvQLM1,bitcoin
114p5sd9vJLCf2ySXV3Ra4E3nAjiJ6HVbK,bitcoin
114pCjGJXbjSFsvYFo1U7TY9wKyZiTCL9T,bitcoin
114pQtEAot9aGsCvMhptyfmfMLuHHTPq1r,bitcoin
114pW2rJgTvPDN62YSGTXtEs4Ue9Df1sck,bitcoin
114pZMYRt1PwUQZe8SGdRWUuQaESsyza2S,bitcoin
114pcDrkUNQdVSqvrkfhdE5qnRdKvmQdgW,bitcoin
114ph958uUeZFo94wGATC9DLGz88Sgg8Ta,bitcoin
114q1LdkRiyKsH9LdCJcCgcjTmayprPZhF,bitcoin
114q1nynVLG5TiNVneCSUiLK8UzG7XroUD,bitcoin
114q8VjY3PLFULW6qHKDoVNGd5EmhggNwh,bitcoin
114qRkc9jhEwE6swpFTuHrTyCrMqg5jizU,bitcoin
114qzRdJfA4GY6SjUdxQ33UcgFMUmSMiv7,bitcoin
114r6opczFKiWtiHZrTh8bHLspL79vD6YR,bitcoin
114rFyhmBXGB8BWQmC2Ewtf2EV175dLLWK,bitcoin
114rGWzzGysmMdYakCBhaiqQyk9vyj8xLy,bitcoin
114rSSefisuCXKeW4UcnMPfzQWAXBncE3J,bitcoin
114rZMoa7djvYuJajQw4Kd3Wk4PH63cooq,bitcoin
114rb1tYgBPtfZDzeGz8cFLZdU8coGqAXj,bitcoin
114rzaCwzfAogQeFjSBoAC2Vey38u3UeKb,bitcoin
114sAx5ZXwzn2Y8LhK9FHZZEDJn4hAfvXu,bitcoin
114sGKQpfQ1rdchtEzCuYQeopuB9T2T7V5,bitcoin
114sHzsFffF1eGD2qwDuChY9LveADy8ZRx,bitcoin
114sQ8ecNYGkjcGwn8mQPs2F4jrY9AKUa,bitcoin
114sVbbdm4KoQS9GWCTu1q64dRLaSa5EMi,bitcoin
114sbcMe17eNT65b78GEXscpPta2KNNqhd,bitcoin
114sehUrr3ZGmjD7j269ZUc7oSMPkXKx5L,bitcoin
114srSgoEuzx4jR21YX23YF5e3Jpu1mB5g,bitcoin
114swUtatZfjHb7Uue4cR5saqQTvQ2BGtR,bitcoin
114sxzW24UBehkckvBMsM3NKCgFwe1N2SM,bitcoin
114sygviA9qnixHUhYmLYGxjxxdXqdW53s,bitcoin
114t2ZMbuqvEiRmGMuNNfphdAYoTEqGb66,bitcoin
114t91SWzUMKgKiVJ9vSsGru3KBCrT6Vfq,bitcoin
114t9ctUWFk2Y6QyCFLHo9Kk2PeA2Bn8ts,bitcoin
114t9uuVL997kLmA4QHde2nF9fzErMDeWu,bitcoin
114tD4mEwoRGx9ckwEzZhszijvQHvaAUS2,bitcoin
114tJXVBHHT3i3UKKQET7ogWGfGbhQv1VQ,bitcoin
114tLfEn7p8TymYxdq8CziPa9V6ji5qwtD,bitcoin
114tLoRjAPMmCre1a8Hnun153q5am9yed9,bitcoin
114tTYSptPj2SLbUajLfGZRMR7wMmqDZyz,bitcoin
114taUw312mFs4kkQGr1mK56n7p7w4rzun,bitcoin
114tr5EvpEsoeJbA3iERuwo9wZKm61C1yp,bitcoin
114tufHD23FgJaNh71hQNTnT3n1DdZa377,bitcoin
114tvEpLBABNEeTEvP1TiGAcGGNFfZ4Sro,bitcoin
114u2aHJ44vLzLYgip4cdzZByjthTgdkCJ,bitcoin
114u48mXm5kNGHsyzQa8vtWtUFf5K89QyK,bitcoin
114u4rrXmz33gsN9biM1VECa9EhLeSUfcE,bitcoin
114uDq6tVqEezS4UsJYVFeHY1eNCAv4eqv,bitcoin
114uJ8UGirvU5zn9m6Ww7bKcCoujwXG5oG,bitcoin
114uPuCD5mczBtkB3d56DdF1ZBqM3kKeTQ,bitcoin
114uQnNLtaYZUQyr5qQ94rFkse5ykBSPxn,bitcoin
114ugNUNLVZdYFk5yJ9woDtTEiuDcbKRVS,bitcoin
114uhivMMU5kxTRpVhxf4KpErFd1cwBGzF,bitcoin
114ukRsiUyFnXw7DzSZpjL4qHtRgmJnCrN,bitcoin
114usnqG2zGGyWAz2tdK5zSq8vn6FCDuRK,bitcoin
114uupZoVG6HSr83frphmAg6DcjEEGStiy,bitcoin
114v28kQV2EPvHXrENrHuWkG6A4KCn58su,bitcoin
114v4bLDjgbRfSi2GHWXrUoxDAsD3yjTgy,bitcoin
114v4g3dNuzS6JxEjBPc7M5yzRjrtF9jLp,bitcoin
114v53ZhQhnq6b5E6RzumSQ8a2XjTJgx92,bitcoin
114vHTfPFa3pesJphTePuf4M84vSCgAiR2,bitcoin
114vU9uSqXyLr9WEFtorARCxhS4BJB2nGG,bitcoin
114vaBn9cjBMB5npBgfHwpqrF1CAE8FijT,bitcoin
114vf2696HoATkm1vdp4JT5JnSUZWeTxDo,bitcoin
114vfPpycHmNSsxHid1LjWkLM1M6365jEM,bitcoin
114vhsqDR2imYxRukZdWoMYc6DgPCw1BBu,bitcoin
114vjFunXpFJ69qzGDeJErSceP6M4kSzCD,bitcoin
114vjaYZCNpV3J1c4pF1JzLFLuhhX7EFTw,bitcoin
114vqEnf7Ed4pruyZhYFiKiLcP2UGH7nBj,bitcoin
114vtCj42sfqBX5Dacw7JemTxvLYqgVWkS,bitcoin
114w7sNX1PHwMBiZjWs2dWskHJohSmh4FH,bitcoin
114wEzGpH245Esg5suErhdMo8JAVuv64dh,bitcoin
114wUVMoWuXSDhR8L1tqjXrRR7YC5KvGBS,bitcoin
114wiYbS4WqoU87r51uKt4JH3p49EieoCm,bitcoin
114wv9nof6Y1So5NkXvZ6vmspVUr1soe2Y,bitcoin
114xQ6hg8Ru3xxGEpbHMeH2KpCGBijzFDV,bitcoin
114xdn6zk4ByLykfacdLhTtGiNoQPrt7kC,bitcoin
114xxuCPpxtCm8Hw2h2UFy78Htzwrphz9c,bitcoin
114y1VEVRhgZD3TS2s5cu6a1VX2bTLC9yn,bitcoin
114y3ToUpPKPLWdhbRjJRcSJTpwU9jkQg7,bitcoin
114y95snc6dr7LwmpW29Gxr4uqq2EDD5pQ,bitcoin
114y9PaDpq8uET5QqXuGB4gTR1NgximyHU,bitcoin
114yAw2gn6Z6gw5gAuCEVUF5A6TVB4SzTB,bitcoin
114yE3H5mvGXjpkj8Mf1FhxkcWHaTgyR2W,bitcoin
114yNPG7NtBF8D4c1NDsKbtNB4gxPFK66H,bitcoin
114yUmNJoPCXmiSR7mBRBs17FwdcDVQish,bitcoin
114yYrqgWHy2q9XDVhquwPHP4MXBj7H8Pc,bitcoin
114yn4QnY2h8fsp45t3EXjVHubjP9D7TCr,bitcoin
114z6w6cMJWjutWzPc1NJyCYTTYF7CMyUZ,bitcoin
114z9q757dnPnjpo1V7U3tM9szKp1YUuQG,bitcoin
114zAeeYZPaFoy4eLfyZA2fvCiMZMUJoqm,bitcoin
114zBx8ovWRZ7z9z1YUcuji7R54cyBg6dP,bitcoin
114zFxZDJuBCn6whEfkKGUrunEJBmocbn9,bitcoin
114zHUc2gD5Z5zLQr2BUF8Jk34yA7e7MCx,bitcoin
114zjAKZsQLfUaVWZKyDWoQvLofRGASoPo,bitcoin
114zmTJJcJ6j5EktTN6QcxWHJbs5aSVHv1,bitcoin
114zpUhHg6K9roMvaLesjedrBn9XpZ5JMp,bitcoin
114zpue2k7TqVjQSDYtDdDCTYn8izfr5Kw,bitcoin
11514NNbF2sMfN1tE6xD5hc7thxG4gKDsQ,bitcoin
1151AFK4LnncDTzzHDiwNG3erdZrTwRSeJ,bitcoin
1151GzXaUXikpjbZTiaXZw7SsbhThSkWvz,bitcoin
1151LujUyfkveFDzN26PEkvBWsCq6bMQrt,bitcoin
1151MMHPdUbhxTLtfNwzD5QVyj7WittpvG,bitcoin
1151VZ3Dv8KAVPmHcPxbtnEWfqtXT4TXaw,bitcoin
1151hMVBZxQtnQxTzegkPXjKwewXsu7Fjo,bitcoin
1151yYRdkp9FU7RQVDE3oiF4FqKHmtEukb,bitcoin
1152BKieNXtLuMycEaHMPhXoKDEEMTLCzk,bitcoin
1152F1EoZd33JNLuqRtkf2SaSShSq6x1yf,bitcoin
1152VXLSDYndwih4tg25kxDK3RHtKjuY6M,bitcoin
1152WEoCdL8WHZNt2gCPfd168qRDswkHbf,bitcoin
1152caFBFSWCfUp3KooWdoeV9nUqkABhUV,bitcoin
1152gGwLxTJjkfZYtipowYtCJ3AQJCN9sv,bitcoin
1152j5H4DggURPCZF4TLx4dqEkvohbUZ53,bitcoin
1152vdopmWboiW4B93aUDr2i6xc3dCGVvx,bitcoin
1153ANKw6bXYaXu5wfoxEbAU2hhaqFKtUR,bitcoin
1153NzUrXxK7RM7739fM1HAaXuqMdL3Z9Z,bitcoin
1153RPmUoeG6SBrJW43sqTXoH3roSAjLMb,bitcoin
1153UYLhLkWq6zG5oVv7qxxUrWKhrfjmnQ,bitcoin
1153qpaovZNbuqHVP8WEBbUDQPDVVjD9ak,bitcoin
1153rTsREg4FQiJYsSnssByU64unRgyMoZ,bitcoin
1153ugxSh7BGfrTqHAGDjuKfWKm6ShfhR8,bitcoin
1153wH1dE7JXqUu8qVnPZJ2h2FMJXFiBmg,bitcoin
1153wu4zsh6mp3uHCjgKdsCqNSzMRSKGdc,bitcoin
1153yZjNR5bQGg5g7GjUJPvLbe9WoopEGp,bitcoin
11542ZeUHUR8JpACzUBkK7byEa3utcyrPg,bitcoin
115465CxFFPipv3uXiuPdYYeyqHLfu9Lbn,bitcoin
1154aBQADZ52fMzyHbiQV5VCZbsqDzyN7W,bitcoin
1154cbRcngQfPfZ8heMRQu6mcPGMdkvoR8,bitcoin
1154dbPv41rP7meJYKN9hCjFen4zYfuVpb,bitcoin
1154dnW74XYBWd2gegxBrJA4DzGY5yPFmF,bitcoin
1154yZACptVAPZWm6ZNudfQxrEDpxaFMTe,bitcoin
1154yZJVPYZWd2DkTcA9k783zkygW2rtvV,bitcoin
11551NSgbDohWAqXoCXsaLEUyN2r8fT7qQ,bitcoin
11553ksiLrwyxVkjmUCSErssNmrPY97ytX,bitcoin
11554JBVvZx8GGmHXSTP88gHVNsJsXxzKr,bitcoin
11556uagTnj3Pp9M2aDTC7CHyp8n7YEGFx,bitcoin
1155Cngp8KJqsGQru9GK3vAYpmDJA2sXzP,bitcoin
1155KU6yzmS6VeHmVpnxEZA6bSqNwvxwyE,bitcoin
1155RHc4MmUXvYgdgCmXHLJFAqxJ1SWNbx,bitcoin
1155Rxc8N4Za8TydmBw5Hzmbkydc8Cyr36,bitcoin
1155SSGGq4FxCehrrRJ3eeMefPi7eVUCoA,bitcoin
1155VBTCRYmfsKP9KJrjh8KTokg6NnaWKQ,bitcoin
1155mM2aCKWAohU12xvi8KhaVbQxxuaCjB,bitcoin
1155t8K1nCRGcEnFMECZ3bkPAc8SxLpgbv,bitcoin
1155ysFzMxgtKqTepkSNqi5biwqnKs3NsH,bitcoin
115613LdSErjJnUD2Z4Dqv1UMdRYVixJ2o,bitcoin
1156ECPJq6rHXKhw27qyaKCKvCd69pFmqH,bitcoin
1156FXhqaSjFU4GfUy7Fam6sng2CLfYKdx,bitcoin
1156gYnLJR6kGkKfkQEbkAYM9Ac2wBGyqn,bitcoin
1156mcU6198o8pu76qpWkGUqh5nnpubrqZ,bitcoin
1156mxbzYAUT63dPRFmovkTKXXjxqZ76qw,bitcoin
1156r2WPXgKz6Wyofj8QkwSKCz493sAAAG,bitcoin
1156rBLTkuQHc3sXMSUi597JvXSdmDBmwp,bitcoin
1156rU2EmE31UuwQJnq7sFoXhtSnf86fzB,bitcoin
115762bDphxki6biGiRdfsrV77JwJqYPgd,bitcoin
1157DskniuwCAJvkEBTZqdGVogaBEAskZr,bitcoin
1157FCfFey2CUEVNB5fX7wmrJ6FrnsG6Gp,bitcoin
1157KXWLmQ1uqizVPcC8eUeheptRqGrGEN,bitcoin
1157L9f6g9fwp2bL12BSi5BXgYeDtgZNqM,bitcoin
1157ZvTQkF4USYJwnDyA3Fn2QwrfuPdn34,bitcoin
1157hpmJ9ScoJBz3KmFe8RvCkqgEkMVTXU,bitcoin
1157i66J9gFqJtjvei9NdL6kmYLxBAbHuU,bitcoin
1157mk9NCpBW5PYfacCyioFCghGXAQRi7s,bitcoin
1158EQeajKSHBhxbAj6wCmEuHFK2VwvpxW,bitcoin
1158Fag4uaPpkCEgvfb9hBMreHb18xbqqG,bitcoin
1158JU24hRqqEJ29ampt7xdeaLdWQE6A6w,bitcoin
1158Jc7iZuuWfiA3oLwLtFHLKyhcb7Re1y,bitcoin
1158Wg3GxrkcT13Dv3DmhjyJjS4ZjYumLX,bitcoin
1158XkMXnXtmhR3CVakCuMuHroiQgvDYMy,bitcoin
1158ZAsZKwiMEUzoKn465u3SHjvp5nvAVX,bitcoin
1158ad2hKBsYJj15T5QbXzWGQt7Q16xrco,bitcoin
1158ewXvqSSJ2gT3FLKb9hySKsq8RooVNt,bitcoin
1158mJiFN6h7LKAfcxS1bc6ThnQHL6o3eQ,bitcoin
1158mZ1LfWVfNcF3Z368ZGi3T4gLFkXwht,bitcoin
1158vpjH9cQvrcKB91GRfow9XWJgCWEaAL,bitcoin
1158w16rTJhXeT5wHvnejMhHopNmS8ETUo,bitcoin
115916DiTcH9sYESWoaW7Ntdyv5m7yCuZV,bitcoin
1159KWy1p53qFwSjrvTWhzkFgQqEPLcTDd,bitcoin
1159LMHxYyvAfUUKXMP6ofTFQKhroS3enP,bitcoin
1159SV6D1KR6RQZgtXNnDe7LAYzqStHVG8,bitcoin
1159T4EktzWhqi4HTBasvgi9sL6FdR6H54,bitcoin
1159WeoW2H5phzcqtd67CVQL1fuMNz8gHj,bitcoin
1159hiQMhPXZPVpGBXgfzFoGy3qzZa9uJE,bitcoin
1159i1h17Qm3DKb5RFHaED7LeCkBp3jFPZ,bitcoin
1159pMC5dzta2yFUhRfjY4ZakFHV6augB7,bitcoin
115A1dThsVzDEVE7Ls9TVGJVMDURWT3WdK,bitcoin
115A7DLGprpMhR3GujGgQdLSxheES2YZa2,bitcoin
115A8t9BCLZZNrxtWupZo6g1XaSNYpMAYs,bitcoin
115AKBzU8y3zfuhJnJmLqaDMpR2Gcd61xB,bitcoin
115APJ3b1qqJsrSeLY9jQnZJGc4pFb4FXE,bitcoin
115ASbVE3WoVXVdxmNb1eu9VXT74h8wRzZ,bitcoin
115ATYBRZ5H4T1T9HmoTjhShhEYFRPWPtd,bitcoin
115ATdcZzoLRzjGq7MWkBMHivxiiCG5G6x,bitcoin
115AZ82oHbRYATPrqHbPfTNMQcEXWnNJJo,bitcoin
115Aa6HfeCXuZSz69HSxo2SreY3FCYWdMJ,bitcoin
115Ak1AmaRHBYSsvEgHGBwvVpLwCRtMEZT,bitcoin
115AmAnv4UGsX3yz4AfjthjXey2dyZL1d6,bitcoin
115An6dhJwYaqhQ1ZXiWftk86Meb8XF8J8,bitcoin
115AqqCQJY43Wvqbps8YByJp6ceYTgWbre,bitcoin
115ArRLTNZ45vM8P6y5dhYW5MoHkNDVP57,bitcoin
115BMnM5WtCqiLdJmHxpoLGBBoyTMQFdJZ,bitcoin
115BWRgmo7hKzoiDscR152jYzGStpngJ6t,bitcoin
115BfkTyZ33eAPCys6aKTh5zAd3qcnpE5o,bitcoin
115BokbXMAKTyJdcWJK8P1LMZd5LVm3qDd,bitcoin
115BpY7SoveELwQjW59uoEvZBrXbKqXpeR,bitcoin
115Bu8WiPstA6S86tjqMLumSeLYzMKWZxQ,bitcoin
115BxKiYwP9TNVwwTkjV1iSgGobNuadgGG,bitcoin
115C3r4VtEHHmpB8ybX2p8wXiFJdvErf74,bitcoin
115CFDwauqj6ywuJoFF4VYPQhd9cqQWFA2,bitcoin
115CNQbWf457Jw4juhQPaHoqXE7eZnuUVj,bitcoin
115CSEXdC1Z4Q2UfhG4bKv719jsrMtiYHT,bitcoin
115CTeVSKPSKLAxZ6iLeYZuykeRNF3BtiZ,bitcoin
115ChbYAFDS1bQCtpKtUeskbuRbqp5RYLs,bitcoin
115CweWDUf8aSMi96RLaNtJ5BJMFQRpFHB,bitcoin
115DBt4RbKY8uBrJwaHH7h48ubZ9z2Yncf,bitcoin
115DRTJeJ5KQZXtVGhMfVoK6sotqXranrj,bitcoin
115DXpQaGcbnAY7vW9m1uDaVyH1FJgsdXn,bitcoin
115DXz4aDVv1gSva2QNEv6uSuLfRZmCDkL,bitcoin
115E1i9uMepasTsCsDS2DZzrjmqeDNZsrH,bitcoin
115E3nnPH5XGZh5CbrFNJbprvy3FXETPYK,bitcoin
115E67qrMq9siKCeX39qWSrkrQTuaTbDTB,bitcoin
115EWyKcd4Mb9dvcdWerrcyisjNMbvoe58,bitcoin
115EX2iDc3UkuZ9SJ9zcWKZDStJxZ9BcjX,bitcoin
115EeEdp2yTPa7kh7NprZnk8iTXCHw7M9J,bitcoin
115EhXZiu9rAzQoJvTz47T4SzkN4dFqNKP,bitcoin
115EiBjEqvmXQ7G2eDwpqQLvfynJ2xU7ht,bitcoin
115Ej6dYZEEEHAFKwmy4wWmmY4cfqwKMR8,bitcoin
115F6nF4wQ8mn8rmAnDxiQd62qVhzpBktm,bitcoin
115F8zR85hdneGfJrSjWSPZMLxQH99hdYS,bitcoin
115FB77QWfgHQxGpcmdK4vBMi3RyEJ9Eqd,bitcoin
115FK8MhMD57z2ANmjiHfdKQpD58QwhTnh,bitcoin
115FdKij6uPxbcrnNJ2vw8dXuVJnDAdwPr,bitcoin
115Fm5TfcPbiAWqJ96MUJYhXafAc4jYpaK,bitcoin
115G7BuUWZrWwKqakng3Jr4GB6qSWzzfu9,bitcoin
115GDb5yiRekHvyzYMq3nKzm3WtbxHn5fx,bitcoin
115GEgjghDCBc6EY3itKC14UqwJXpyFn3x,bitcoin
115GKfRFMXdKVP8rxyYYZ5Qj71uJRew2PA,bitcoin
115GLEYzbSi7F2u8XSsn5GfPN9EFXQ1UK5,bitcoin
115GQHZFQ1bbuUjNTqeTa9NUdmjfYRoChe,bitcoin
115GfJWUKGLDKH928pZG7MhuvLWMha9ChX,bitcoin
115GfwYueJGfHmcT9J48AotaKjpJuCNe8b,bitcoin
115GgrhivHLNn9waEyYDJFaNGqQkwjsDMF,bitcoin
115Ghde6otkziVP5eYUnwV31fcRP7uXFk4,bitcoin
115GiUaqZnDtyxZBbeVkpLesZoaibApR8M,bitcoin
115GjNTmWxeMaKw4CXDWABgWAzJmv25gih,bitcoin
115GkTrgmEa2HKwRaJfAqTzjxX6mRcwS6H,bitcoin
115GkeEsyHTE7rSdaHNQpn9PqGUJnSczvj,bitcoin
115GnHBYSseTVLvXUt69TTYKgU8K36R2A6,bitcoin
115GnhKo29YUxt64EkzvREbjCUJVTvAjRm,bitcoin
115GthLmo7e87giiRfZxzJBE9tWdE6agYq,bitcoin
115Gv1t7t62wu77SvrQ37JbqEi2aLths1C,bitcoin
115GxaLcpH5VMCUB5YYqGDZoRcZUamhMTi,bitcoin
115H2CytwpAMYveK5pgaGJ6AiTz1ujcUNa,bitcoin
115H9yzErpYaLVsa8nrx49gLKWanEt7XXn,bitcoin
115HD2LeYXRbJbLUELNQUE8D5nvCWWAi2K,bitcoin
115HFKJ5SUxKKqTuQwajg2kPruAcdCeVyc,bitcoin
115HKA6GgQLeGAMNkAT5gerUJ1UXWfSo2m,bitcoin
115HWFx6YYyQtLyzkWRRb3T38qWs6UuBwV,bitcoin
115HdEu1SUB57U7MpnAvPrg6WoD9WvWSnL,bitcoin
115Hmw5SSH6hK96SDVbQLtYrgjHsPLuNN4,bitcoin
115HypKgT9b4jBkt8nKzqB81EC5rXSCgMx,bitcoin
115J6mSrJtVMYquS3dHpFByS6W5j8eeSTF,bitcoin
115J75aWyPZDpJJ1opRNA2uW55iSuFpDjj,bitcoin
115J7i39fPAbccUgTcqxvswZjGuC3LJ2NK,bitcoin
115JNTtWC11d7dPZyDq1URSa5zw5Sd2Nyj,bitcoin
115JQjqm58eePtriU2nL1jeecYFcCW14qG,bitcoin
115Jgoif1hZXF7FTnkge4DdXLotGEjhK3r,bitcoin
115KLtApi8duSxgZ4bxL2LwuysWGCZVUhD,bitcoin
115KU5zFdghC4GdoU4d7yknxTb71LW9Sd,bitcoin
115KXApdmQXtdAfgskmunWfKxCp3ykBRXs,bitcoin
115Kbctr2HmRXWQeS74UkJyH6cGHAa9Re9,bitcoin
115KdyusCyZWNGcHLickgzcNTAtNvP22uJ,bitcoin
115Kj75gWokBt4TboUFJJwnLdPYz8xfcTx,bitcoin
115KrQJbLWmB6JgEQqrTwXnbSvj1syZknr,bitcoin
115KrRwqFvjGwS3Pcem8MCKYDbTKA4f3DK,bitcoin
115KsRyE2qY76juGY1CeF4NkjnHHEh9xW9,bitcoin
115KtMB5dmB4QwGrK3azDoGGBMKizRhod,bitcoin
115Ktkd8cub3Jyncj6S6HxwEFH7XkxBxP9,bitcoin
115L2TD1UijyhFNkMJ7vrqfBw9pxyukeSg,bitcoin
115L7QbZgeLZrxHpNRZ5ecUDcKrNgGbMue,bitcoin
115LJGcccEvxnN6upeH7T1dLGqHSP6DqDU,bitcoin
115LLKZXBmM7XdQLMi2PBkMHricDkMQPJm,bitcoin
115LURNjNbP1ZSp2WbZBLWjdnSyHrtZj7X,bitcoin
115LVJYiVizuEwF9zL3pgXrsUFZwHbsNGg,bitcoin
115LXGqNabNeB6HWx9wf4eCPnGxsCbdqT1,bitcoin
115LXeRKUcP2Pwh22JYzfJE222MHwZ6n9h,bitcoin
115M4b4ndMVA9dZjRRHtvVkpQH1UGw1Uto,bitcoin
115M7KTMyHkLFS2rLWs2PP6T16weYfTE2u,bitcoin
115M8hMMDvJPdGsTidQosvpUgDzE564Q9A,bitcoin
115MHambukbfEZ2wU38TKkTzHeitjWwv7a,bitcoin
115MJQAQ4zT3LTw8sH7VbEh5dH7hqCRuvp,bitcoin
115MQNPpdFqQpyf7LpJY6M8CZDTcDcEhWq,bitcoin
115MbnWZSakPczenwCmCJvxS5xJ1vFeiaL,bitcoin
115Mr2jxciQoSKXGvvDG2p5SZzVoxgPAae,bitcoin
115MtPMzoqJ7NM6RhqjDzh7e9NphJFDGbD,bitcoin
115MxrqLXupVxSKALJXJV7bSjqRmQkUDPt,bitcoin
115N2mh7zwRRA4CbJNpvM1fA27TCrvWrw9,bitcoin
115N6hEZoHsYVf7SXw4nSRWx1ESUsTj1Hi,bitcoin
115N6mm2hAuRsKXTJTBNLSYHMQQ2vRgaz6,bitcoin
115NDyxgDBYXPJuk4gR5PnePSd1VmvU3uw,bitcoin
115NEKM2o4L8RZmdjMU5CrnTiRU1JSACfb,bitcoin
115NJeWUAzEVda51UDfk6WggdC5WVGE8Hg,bitcoin
115NLBRbgxovvumE2BKATESGJboDcRifbB,bitcoin
115NZxSaCukYd15ofTXnhYzvZmm392VZc5,bitcoin
115NtzGm1LTrwrnpumVdvMXeNe7L9w77av,bitcoin
115Nw4bgJiHn781H7NgKKWpEvq9SxzYA3K,bitcoin
115P9JiSwgj5uj9JubnxitgpxGYG3XMN6Y,bitcoin
115PBqqDqavR8SMiGyQ4QyyZb1CdY13iVZ,bitcoin
115PTEzeWgpxdWFt1iZBiYPaJvix1QCFEp,bitcoin
115PXcDFrYtsL11haTWL8RTYZPWcag6dcz,bitcoin
115PbiAhDmCaadWS5NzKdSov9QiMbJUyGc,bitcoin
115PkQDTKZDGP1YV1t6NYeAy7bgzoFZqPB,bitcoin
115PnPyhSkwq8WmdUwf4hY6A2E8zeMFx9e,bitcoin
115Q6BAVBhsNCWBhNUDhetQ5gzSTA6QNQn,bitcoin
115QGy4BrrzZmuujurNa8hpyMiJLmWBdGu,bitcoin
115QNi44Z9fLzXdxS8pWMrqdVB4doSbbkb,bitcoin
115Qnc1qpsh6cTvQVUn24x26kAfZGcAzjs,bitcoin
115QorCFfSEgRjhmJVRKm4ANdtiz9xsheN,bitcoin
115RBoD1yLaVJuJeBwexWeJvsGMAHEfUgQ,bitcoin
115REgjZRfoL7cyA1cn1w2Zi7hYRZjjbun,bitcoin
115RKZB5Cfn87MCH4Ef4TLUhQUx3xq4oqN,bitcoin
115RQxtbnETdoSWm2StiP18SeJjfeLGZ2a,bitcoin
115Rc6nJoEbahnYH24cRcEPSqsYDGvXCM4,bitcoin
115Re16NdiFpDM8oxnozqY22FENVUDMCmE,bitcoin
115Rv6u5QBRgnRgjJqXMC7t4MvGLEhh2L2,bitcoin
115RyP1cx6z5BRvqrb44245CGnbU1QzrK,bitcoin
115S2KAhw5acuUsX3rGkQ46iuW754CrCou,bitcoin
115S9WiG6crmscGdFb7zoPU8mKt2sRP4pn,bitcoin
115SSRHevCTL7SAWBPqjKn8puRcqXu2PjN,bitcoin
115SWhTDAABVqHmkGZTMwzvDS9Sja2sPfx,bitcoin
115SenaGVL47sMqchTXdmHXVcYcuidWXzC,bitcoin
115SmXp4DzXY2iT9QCgULyAVwC1Rw6oHAQ,bitcoin
115Sn6nMpRDD2K82C35YJij7xC4hDCzRmp,bitcoin
115SnDt6VgVcXbGf6sywhZwbVLC7M47Q9P,bitcoin
115Sw8CkmYnrxaiu6fEgkLFYxoUwYoS1nf,bitcoin
115T93CcuzCBza68UAKv47x9QcFW6tBfAG,bitcoin
115TEUdQh1L1vepqG8sCGod9ccEB7Ln4SE,bitcoin
115TMt9ibssBSndePfjndKpeJY1p34fey,bitcoin
115TTtjov9ovCuACUqZHQmQW4ve6jYW7BX,bitcoin
115Tc9Le8he5saQWga9XmE4w5gpQTzzmg2,bitcoin
115TcLEsThcDxLL4xWCv3jmu7DmKwikUfg,bitcoin
115TgSAX9bnN1iSSh59db9nXVDWgsf71dd,bitcoin
115TgYiC1ccBaZSF77si8jsL5dtwEwjH4L,bitcoin
115TiCZ2q6sQ7WDJzunJayXRxCEpcrpnod,bitcoin
115Tje5TMojwUPR6zkE5cZTUPmFLWFRNXm,bitcoin
115U2LpYAyACKWhSvVwC1FXf36xR7gd9ZB,bitcoin
115U35URX5qx86mKzdEyg4peUSN5MjD6gw,bitcoin
115U5ZkjQPFktSFFD31hzz3NKQcfwQVHhg,bitcoin
115UFaQvBWXEj3VGfumfsUmYx9qK5hAhdW,bitcoin
115UHT4ZQcSZofLRtDn94C983hQyncvG2q,bitcoin
115UUJyHkepRzoskJ4MPunyxfK1gxEz9qQ,bitcoin
115UwFD8VzuKKgwDhjBq8qMcrJkk31tzTt,bitcoin
115V2m5JiVce1CXBaEnbz8TfheV2XGPZHb,bitcoin
115V8rLwoWmWSTaWmbPwpsVTGh1d6WZkM3,bitcoin
115VHyDDoge5o79CJZuDJDm5BFxJN6Khqd,bitcoin
115VPZRuAzGz3EuzZ7tj1FCSWeh7jojYWL,bitcoin
115VRJbDsAp5qFPspZnQLo4mwSPgFLUsF3,bitcoin
115VSrw3S8wLHUjvrZt3uHt55uSBTxvk6u,bitcoin
115VYV9v21ba2hWpy2K8gxAZ291bxZvJQr,bitcoin
115VdHdTEFTNhHvCsq96775CtjfhQtTzLa,bitcoin
115Vm6cT8CumCfQbaZsjFa5veKfWkRuP5L,bitcoin
115VsUqQVFwkgUtDToM8fx8nurXb3XJ1Cg,bitcoin
115VyHHHcm6vA8yC4inL6XHhor9PKJ6qHR,bitcoin
115W1eckbyj5XCvGUfZeXEaxmzAFkuMKMA,bitcoin
115W41XUc52P4fjFWQ2VTsfxCAWBGdLNm2,bitcoin
115W9U3USf7vso4kR4oDZ6nBKfELSACnDb,bitcoin
115WDc6sf1qnH8ibVgczRGKzExfbo9f1eJ,bitcoin
115WGyEtXBjJFK6MQ6vNqYePsWaVRndToJ,bitcoin
115WRXNxNRbuLc4PE2dZrDZgUq9k9NcCJP,bitcoin
115WSTA9ZDFG1hzFTPsZkydKUGrWT5JVvc,bitcoin
115WT8PEBBL8jddgZ4KADZ2R1z6xAdtBZK,bitcoin
115WUYhWxmm7AwPPMcHpVTxyJvGWuHUxzJ,bitcoin
115WWjXagJAzqPP28eBtUd41rN8u339LU9,bitcoin
115Wd7QPgqA9cjTn3MreSz9DkQ7ZVZ3FML,bitcoin
115WgFNimacUNdYN3g9abo891vYoTG9x6W,bitcoin
115Wiodj8eZtBfxuvGQGtvBHc4qhRE7Xuv,bitcoin
115WvCq76rfnWpS7oj5ckx26kt6LRcUxKs,bitcoin
115X8xha9dzgixHCZ1Lc65UbemfBgYsxFo,bitcoin
115XKg9AWHUThuf1j1pNfb7qeWFGs95oJh,bitcoin
115XMZWDh5MwvJKj245NFtPJRr9bYYCW7Y,bitcoin
115XSj6VqAyDaUaeqH5j3S9STqY5q6Qwa7,bitcoin
115XZ2p1CWPbqmF4tB98WBuLn7g2JnvfDk,bitcoin
115XcHF9iqMvnuT6u4LGcd1eJteRw9Jhje,bitcoin
115XdGFVjeLkacY4GfVAk8yy6XAwjGR9mz,bitcoin
115Xhu65c3MdBbdTY6XnCctRbh4D6YEsRD,bitcoin
115XkGLEtVHKXBcvEfVFDZ9abRnmvNyGUX,bitcoin
115Xp3wdZ1sQEZEAn2apNW3Q1GxwNEW95a,bitcoin
115XqyTyF6aWtDmL4PAqpagbHPZ1bjA1kb,bitcoin
115YcWq8SxQiUnPygg7MMoHU7i2JLJV5Bc,bitcoin
115Yi54S44xhpZbf8gS4MtJLY8RXcAF3Fs,bitcoin
115YkNSPHPzFBzvYpaWeJ8NMJkfsEUSBNo,bitcoin
115YmkgUE7SnbqFNwfTzUq2hp8wSg3ZQCp,bitcoin
115YunGkhiuPxJZi8svLSMfffoXWCMLxYU,bitcoin
115Z35C4vRpsVbugmzSK3rrFmKfsW9Jiqz,bitcoin
115Z4Rh6hKLc2JAdnjnyMVX3wpHtyENEPw,bitcoin
115ZCC2RAkdFsPdkzYZhDmM1mWS7mHuV8V,bitcoin
115ZKXddKAYWSBZsC7PDPUkvSBKXHNXBWv,bitcoin
115ZMPsXczdCySi78hoWurmjkXDtaQSKgc,bitcoin
115ZMcN3r7QRvsvzUfv4Ss5kCXEi5HJD43,bitcoin
115ZMjPps4zA4QqUWHa6gXd5vWQrRnnfwg,bitcoin
115ZT14XtUwthAQsTqw7E7DuT8oMjPxetr,bitcoin
115ZTdBd17DEvHjKu9mCtg4uMNaATnPb1P,bitcoin
115ZXHZT9PsWFAppi8QAfwsVAQMFP3cNKJ,bitcoin
115ZY4CJBFfH95gXCJvES3bURwYEx5yiy1,bitcoin
115ZcNYSrSYtCBehWM4t174vmhfGH7MMwQ,bitcoin
115Zkr1WmRWTqUoMvvMnyFVmiBcuo7b9QD,bitcoin
115ZsBKmXkegxAmA3RRLXiz1fQ64fX7DnP,bitcoin
115a3BiRroNuTG7Np11c85Wtfhi6JAQsm6,bitcoin
115a7HbXQDUxWijQCyjBhZ2DJHQhk5ReXq,bitcoin
115aA5SY9bV8LhM8CnVJTWqZAzQ6LcBmqG,bitcoin
115aGaqb4phTTQ8VNKsinp6gUhRhr5S6EB,bitcoin
115aZN7euHxJWD8HnCddRx9CSjffLsGnPX,bitcoin
115abnWT4Pvm7zwogs8CjuPEQn5JVKePK8,bitcoin
115aeMFB6C37xwL9dJpooYEkGY4ojsd2Gk,bitcoin
115af62HEpxiZhnpAyUFMrDNtTPqMQtP7Q,bitcoin
115aocNHCnEJ7uB7cHmhC2aHibfhJfZMhy,bitcoin
115aysNGQ9J7VAHJaSnJ1qjoRuWQGxyexC,bitcoin
115bMhNGL9TAXqVuLNCVGDVQzXYUf7wxz7,bitcoin
115bYyHe6sGMcg99sKfUTV27LdNKm52bfw,bitcoin
115bZfDoepCTN1kos5j525apnE4VYefsEQ,bitcoin
115bgZYPxhuGczd53YmHg74Kdhzc7mPuSE,bitcoin
115bvomqra4pZnkGKx4yCNvMUPXMAu4oYd,bitcoin
115c5QH995KcWM4PoLEKuMDmg8bgBmnUrW,bitcoin
115c8CfDoYM7hWoACoURLWMFbtGax5uBZw,bitcoin
115c96NaBJ1PiUZVFhCm19Ny7Nkkq3Ah5D,bitcoin
115cFLy4Jh6X85zZB1NU3L4sW1xNfi5jHU,bitcoin
115cpuFcW9S7FXc2GswXN3F9YXAXJyJsd8,bitcoin
115cvKdxneaJbjCnxT2H96KjHzPnSAgP7L,bitcoin
115cvTaD5kj1GDnDQJJbTtPQk3JqhiBuUe,bitcoin
115cxDHJzcDXv4Bpf5oJ4nFtTs2zZGUap8,bitcoin
115d1y2U7wNXY897KDatK34N57RCrqf85u,bitcoin
115dEjrwcyYpenF66ZetD6mfrir3D94gDX,bitcoin
115dZ3dtffuSnDUtVHaCXWKRf533egTmV3,bitcoin
115drf661e3dCbJgwgGHW6sc6yN5hwz4vd,bitcoin
115dsypkvcwyoS2naaFsvVczUxzScr2nPC,bitcoin
115e7z1DSHK4QM7EoMk2RZhsx1FWf5ai74,bitcoin
115eGr46w9TdAs8Z6eP5DaXwp1ALyJE6DL,bitcoin
115eHy7Na8ZNNeQniPtgoHbhFMdJT3YFZX,bitcoin
115ecWxxf591goKJZTZK9VavsYK1sdjgo2,bitcoin
115egdwCqL3CAVmmyJnyDnhSsFqLxhog4k,bitcoin
115eosnkESxmW2ePP6zaLRgiUVDumT5Pi5,bitcoin
115eq9hTfzwq8Y8jLvfdy2FxKAajmgeSKe,bitcoin
115erL2BYDeyS5p9fVdUJUYu7BvNJSH3tP,bitcoin
115eynDt4yf9dYWqpCBn8sin662RbtDXuX,bitcoin
115fCTxbT4firmdE3B3VhfYhBVNX1QdMqW,bitcoin
115fFHaDA3nmWZ7tytgiquQKqEfFxWhGSu,bitcoin
115fGSM2YD14zZ3YpzbKVndJ6TFx8PZ372,bitcoin
115fHMBA5v3nUYEW3hgSkAaejG16EkZRJU,bitcoin
115fJLc1k4JFgcVYGNgJwgLYpPH8Mt1u7t,bitcoin
115fNbN7VVMmViAXL9NnsYk9hE3cx6pRz8,bitcoin
115fRbYv6TAi3WxHidWXyCuwYs5NMvy4bK,bitcoin
115fXAJeFJrFK6m9JjC9P53SwrhRuAkvPQ,bitcoin
115fZcxB7wv9iho1kBFBtzUzNKGHKv5RVc,bitcoin
115fc5qKexZ9Y5UUa8eRKioLqTQmWBGBZV,bitcoin
115fgWnmxzBV7GfDPtqpGGowB72wBStoEx,bitcoin
115fmsTg7JNzcF1Y18PCxb6wRwSyFrAc9t,bitcoin
115fnECEJ5Xb24cNSZfNJPBSHFWzkB99c3,bitcoin
115fsccKPjyANMoQVRg6Hj5W2cNE7ZfwRV,bitcoin
115fxfbxr1Zt8Zirfc4vs9voFEwwPAj4w5,bitcoin
115fzkQpAYPEi2hgXMyYwwG8STcc5qDxY2,bitcoin
115g3eoxxAnq4zREtTBY7dN7jbjX94GSYZ,bitcoin
115g3wrkN6EXkAtxfqkNx9GWSZHMhFkeRH,bitcoin
115gEuDmdZHb5ahC1C7njRWPaK4hZdREhH,bitcoin
115gcnaEohWBzseU2vjojmY3Ad4Acp7Mj1,bitcoin
115gdvsYreTdSW1WSjuWb1mqWDn1qYGqzP,bitcoin
115ghZwj6XgEBH7M8jjTaQ96cZZLwwnN7J,bitcoin
115h4UVN6fEyPZvBSpQtnFsDAwxUbfmxHr,bitcoin
115h76fKS4AAP7jzjxG6Qk3y8k5pdMkvkG,bitcoin
115hGLkJjBPWbHVCiju8geaP7tWfPzkpvt,bitcoin
115hRnzj6mzKY8sFuFNqDvQVYGVTEZgjHT,bitcoin
115hT5UQyX3xYTkVJKUQhiLRNxp8rnzz9q,bitcoin
115hVUF5z8vd37Qu4fy9Mb9GEh9Fi3jZFR,bitcoin
115hWZqidU3wqeyBJK8WJnLhm4ezFhEKmd,bitcoin
115hcGDYGbbUjaB3Akb99yH2dXirkj3AHb,bitcoin
115hkS78fXiScYzvorKZTPGk3sqkUBQNqF,bitcoin
115hoGovXo1D1qE3ReskEFVJyRDFHRMNM5,bitcoin
115hq321GAcKwE4EjLY5oyvZqm89w67CEy,bitcoin
115hqzwYdz2jrJnPTzV8z1DzAEEx7ywim1,bitcoin
115i8GLtXcm4WyKFwPswHRVv3EyQPCo5zi,bitcoin
115iB4mas3WdmBkfxq9jwEM2EPvsLuYpiL,bitcoin
115iJwuy6eub5Qk5H3cCFLHGe6wuANpJKT,bitcoin
115iR6zfg1X42F6mrzK7rYHZ9J7auussNk,bitcoin
115iSmLbKbv3rBpU3inhhpKj6fKxsiNQw1,bitcoin
115iad676RDNs23HpQLGbtyiWNBkEKGgxU,bitcoin
115iiZQ2CJ5ieYCfd3Nq4ypt5CNqMKpAPH,bitcoin
115ikZJGMhFyy7WTzvTbMhfdyrfQNwbRJE,bitcoin
115inbKUBwqhiskW5cz1zdFak7o56PM9QW,bitcoin
115irq6dUumzxEBuCozZDywMG2fPfiX9oW,bitcoin
115j26buZEjSUZoieBV8mkqY6EuXqVSZsE,bitcoin
115jByGXoFr7hsF1tjvKyiiCHFL9tDPPdY,bitcoin
115jYfw2hBhepYcK3wPNxmYA1iUTQKpx76,bitcoin
115jfV69Mvr832Tr3HXmVP2euyTHz6p9MY,bitcoin
115jxGj6CTCdNrpvcP1oziocRwELBvxLbU,bitcoin
115k5rUF99rtRErbEt7zpKESPKyfnhvVbK,bitcoin
115kFUFoXc3R5xjn18Ho6Xbcws5DTidS8S,bitcoin
115kLCetvk9FhRbmjofq8gyS1k8pMfTnzG,bitcoin
115kPiuLxDTCTpT2zuHoBRY4bVJrWYEpGH,bitcoin
115kgLw9uMJvGXWWWGmNkz5e1r9b89tJz7,bitcoin
115kk4Jowq5fm1SrgL65tn3qeRFJ2DsS8q,bitcoin
115knsjxK5onmTcKwSkwfQ1y6ZmTYCgLto,bitcoin
115ksDNqGEvBk7zB8GKmJJUbrkjjfvYC79,bitcoin
115mAHuMfYXuLn2QfptS54HbcpbSHCf9N4,bitcoin
115mGR4P1tbVsyjUKxn2PbMJTTKZnzZujt,bitcoin
115mKtFiALKDoTb3rueGL5YSxUCHoEJMHd,bitcoin
115mPFqdFVZppBKD3q7jzSMivCQxjuM4Mi,bitcoin
115mRRZasn8hjxZ49cpmH2PTmf2HTPFiwz,bitcoin
115mVCU5189EjUJdogxp7nzxGrWS5qhdbt,bitcoin
115mVNJQEKJkoqJaM8YXD6yDkrVeAqHGHw,bitcoin
115mW3zN3CbRwzA3RhmF6q87kgcLBK5Hww,bitcoin
115mgRxjdmCmDcxuk1bNb9bEoooiYbD72i,bitcoin
115mmiShoRpNdwkCJWCq5RY2yDDpVFnsHD,bitcoin
115mo58Fy5UJiHHKaJMpxaJg76XjWF7D5V,bitcoin
115mx46CDpeZ1Zh8vXngzpz7pxgmaNJ3G9,bitcoin
115mzEf36etnVzx6q9USpE4JhfE7fytziZ,bitcoin
115n4VsT5XaRswmLR98nLoajB59KS6q8iR,bitcoin
115n7AHnAZNUXQytGJ6c4Mv8AtzpZFw6P8,bitcoin
115nBDE6ntwpwnzbw59SCKCmKvz5bfoEA,bitcoin
115nDRFC6upkkiEeERtVhEmYdY4Lei7qsb,bitcoin
115nJ4rGG4Wixh749nZ8qX84miMykLULNF,bitcoin
115nMkndafVSMoSU9vwsxJpCYAWnPLDvUr,bitcoin
115nPPWk2m4CVUqgkB9UcgTD4KGyDzEV6p,bitcoin
115nSujWvmXiizM5FbaD7qNpqGqjf1EtBd,bitcoin
115neaNUSYxm1CitDwWXNff9uD6Xk4e2Bb,bitcoin
115niryegCN7qAUc7aMQcQuAMarXPrsWu2,bitcoin
115nqd2ap3efBb2wkGEJ3yLBnxVGgwmmSS,bitcoin
115nwG1pdyHViDukr9ips7ehoorcDHyZKQ,bitcoin
115nzydEd7EgBuk3rNR4LBLVSAjawLnn2F,bitcoin
115o2LnD9jYDmip3BG7KfkxZFccm3JiPsL,bitcoin
115o9QssAZBUBe1QzGsz78BUymo4PxwDer,bitcoin
115oHn2yiCtmiqBWXYhrnztW2F4qso7Chw,bitcoin
115okZuXoquZpCabS1xzAemY7FMcDTqkDV,bitcoin
115ondvgEgVemKtu13Dq8NdHdqhFuVbkSN,bitcoin
115ouhsHSMypRL3zu5PzaBTfLB6u4EuMtq,bitcoin
115p4mKoteRUqihjCYUHF8uMY1Ay6fqKvP,bitcoin
115p6eRa1aq9q8qGjXnW2AgdsnBZbVLW9F,bitcoin
115p9tGACjy6aGzimTfpnWjFwkzxgPiMpE,bitcoin
115pCymtpybdYiXX62aMoSRNMEP1fL3Ksw,bitcoin
115pfVWTCqVn1TzzJ4vjQJAZkmR9v9EXKd,bitcoin
115pofiyMVsMwLv383gNNupHgBv4asuSpD,bitcoin
115pqJEhABWu8ixzEFuAEUwZHF21x1eUtd,bitcoin
115pzyHqXfQ3qrFJqMJrBnNfuFVfkVXVFx,bitcoin
115qF8k24xTkF4XivYAjYWKzCoJsCESWTp,bitcoin
115qH6o69Q6ZHxkeKwCduGmsTGCFv8Vppk,bitcoin
115qJN6z7Ps6rVy9G4T8ZY3YC7xyxB7558,bitcoin
115qMii9pTzAzXr7TxXjTGZmQWFFrtN2ic,bitcoin
115qPjsHYP5x5Hmwu8StMCVAHeoWfe5PL4,bitcoin
115qUjirGmDnFq6UivTJLzsHZqoG1sTCaH,bitcoin
115qX2RaY4KYf8Rs1d9bxPci6P7yy4b993,bitcoin
115qZHPWDsqYHaKs5DuuTM7CruHeR9ti3L,bitcoin
115qf9eY4hxWBi6pNhPCZhUM4GRnJTipUh,bitcoin
115qiA2fmwmUfpzHvbkDCouF3b96YkEmVF,bitcoin
115qtYgy1kq5PGiWFKqYwvVNpDXFM9yF46,bitcoin
115qxaqpAmqN8KcdsLTGUWoQtodNYK7LFa,bitcoin
115qxxjdfYkFtXEhYqsv59hrVKJ2br579D,bitcoin
115r5awaKFkFwjdPKVwsLTsbU9g6LbCNqo,bitcoin
115r5rXbTD9Hjrcy2TUZfjZ6QLYfgz8Rma,bitcoin
115rLwk82FXK6ymPifNy1ieoEAmHAuS8tk,bitcoin
115rN6JHpEb4YD41H6WDYTLxcDcWpEk15z,bitcoin
115rYmRkjhMwcWkfQ5YHYbAXRgBjiu2Xbg,bitcoin
115rZGxyMnFEo8vKDEi4qCegRhnvgbu6s4,bitcoin
115rbd3XQXgSSsjZjCPTL8wjvStBytrV6m,bitcoin
115rcvNQUXxCCEw1Sn25ZjvFLYb7jM2gbM,bitcoin
115rg2J7hgWC1T7zwRUTc1BgetXnfGk2Bh,bitcoin
115riiGRUmdereC5qrt6u6HF11rKoNXB9s,bitcoin
115ryyuxtciVHA4z4UJqZx8Sm7vAydTAHy,bitcoin
115sFKgahwzXJC8daZy6srx2X8RxHXtgHf,bitcoin
115sN8ZDwVCb7MU6wzWZhhaTzq8gDYaccT,bitcoin
115sNWMqQpsRnp6Acnde427Q2P1oUWLteb,bitcoin
115sWdxNjuDHtRMvGQLptczcR9GNkwjryp,bitcoin
115smKenvjKjDWWNaSQqN4rGFJtSqb31QN,bitcoin
115sty2gBypfWEgcE3Mfb9uP4T8xmKqtHs,bitcoin
115tVAGUqHDAUUKcfKSsY9dXLDbC1Y1xm5,bitcoin
115tmfpCL4zDAS99CZ454uwF3DRyQyLY8f,bitcoin
115tmwHnfx7DyxfgCRnumNcbPNv518C8eb,bitcoin
115tpx2UzNTVRnB689L4ttviCMLmRjro5i,bitcoin
115tvTfU39K5MA369Myfn3seMSmZArBpx8,bitcoin
115u3WzyMaASx47corvmVfiWsiKRy8diBA,bitcoin
115u4QGzEpDYPUmsvLgc7BGnBPNaQhMvbg,bitcoin
115u6GunWXWHbXzPyg9DkhkXKUZhPbn7Y3,bitcoin
115u8NsLcERPqzxr8xtRNt48eWVinuGtoT,bitcoin
115u8uEP1j1x8Q6rpU9RtrJuDBa5EB4RHz,bitcoin
115u9cHzHLt425NJ9DXPdryGC5xoJpw1J6,bitcoin
115uKU3xKPtdAkHhx4tjtGcuYwDzCURKyC,bitcoin
115uNRJEtF9DCcdCttfS39e6ELS2gvg9Ve,bitcoin
115uS67erNkYgfiUqEiP5qjEPrtkEqyWNK,bitcoin
115ueVPMMpNZKZux3tZqk3PgTskrgZQTeq,bitcoin
115umS4y1wNgg9YTX7MSqJa6PSFhHk6CfR,bitcoin
115uuDb2YhJ6grajsqVKMPZQuoGDxjaH9G,bitcoin
115v1yZFLgMkkAcAvnNMB8HoKZ3vxcacgL,bitcoin
115v92zvztDnqiTRvJvQaB9FA4PbteHC6i,bitcoin
115vMD5sZGLmUCqFCyAzb5aW3N8RbDeTZR,bitcoin
115vMp8r9ffSch8ehrYuzuFT9cEErewYzR,bitcoin
115vQnEYuyYQYKjK3NWPhHiN7HSZuVP4cF,bitcoin
115vUVM8CtquULJuJmwVYo4Yh7cpRvhRRw,bitcoin
115vY6WuejdHnACT9SWp1b3Gz1TJoxQuaZ,bitcoin
115vbeoLhLWXuPmMJ6xQUeKDjGR78EYQtA,bitcoin
115vcnwsuHQzm1ksW5Lc1C9YRHBf2f8W7t,bitcoin
115vk7MaGQhoTHJi22yCiS7gsZWeCxppca,bitcoin
115vm2rRCZ9V5Jw6SGHe534xLJ4eFDrNVj,bitcoin
115vpS68CEvBp7Kk8k9bwT1uEZHZkd45gw,bitcoin
115vq59qxcXunHmx9R6GFA28d3VpUHJHim,bitcoin
115vyoiuHmRSemc2wULWqK2emq6rbdy8qc,bitcoin
115wEGacGYEpPVC7cqwS3PB62oXrtt2aj9,bitcoin
115wXPyje9ktZzdgAtcQjB5yrjzUYVBLmZ,bitcoin
115waVSaixXPK82qY7XgudSEZ2D8Bhquw7,bitcoin
115wfjokyVjMdzynjSrCPxst5LKdwc5iyC,bitcoin
115xC77Sg2VjDmNQppAoCNMgAH4UiY5dwX,bitcoin
115xECVuXt4yhaYbKjXoND3gWyEtLeFr9k,bitcoin
115xYPB82PfFpnZiNBuRgxXugq59beTxpr,bitcoin
115xYcitdkW9mB5khGUAE8A4jpZpj9uPJZ,bitcoin
115xbYjsP5FMMZvrgMPUnChuLxj4sgQJqQ,bitcoin
115xeWnRBEQY9u3JhDyu1HBGiJvbSPvN7t,bitcoin
115xiKgRKogXmgWSmAkrP2LPRFtv58ppZt,bitcoin
115xkYnnwXc1RL6y6yoFwhUesLF6aVKdBs,bitcoin
115xmCCKjE52scYuThST99xMzaTWNyXW7X,bitcoin
115xw3S3FVqgXcaDrs3C73vza4ShzNWHpW,bitcoin
115xzyvmmnt3mMvqQEtmRA8VrT1LcLSRFR,bitcoin
115y4xUw1cRng1y6AC9i4VrjV3DHc61YdF,bitcoin
115yCzPHm7UiyiaV6PFbZfCSBSt65N2Ybe,bitcoin
115yNafbJcsGwsYxfL5taP8FnbBFSRCWLP,bitcoin
115yQeDfHYXbWkY6itrWph2f5Hv2gsNwMP,bitcoin
115yfe1kpMizD93sf681DdfmwDpL7FXhs2,bitcoin
115ynP1TU3mRvpptqrgTojDMekBXohmaEz,bitcoin
115ys3RFjDSYHEEMqGt5BvBJWPphUKjGBL,bitcoin
115yygn4mo9b4SmCdejHc4KhBrqMxZgxpU,bitcoin
115zCYqWFZ89K2yzECaQQTbvbrRJaxSDqr,bitcoin
115zPF8htA5fAwXKrLADcn4qgrEhrYnx8,bitcoin
115zUog3WyMk2pETUxNCn4JNq1JyVbVTrw,bitcoin
115zWqFDiURxgNjvbkx838FGewWYC1ycMH,bitcoin
115zjMTXVTtXz7uq6SRffQ5kdHNsXpe63H,bitcoin
115zrRFRwqaSAnCPPNTGWgKK2EG8Vg56Sz,bitcoin
11614y7VtRP78R4d8ArttSSkiW1KxzdiQs,bitcoin
11616k4Kfw6orRS5E4fXLXUBkKnNQ2xy3B,bitcoin
1161TuDqviKhiU8D8CSKGyKGG7rxzv4fQP,bitcoin
1161VJmz3sUJ656oBGYhYE7cGkKu9tPx3V,bitcoin
1161mMLrPFRVuzT1Nv8ZkpkWnY18PY86NU,bitcoin
116214curhVFQ6xRF1vA6ztfUdQQhX2Nnb,bitcoin
1162BKW4RMLNKeC3wF6p9yknfk5jC35ewq,bitcoin
1162G9zVStVRMF46M3atXvWw7DZLvLmvwC,bitcoin
1162Gb3DX6zKbe4seLf7wu8SbisbcTtZKi,bitcoin
1162LdRWyBjZdbH2E42Avf9BBgRDmAJH8U,bitcoin
1162ZReEayqTZjGLyCuT7myJ1aX8oE7C2g,bitcoin
1162gbJyeREwwnJ7eVLStPuiSPccGbE5pb,bitcoin
1162ivKoynMPK33q1VtMpw5Qo56EFWPcBi,bitcoin
1162opPyE6mVoKYidNVAFmcb4JmHb9oJaA,bitcoin
1162p5uet6ZKF2E3pm8VLSZKpFBaaM5y9e,bitcoin
1162stY1vMEbvg1timACBWuHjjJqBhzLUj,bitcoin
1162wckeVAkbXU7psn6UJnGhDvcbtedAsa,bitcoin
1163AvgtAJvYa3SxyRWdEBjUqtiHivvGVV,bitcoin
1163Cw7ZBfBJa7MRgFGHfTt8hjzV211oqh,bitcoin
1163bbkA7HAjds38krp6yB3etXuQRUcrij,bitcoin
1163j1o2SUfoMyh8PwSiMLWNA7VGbuqoG2,bitcoin
1163r6QYyx8johmBTseH5VFGDogD5cGHza,bitcoin
1163urYwrWD6QgCwgzv4XBRsj3dexUiNTP,bitcoin
1163z6CTbdbSdvfzujQDUkxB52j993AsfF,bitcoin
1164BELvGLhLCfGB1CKEi3xN7A2ssThdnL,bitcoin
1164Gap9UHdsFXGDnm6n75mHpAkkWVv6pb,bitcoin
1164WLwgSZBy8kPJSsqsYeiVmkP3ku47co,bitcoin
1164nHHiwMvTErMmsWeEpyDPGLxYBuk4rE,bitcoin
1164nuug8z8uKX31QoMwNTbenFzee9YjLc,bitcoin
1164viqBxCewNrA8frmCRnC9WdKm9bGgPq,bitcoin
1164vpz2KERgzBqzL2vMhncAav3dWLkP9J,bitcoin
1164yf2ZhEmwagSdE6YadM992pX8VrgHTY,bitcoin
1165TZa5myB8HUdQzVj914AfZMhRsY3pD4,bitcoin
1165a1bhZPhMvK9m3mbVzYwyeeSCER4v3H,bitcoin
1165fg5PFGQpVqkQNmigkAQ9dn7AUu6ULQ,bitcoin
1165rah3mCzDbsibidB9DyvEo8Mj2y2eQh,bitcoin
1165uwr5ReAHxPwCrkGXebvNGjD7cVnbyH,bitcoin
1165wHjwgHfdBJnoHNbRkzpWABTFbaXcxY,bitcoin
1165wnPQv36n3AMmqZxNd6q3S9NfPt8RyS,bitcoin
1166L8eMynAedK7w1kHBVKJvQxjvHtK785,bitcoin
1166LNCymFWUS1aaFdmubWyWCdT6bdQvtg,bitcoin
1166Y8z3WuEc18efEvBLLuqgfVdmoaCqpG,bitcoin
11673e8v8294VFvMJcmwbHqkek6VdrTGZm,bitcoin
11678WgsmTugAVV6BWSTuodCSJHTYCMRfe,bitcoin
11679aPozUMLQFMDX9KdatH6KLs5KFMgy,bitcoin
1167BrHYHMipCQChirxBwZ2ynCmzuvhFpc,bitcoin
1167Dgjs68QLMM39o3oTLewnzkJK9yAkvy,bitcoin
1167Fa8WeTwgaVY5W2wALzKjKPK7uk6oFY,bitcoin
1167LmNjRVUcVKuHEASwwUKPUzZ3unwB84,bitcoin
1167Po9FcpSVSBuZu7VZG8j4NLHR9KYVKn,bitcoin
1167WoVr5LEDSZ9L977fY3GM1SqcFwgbcn,bitcoin
1167a9bS1PNhh9thG7kgphpG7RJMzgvQPU,bitcoin
11683c5iT7SL3bRribgMU7r5RTYqDLLSB5,bitcoin
11687toXjzfM29sNUqhLMmS62JVUuo9ft9,bitcoin
1168FTLHGBgaXiZjvUEWYiiYPewdWSzqBQ,bitcoin
1168PP2aKhpwF3PigPjHRUEXbZBE22KZfQ,bitcoin
1168RG7zJqwugaS2UWP8QS14iQMFLxUcye,bitcoin
1168euKJ3hT2WbUhySfZ4g6XVUYKMPVnCi,bitcoin
1168g1BFHNa8W9frvXrzpKVhPWXezoQxnm,bitcoin
1168jtTh3ASjTpveQG3QzFWnu9uuwPkmzv,bitcoin
1168nWUcP3nydg1UWWNJJuud7rpagZgTLg,bitcoin
1168pgyPwdpaESYgC2jXGA6maHjx2TJz1b,bitcoin
1168w5aaVJugxfoHGMeDc5xsA6cxcLe5Fp,bitcoin
11698MgAGKXjBtFsGuLToD7eR3fxTdP6sE,bitcoin
1169AXS2QXKCML2uSQwRP5YpnRt5bVWn5i,bitcoin
1169GNEVPjov1ZvNMKTcVAYZY5QxYh4CMR,bitcoin
1169XEjQBkSKwv4hab2e24c5m1Q58bHcCK,bitcoin
1169cqdzpCPmgVxeKH6NjJk1kGgpVZAQ7f,bitcoin
1169ghcwAtqrdp8ryg9MSQroVnv1nfZwKQ,bitcoin
1169sp1k7gLAVDNbThi7oAZ18wGkJX33DC,bitcoin
1169te8NNtKUpbYMpGP4gHmdknfTbaekxX,bitcoin
1169wP1jnADVQVBV9FrsyRJT2qtMNYWF8g,bitcoin
1169y8NLobqXvnHVM2bL2Ucsb4c5ycZTop,bitcoin
116A37ZkL9Jax5bfKBZjT9K1VwvgVaMrMd,bitcoin
116AA6ZkEXeRpzyehhgwBVmJ9WeakgBTVC,bitcoin
116AJQGmwRPLnt8kCmkCjMMJpubvb4JKGq,bitcoin
116ANE1c9oyE75iSWqent5M1arhMiDWjC4,bitcoin
116ARjHa9o73J8Tfzk67ewAnDjcqqTYvAh,bitcoin
116AZxzfKLJJF73eWdfVJ9iA7A1F8HDhDn,bitcoin
116Akz6dDXQezCA6MeTnEjRe6hMaVKxzUZ,bitcoin
116Ave9VKYLebEU7rZyJMPkFCEsVL6oGmV,bitcoin
116AwKnFhjZ45hpnhR9faoXeSh5MFf6Guw,bitcoin
116Ay5Wu397cHA5mqV7kps19zx4LTKRYpU,bitcoin
116AzWqn3cGNwAt4ET5gF2Nai5LmmKe8Zd,bitcoin
116BCgW9wR2T43Tk4JYSDHLNGmbkUaVJtM,bitcoin
116BR8HhLgsAizjqCEmtzxxBRNxoPXC89e,bitcoin
116BaXQcqhHCjTKsXVQmquwC8SZxXzaniZ,bitcoin
116Be3QUMXPomFvKvsZ8jWZRVdjALWdqK1,bitcoin
116Bh1cwJU98hoGAfFN5UnxdFSFtxTzj7D,bitcoin
116BumeY1ad7xTWgDCeRZGyEfkpFtdJ6J,bitcoin
116Bxo7QL3Ec3XRdp15dYHh8jqRAwkKuyh,bitcoin
116C2QZ9aW2zMDy9cLKGRd8iiPN5N36Dnu,bitcoin
116C4TdGwELVnYoRT9iwfuNj4TtjgVbCdd,bitcoin
116C5Dzqysneh7MDsxMacKFTKP1b3oZ83M,bitcoin
116C73RaJpxg7xSUhx2yjqfSyWFaHWGXgD,bitcoin
116CC7WMP3y1Lib7y7s3KkEpokw83mtQmN,bitcoin
116CFSzZbCDp1MHz6GHPXUkKZjxAoKxaeC,bitcoin
116CGsw52Wz7KdHPgbws2Ni1Dt6v6o2qTc,bitcoin
116CH6hqpbUHNvw9ZjaWBxGGKKiUXkWvAY,bitcoin
116CUmaVj8nnHNcbmrziTDNBvrp38phRwa,bitcoin
116CX4DK68ZQsZZ9AZ9B5r6u7fBKWvFzdo,bitcoin
116CXyDbejDTpM86T4X1gGimmSPBKstV3P,bitcoin
116CZ4y4mHs9ruzmYCufrwk4t17dsNEnAJ,bitcoin
116CdwUPmdc6PughWHcN6V9C23PrmkDwsf,bitcoin
116Cw86SmNNg7VKE3DxzJEM9K59vkrqQGP,bitcoin
116Czercfsk9t1VtfjK4fSKrpThzABvQFX,bitcoin
116D5ZawPufFzZVqm9sJF1uW3kLqTu4WP6,bitcoin
116DQspzgfncVdFF3LygFJsK8mP8NyeYf5,bitcoin
116DWga2G5cfPSwixbW7qg14YbXD72F2Ps,bitcoin
116DYEgTEYi2hEkKGmUhdpbpZXQs8AvmaF,bitcoin
116DgXEHo3mQjVvQN7ETzh5LDi8T418mLZ,bitcoin
116Dqaz8zA6v8DwdudyuvQNwpx3UgbcAdN,bitcoin
116EAhcDpf6aX248TtQ1ZNzthVX1oreGaB,bitcoin
116EC2QDw54iNqSB3CADhir7JBp4pNZE53,bitcoin
116EHX9CjYAZ6SftXtsbu698iRaBQzq2EV,bitcoin
116ENnR3PYnASwfaB43oyL8n6zHX3izLn1,bitcoin
116EwBXqA4QHZeydxJK2voUsjsRai75Xqy,bitcoin
116EwRQdCbwhSDi8DJfmbZzXyA1GqKEmdu,bitcoin
116F2twUqVm2smLttqXGFeQReo2WzoM3g4,bitcoin
116F31Uu14MnrnZfGxrrguHT7RV9CuqPC3,bitcoin
116F51JryJk7Pwn6LXsstHrv9Ambf9AdEX,bitcoin
116FJ9jn9xNQu59Ho8HZjgmzzE27CXe6Ze,bitcoin
116FYsRta26njAjiZmyuu65bvmANZKY7XT,bitcoin
116Fbvb77gmuUi3Swp6ZBJBFkeorPsLXFZ,bitcoin
116FetWrP7MuCZRv5W8WRnSEsNAxsy6JPk,bitcoin
116FmXfWgWfDi8EixNvPk4Urwboxv8E3z4,bitcoin
116FnBLkscfV4WnEHciSDhuuXuqvCrUWZ8,bitcoin
116FnSZx47MqSehCUXUY2xFSe4rtzQNWCj,bitcoin
116FokmnVhWcp2Ux5YaML9Pbhx9G2MpiCd,bitcoin
116FqutZwiyRbDPg6yAu8qtFjrMVepiDJ4,bitcoin
116FsMzZv9bnoyEc8M4AdHivJS38PZg5sq,bitcoin
116FvFXRb9kNd2ZUtB1b52muDttAhQR2Zg,bitcoin
116FvtrFg99uKTHhGzagqkDQnyXtwe7N5U,bitcoin
116GiT3jJGYnri37DshUjVX25fupeBvnyQ,bitcoin
116GoBNeQ8EThKJHmaYm2Xhg29f5PPbHU5,bitcoin
116Gp3CTcvwcQgFCgYhj5CQVCAEFMxUVg9,bitcoin
116GxL1UgUN59EnphvgfExEqxU58sSnkiw,bitcoin
116H3SzTvhTTfWZagTRTwytEJpwAWWH6Mn,bitcoin
116H3ZiDwvPitSJRciAM68Fcv6DpbTHXF4,bitcoin
116H8VZYxWs4i8FB3Xd3z14q7i395TwjgP,bitcoin
116HEfbCPPbReNyE37oSPtt7K2EuRDRr9T,bitcoin
116HGeUTyhjDAJMKs7hdSfUiFhYJ61fTge,bitcoin
116HJ1TPYmFvvKnZvKrdPQMpN26CHArnRt,bitcoin
116HQTBNKbUyoLSSnZihoAwrQ4vcAtcXXU,bitcoin
116HSa3zw1CwbRWw6MdHFmVAy7jTXwmvv,bitcoin
116HfYmfsoZKLk5nbfJuAXN1Njgu5Ctead,bitcoin
116VJD5p714EwJfsHeSbYF1FYTvvZPnHZ,bitcoin
116mSZV31aWpSKgS1mx7cPPWrSVeaU3Pt,bitcoin
116nnsmtL8zJz3beUEgzdaspP9yV47KbP,bitcoin
116vFawzafGzKBjFRPHwTyzep7WRkVQvW,bitcoin
1175nwkLYV4sv5f2vK59uEKHaiYcTszvQ,bitcoin
11784w1TZ4ouVAWYJN63iJ7bxNjaxvZ6M,bitcoin
117Aq4K2BbJNxSKeG4g4mroL1vmjE2Ziv,bitcoin
117R6nKduQUfvfpXrZziWMvKvaLMW4sn3,bitcoin
117XRpqkrmr7pz4N9q4uJUvbThK6WarUB,bitcoin
117btrWypP753Qv8DBAGpf2nhmQqah4F8,bitcoin
117jhgg352t8QB8ApgT5vLEWedt9PufT8,bitcoin
118JxoUFUSNftnjmCXJ6qu4CqdeA2K2Gv,bitcoin
118P7u3EhAzHJQAoubgoS1UxUsw86W5AJ,bitcoin
118QLbcZcgbuQC1vGbmrwuRHHHHG1p3jL,bitcoin
118R1FE3Ez2PyNBHzaKXzcxknMisxgF9J,bitcoin
118UvzrrFiTRAUMB6yXRWvs1ARrcr8k6v,bitcoin
118eu4NjnLmxD7jfmq8yTr1k2q21wLZrS,bitcoin
118gMNuBut4Yji5gyPB4jRZ1Tme8azPJU,bitcoin
118p5742RSwMG91D2YEPiqx2smhawJZNm,bitcoin
118sQjhF7QDXJYL49wBMj7KE5KiCCB9ue,bitcoin
118tcRMuWaEi3uomdWJpMVDAGzy3yJDPT,bitcoin
118ueJCGFTR4Hm65QYfgX3YUmcB9rcXjR,bitcoin
119151JqUUkewJEuk5j9jgBjjfuZXQ9wQ,bitcoin
1191uBJ41sG8BsxxdJPx4oFfbvaeSVf5j,bitcoin
1196cbeoE8SyVzp3WMAD2gga1Syubg3VT,bitcoin
119745gAZHkZuvceyLF28GAEHDg1JFess,bitcoin
119ESh9M8oXTcw59sadDjHNaHP4ozp3Fx,bitcoin
119FQWjNqW9cvUf1mteXpavk8EYo5bhL6,bitcoin
119TusNs6CQr1jCDiRDuBURc9UnvoR3S7,bitcoin
119UApkSroFZFGmSjZ2SL5Hx9dLGKLRst,bitcoin
119aAWZh8hVP4TN1EmRXQG8hLSmb3gkzp,bitcoin
119ewcAzXqNUDwenXhQQw9WvR2HX5pAm8,bitcoin
119hoca3V8VH79WfpoRmJ1hBFnBb1hBnW,bitcoin
119prM2Y7Ty4BQ1UC4EHuYhSZ3UHGwtnh,bitcoin
119wsqXzqtDNLBUahiD6vUcKMsFRFFymf,bitcoin
119ygEuvETYACDMUDUswasEYpCD7Jmx1A,bitcoin
119zb4xidGUL66nrkbLJDSK3btu7q29Td,bitcoin
11A334cxXY56enDPj1SFFi3kpaFKCTQRZ,bitcoin
11A7kfGjQJYGHxr7DQdJMMHdooupfP2Wk,bitcoin
11AGWTYAdDTUvDGm3qkZb4NcVm98N6J3z,bitcoin
11AHZuBnAozikprS7x2yrZvtH86EovUKy,bitcoin
11AMxPk83J9hB6LM4Uwix6jHqYXnTUspV,bitcoin
11ANTborijd4m4xaBGVKARABmeswNFN7d,bitcoin
11AX3oBh5ePpyiD5LV7GiKAS2JZwe5eEm,bitcoin
11Ahhns6KAauaUbpYevRA8pibqidFJPkv,bitcoin
11AnpdQQAmaJ9JDmGkP351GsoFqAjLz6W,bitcoin
11Aspr1p1i6aqpYC1BPMWiWsqgEDBW5vT,bitcoin
11AtyuEVuHtd9TkPCwoAZzMAp7TH8SopL,bitcoin
11B63Tq3K2ADTfiyoPTfw3H6smmdA1HG7,bitcoin
11B6eju8nQxrCT7u9ycz8WAmdHbFXXuwa,bitcoin
11BTC15tCHjCSX7UjxLzhWRFtpXLpDwWK,bitcoin
11C2wvhHd5BEAcUnvisfQrBi87g2J63TV,bitcoin
11C8Te1kMgUM3vFRtgYfgzabGDtSWXmEr,bitcoin
11CBEvVbXPgx8qqTZpdE97gkvVqeab8Mp,bitcoin
11CChEKPAtCjdxuHPn2LuhJbj1mkZaXva,bitcoin
11CVQHywiak2GzJfjvmEHx3pRay4BV5Gd,bitcoin
11CZfRdE99NFTBNaPQxziECZA9qJQzQys,bitcoin
11Cn8A7YbWK11NKQQCPqYkZA3UJtWHrz1,bitcoin
11Coq6NkJ5fjqyydCCFE6rAqQuV4q5Pn2,bitcoin
11D2v4KwMkwgGpg8CveVLpwUX6829H8vg,bitcoin
11D6brKpLAWcz3EUp2D53mc82x85ozP8T,bitcoin
11DL184eHeAfM2mQbFyFL1jpY4APfDENa,bitcoin
11DPZXnD52rLVFZV3c4kkXoA8YsCarKv7,bitcoin
11DQMZ4i8QJGDmnBxRARqBojXNTboipkd,bitcoin
11DXUYSCtM6qMdkm8qa8zXqYM8EAqrmV3,bitcoin
11DhcfnEWYbFZy6D87L8VHjWEvK1fRGCH,bitcoin
11E9JedT6KsVZfqs3FhUAbxHmsJpSGZKz,bitcoin
11ECF9zpqua85LehRsuvHi2dD2duwtrSW,bitcoin
11EQuUKuPHP3SbwaGFD6Ge2xd3U6n79Ve,bitcoin
11Ec2pR5cK7RWVQZWhyUGKas8S9vyxHzH,bitcoin
11Ect9kEstYceT8bDCn4ZXWNRRhxJPmxk,bitcoin
11Egxfn8ih2zgeiyZ4H7phbFacwKDapaU,bitcoin
11EuGZu6fhkprZZgM4kbc5kpEGX7XpHvF,bitcoin
11F2mJ4S5yoytefjq9xoGFg6AYM744BqN,bitcoin
11F9s8BxBqxtMSVeAHpDsLUDK1DuSzvPw,bitcoin
11FLYznXRtWwEAHP75ChHDY6Stz3zVM4H,bitcoin
11FgPa2zyRnS6KmvNALPqfGqYGyvnDjLd,bitcoin
11FjC6iqegBbDaHQQdRiqvzqnHo8xDvkJ,bitcoin
11FoiHdo477YATKp3S3VJtQZESSdzAovW,bitcoin
11GBtQFHXsfpGC2wGyfbaUu8pP6CeYLbQ,bitcoin
11GC3b5AVBsJ4F8DkEA4c3VEUA4kK5K3k,bitcoin
11GJAqc79LnRa7VjnhHxaSSUB8NhvvpE7,bitcoin
11GJvU1vh18J4xtRhRaomSgJG8h6AHJUa,bitcoin
11GqY8sMbhoYpsaXqEzPCruYAY6Ax7tiy,bitcoin
11GsinYnmJz1NMoLoeUehxgCMPTvYDtqH,bitcoin
11H29hcmfwxs7vvDZorJrxNw8S6JhocRK,bitcoin
11H8AnnZ1TCNABXHgXASDqg1jW9GmejgY,bitcoin
11HAopBGnn53S3Lkzy2scajGzbdGeDLj9,bitcoin
11HNJYNTCNGDJE8bPDW9g7ZbSkExeJXV2,bitcoin
11HYfJMWyWEmZAFzyJoAgYuFs2HCHYw9P,bitcoin
11HkHQu84WbUdtqpBW1TxDNXaqCGXUUv5,bitcoin
11HmwWWJgEjVAwtfcCwaX3i7xDs2eLxM2,bitcoin
11HowpQMSiueJWJYssp5jCkt8fHob7NWY,bitcoin
11Hw4pdpzEDUrULfwA3MpAvHeTApZNDbr,bitcoin
11JANjfBe1QdZDHvaWtTCRrftD1Dms8cC,bitcoin
11JE6YEEYCFagnuvhCzMtYvom3gkPmDjF,bitcoin
11JKo6YoYAeckNUUQCBLKvW8pocTS2bFx,bitcoin
11JLdViVSUxVSzHPffT88JiCy2WpGL2Gi,bitcoin
11JN5HBxyjdvo66DEUQBT21wCPeNTPkhL,bitcoin
11JyQ9Qrcxadz1yaRv9kkRdu5zZXjCXHY,bitcoin
11K6caejPkdX7nyWVxtP4iEWp1ifGwX29,bitcoin
11KB81XGnd8QSNbJH1AHLWUsQnSm5bGoB,bitcoin
11Kv3gr7DbrFX1L4tmH5hATXu7qspKm9v,bitcoin
11L99j7kNKGyH54eGNrzjsiNBMe1AJYrw,bitcoin
11LBDJJ9xyYHphvyocYZbv3B57HqTxYmJ,bitcoin
11LEtv5pvwJesruFNf9SeuoCt1t1nEFVX,bitcoin
11LReMUmD1UdGUDWeZuPYXPNoqwYC7QEc,bitcoin
11LawfFPmjyVyoRxJoc5eVUQD8AkvDqBQ,bitcoin
11LgyAV4y9oFqE7HwUoSUfLKbiXEThG8r,bitcoin
11LvvgJoXgRjGHGvnxTHwixUL3aoQftL8,bitcoin
11LyuLhZyNSADVbJtUe4NSB1HgaXmXhFj,bitcoin
11M48LCoWt7GZV22qM6ckQNC8EzMP136T,bitcoin
11MBY5yMYaAeooNPbSkosD8PS5XjiNFUP,bitcoin
11MD1jmUEdjkKfT7oJjChGyDP2b6BtP5b,bitcoin
11MRduWZBrt1AKwUWBiABeCGpnfAdgakx,bitcoin
11MRnRCN1mqHGrW563e4zPttWV6Kq7EkW,bitcoin
11MS5acxt8mKTzhmivC5wMSe8D7CRi9mg,bitcoin
11MTbBQrW4Lezpb1dspeZr7DxZF6nF2XP,bitcoin
11MTzkwTr1By7RoDJFJuYrU3hyAhV4Vrp,bitcoin
11MYvim3ZJixtrTbhNcHohCR7wJf8tcLC,bitcoin
11MZEAcSDTFYkPHrwXHSj7n8RcaU7QGY9,bitcoin
11MgozyhpGY24eiUZLBF58a7oKb7VWjWo,bitcoin
11MhYYxWHSLBPKexDSmfNkb7wHX5b8TQy,bitcoin
11MinHmUBkXcPjZWx3LWkafJ6ZinpZHwh,bitcoin
11MpN48MNuFMHaiNad5v9m83bTJBPEPde,bitcoin
11MwYDrb2kg3oaCZubnsM3J6Lw9jpiGy2,bitcoin
11N1nXt3xohkDrUQLSupi5aG69f8CmkYC,bitcoin
11N3TRiBccbYgnMLtaRSFe66VrZdzGz7F,bitcoin
11NEHEREpXcFSB2BXh1HTjHorYuf8p5r1,bitcoin
11NJrrPvV9NZhXjmn4kT7GpbSygMN9TPr,bitcoin
11NNAs7ZA4wns1tERXTqmx5WBajJTvwLd,bitcoin
11NUFeQ4sLQXkq6t3GB88VgkLmLeqN6zX,bitcoin
11NppQffCk1nVBBLAeTpiwuXRJZrBhAfd,bitcoin
11NutzZ1cbbmprHXry3MPTTt9UmUD1tX5,bitcoin
11NwPJzjqe7LU8PR5uVhLDAeohuyM94MR,bitcoin
11PB5HtEtLf5DbofWEe7wMA8mnqqMiya3,bitcoin
11PEbMX1JA4f4eU7QyHpuihATyoRvEiU1,bitcoin
11PGJ1V7r8cRofoG5KRAwAVU6Zx8PnTpv,bitcoin
11PL86wnC2TjfbEQWohSzogLmMt4uWf9L,bitcoin
11PXpdHKUDsdRRQoUp9ksRKWZdHrvDTHt,bitcoin
11PePnwvSA1gPZPzru68tSdQV3aT8ogna,bitcoin
11PnGgz5EMaVphkw3t3dgAxeGmfY9Lieq,bitcoin
11PnpUVHEKM1VZGiVqP9kEWWjQFfKhpSw,bitcoin
11PyRLEris2V6wzj4iTtdYLHniAJPp5Xd,bitcoin
11Q2r4JRpkym4wjBjr8VXRfU29aPEJHLX,bitcoin
11Q3prPirHiT1nu3ovX8dJMg2YDxuYZta,bitcoin
11Q7dUg1WsiptUFGD6n7Je25aJcAv2QVU,bitcoin
11Q96ZHp66RAWzA7RpJsgtQsBS47g8v7h,bitcoin
11QEDm82yqz5YT2viF1NxwQgsxYpLAHAS,bitcoin
11QJ7ZFuU2mVjwJEATgX9LdcSJDdqfJop,bitcoin
11QKCW23hZLkvxyDuM9g5xYXYxJfxRLha,bitcoin
11QVbwnhhR1yuszX1Rz7UojdTnCoDDJ9F,bitcoin
11Qh1myKGoTMsS1juRKfrEvqxFjPhVGuL,bitcoin
11R3PgH4oxsFwETuZVr4onzsntEp5tLKf,bitcoin
11RJ6pxP3csCgcDBppN11XzuvVpL21c2j,bitcoin
11RPGrbq6xGaM2sRbx4B6FYDkoXFufXGR,bitcoin
11RQzchY48ttdeo5mpheLX3H49D3oAL3t,bitcoin
11RctSNvNdnyfPnmNAt7A6tRAhqeG8nG7,bitcoin
11RfHLPnzyRp1BCckuSKXxk7DJvPvwxTu,bitcoin
11Rsudc9BJqyKBWFXYQ79YptJRQ2BkTAs,bitcoin
11RxuCTcLjPvMmTkkqqeA4NMVPzpeX998,bitcoin
11RyqQqyMUedKLW3Y8vRMr12vHDDzNYEA,bitcoin
11SE2vMCM1c8vYi4tCtxZ8u9gp1LVnPyo,bitcoin
11SFTVcrq5oJHViQZ56EC86W8arTe1hHX,bitcoin
11STGJF9g2itAeaNqnpeYb7m5Gqg7NQDh,bitcoin
11Sbm3Cqspjdvs6H5WG7NLo2X2iD3pqt6,bitcoin
11SkF9hJNZvbABxaGyuZpV4Yhq1Beaptc,bitcoin
11SnPkq91h5djpRwNwMx8s9k6qusu8MaJ,bitcoin
11StgovEE7o8Dr6hEstH9WurN1n6fjo34,bitcoin
11T1HPtuEYpA2rQaGRZFKWuGHAZZ5dUVA,bitcoin
11TESsQXWiarH87asa5GvJMoLv8kGMuVf,bitcoin
11TLpyzwwZLq4NRMthneBk5Z1BJcHoW2G,bitcoin
11TWrnhnx9HJ5QRPt4q7hFZiiUFLCaoQt,bitcoin
11TjbZHRt9vP4ErKHHhG2UYJdJX4a7FLx,bitcoin
11Tu74cPr5fpciFhgGKfLqohq6CQEcL1Q,bitcoin
11TxR9JC7ViJqKYo3aTE5DdoPEGs2qVDG,bitcoin
11Tyne97xaSLsgVyKohh9vEnPbRs5o1HF,bitcoin
11U37HtU7UUTaYxyTeHH6uhsSDBwanZLK,bitcoin
11U6HUUcyRt5m8wnP4x1n3LWDzxYXoVAY,bitcoin
11U8vycZWSbMkJ7qBFURakB9m81JnhXcw,bitcoin
11ULcnrA4S6i1abih9tDLiAgYDFstoNiN,bitcoin
11USGC4ubX2q5jXQJmFexzvsVr52UbWNL,bitcoin
11USwfGZZaHCh8PwJbKFN3EPSBniwQ33e,bitcoin
11UYsghkuhVdnF8VkyFx3HLAEVb1S93Na,bitcoin
11Ued7V7dNbBJYXjHK8GaJHXBJ39Ucc8s,bitcoin
11UiQcDAE7EswdpkejgMy5comCnQTzkab,bitcoin
11Umbt7EjUGWmDgE17moPsXusXgG93wtm,bitcoin
11V1bUVF5oypXHbSDnpdCnSQTuo926T15,bitcoin
11V7S6yJfG2waCPMNV3EjLYitCeJWBd5J,bitcoin
11VA1K9KizE3vnrvFwiBq48XySM1aNix1,bitcoin
11VC9E3EYUGdawCJ42UnevjaiunqgVzWa,bitcoin
11VUSjkfzH5p2bTyfyjNmE3QNykBoetYU,bitcoin
11VXavR4ZEfVH7daaRjE9oNdRDoaQ9Q2a,bitcoin
11VZjpfWNV6HpTQBVFBEK6aaw9QY48gAA,bitcoin
11VcM2Jt6x8X8kwM4UVGVrFEnTJQuu4Ek,bitcoin
11VmB79jcfCxJkoMRG8sa3ZxpxunyWaYu,bitcoin
11VpGFsYnHfD6x4qHswFJvvqxFgaMGrXC,bitcoin
11W5zTxwp8roj6TN4YGKvLodnW5D9L4os,bitcoin
11WKcSpKvqteY7siwpf8FiJuJCuDg7cT9,bitcoin
11WLe5CbeV4RUxRa81PkiVKzuttyS2s7Q,bitcoin
11WUWVv5fqSvZK9cqedBX91H7SMM9CEQb,bitcoin
11WWf3PExVmyjHAzKZtGpv6264Q47hhAK,bitcoin
11Wa1MynAyBSPSG1WGjJcdN6DGRtdXwKd,bitcoin
11WoKCkoSc2VfLgfxoFtHTZEShwCPmNGj,bitcoin
11Woe4HgVqS2fteoaDVqxocSVJ4rGhJ3o,bitcoin
11X2z1r81x9BWK1MwYJJ5eyEt2nNWzP86,bitcoin
11X4t946iSB3WFBCUvxHnkLExHqiAAZKz,bitcoin
11XAwWZy2jqSNX4ZBzRqPwhmY7mYPnpVA,bitcoin
11XHnk1qmwX8mRJCvykZo4DjNMAyVowWF,bitcoin
11XM9HFNoVG5JfjPEhKF2qKzGCJomJHrQ,bitcoin
11XQz6R9MH3dEqDpVyTPvSDtUowyF778r,bitcoin
11XYpuns4HPxkbCPQ3ZFRHZ8QUAuqxeSu,bitcoin
11XaYrXeKGcaJc6NRCygU8Grq2o8mbAp9,bitcoin
11XaozqmiUtB355SdD7oyeeKNGTLqnnpY,bitcoin
11XeuVvvSa82Fk7BrCXGmK3ihHBC7cZP5,bitcoin
11XsFhGAB98xMBFgDLa45HfJZVraVfn1G,bitcoin
11XvGfva81r1mRquBDPHDGkhLjbbvTxnr,bitcoin
11Y6oa7ifCK2WqyHk8tmfCVvgGRw8D6QQ,bitcoin
11YBXX11pHgx4qitqWVW4iS65RxiBd6Nz,bitcoin
11YJVJmKutGRcfH6S3q7bmY4NfyA8tX4C,bitcoin
11YKzJ8tZugfaT5amwuG1GVu5FHCpG5YZ,bitcoin
11YRBfKd5vok8jpq2zWAUbFDvu4tPC36T,bitcoin
11YXTHJtzWhvECQH7ZVazmTKHwX5NXo3N,bitcoin
11YafXCckcU87Qe7k2icQQUETrpAkyFZS,bitcoin
11Yd5GsPsHcWNU5e5ZebxGaVZYLdR3auH,bitcoin
11YiWonxSQp7cgHFptGue2szLFHVeF5VR,bitcoin
11YqoLzL7MBHHbn5xTqvDPSoaE2QiBCMB,bitcoin
11YuPoRwtXXG7ZZAxUsuSLHhmpZcksf2V,bitcoin
11Yyj6Up7dRU7nrxmMMJJFd3BstDu5aoZ,bitcoin
11Z9G7q2Ar2rdwNwoHXGuH3ZAqKZbmb17,bitcoin
11ZD6FUdZhiyWiigtMX1kw9N5EGfcdHGa,bitcoin
11ZXXPtbMyk3rMHqKtZAdMHNRit5vk2mp,bitcoin
11Ze5M5Av9ybo9gYVfjha1Fq8zA8c9cRZ,bitcoin
11ZpRMUFYfJJhqDgXwnryn2y3CdjZYhEb,bitcoin
11ZpZuFcC7gAAaZqdZ4tcSx8wMuZevudF,bitcoin
11a1VAULtSKSFmY828ykUE8FFevUTJhRj,bitcoin
11a5iJZiAdJhYUXqzCE3goV2Cgz92QKUh,bitcoin
11a5uG8ZPC5QFEBosAwcFWA4gRWvJt5cz,bitcoin
11a6LqZ7iTn2MPF4sc1rWQhsGXVNSQK8x,bitcoin
11aCa9Wh1yXVLAGHDhETyUst1CWogTAh2,bitcoin
11aHVmy2uwtDrsYo8R2QFgwPFwqJyViFF,bitcoin
11aMAxTFbUsYj2F4vgTaiRH4QgpbJtBsd,bitcoin
11aPJp2rDrrPPUR3AR83uGJwGRQVk3xVr,bitcoin
11aX3y5w6bkfuBNArTfagD2Luvi9DUk1Q,bitcoin
11aZ7m8QyrUjRoXQ8BvYTqHvnw6EeboeV,bitcoin
11ahyHQNFJWdcxfhrS7v8mQWS9cAbezX1,bitcoin
11amLFW7psMf3f3hEG3tuWiZVC5BQoUd6,bitcoin
11b7YdU9ue6xXG5Mb5f5E2WwJiSmezPcr,bitcoin
11bDc1K8mpjTy4WHkysn4pCgN8NbaQxUh,bitcoin
11bG5Nf4P1AyVnkneagp163Nx3dknAceW,bitcoin
11bGBUCUTguDghrPNVPCm7yfUYArkNoja,bitcoin
11bRSnAkHftnxjeuj6ZAeUdkTCaspknoZ,bitcoin
11bX81HW5CMaChM7tncFV2dUYEhVrsc6d,bitcoin
11c3wMxoEfHgG5SDp7G85vQt7NMLmGvwM,bitcoin
11cADgp8fuCJfunfHQkkwcbcVNd6WLbxR,bitcoin
11cUzHb5Ye5E8XwQY29TQvA2ZUVWjXNM8,bitcoin
11ciuWrLqdQ9EEu8g4hu2g6QbhacA4Gyq,bitcoin
11cpXmKRTZkEFyntRVf3CGNGCCrZgJuie,bitcoin
11cxmoRbqV9qJWKA7Vf8m9Jn97piP5UdK,bitcoin
11czohZwAbLDk7twG11FQfNEdg6QjLAhi,bitcoin
11dEUntxr7KhYmh2ZJgU6DjrX7pYMo8KQ,bitcoin
11dMZMSUSvKc4nnLw4d37AhkprQdL8V6H,bitcoin
11dSQA4mySpqaHdWG24ui6wenU3Rxo7r8,bitcoin
11dh8a52AGzE4HDzJ6GbB2xy9MukELNbE,bitcoin
11djEZrEjXD8TVtwknbgDqQ1FixQipfjy,bitcoin
11eCBeVkfzWoa8FCkLaJNr5iA63phaBTK,bitcoin
11eEvpYRypDSFQCYghBNPmnSY2MTMYUFx,bitcoin
11eJv1caAeiMycaQkGvVHnVVLR1rdKWuu,bitcoin
11eTM3pqBtPAz3sUxqRysg8sC7exHwyec,bitcoin
11eX8w8oF1zgAbCyGFKNGCsR7Srxvkzya,bitcoin
11eb6ELCuuxofQ449TwUe1wx1ULTEB7Tn,bitcoin
11egHaw2bzt5c3F6SkefBx5HH7oupUZy2,bitcoin
11eggbZdYcBShatQV8n6UYvCu4r5J6SUi,bitcoin
11emKXTeiH4Yq1W62x6ATczxyJbHpmisy,bitcoin
11ep3hHCZHXBudLbRyLMycxF9ThfZBUYg,bitcoin
11eqKXuq4fuAc2df4xWKov1CP7bUQSXPv,bitcoin
11esKyCKSn1aixaGvRuHJmc4toyChT3Wr,bitcoin
11f99n7smKY1uFLSRD8zyVpgU2FqsS6CG,bitcoin
11fEYaneUZiwEpNJwSGA3Aq4953xhB5X5,bitcoin
11fJA29LJHuwErpPmZ9vsW2WZLsorEDL4,bitcoin
11fJUqb2waer42NSDgThkwWxRxGsF5Vqe,bitcoin
11fLFoCT3SHLzZFLNsw3HDVxwFSEntqqk,bitcoin
11fM6sQ5FHfyZbmyhvgYSLVbsLDeNuVos,bitcoin
11fQDAt1q6KAbpDpMAGqnn8SoLbVWrHzq,bitcoin
11fYJgdLNW8cmDV2bhWKzBWhtjtzTgiWD,bitcoin
11fqCNTxUkWkR3bLi5HALoHvYSdiTd58T,bitcoin
11fsbYoqXAPpipcSMwZf1A2WTrAZVxUBo,bitcoin
11fwn4UFjoC4PcygjyKQKyvM3ARps4v4M,bitcoin
11fyPsu2cKk5Ledpau6m8tj3JdyPan1VA,bitcoin
11g88Qar8aBhC7B33QMMrYJkvUL1Ek6Lg,bitcoin
11g8nHyhsMZMAEtZRjqi7CR28VG9scfV1,bitcoin
11gE3grtRUxFRetJKeUrDNeth72nMWtKz,bitcoin
11gJojz1ZUhpFqxN9GzcUecGqbrojQy5V,bitcoin
11gLMHT8uFkwucoS97xM8zt59wpLgRPZ4,bitcoin
11gPuS4vkyp2KufqnbGWfCrnp2zHnWeTr,bitcoin
11gsbezSj6mTVappz9qMbJqXBQiMkG8T3,bitcoin
11gscb5LzgRZMX2JZu3AbAmsGgdepqh3d,bitcoin
11hCXB8nFoiQP2GWVPWo1gpKUdsLsNVJB,bitcoin
11hM9FMWYwBMToVe9VYeFLuV986UjbDDf,bitcoin
11hVEuhHKvouKW2xByBLKgSBcndg85TRP,bitcoin
11hY6Yt7G6Ur4oNVcaJ2EWurrLku21eNb,bitcoin
11hgyeiDcw1y1vhEGnjZZ2zew7DW5tiQ5,bitcoin
11hkMELiM8MFS9GJfjgdtrMGMZSSH1EJM,bitcoin
11hqdpDtJXR9ipFmiXpnrSck9SB11vjQB,bitcoin
11hywG9evVeAJqixC7ac6vTxQoVMoFbWT,bitcoin
11i1gVs1o3ZaeGUj11EQezbB7qmcpJbZt,bitcoin
11iG1F8a8piajmuoFfNCRvodYqp86kDqk,bitcoin
11iL6VBH88npTbeH8svpR8HaS7Bd61f33,bitcoin
11iS55Qojpveorpz4qMJ75qKDy7bpYXGR,bitcoin
11ihMVFbXM3tfvcXJSpuHNgKCJkCXSVac,bitcoin
11iiQW4XiYjstVcprhR3ceG5qNMRbfPae,bitcoin
11iiULNj4Az4ejG4qVwZP5jUpJPXEcgJH,bitcoin
11iiwwLFt6ASnsoZZevcHLBwkvBgNsMun,bitcoin
11imRqtnfyYbnaj9qjwtMpxvmdp7xsvRR,bitcoin
11iwiU4W545Rrdev79tG8x3Ty4cCXq1VB,bitcoin
11j5CzDfPNRR4jYEscN7RqS27YCkpSwex,bitcoin
11j8JGtevB5DsyS9Uz4nYChY7M6vnSwQN,bitcoin
11j8h7F8fbk8KuizuZD8fxD75pFRRpuFT,bitcoin
11jBUpLNyteSU7cCUhejxnsVquWbWyoiR,bitcoin
11jJsUJQRyQN2cP7NquNHE9pSwLy9sKvR,bitcoin
11jLz53SAP83AB9nq4VytB9fHmJUHDfPn,bitcoin
11jZH9LAgeTGqTckLfomWDPS1xv4PPwo5,bitcoin
11jcggLPCDC3QYNBJtUEcHEu2sZkd8cxL,bitcoin
11jhfL7dEVVfiit8azb6B2Rwbkzq4go1j,bitcoin
11jrUT6ne6SppsuGbVeF9Hn66MgcPvwDm,bitcoin
11jwpDkAJwcmWo6WfUqVhgBGsEdk9d6Be,bitcoin
11k1kQkxzuiuE1ETf6HYKaADsrs68BHAv,bitcoin
11kDPZbasYSd1fNEQxMVSjRhhfFjbRCru,bitcoin
11kLom3NixhXoBgBN4stoFQBoQyffFC58,bitcoin
11kN1kzrVqTu8kf36jyKsySRGDE2arhV3,bitcoin
11kUvAodof3SKBX8nJH9jbZWHjYp19mSd,bitcoin
11kmhUJEFnBK5JH8SNBnyHisLW8p6WSaE,bitcoin
11kwuCbs1BVYNbHx1dYYDNp7LNF6Cxob4,bitcoin
11kyx9PKTeRan16tBM4ysg7aXxxjLu3Kp,bitcoin
11m5ZtZQtWtRKM2G3R37CrWYTybK9ofKG,bitcoin
11m67E9Z4emMCSeXfxR1ztvMCBYn9M9bi,bitcoin
11mDFnjbLZaQAmuhpyPkC1CZZ1wdARFxM,bitcoin
11mJAtEngPGnLi9wtM74TTLmogCuEnFrZ,bitcoin
11mNu2RUffaMK2CeMR5cjNwNZx7xPe3Ja,bitcoin
11mRuPc232PQwCW9ByFjEvUrZfXPSrAXP,bitcoin
11mSMHwQsunkMuu1dwTnKu3pg4JH8ryGZ,bitcoin
11mbQPF13tmuvrhcKNUVZfaq5GhDnGpw2,bitcoin
11mf2vXByxnzdeYqSaKrJWmfn7cETkaND,bitcoin
11mmkgCCENYBctXaECJdrbDGm5muQj9nM,bitcoin
11n3fi5JU3kd97j2TD9xhnpx7i5aphnEv,bitcoin
11nWTD4iv8E1FjX3qrVs8V1JMQBcH29o3,bitcoin
11nbcGo4AMkmqJhiBZ4w2j5LPguayCTm2,bitcoin
11ncAFV8uuuzFLihxqTAVKyw2zfhABY5a,bitcoin
11ncq9CcXdXtQRZttt53bYWKxSc3gBoZi,bitcoin
11oEQZWJSN4hbQiWW2MePH5D3oB6i78nt,bitcoin
11oJogbx8yMncT5XYPxpHSg3X9zy68e2s,bitcoin
11oT5uGz3CvTNbvCYvNBDT3EAbAgYRVdK,bitcoin
11oWzna6Miv6ad41G3azpphBz1Qfex98j,bitcoin
11oXhpMqVva6ArEYqGeU5ApymH79FveTn,bitcoin
11ofLPKEokMKuo7r7kVWW8DymX77UgAMi,bitcoin
11p9R9WUJfStSqw3HhjFDVc4UEmYe7qJq,bitcoin
11pAC1AxNJsymMv6WeZF3U4g398h4ez9x,bitcoin
11pPLRasJhVbPp6ajbC2p5BX4ha4hdXKx,bitcoin
11pQfP3Q5nBRojhxgzEA1YMgTpYwvsyRp,bitcoin
11pgDadKLfJAvC4Qih3izUuPoxfL3tVEF,bitcoin
11pgEabHZou6d4VWVM9UPEsTspPNFccsd,bitcoin
11pkYfYpMgezGcJni1hsz8ADDmdyKtJ6z,bitcoin
11pmHb3Kvi1QViiHzEhEfE3RG1vTgGuG9,bitcoin
11pmwC2HTA4hPTZuK76D43LJtmMMPqSr4,bitcoin
11prYgQ5kyEGZjEqsneNsAUDUyU9ETk39,bitcoin
11q6M8wiLYeyzgUQD8vRyQNS1FTncuPTb,bitcoin
11qRwJ3fS71ZKbkiV6uakxKVjobw8G9TH,bitcoin
11qW4RYfdS4Wpx85Yhvy595eRzhDnsXow,bitcoin
11qjEaYNrbetA2sJxg2wQVeyHByySmtQu,bitcoin
11qwsZLDaT1HsLwHmnN1Br2W3eu4CnvXn,bitcoin
11qyy4uXzuRiPdQ3CqKdL1TcF25QMq6Ct,bitcoin
11r3zrK5SASCzGoft2jhYDCa97d4Zeqeo,bitcoin
11r6FADyftxmyKoLte9L5d9xhB3PLeVab,bitcoin
11rYcT1sJcBwxMdKKNSrW43LkdYkjGJjU,bitcoin
11rjsZmzxytL4akqP3LNZbF2FyV9LP99K,bitcoin
11rk79tkXU8KbWZpMQHKSDBztvw7Pq5g9,bitcoin
11rvVatJkWsbVF2vyrbUbHTqThxHj2HVv,bitcoin
11s1JULGzsTzkpHsfXf9p8aUsy2smbkUN,bitcoin
11sFP3ghbDvrxFDfqg5kRpsxo2UpsQUXj,bitcoin
11sRAKLHCYB2D5kdNeM1194fNQK7EihQf,bitcoin
11sjR14p2YtoJxwrkhbzf4hn2QTkvM8ou,bitcoin
11sqyeiFmRmSaERFWfBKraiqmSUYyXCjQ,bitcoin
11t7WcMZfngSqZpDRvmeisgMd1feuxe49,bitcoin
11t9MATk7NTpiwCPJjSfTtQRXnTuFwTaa,bitcoin
11tCRxkwffAa1F11sAwkR1srvohbCQwhL,bitcoin
11tKBvkbDn7pn32Ynkh2ftNLzGuSFmG4H,bitcoin
11tWdgvpRjkw8fAGF5gou8m22wZ7bhLdc,bitcoin
11tYxnCDzaTbG4PrCVNhTNcNkjTEJHg5J,bitcoin
11tbgjQvffLGpswq8k5PAwWWWh6woo58L,bitcoin
11tbzkt6MK9LEfHBtiR9eMXqVmG5Z9213,bitcoin
11tfd4yBvViCgukUfpwgfUJ8JYa6nHyEJ,bitcoin
11tkw4esutUeccdXzKcEEJmWwnQxHimgU,bitcoin
11twEmtftYLH5CBPYowfRzz1WyqBhmaxG,bitcoin
11tzk3gYtf8hcvMFKrrZuLs9rh1AcefTS,bitcoin
11tzneGk7saW2vLXGEbjopCxa4SsCgXf3,bitcoin
11u26PABudsegosz4ibfi8SqqokmLVfAV,bitcoin
11u331hHebeNH5gfP7GbeHBNpB4GCfEG6,bitcoin
11uAuVXem4SMMLFFyLNMJcZ3W8HYcmE5i,bitcoin
11uCKBnEdXT2trnia63fWt4PGhrCR51Ku,bitcoin
11uD3StUiQt4UsVS7KxvB9me3K2wi2EoC,bitcoin
11uDf1c2rcm7PBcNzCL4nYmC9Xa1bCCgn,bitcoin
11uMtCZGANoiacCkbhTFSBHo3wY1WJmhw,bitcoin
11uRDRLtxzy9bQmGUg9YbSi37B1z56Z9k,bitcoin
11ud2bwdz6RhJNEo5irjgeFus58fKc9t7,bitcoin
11uj1gMq9XrL3pG6TWfnyPQNRHLE3ba9m,bitcoin
11ujbmHLMBU7pduwMvH7isAjQvxZoGW31,bitcoin
11upfsTPDphLhMn41iVHuq5V5YWnEjk33,bitcoin
11us2HA33hfaQ3thpxaJqC4gAHHCLxHtS,bitcoin
11v4hwK1ZcMvFBg37D1D3iXJvDmVcnAq3,bitcoin
11vJqDfg82uK3PUKKkJFLS1SdQngRXBhf,bitcoin
11vKvJbYDHS8zwP9MgXMVxdkWsza2Xo5p,bitcoin
11vQ5HAqavxbRtBipK6Cih6YZsT5Ub8SE,bitcoin
11vQV3MGmp2PBwXKXMrXKZNwaGngn8a3Y,bitcoin
11vum1kSe9JpQhiTzvTm8LaetMo145VMn,bitcoin
11vw712BkpNXLT7CpgoUmgDMs8yTfN5Ly,bitcoin
11w3mZxSSwMoz8L2EWUjvqYtbFDgCM1Pm,bitcoin
11wFBgYDEUptRu7fLUb9XPPJGu7UYzsCe,bitcoin
11wG7wnpyzdKCpYhSo33nkCkRNUX8Rjaa,bitcoin
11wLBuPJupMxWyQ2qA3aj81Mg8gMi1p1U,bitcoin
11wWjCVB4rjTjf96keRy57zDGKySdRr9R,bitcoin
11waWr2oBLovScHu71TAZ8VDFVpm5vjoC,bitcoin
11whqu1oSZgJHXPLaHaA73tGvva7bfh48,bitcoin
11x5XJ2AMyydxXLMaLZQ4JV3i62TCFyae,bitcoin
11xABCvoPs8bVQAXCBie3uTRn76ysjVjz,bitcoin
11xEdb4vQVBFNNhdqjDgjq2YZvBFgx1tj,bitcoin
11xJQsjCvY6Hui51e8AfFwfthgwhkYhgR,bitcoin
11xKpkFq1hYwT7MVN3te61Fps6qZj5z5a,bitcoin
11xPghYaGmPvta9JEX2XQpqDkAUuYytNW,bitcoin
11xTgQh68fw9myYi1J3sXZGWtGahPt78j,bitcoin
11xYKViKRF9aTyu21dRVTZP754dX2eCrN,bitcoin
11xZZWeuQea4mtcmXUdHZ5cTnJdyx8nyp,bitcoin
11xhB1RqXBpvvpNXii4hjjpUmhgWnCT7i,bitcoin
11xjpu8LpmYz3vSrVvVMZwPi3vekuQcBw,bitcoin
11yGarQLd7afJwMH2MprZQrbGs2Pea3yX,bitcoin
11yLqhaUN7Nabovej5KaDHNHsMgUbDnZe,bitcoin
11yNMHcnqx9DBodReHHWMPy9nYNc44agS,bitcoin
11ySNoTP85K3hSMPzzkCLwEuRy8nf3FXD,bitcoin
11yWLmeJt7wWsNWtwKf1bBsby7mqBdqzG,bitcoin
11yXdSnfYrAS5yUwT9FvR4heaMGs5ojtK,bitcoin
11yigTX4sdZUbTPmaVbTDxS1Hn9xFMSdx,bitcoin
11z2ye4WKjPMVr7Q2P1vTxvpKUg4WHkv5,bitcoin
11z72mTidw2zqBKo8SzzraRpxFtp6auNc,bitcoin
11zEQEfSodn7Qxz2a38EuBEzytosc98P2,bitcoin
11zHSm7zW9985N53oTuPTSjrFPX8oWnkH,bitcoin
11zJBbkRNPR5qQzpuJAhsGwtN2qG1Jx5Z,bitcoin
11zPf1eZ2VDPdMFenqQGvU8TWsPtT2q7s,bitcoin
11zUic6DXC4gN7bKVhY4QLxAh5EozbSMZ,bitcoin
11zmtw1QEhhLmTSXoGLxf3zywaHceewKs,bitcoin
12114MKXZrz2fZ64xneovDJYTa4AtH1DaN,bitcoin
12114navW2CfQ18xEmcGWbAcdvffQ6a4Ta,bitcoin
121161aEomsdCN8SBbPYcSqEzu4UfPk3Ue,bitcoin
12116gY4sX5vFGymkEo6uBKjashz1oFZG3,bitcoin
1211BmxVraJ2G8w6gHSyxSmPXjjDKmrLeP,bitcoin
1211JLTjpnkqBPiZkoqf8aet4F1FLXGS4q,bitcoin
1211KbufimyL3CgXnAxnPcjjNipXui63iK,bitcoin
1211UDPwJe2wHrAdb15KAgbgreSBHiBWwX,bitcoin
1211ZUiCeSPaf9Eg3nAcs173eiKpkfDtM4,bitcoin
1211c9DCQLpYb6wHnmBKcz9PxxPdNFWAdS,bitcoin
12126bJbKpPtbWnTNPZSoGrTic94arYM46,bitcoin
1212CHaNqfKjuUi8kuuqN7ipYLDNbW1mF2,bitcoin
1212Jd2GKyP7E2mPmSXVu1TP3DDCCGMuA5,bitcoin
1212MDqNF3asNRRWHPGnKfjwtLtcBHD2hK,bitcoin
1212Wmn8SCJYicYxuFQr7pG2wZFNj9cJnY,bitcoin
1212pjaig7j1JZ7cL4NZ4fo6bRWanWnUEv,bitcoin
1212tYCTbn4BNXwx8qM4kN5RVT9JEh7isC,bitcoin
1212wM6CrcYspMMMFoye4joZvXwf9RbgFS,bitcoin
1212z5z3QRnhCCRLSWh3gXCjVJxZ2JsUvN,bitcoin
1212zaLnj3HW8WGaJwiWQ6Js5NkuzrvjHd,bitcoin
121375EvayLa1unT9i7JDgnVRXHLkFp7BA,bitcoin
1213BQSRRrQ6rrurnLjkFYQDHkBS5rVs1A,bitcoin
1213Fr43cU6PKKAeTk8sUn6CbE1MTaKDMn,bitcoin
1213Frx1H7wf4WuQFMsKVoQAn8yAEAtF7a,bitcoin
1213S8XHe8mWSjdoVVs3UiB2qWxgipbNdj,bitcoin
1213WhpL7RAgp4qRbk5PjXjAZkQsSvdp2h,bitcoin
1213YqfmPD4UdzCR3VFsRtbTrGEXvGsZw7,bitcoin
1213nWB814gKrqfdbgdEayy2jLbiXvwKS2,bitcoin
1213o2tCHn676T7BfqPq6YiDCR6iqyfkNX,bitcoin
1214Vfxi88KXfdrQDWtLtEW1HDChsyZXbk,bitcoin
1214Vu7PczEp3FVDX294MfFTTk6E3hvX9E,bitcoin
1214WApZtq7EWzBRcZUQEusQ1Zuc3mrgLS,bitcoin
1214ob8RVqJfSb8JTLtvnd195d2ovWPPxG,bitcoin
1214pxS3A8zKVK4tjpzL6cv9zRky6GApbP,bitcoin
12156FpWaCZmZqjBNtW9eMMG6MFQodj86a,bitcoin
1215CywtNf1ZnNXsxHDQjMQW3fLVDe6XEx,bitcoin
1215PrWG6yq76vNABmmisiU94oz9nWrzKB,bitcoin
1215aQY9qsHJvicjmz9ewQguXgaRYc7nbE,bitcoin
1215ekEo9ZBAqiVuQcBJo4txWdsDNG58mG,bitcoin
1215h1KVmNF4ZtYgSJmRZNrfBnAJhsMPqD,bitcoin
1215nCz6tjG2YERcdPpS9zMFJqZoMqq8BL,bitcoin
1215qYoCSdWjmaut1qwRnELkiGmr8w2TC4,bitcoin
121665qYxTn6p6XJRPmQbjW2uduuF94JRS,bitcoin
12167Wy5rEi68AbofEF1i44LWyitMLekEN,bitcoin
1216LD5zhzrZ5MFAVrnPHqW7dQmaWuBVav,bitcoin
1216Mae89ZjKTFuzWi3beK4guuSkiHGuKL,bitcoin
1216PaQ2D1Kn4fJV8xQG7A7Z5AgFT9MuBs,bitcoin
1216aMxEqE9ULXmjuSERAjiBfQzR7RCk24,bitcoin
1216dnMB6EqrwBqQKPY6pZoQygnStiLWre,bitcoin
1216h66DYFQ1UvbjczRcdVd2MooLHa7T3G,bitcoin
1216inWRJs8usDCQdD5vpKSVHNpeEAzATv,bitcoin
1216m4iUVRuPd7jUKeyWhj89neecwGopUE,bitcoin
1216pqQggFYkoAcja9S6kG1MeMVnpvgjHF,bitcoin
1216wP948DBdxJuh4oXjGWRkyv8NgLshMC,bitcoin
1216wpHS1QmzT4kAW41UToGuFonZE6jkZA,bitcoin
1216z4AKPE1DHQmcbQ9SFyHWPZvmAoTJG1,bitcoin
12171Uu9M2VTuGGUopQot6uuKd6dS9yKSU,bitcoin
1217ephrmmGdkTtWhFfT97gMuCH6pvUQHg,bitcoin
1217sRKxvt1ANFcQ8x3BWiGxhBDaD6zDpJ,bitcoin
1217z7PLbuoQ9e6xPouZL6F2SfTfUzz2GN,bitcoin
1217zLdLrPWGtXyGeSxJG2232zDhqyh8ni,bitcoin
12183y2MipKP644dd7hQebbWjDCydjdN6C,bitcoin
12187r8X6iPcKNfb1PBJ2Y3njswC7RRwcp,bitcoin
1218AhNZvY4QZz3CHt1Gsger3UFxjgcH4k,bitcoin
1218EKAYdyTM3Qt18SWYtAMiFh5oG8U8kG,bitcoin
1218GVwu77HqNravf68P7ohfJSyPdspV88,bitcoin
1218GwR1UerKJ9B9qH6Css5LAZHbcqN2B2,bitcoin
1218LAVGeYA1Mi6BuVDtJL3eAJ2rXWC5kC,bitcoin
1218VyvjHnkYBDJm1P8ABP3VieLsGm5Joh,bitcoin
1218Wx6zZaWmeRunGYrBfcyiggeMnuN6H5,bitcoin
1218b7kKni7v32XyrTMLU9jT6N1Zt2Rmat,bitcoin
1218egzgzXXXEdkxFgNLiQs57nWYGEMWeN,bitcoin
1218ehPj9C5YB98BXsQWPX4wUddc64iLVJ,bitcoin
1218zpRhZ335WEDcXx59ZdHAepp7P7jAfp,bitcoin
12191qZtygEDxwuAtSpGuwjjCAnXTHQuUW,bitcoin
12192RoPzAm8r9SS1uPKJfiAYmGmqHUKBH,bitcoin
1219AwoW4XYrhb7vW64CJ6ciPVAGs5hzhq,bitcoin
1219M8ZP64tbvCKCi64qpZakhnZgDKG5wB,bitcoin
1219Ud2cjTZZ74mAYGhMT9sRnwDjZZag9L,bitcoin
1219WixLfFxvU4fRGKY8PhgaiUQpymVfiw,bitcoin
1219e15fc2ycCvLjGGZXm7Hg1VA8RAuz4f,bitcoin
1219qmBoBZPrJ4FhhZyHe9Jhx9AeDXWHk2,bitcoin
1219rZQg6DyGedm8VtSRTD7fsmuBrhA2xS,bitcoin
1219vq92mJ4cM1jpbPDKmjrwmjpQ6g2HCr,bitcoin
121AQLNjYbCezGdQiExdr4a98My7kYgbTu,bitcoin
121AT61b86KGC1Nx2zVNdTDreyMwjZWbdd,bitcoin
121AVDQiofQKezfaZBRY21qDphhuBM48p8,bitcoin
121AemeVDFTfuSkYaFw1CtoUqyyFj7CyaY,bitcoin
121AiqdDg57uLUdVWMwybojKRyGPZQGgqg,bitcoin
121AqERtLje8ofZxxEqnxYyGMamAK7Tf28,bitcoin
121AqyhQXAvz6Ci4oXewTFpGszVedpsmx2,bitcoin
121Ath7ExKFjTDbtJu6XRxqLnGAsot4JRC,bitcoin
121BAknccY41udmphpubXo7cdxQDHTpsro,bitcoin
121BAmZwgSFsZxaqEpnSbtpyjjVuEqv8hw,bitcoin
121BGkjCEhRu6MnQHUUKjRZUXzyUGwFh1L,bitcoin
121BRNy5GiAd6dRvYCvSYxMPZgXWYKTJFh,bitcoin
121BT6rdwNEsvns6MEXkKsjZkqiJYrTdHV,bitcoin
121BVzPshEBRKqaGVp8F86my87V3t9agXP,bitcoin
121BZJVdGZwsTS2KGBULwKofxUyf2C7nZD,bitcoin
121BdadLMD39oU7sGSeH7z9kD5LvXe7eLj,bitcoin
121BhhxttvbdwxDxS24E6TwJKwKg4JHXdD,bitcoin
121BnJj8PR1wLmpVKHKG6D2ngvV5CpHXHm,bitcoin
121Bz2hN3kXRkEktJPCCXjgHoEfpWRhb2k,bitcoin
121C751cVpXZf4p3EWLk5Ux7DpNZRLBSSg,bitcoin
121C7K1pUvmD2GoqHSfmUtRJbsGuEiFktT,bitcoin
121CGDywejtPdspMnLvcASqdqYcxPe6ZsE,bitcoin
121CM71hA6nvJjr3qvxXHmnQ29QXLHiM3j,bitcoin
121CYgeMMp1SdVTWLrkj37B7GmkXN9m8km,bitcoin
121CaoiNis8nJLzcQcGcPJAJ4yCDGkbhd7,bitcoin
121D9kCy3m7jHm12CQ1TKCzxcDkQwNyB51,bitcoin
121DBbbiK4kDgQSWGwnxkafYLLThQnZhoz,bitcoin
121DHAaZP97rw3ix94WSaL9zxhukT1rHuF,bitcoin
121DVbCYSuEwNbNVqv7n8ct5EvKP2hfKYB,bitcoin
121DWd9BPwe96bZdtmYygM66Pdn9RsUwwJ,bitcoin
121DWzW6dfYGoMJXRDrHA74t5JPUyrtLCb,bitcoin
121DXTDZoaUYRhQRt9d7QETmJHHA3L2LYH,bitcoin
121DXo3fRL3Byd3CvyQo6gjUYmJTbo236q,bitcoin
121Dek86VCfpi7PEGCqgrr6PAcEKSaHuwu,bitcoin
121Dgwpmfwcs83aPSFdWEfPmYwxyyGYydu,bitcoin
121DkZsRJ6rBxbNzkcH2f6y591hQ8uj9gB,bitcoin
121DnXAgKCnZfrmkyQywE9Ezhy6fSpjo27,bitcoin
121DodUfyryoQYzJrjHMfuiixw69WoMRc3,bitcoin
121DqKZAvowLXA1XQoxcXFzdYPGbZ8SYik,bitcoin
121E1cPg8XHZj835H7onjVHW8f3NvCbdHx,bitcoin
121E6jRMuRUodzcLk5zMPMA4uVK27JJCRW,bitcoin
121EB2pTA7SX4JQa6RFxuZMWDLC21FwM3x,bitcoin
121EBqo8er2q2Dop7fcYK1jfEQHV94S4Qj,bitcoin
121EMqytxC3Qmfboyaq5wkR4TpJLyJsuXs,bitcoin
121EVWE6egB6w5Rw4bvr22VdpmZnoxK4F6,bitcoin
121EdvmRKv6HB7cM2H7povzxvNXjRbyAfZ,bitcoin
121EvvRyaJrJH38Hi6MUfhS29eYzX3BnZd,bitcoin
121FPBHF2237CNEzVcgDpFC4DAYMRpN34w,bitcoin
121FX5S5G3UcokGaq53M8XAx4VdDHsMJYp,bitcoin
121Fei87pGwgNX9jB5YYTxCizkxXYUdnK9,bitcoin
121Fku26BxZ349hGDv6wqPyHEs1qnULAC6,bitcoin
121FrpAUi65G4z6yHRQjtVkRbHSGwsXmaE,bitcoin
121G2kqYPjb84V2GqAL1ScY8Nu9rMEaL3y,bitcoin
121G3fz93uaqpoYmANzxyWQmDQfUctnxZx,bitcoin
121GBwHFkQLuxutU4nRySiH9daZ7suDD7r,bitcoin
121GKCSZMEuFH6nz9WqFgMjqsgvjzTDzJ2,bitcoin
121GLaxtKv2ppL3rJg1K9Ysn6Dogt8hYAs,bitcoin
121GRJ69RYdF5C72zskfEnJ6HLQMQCpVVW,bitcoin
121GSFKiWF3DL2ZN9GFZVVEtU9yCJqP3Si,bitcoin
121GX68w9CNkzmrM4dHQow8nmgfHc3qj7h,bitcoin
121GeRsSLE5rDjSHAeCGf1Ha18hxWPzYqw,bitcoin
121GjLpLtuekPVfTGD96tfDkttMHxkmEBU,bitcoin
121GpoNSRvokPvds98knywBDnKYFyXjsyW,bitcoin
121Gv1LN7vYSqPJxDGg32tGfQEvKueg1o6,bitcoin
121Gwa9uyKDfsZXS6SLfD4M5gqWdDo3AQw,bitcoin
121H3ocHEh2xeCttXFa866w1LMssLTbmTL,bitcoin
121H5PscxWiY3QjCkfs2Z2m7sLQu35o4kz,bitcoin
121HNFMNJHd2JEn2mwGSzuH8bKcy7epnZ6,bitcoin
121HNw37uXVHmGfVhNi9AV1KrAWcnbRoSG,bitcoin
121HQr7q9sNqHT8xyvZiX6USng47XdWTCh,bitcoin
121HnFUjK8VMzk2xMZwSe9sgzDoKKEQXoR,bitcoin
121Hp2gYAKZtotuQBmfTnSTK4QE79B4Gvx,bitcoin
121Htj4bbVH369jjBdhGW1QbAcHht3wQio,bitcoin
121HuGmJK4JK9FMdw55ZLqhFv4fn21WPpS,bitcoin
121JBwPL2skxSgqpkD6nSo6M8dQQ66hfCx,bitcoin
121JJU36hiXxFkgHui5UV3H5XX2VEKsTar,bitcoin
121JL9a9hMuofcJai7iM6CF3opF2PqWvXa,bitcoin
121JWJF44hRoRnVxNvAGLqYY5FFZAxrxrf,bitcoin
121JdpToLn4A5VLNYiYDAe58D5Qwj3yRpQ,bitcoin
121JvnNS566zvXXKxcqyj3iDLR6rgYCTap,bitcoin
121JwXygmvogcZsEAXF9FHe5GJYuSRiNg6,bitcoin
121JxLmB4YeVPB6hBat1EwqZTnZHmpNefc,bitcoin
121JzdJkryRmgVJ6vsyPGvXzX1zSgnQtt1,bitcoin
121K6MNVwnLmw9r1rtGWzN4TEgwUkd3kGi,bitcoin
121K6zUSeFGuG13NEEcRWmJQGUL5Yi6X8A,bitcoin
121KAyzHCLot8cyPo4oBX4ANcrYi1npHtW,bitcoin
121KFpZvAKQQZa3kWvSqiMPyJg3hZkMcVw,bitcoin
121KHS8UNpaUDacaz4GpaVdCWT74ia2Fxx,bitcoin
121KJAzcjH3nxHGNf1pa9yC9aVEYqZbFtu,bitcoin
121KKQgzkZbGcNAjD5KRkY2GLoDqo3jgqN,bitcoin
121KNAFW5o4vdwZn2B87JCgZTaVHPVzpJ3,bitcoin
121KSzJMS3s2fJpuL5Wa15UYD1ncnLhcDr,bitcoin
121KZ8igHB7q2Mg3Js8tKtKUrGCbgDTQia,bitcoin
121KegwDnMd5NL4WzUdCn9h59G9UGenkLM,bitcoin
121Kh4Hdac1JnfocPo26zVLzVZ97R3xMLR,bitcoin
121KnKJvPbdiTnVNd8HV19XGGumNoqDrXq,bitcoin
121KvpETALBWgt6nE2TEU12rjEowW5Rd2A,bitcoin
121Kwe6ARTa6nw5KWsuNoWNF8f45cydpVe,bitcoin
121L18mWWmRup7RoAGJ19L4uHbVv4qrsb7,bitcoin
121L9TtYd1VjTc4UqVCqJQzBcEnb4n4GBb,bitcoin
121LDBFEgo55cT1AZqeK77UhqKbyRsf94m,bitcoin
121LKv1XgoJtjKAdT5eVtNMQumnRegw8Hb,bitcoin
121LRSn5rFchBxGmndQmuh3GxSwQboTsq9,bitcoin
121LamPT3HFXdGtN1QrRPNFmqnRMt95BZG,bitcoin
121LbMmn8AebwVxH1e52GTnAf2NuYtuP17,bitcoin
121LoeXvh76JmSZMF7ZmU2pEfytBL1faLr,bitcoin
121LxxtPguhXkzmxUqtGubFXuBp83BY6CN,bitcoin
121MVBvMFd9e6tMws4xcKtzckii7MwjYRa,bitcoin
121MWGNZiBRqmYo9sSMuRw9bfijGEqdySY,bitcoin
121MdnmP2uRXLindi6PibXHoFPzS1N2EBa,bitcoin
121Mf9uz74L2hCq7zeudu8QezxVkeSeNKz,bitcoin
121Mi7Xp8xAn9UP9Nh3eJwBpQ2HfovJSk6,bitcoin
121Mn2M7DWomQtqqDrr3449n681FZgxdeX,bitcoin
121N1dmu7wZx22foGtCLXuGXxrBSjsqZTg,bitcoin
121NCeyg3n5eQbpS3g5pbGJAiTauD3ntiV,bitcoin
121NJf8TvnbrvPJZ7MvXoHBbUCKWvQmvLx,bitcoin
121NUqra5S2kbDD76vokTtTEJ3Q5aZFGfz,bitcoin
121NXBg22QzNEhgEUNzjN5jE2qQrrFSans,bitcoin
121NgtNgZFu6dA4KR3Prs7KXwpKPYWFZNa,bitcoin
121NiUQaog5FNz3NWYuBEqH1hpzPTTQGo2,bitcoin
121No7QtRce2A7NYh2FCJVRsRFcDaSxXzd,bitcoin
121Num6EyzPiXCePgRRUVnMcXpEVXwVFv7,bitcoin
121P5xhtqrJh7y3xRQUcXLKzFEEgaq6bdY,bitcoin
121P8WD6VFFZ3tEtsuDbfKV3bTDb8ZN857,bitcoin
121PLotW2vot3jziXUinMC1wGJkZ28FUf7,bitcoin
121PPY61LVAG7iKUDUsx6EmRxpMG7EEC1B,bitcoin
121PTbeEE4Vf3JsCQ3ia14oEKetHdHYNZd,bitcoin
121PabgFkFZc8X1Bc8AMWWQ2YArrtcjGS2,bitcoin
121Pog7NXUCBj1G4yEpPWqUb4FdXYpdTnm,bitcoin
121PpVpKfUYxM9JTu4tirXhqTRMYzbZZUu,bitcoin
121PqwZ3a14MppJjSzy8Z8DnoJrZkdDoF7,bitcoin
121PuFKZ1FV2i2yt7cHHpi9nzmbobdY3VD,bitcoin
121PzzCgHQoyQun78HuNhQibKE8HcJH6yu,bitcoin
121Q9nh19wegHvtzXErr4gKWdh6uTj2kSF,bitcoin
121QGDGYQK7HakcH8jCEkAWzUGVJocxLem,bitcoin
121QUHjiEiuV36bXMt9juNdteJ7QNfc46i,bitcoin
121QVwdgdWDrWniUzMr2DLiRZXxoLB1iyo,bitcoin
121QgNDMnSbYju2UhYhUhEktsBG65hA47x,bitcoin
121Qn2cLxj8kq9nweZGpVSZt8e6LiELNG8,bitcoin
121QvFjdNd2gXCqaFiZm3UtxwqwkXSpDKM,bitcoin
121QyrycSPRthR3L4h3UHhtsp1hcti3Fst,bitcoin
121R2Un7A2qHizyeBxukg1wZgZf4SHCELh,bitcoin
121R2mAr31Y6PrJ3DRuiZkjCNcuAbDJqp3,bitcoin
121RBEYTwz4pTtSPMjDP7E1sZF2c5qv8Dr,bitcoin
121RLyGXFcaxuyW4VSushKzUAMxEmt2E3t,bitcoin
121RNWj87LG5B5xbpi7g88R3BzpoSjrcNg,bitcoin
121RTaqb4UFvgT1BwJMyDGyd8kK2cEcvCD,bitcoin
121RhxDRz2HRFCbteYG5jY5MuyAcFeSXFF,bitcoin
121RsNAN82aqmAioVnZ5QsDYUZdY5LGfK4,bitcoin
121RyH6ihdfrPwwgKHXFC1LREZJbBntCLj,bitcoin
121SBDWhEgvQyNHjk7um4BivrW6M5BDZLX,bitcoin
121SRQJ1dTeJqb3G3x1hEq8ycs86WUmp88,bitcoin
121SWFhbQD8fsH7FRBiQ3EwL2oMGUAvL8R,bitcoin
121SdA8tF2nz2QSrHYMhrG68WgHxRYhw7w,bitcoin
121SkB8a6xfdvdXfPjcgzjkbz5j9q383Z6,bitcoin
121Sqeiu1Lm55mPLpzNvMcGmMVsXKC62VT,bitcoin
121T1k7jMtBc3UTM12rr6NUbpUDLUQL9Ue,bitcoin
121T4Qs7yxZFzRoVZCezJ6sSZs53dJHLpL,bitcoin
121T56auY9eWicHZxLZZ5X9caXrdB5dmmq,bitcoin
121TFNHmVkLwfLMvJYTaxGeEo1EWxZumNk,bitcoin
121TFbcrpYnkZjp33pFeFoe7cNHdidsxmF,bitcoin
121TKpYdoXD4sCJ5AKehpF8HP2dZznDWVS,bitcoin
121TXdyxTN5wX3hbRuEE1RnJzpQR7A8YwL,bitcoin
121Ta7oaftQbUQ7jLB6bWnSacRaniNVE1F,bitcoin
121UgbvtVmJDwQhEkJdgx5m7YBg2S4SRfd,bitcoin
121UuDvKE1XQdxXvS9VPQA8dkNkcvJPNqD,bitcoin
121UyzHyEej2MjUwMb8KEM5bTcx4L4i3q5,bitcoin
121V5UMRMJbMKe4F1329CZt9tVm6W1GYVu,bitcoin
121VR8qGoJMuE8yG2Tm9Tkt3X6WchD6HcA,bitcoin
121VRsXYwqaSnmsbXrgq189PmiDiBoMKaY,bitcoin
121VgXXr28584xGb12hSrf2sFDK78sesJF,bitcoin
121Vgwycv2RxhibpcMJ8Zqgbu7EF4PbCWq,bitcoin
121VivnQsrKbKbw2yVEiXCcAP4bY2XqBeb,bitcoin
121Vksc9jEmNFcRnsMjqA7vCxd7Qv37qxv,bitcoin
121VtakRHhAXDjb7aGrFyajhCJKfBxPytz,bitcoin
121Vwep3wRTpUG4gaCjGqEG5k8wgRfwtWP,bitcoin
121W2MSN9h1CYKUpJRpHNEyY7KT55BEzAX,bitcoin
121W37s4ZHPuxg6xodeoamtaDJteYLXqx9,bitcoin
121WCj1jPnDXTbSrDsE91SwP55Rc47A6VV,bitcoin
121WCtUURaRVizXiFpVrY4sWo6j4zoZmcU,bitcoin
121WHLZabBohV78JvcQ9wwg8MEDeuXAh66,bitcoin
121WHtB112iADZErYhuFH6YBebkZEovv2U,bitcoin
121WKVGkrvsoJUDWPmtH5uDXPqQNaSqh1B,bitcoin
121WLRmBJsUKdn1FcvTjP7Jr1HanMaXvUc,bitcoin
121WYPsz7A4jXHMGjMZepNYmHwtw5mKVuH,bitcoin
121WZHKk7tYbqsgTMBoCyR3eKHKbJyz1bc,bitcoin
121WackZtfgRJchQsnDRwLbwA4WYNMCykQ,bitcoin
121WiN6rk1jHcouMUBE986cYLVyShZL54F,bitcoin
121WogL3vUU31xwH7KqU4fzza1FhbuKEyg,bitcoin
121WxDjvaAhzwgKSciUZ3UnMhipHgjzxof,bitcoin
121WzgYPFWhJvuzPoPcyFJjvDWuRvdpD9H,bitcoin
121XBfyfEKrKHGQkZgMHTwfT1NzoCaTJBz,bitcoin
121XDC1wXkFtszE1aFGyo1ZmoErzXU8yHd,bitcoin
121XDYfA9Eq67SfbPT2jHCe8a6EfnPDH7x,bitcoin
121XFYaQD8ANPFjKwUzzYMC7n93VFGrT2m,bitcoin
121XGdnFgsyPip29747Z9Eza834wRc67UU,bitcoin
121XHXho3v2GpZWfUE56PTkMwAnjihouMJ,bitcoin
121XZ8hLu8SkMiTbGt67jYgVHPRzX76NUb,bitcoin
121XfGK8Bm8baLgMi8TtQJPDLw4UP6FKeu,bitcoin
121Xpk83WbkVimgdYwqzoJN1eXHtdHZTjW,bitcoin
121XxorFzuyrZRmFJXbxdmzqogqy9S95tF,bitcoin
121Y4rZPvXNN5v9YXLExPsM9bBNnCGYRvQ,bitcoin
121Yjuk4mic2Y8Xs2XN4Q7FtjPPiiSEGwx,bitcoin
121YkMaL5toWYLrhxaQXu2E2yBJLuHy325,bitcoin
121YoP6b7ApmcbBiVnckHGvVwsgX5Ee21C,bitcoin
121Z4pmhY1nYvq8roUQtzCZ8fQcCx2vcWn,bitcoin
121ZTuae57vmRS61DqJeTZYisGHKHbioq7,bitcoin
121ZUEb8erLKw4v3jCB885m7YDoswChbxT,bitcoin
121ZZLMHU1WVQekpdrBo9otcvArLPCcpTU,bitcoin
121ZZde3qnW6FG1gKZppmU7D24uaii8nae,bitcoin
121Zf7wp68S7ZUDgAVHHqbGzxJmQNiRHKb,bitcoin
121ZicwtMCxynCHhkcSUURQG51pcqeBYgK,bitcoin
121Zjbiz6Q8CqjmmoCzQHX5ebVUc9mDYuN,bitcoin
121a3qNpJ7EyDRqYEq5wY9cjwGhRUxcSUL,bitcoin
121a5y8uh9ZVfTHLYFxWKtfjQJMiib2Yue,bitcoin
121a9QypGmmMzUH8ZBX8xBW3R2PGbquCzX,bitcoin
121aK8bnRRi8WLd2Gz4PVS8QQ6ZkYAjwzM,bitcoin
121aMXLEj3EAidvAH5Wg9vxd8NuE7xJpQ5,bitcoin
121ahPpEXDFP1xyn6i5AH3NHfwrqyLA7ep,bitcoin
121ayD1WeaS2tu5UUv5Ndb9VHauVQFVhAv,bitcoin
121azUGVEtVnJQqrN5rYDPkvZ5JgjFXUkt,bitcoin
121bCdbNekdsxnLwVmkchNPsu4aYpgBXT5,bitcoin
121bJSTTJQ3uiMq4WYNEtTsncUM1toLHj6,bitcoin
121bQFtGevfmpxiMtjfXZiuwi6yZS5FJzi,bitcoin
121bX4r8j1BYKDnrpcA78wga5GAacrQYNm,bitcoin
121bZXLERiFaebs6C8MooZwGcMRK4z9sEc,bitcoin
121bcfEBLUKmaHKPE5oPU3LK591LQUpxcT,bitcoin
121be8DyVM65MjipCuGut1R1sCgh5vMyCz,bitcoin
121bkosx5LZAz2hfgbg9pgzjwmdp34Nrbz,bitcoin
121c269jFKzo4TpKGH5HFmuTFWr9RAfnvS,bitcoin
121c5abcXZRiMTQy4C87HMmTw38wmZ2thi,bitcoin
121cBJrP3g84pgcZtX7vgU6XpddvAjGk4X,bitcoin
121cSPMV4NnNPRFM2L2CEqJpmu7srZE8yd,bitcoin
121cSjCviX2FDYLq2eTWwaKQGNfkk1KsKG,bitcoin
121cTqQTUb8mQmaGVjdtvQmtoHk9Eg4KDu,bitcoin
121cVsAgcwN2V55bLxYeMmJKyn8QKcg3tM,bitcoin
121carTXJzZVcjxe9ftDjFco7cCYPvFpw6,bitcoin
121cfUf1Cpac6yBDb6CfgL8rLGV5cJAwua,bitcoin
121cjuLcgrFfPJ9EAtpgk8DwoxPx3MzLvU,bitcoin
121cnMF1N5EQQawGpH2m2ufdFVgiKSqQaq,bitcoin
121cqTvjJBySJ4N9Z6kco5dDzuVK2nWfMi,bitcoin
121cw17BqVKnvds8zsQYeHN2gLYCu7A4RK,bitcoin
121cwjSdcP2Pin5Up2e4RVHnkE1iLeAqD9,bitcoin
121d49R7bTweAp3CBmUTbMDfjxLLNyjbfL,bitcoin
121d95hLB6eTVUUQb4TgFjyycSLbxCG63f,bitcoin
121dKZHvTh2h5fjuYYyrYALqkdX2avNR81,bitcoin
121dNb8qdSPhgDbjTfYjUwqTmw7C2m1wnJ,bitcoin
121dTbyRqQWTL4ZoWqTUbhH1nGcufPxZoC,bitcoin
121ddKsL2wUtkXaDGu4iUey9KUpDdS17PF,bitcoin
121dp58oj8pzvpeMrrWuFRxXDKQu9VAQ9e,bitcoin
121dpSW8JPTSpd727e8Qdqa3RKWtEFFSrX,bitcoin
121drsdnUBdJ5dsD8Vn4UZqstStAp2cFKK,bitcoin
121eK64APK5uD1PKdFGCEPVqt6BSe2f2ew,bitcoin
121eRPfwXqiqN9xQupZSqidiGReobJsEdi,bitcoin
121eVDrHQLzTXTrA9jaPBsCGcs7DTuSBXe,bitcoin
121eYWpGTDbhSroJhw5RWH8oaJgZVjNjjN,bitcoin
121ebgLYSkxAT1gyMcM598YrUxcFfiohAR,bitcoin
121edZv88AVaR3raLwt8scBwvxBR1BMrjs,bitcoin
121egv2MNr8jFu7ASU4TJR2FzLbf2sVoYk,bitcoin
121ehFdYe6d7hxo6KYEtAUDPgZGFVbcAU3,bitcoin
121ekXtw4dk5AUMFgN6njvgzMxp3abCAnW,bitcoin
121eqTr5jMQ4L7NuuHJYMm5frte7KsHnT8,bitcoin
121ezLaUUWnw52YeCaPtNEEvEo4hUV59pD,bitcoin
121fKF9EeZeCPXwJNeQsFJX9pX8wXXWxhk,bitcoin
121ffH2aq6FgYrTWaYd9CMyRcjrChRCsci,bitcoin
121fuTNZTyDyZ4ZW2PYtreaUDGG451zSYu,bitcoin
121gJX5AWKtyJrJAc5V2CX9bq41onNdq62,bitcoin
121gUHYrVudTrzfD4QXzyep3nNgGBcAcKm,bitcoin
121gVh6Ua86Wp4hyZdAmQBqpGXPzrhVe2m,bitcoin
121gdwssQUcV59f11g9u6MMXcqYLxuY1W4,bitcoin
121gfQ9oj4RmKEK1yTsbRS1bwPm2X5JEPd,bitcoin
121gopWAu2KVmCp4wcqFdRPh2pY4R5zHit,bitcoin
121grw7WjqjDm25bAmVUzeg9z6r5pGqbXk,bitcoin
121gvafVyCMdnJmmdFHByxRJbtBb7uLqjE,bitcoin
121gvehLWVBmW6m6vWEbjxKPpQzGhEW6jS,bitcoin
121h9GXeWJsV8oKwnMt4Kfy17hTiqCFZ4M,bitcoin
121hBCQoMCVa9CoR8CVrEju49Uj3mU1XP5,bitcoin
121hC7RxBrLnA9z8bk5Fc2WyK7k9ZxEjtE,bitcoin
121hFBjLT4Am1gFb91DQMFd6S5XMY4RrzF,bitcoin
121hHZT868gSt4A5fW92GzmR2Qd9eiWR2r,bitcoin
121hY5d1ekA5CVtwrMxBSeMZkoEwLXR7CY,bitcoin
121hZ6wpTTEjxsuH89knECfJFqkDaNhyhF,bitcoin
121hcFZeAxfCDS4uHk441TVyYKGHe85uXW,bitcoin
121hdLZ3VJpRcgxiTguyB7UJotR41Me82S,bitcoin
121heLCf8V6LATipcbsuvj7PBfYGHhA9Nx,bitcoin
121hebjCDU59Hgf1bvvEPjEn8KBtkv2BjV,bitcoin
121hmFGWzq9sLHisApbUPB6FrXqLRgJtTZ,bitcoin
121hvMDnwsMJsD6qB1bisQ7bSR37JBTtVo,bitcoin
121i6h2c8hVxeWm8TBFNGrTS9AN9o5Uays,bitcoin
121iBii2ZqSk2VnMJiYcUZMnWNUxYencv3,bitcoin
121iFTLY5xqAZCy5rK7C6zVT3psKwFUsnp,bitcoin
121iJ45bcxpxdQZ5qYzgFYrQqdw45GreM7,bitcoin
121iXveTSYJpUSnRYALVF8dmpCbULhvmVS,bitcoin
121iZqB8Pk96rejjAgdqTLypTL1capyp5H,bitcoin
121ieauSVH99wF4PuSUAzjbwnaqFjFJMaN,bitcoin
121ijaamohWMP79Wsipa6gv8jhoyJWv4fy,bitcoin
121ir9aBJNP66v6DSsDc8S4vv9LM4xpN5E,bitcoin
121irg8vBSbwytj2FQojze3dkPffSMugqD,bitcoin
121jRhsuAAFVz9XkHJbnTP7tjmRQSuThPg,bitcoin
121jUSgC9UFxtrP5U5nHmMRuLM3GubnTak,bitcoin
121jWHHriQPhRCVRTvP31rqYWAK58vSQSD,bitcoin
121jYU3eGwGScpqCbGpvGbyCHZcU4PSAgQ,bitcoin
121jeKRNGgfZkLs4vCoeZY8zUiBi7ktmVN,bitcoin
121jrTbLc2sqTpLEBN8n33g6LUN3YRtPPU,bitcoin
121jxcc59tFWpdG4qh6BtHZdFp52XeupsG,bitcoin
121k64URkHa7q5UgtsFjqV1PbjfoHKbeat,bitcoin
121k79jH9iEdMvTPyVCP9pKfNSreBR3dmY,bitcoin
121kE5wSsdBxwzEjpRTqmaifzf9QjjGGAV,bitcoin
121kG5J5eQcroBVN5xeb2LhWVvRAJPz4Wt,bitcoin
121kUWBWoi72RFzkMq79Q4449eW5LwURv6,bitcoin
121kcAujvnRTCs7CABDpk1oVCaG7Ck3pdg,bitcoin
121kfYdhcUq9sjN2SZLYUeGkRD7ZURSnVg,bitcoin
121kgSUBvoUWh124oHVLSfuTGhQGNJ4vKP,bitcoin
121kqcze5bSi9HkLo3zogMkBZTBJLnYxaZ,bitcoin
121m4Sb8s6qMDiLerd74SioBnCQCku4xdg,bitcoin
121mBn6GAtZzZ9wNA2yuaT6x64JBk3hRH2,bitcoin
121mBwSX6N5yqPeLftPvXXbTtFztQLfTH8,bitcoin
121mHCFsufFYfQavG4LeF2H516XY7o1K39,bitcoin
121mY4KuS4vcLG6NtdfhsXobt6rPquRcJq,bitcoin
121mZohVDcj6JCBeqvYHk6JnaJUSE3MT1w,bitcoin
121mdULhUFEJafPHz6x4CULZKdpG86yqzv,bitcoin
121mfM7e4XvFKXLkDwNaZi77PCPdnQshuR,bitcoin
121mgEMkz3C2e2JrHDXUhNWpkvVDsGriYw,bitcoin
121mmLV7LJNHsv23Gx9rLxZxHvDEJxpciT,bitcoin
121muGTmaqB4NQNKQ29mq7p7UCtaqZjK2y,bitcoin
121mzUT8eo1vVZ2mnEZC85BWH8X9vCqXX7,bitcoin
121nAPjdQXetSopEYy4ax1A5DcVSuJAcbd,bitcoin
121nSxv4hKBGcQYszHuZpqiifszPPur7r2,bitcoin
121nfwzer7M8UDJUmFidvT4NPxNdC8u1Bg,bitcoin
121nyxEqnMxpJs8aSW1v9zYAthGnVPGJzh,bitcoin
121oBUR9vJSarjWPFDR3QGmogvs4zUz8gr,bitcoin
121oCSU2TRTdNJsLZn6bQsAXvUxLfNKiqE,bitcoin
121oEtbmBkFU8j3oRHLZeLommfqAFPSPY9,bitcoin
121oSPUP1ZBhdng2xot1gwnPEBYoD1aXDA,bitcoin
121oTx2S2WmHdDAAJaw569jzDCbPtpmRYZ,bitcoin
121odMhEAM4g7sXo5MJXL6qi7ce4HzwMrk,bitcoin
121ofXDdiULkLoETSRTeqHxVxx1MJgagCJ,bitcoin
121osip9aXqL7xmPrASxHFb7km4zLTfjHQ,bitcoin
121ovH3Z3fUKsYMX3mdgkrrehJppqhfqFi,bitcoin
121ovxusGkefoPtSTzwp1CCpbvt8KVXJoU,bitcoin
121p9rhqCfphFPX3tr34pyk8u9AcVK2ebW,bitcoin
121pANbQHUsrYFfY3UkBmJZP9usGm1N9ii,bitcoin
121pEFSD7fYM2eJpN2U6s5mH5XNgngda9K,bitcoin
121pW9fZobagK5nLzUQLB6A6D5FXn6TQ75,bitcoin
121pZnJbp8apKG1vwzgtQcrkdoutQ1EbP6,bitcoin
121pd8WWE2YDq9ySV3B2vvjTty8tZViX53,bitcoin
121peF2cdT97cijhCp7SGFeSmPFMdnfCka,bitcoin
121pwB71vr5qRFmRdQVw9okdycVDkTquFZ,bitcoin
121pySSYUkJ8UeB7bjpho4swHf6BrNL3zf,bitcoin
121q1mQ4mKwyJr4CeXM7LaFMBU4LkGBrgg,bitcoin
121q24kV9oeybZF5bDZ6bBy58WgL9akToA,bitcoin
121q3ESw8HL76CXZXiLkjaCCmLvF3P15uL,bitcoin
121q8UHCfYP1WLmhbu63cXUC7eRjxLZHtq,bitcoin
121qAbvZGwDS1bwTsHgQB2Peyh5YTRnvuR,bitcoin
121qEG8trbA6iC2HbxpEWnxig22KsfaXgE,bitcoin
121qMEKXMfFg94DcWy2GwyN7hJximJj2F8,bitcoin
121qSdN3oqooAMYupShwQ8QmvDbKJNmQ3h,bitcoin
121qTnMBWcAf7TdgMjUFetrpP8uad7iX5f,bitcoin
121qTqvy2bUTb8AJPVTnscyX3Xg35RPx1a,bitcoin
121qZ1nsC452uECpiDZ2uraYzf9wJvb8qp,bitcoin
121qZTioRHDgoXKtTd8H1f5Pd3Ada4e9Vr,bitcoin
121qnyNZuWRXDqTiZMNBLmjKWZF6UsR4zG,bitcoin
121qp48dFfGsED9EGWcJQNMnebvDz7QEV6,bitcoin
121qxbBNsvnfbFrwKZJcEKKz7bDbbZZgc9,bitcoin
121rFcCnmCrXScBqk7J8pGsojZEU9qGmvp,bitcoin
121rG3zQpLbXgZSrE6Xrq1KUwaCir9cgwR,bitcoin
121rJe3QbqYMyh2kC4AqYFhiXC1ydhpBiW,bitcoin
121rN2i5V9SQXTa4Xi1s3KurTdiJwX3UHN,bitcoin
121rZ1kZxaWyHyNxPpXUPhJT6vqBM8bqJP,bitcoin
121s9rKdCgZoBCaPoYsZVjLK55R4J56yxK,bitcoin
121sACSQ2b6hCGkFtDkoH2otVFhMQRDrNU,bitcoin
121sCEAzKn9nTKU4QZ4ybhKv7ftuWnhW5E,bitcoin
121sJLGJnhMdRJRgSVpgwD8WuPMzkSJFqD,bitcoin
121sYgzrEooKhnNKaAkTSBfvA95B6ihvL7,bitcoin
121sjYn2qU1wHuMYWbps8QeSPWLP94qyHT,bitcoin
121sziKKJY291b768ddizJ1ryc9fzrijv2,bitcoin
121tFR6By7kVFTNxYt4nbphh3kN1rs9xYx,bitcoin
121tW5Hm7jeGB48SYcGmDoyBJvHehkPGLd,bitcoin
121tXMajwoPr2XvFSKJxxD4tQWN78DYR8i,bitcoin
121tgZ7oKWbtAqpnhNjgbDBGEAReRo3GMF,bitcoin
121tiHeMSJbcxV5hLGa4SJVh9VEX2rfZR3,bitcoin
121tqxtKm1MDE4EpSinKV9spUtKywRUxp5,bitcoin
121ts5voekqpXayAkiDSSnaSxTzNZfScj6,bitcoin
121tskN1uSZAX1bBvWzykRckLx1XLEqSTJ,bitcoin
121tu13TRxSDGRB2UJgvjUdLZW9gbPSADt,bitcoin
121tuX2eKDsV9tF7VrnvLcS5xjQgWuMg83,bitcoin
121tx2ewswKemv59yxam6wPKBKYrWcHCz9,bitcoin
121tzLM5br9r1dufaACmbS2PQSNQioF9Py,bitcoin
121u7JDxpVXVLSuaNGqX417fuTCnVAgekJ,bitcoin
121u7QUCT9Tf48UFLVdDaDUByDucvcSBjw,bitcoin
121u7d2oBBYcRMUcV2gj1WfnP3m6RMi2bo,bitcoin
121uDisSHH5tvhuitxK2sG4UG9Z7pi2x4s,bitcoin
121uTgfa7qAKtX114K5iSN15pb2Sw6KzUc,bitcoin
121uVZwiGaMjNvxix7M9a54iehQyM4KEy1,bitcoin
121uXnxPSiUqbYvZhNsKeZgiZYWjdipgqA,bitcoin
121uY8Qk4v5aUVq4kvYmwRd1qheqmBmijZ,bitcoin
121ucALcwgg92jJog7qk4nbNBDDdzSVoMv,bitcoin
121uitQSnU3hyaNoR7gzYjiGpnK43vZ9jr,bitcoin
121uni1o2QNpQ17dhq3Ri1wJxNNkuf9D5d,bitcoin
121uun1rcyoSTv31bzzDcGaSxFksixk5Ka,bitcoin
121v5dKt5ue9fyxfPCp6kCDgroRDxVJ2p3,bitcoin
121vFekchto9B1dw5HNWAfrQeFEiArmzfh,bitcoin
121vFocZMtitnctZo4FDkXF3nUygGQ1S8R,bitcoin
121vHFDC9a252SpQSBZPTrf3w69yM19wLn,bitcoin
121vd2NCmbDV6yAzJcNK8mi4QmoRc1ZomT,bitcoin
121veWdHXttDsueFZFbXsUPxm9emihRvGk,bitcoin
121vg9832rCcyajVXsdJDL5FZWZp7LsYmC,bitcoin
121vhECJnf6VuY4u9Ri2MyD15NygiPaczG,bitcoin
121vhvDaATS2xwoGdMNYGnF8p9vPU65vP2,bitcoin
121vuMZQn7tkecxQ92HLVqmBaPxgr7qrH2,bitcoin
121vzqfdF8fdHhv9uBPkt1LzV8QMiNnsFz,bitcoin
121w36xyG7QLmfQVUxHLdaNPYV4oKqqDma,bitcoin
121wEt17D27zAACuZkWZdARDkcvejPV3Y5,bitcoin
121wTJyEJxMHHSFYUmGkn2oj4tYuvSuCZ4,bitcoin
121wX7Sqp62Hy91HBNkUy6pzbZGVgVtWj6,bitcoin
121wZ4wr8Td3r37zuwpJutRr1ibb1uxcjM,bitcoin
121weX5QPacW6cMiXYoLxsCpW2znJdXs6L,bitcoin
121whB6f293NDu9DpPmFuACHCcvDKoc41g,bitcoin
121wnBuPPnVvEgD8NPd9fYc1CB1zY5hJSu,bitcoin
121x9qjHu3gEQ9utsHAgQHgEWNeHdvwJqp,bitcoin
121xAkmtMJogYggVhFgMSwGAavwwHvaiXf,bitcoin
121xHLgtXbLJFV3BejS39Z7nRJCPiJSdiF,bitcoin
121xMgWpKxPqDc1JTAEjBYf467HsjoZ5vo,bitcoin
121xVbqdk8fRa1V5NPGSQfdrtAX69HSxsg,bitcoin
121xgKR218UWaugZRc2G18NhNfwbAyiW8s,bitcoin
121xo2C5mLRyhFpE6GUthJ9SfauxLB6sTz,bitcoin
121xosuqrtg9bfbkuWBuNWe7wWJQ2yPyyy,bitcoin
121yHE9JRzMBKxd8JSsoRd8JT2sSRNn5EG,bitcoin
121yNyabh9iNnzKnWTfWSuRpDswLfCfuCR,bitcoin
121ySmdKFc74ws4WEGhBRfgxM9xV4anqfy,bitcoin
121yTpMowJtC5kiNR429XV2R9mUvAdw6oy,bitcoin
121ydvXW7kpBDJso7NTKMbFdkSQhjRRiU7,bitcoin
121yf6wmh5uS2BhK9t1L2APUQRHm47jyN3,bitcoin
121yiEc6dpucEarhymED9Zh9b6bSvr3kC5,bitcoin
121yjJBm6VHkZupd7MUHaExHSH62UmfTuw,bitcoin
121yka1A8LXC7tzymaRBz1xqKZadpFTbq2,bitcoin
121z1wPFJCkMsVobz4u95Rubi4YFhPkKbw,bitcoin
121z6vJVm12i4uKoXKvJWznPazHJ2RTL9T,bitcoin
121z9b7q9xfR4ocf8AfBvgx8SVy1PTtc4w,bitcoin
121zNDiPoPcScL8HVBXmBaPyVwvKxzakME,bitcoin
121zS6dTrPm8CZpXPBeEyMdLkqZ3CNbxGQ,bitcoin
121zaqegjE17GaXgvdNddSXC1v316nB4HP,bitcoin
121zh8YqQmjrL9j4Y7nuvV6SxfZDBpzqxC,bitcoin
121zi8QNt4FcpQEHVfmRdA8wcuj23cffFx,bitcoin
121zn6Bwt4JBFxK8DhdkiCkFceUaXkD1Ra,bitcoin
121znGmhkVgXVao3UTBcENkvCYsniMYATd,bitcoin
121zobTFNPN5mXgugL7LCZTYTQoWBkmivQ,bitcoin
121zqaxh6Yood7kJxdQ1qD4GgJSdGaATUC,bitcoin
12219yRLcmKhrCAi7mWYQAdPDZUueA3ueY,bitcoin
1221C6GfjVTG6bqMAqsES7drnuJywYpfMr,bitcoin
1221DVPTaoyKWDt3gttWDhbttLEm8Sx2Bc,bitcoin
1221EWwrh2bDKxKWpV19P1GvXhZJWNzY2T,bitcoin
1221J6dqvxrjxnSp71tLpYmdnJsRNFLyoy,bitcoin
1221NngMaUDe8YqDNP3yE67dSEgn1itwMX,bitcoin
1221X7sSUKvwLjy2F5bvA4UWbCnC8usGqH,bitcoin
1221XTr4Gwpqf7gXuupoNeiXr1HD1xcqyn,bitcoin
1221ZxCyFfH8gXb8WRCezg74fXJqr8TcnC,bitcoin
1221fjYoKiVHfnoRBx2hjXwWQEGNV8NxqB,bitcoin
1221jnQWLn3o1svG4KGexZr5q3WQKtCPn4,bitcoin
1221rJBEEoPFPrzqVVv8s5KDdX3zzwH8zP,bitcoin
1221vQwK4bXi9sKQLpiN5aLeGU4SRVTC2P,bitcoin
1222D5jkSUrzZwZzBDTjM72jncYSMSUyrc,bitcoin
1222FHSQ57QwyVWp5oECPP6rQ5HVNQ1H7F,bitcoin
1222MzEbKN9hif7p5zg4eBKZiFKdkWgmyq,bitcoin
1222uJMTUZd6bit1E6BzgeP4bsVjGTrz9K,bitcoin
1222wDvFtu4x6AirneqoSiuX1Gs3r6fGps,bitcoin
1222zaJwxbNwEyjmFddX3UVVUS5ymerc6t,bitcoin
12233Z8BukK6QjtdhN3ULx2H5HdptaMafH,bitcoin
12234izWnML5EBTfqwoSyLczoKMsDyMJDa,bitcoin
1223KF3WA9DHunHLwkqocaa2AWVfM9Uc9U,bitcoin
1223NpjofB4TzXEcsV9TSSocknysLgyW7L,bitcoin
1223P3J7BSybRZcHsQS1qTdEuEPhCAHFwi,bitcoin
1223Ty88eNByStcwLTggXmECZWThspD1RZ,bitcoin
1223VfmM1yNmZz37j57Po3XgpWw13H2xws,bitcoin
1223ZRDZaM2dKTJbZjN66rGVk7Gqh8ghE6,bitcoin
1223cRURV7AvUqtkK9AZ8Ro3Tm2NdFLZMx,bitcoin
1223dB1ZccmehNMsRP3JmnxTNDozEqNx2u,bitcoin
1223f8b4WMh8URzVuYpESErQtESHJFfnfR,bitcoin
1223gkEoXEAUhoCBpmUmcrqEQQBUkyk78J,bitcoin
1223oYcB5Gg67qTvVvLByfATQ1fyVKZQAW,bitcoin
12248bbbprNL8mpPU7brmRQAwHpYQUqph6,bitcoin
1224HfzFb749QcFCxVDdYyzj3p1kn7TDLu,bitcoin
1224KTp2ZRJa7gmRWZawY8XU5gYHej7YST,bitcoin
1224Tfha7W86D2uxQyZHedrbZJnXwMwDL3,bitcoin
1224YvTqxLVHpKDEvogMceuvfktE7FoMJN,bitcoin
1224d8yWssmStBjKeax2kEBPjkqQEdg6YF,bitcoin
1224fgz2kX4KGYPtJpdSzuETXxYqLwXiZ7,bitcoin
1224pV9q3ksK7KCcXzafZyjeidFkEsS2Cp,bitcoin
1224sCWwug99WMvprejvFRFM23xH6UcFfP,bitcoin
1224yLtoYAS3UifkPqhcdK3ci45mWeAruS,bitcoin
12251oKAJz2raRRGrpTTTra7Eii4qhfShs,bitcoin
12256fGf63auERjw3tHvmKgNFWNi7eUQXg,bitcoin
1225AeqvKRyrfcfzc5XBZjzBgU6zgZC6gR,bitcoin
1225DF7fqifSsA3DWobhhVquK2BESMZ3MH,bitcoin
1225J99GJJnvSNzuXCD5U8iih6ZVyW8AK2,bitcoin
1225JV5Zo2U7T3QU6naQx9DNYK5g5RSRF6,bitcoin
1225bGfqMmYHsCCkAAHry5UXzAQjYvTbR6,bitcoin
1225gzDnMvRFt7PkDhBtp8bne8fFA1cz2B,bitcoin
1225ogwoEUqzqq1a4rRx1oCHfrvc4X8AfT,bitcoin
1225qi9Q3WeGC7VcYv6DErZoE5CQ4D8u9v,bitcoin
1225vwoMx7JGVnxooJiFdTJSXbgAvJ5M5Z,bitcoin
1225yC1irGmP3LN46pJizrWGvPj4TF9RDQ,bitcoin
12265qsfuQztbJnUwR24ow7yAZuBznvEN1,bitcoin
1226PHFM4Ax9Uw9kcbYj9uyXhZXGJz8nvF,bitcoin
1226RwTYJpnfdfs5KSXZQAYcquvsSBe3wF,bitcoin
1226VxTbqK1mDNtW47vWxyQ9e2j2Wjnntr,bitcoin
1226bupRAKWtEc59RynyaTmFff2BrNboDE,bitcoin
1226kXBvEkKgJZUkjzDCRALqmktog1dJsm,bitcoin
1226r3boehQ1iDbFPauiXGHAJDH53WTt64,bitcoin
12272EWDGXaoMSATxRxVw48jKEhPGEq2Xp,bitcoin
12275jQSh9wkcfKEJWP6kxtqH7i7By1mhn,bitcoin
1227AHSXCDxfM25EQefbVXMDz4Qist9CSR,bitcoin
1227DUHRh4wekFChaFNznPRfQ2o6aiSLTM,bitcoin
1227DVnxNJjCko5mv3ZC1vqLHFjTqTLF1A,bitcoin
1227NWzdHq7u6cJikXMRDNhNbtp5Gq2gfQ,bitcoin
1227UWHcQDsXXAUJPaHJN61Vr6MVRKbjFw,bitcoin
1227Uj31wZxqvkwyNiWXyNMcSpGbVdYwb3,bitcoin
1227XC4LQ5CkV58dxp3DhyJXnwYa9NvFX5,bitcoin
1227XvWokApK8VcR33kixXxQFvnhSkNGra,bitcoin
1227dyJebrgb8p6dMZD62Vs8pRADyvhcSp,bitcoin
1227fUsa18Zhfg1ME5f2mBWXU2aK3FzfdP,bitcoin
1227msffLRMhHbovvRdaZDtyVnQJA2Kayv,bitcoin
1227qn4b4jnXscCSYhvNci5XBfM4feqYTu,bitcoin
12283a7kRk7KTKdUYDvBLm2SLa7q4X28mN,bitcoin
1228GAYBymQBx3MkzQYK2DzJ2jUpUFLsUD,bitcoin
1228JdsybMuk44xbZegTrKv1r8Vr2a2m7G,bitcoin
1228K1up4M9U6hC6FgaT2GGp1YyoSxPqvT,bitcoin
1228Kfj5BMZcPWrByMWwK1Fvb98QnePFX2,bitcoin
1228LLAr1cmwMZDKvkboA29CbuJRrMpH1z,bitcoin
1228PDCQ2dLkTtrYucHShU1LZkCjNWe911,bitcoin
1228QUfYdUNXQbBWiLuEk5os1VsRvBFVtj,bitcoin
1228RYH8rAkTj9riDrYwkCV1qksnEb3PSs,bitcoin
1228Svqr4vyHLcLVq768fj9Uy2o8esN27u,bitcoin
1228ihynabdx8SHjsmyKhuc3N5cneMy4tN,bitcoin
1228kTMMhPfz9JsLRXaPNNF2VvMQYBzhze,bitcoin
1228yQSq7RVDvJn8zxUSgKZQDqyM9dKtWr,bitcoin
1229CLMY3UPu44QhL2bxZVhXvw2pZy5Zwt,bitcoin
1229CqWK6oSWg6LEainyELd6gAmgnQkxRe,bitcoin
1229JxPKyEYfeUSm5HrPLd2vCXeTpVaHgD,bitcoin
1229X3Z8ofwV82QCpVKyWMqfcjc86zG9CP,bitcoin
1229XEWEGK1QhwPnbXQi66Gkm66FLJqkfi,bitcoin
1229XVzRFBMDrDUgxbzCfvVCor7p7eZR4F,bitcoin
1229h6T7ubgkqz46KiLkgFnAHFaN8RcY57,bitcoin
1229uAWRcWBsyBydZRo6bYa3rBZCWBfMLk,bitcoin
122A4uwCw98gdJGwxjTnsczAFCbansfrXp,bitcoin
122A6oUc4AdNT6LDp9x4Euc41Fy1nwgwS3,bitcoin
122A7FmWBYzgjrFh9r8mMZYyXDERRqnGHS,bitcoin
122A7QZiJHuPSyqJiqAY3NptD6nCD4X7UP,bitcoin
122AKm8DCJoP86uh2hiT4c9R7XvMMb24AY,bitcoin
122ALEQ4J6ZzmYWHvrSRFUs2VBCzcn44Fy,bitcoin
122AUEKCgaN4CpzFc7gboscGHmCPZJmuif,bitcoin
122AjmzHMxFbDkM5Bc3wJu51RGo5znDV64,bitcoin
122AmK4sPVfvyYiKPWT4Q1xCLqALqLc9po,bitcoin
122B7Gp2Vi5NWsk9SZBRVBwdc3QnryK3Rq,bitcoin
122BErH87KZYDcXdj5CvbvmAqGPiUjkxkZ,bitcoin
122BWegv47LJEm1whTDJLx7qtowCepu2E3,bitcoin
122BYRrFbvPo5dSuNSEC6HE5rVMnx2Yb7D,bitcoin
122BxxNCFWxWXpieHDRHApoRvKGzB7EwV5,bitcoin
122C1yjDjJKKJLXGPBBdmA3UcY9sMxzqY3,bitcoin
122CCzTtW3FRS6zPqca2Vt2rMBVCmmN4fp,bitcoin
122CDYo2nnuyw34m4JAzTfgWBbmedF3NUc,bitcoin
122CEi5N85hZUJsJ8ioC4icDv84Niv1NY2,bitcoin
122CGWjqRLwZCr8zoFBu5puLxYJi2wsMbR,bitcoin
122CLz6BvFPm8mXwx4vquj8buGYXaqj5TT,bitcoin
122CR5DZyuYaMBK5fSGUxpqBz7jAQMbgBA,bitcoin
122CVTDYnx8bZ16pjdQqaqcwWGQiJHDHuh,bitcoin
122CZ4oLJFQwybDtPCvADbW1xawyBg5h5g,bitcoin
122CcPyhNCZxqonnLM9C8X5ZWJEVm8j71g,bitcoin
122D2qz18cRYyC1fLWeWSd9nnvNCXn9QM4,bitcoin
122DCsSNzoxV1RaSskLRqEVk3qGj5po9rB,bitcoin
122DDjPNV2rPrYheU2nAwRrhin1mJtqcT5,bitcoin
122DHNJC9MyBpKwgJyxTAJw6iPfzB5bR5s,bitcoin
122DVUsdDKdUd519t7Sf29DrfPxsyp91A5,bitcoin
122DWwi3AX2MN6hiURBHXhQjWjCbTgifS6,bitcoin
122DaD1v7pFQRhMBroZSGLNqoZAGZPWb1C,bitcoin
122Dhsw9J4Ak7w8G8z6gFcyY7x6traTTQo,bitcoin
122DkWs5se8HFAQVsv8f94u11dcqNV8TYR,bitcoin
122Dv1ZACuSEsD28f1Vn4akG9cvfHbF2Ec,bitcoin
122Dva9m7rosKEGmwBxUiNpX9pAyfqHsfH,bitcoin
122E1GyKjEq5UfdXSwotBPCMXUn4n3Wfec,bitcoin
122E9MJ1qxGTJEfpUYura3wbmrhQKAcKn2,bitcoin
122EGnZudWAe1BWamXJooBWFPtDk6CWVXy,bitcoin
122EJXbniTGd8JzPDnYjonthrsFXPFmkrh,bitcoin
122ERg2yTdXrXdy3QtH1ZAc8HuvLzyaWSH,bitcoin
122EYTYKuJmSZDfQDUhN5ZwZ4ZDzTMjN9R,bitcoin
122Enb9M4tngKEJXKSW6PT6Y8UBhdEUJVr,bitcoin
122Er2f9gRDMpiXpjoXxkwiqiHVUPRhiht,bitcoin
122ErMs44fi1LfXT2KwXGnnQ8XgMJ8i4x5,bitcoin
122EtSy1wvicr3u43ZBbje6TEeoCeJ6M1G,bitcoin
122EtYzDZS713fnpc8R86TmkSiajNwgoPn,bitcoin
122EzLiLjZveEBZN3pQszhaBxXrB9j5pfR,bitcoin
122FSJHgmUCEPGYFmmtrjwqT5hL1f17UTB,bitcoin
122FTACHbsWhqi2C1PEm9jeQmwjwRLFSPo,bitcoin
122Fenm7ZKTp15qGDvQm8aPL9pq1o86KA6,bitcoin
122FgM2ENCVDEdTbyeAnytZT9V6imepbjQ,bitcoin
122Fj33c6KEJsEVkSsfKZZiLYQ6tMVjCZf,bitcoin
122FsR77sp8q2BgePdhRJNNDqfCDL671gr,bitcoin
122GAYeituHPnnAngeaCB5N6xRRtqypgqz,bitcoin
122GcJUrwR2RjeVTJxtoJWKwwCLfGebg5b,bitcoin
122GjRjjE9spYmSHQw8j3Lud31AXAS2bLz,bitcoin
122GvqutHdAmvextUYRwMRkRg6nnWUgE1g,bitcoin
122HKaNGt4cyXd8Jnba4bBEDoc1x6ycSTU,bitcoin
122Ha1rTtNB8KhhCv9TKWJD3FdmhqRupvr,bitcoin
122HnqBfVQw8E1AkLQ2JgFbYeufcDBDTs7,bitcoin
122HrNPdfnqUcSTATsAUtATEWBS4iCYiyW,bitcoin
122Hrd9ptBC87Qk6KN4dGSTiuutiJ7TXym,bitcoin
122HxUcDkkZ9csU3CAvumfMYR9hoeYCm1b,bitcoin
122J8NNu3ou8U89oxseNmmRrwyT6GG2TFA,bitcoin
122J9dcQQkCUE9ewzpyoGnZcjRhnMQSteq,bitcoin
122JK9HJm9geFrvQLJCR6sDnTKz1x73C4i,bitcoin
122JW9oPWgZadmdKw5cPLgLhJu34npaQqQ,bitcoin
122JWPMYxdtCGNAyHnKrPyYbyhT7uEeLt1,bitcoin
122JgUFmHb4a2RP2D1T67yS5SRLQHdVsUm,bitcoin
122JqcpXQh6o4NFKDfC644g47GFTja25wW,bitcoin
122JutLgJZ4kF8M96c3dbwnx5RqEm6cnpn,bitcoin
122JyLjXgozSTt2tGRY459e4fMekFN8Pz4,bitcoin
122JzbuVECah5M1YhaK1L3sVd4Bf69tSVQ,bitcoin
122K5PSKzn1Eq1WapzkkCan8BQ8PwuGJhq,bitcoin
122K9Nv6zze87kuUQcjBdU6h1hZwoz8PWx,bitcoin
122KDdGpKpvEJ5PRLmuzjpbsbkQS7CL68C,bitcoin
122KKjfuheM7L8GJpFHV8PptbadSRYiVDR,bitcoin
122KPMu3DAPNKypVNJgu8tBVRrD4ZpfQEQ,bitcoin
122KVuTkAhGwiVRm78x7WdUSNhCdN5Hrgq,bitcoin
122KXzLsidHzDBVkMfLMsD48CydNbXSEbJ,bitcoin
122KaNHw9KizYXha5yq6pw43K9Pzz14Ter,bitcoin
122KbDvXWJPyNfWzQgR7f1TFWRaSxozAxs,bitcoin
122KmndXXmXsGb8h7XBFhGCV1UeJHjwNE2,bitcoin
122KoTzqsTrXryTrjgEUnQHv2D7CbTXW2o,bitcoin
122KxxzNrP1abvhzc5ck5aYCrG64XdLJ55,bitcoin
122L5kfqxfKgBU69NxK54N8WapEyCEpnLw,bitcoin
122LDDTvmbNa29DFpD7qtZ9Grxo7HFDkrr,bitcoin
122LLNsUQYs1NUzM9msTuW6QwCG3GsSZS3,bitcoin
122LNH8birSxCdGB8kp7GsKFeYacSmbudX,bitcoin
122LPBjKZv9fdmX7Q2fHcJTWSMtb9Gk8N8,bitcoin
122LRyWVUQSHLUEEdpfrGMX5TTfMw4JutQ,bitcoin
122LSGwg5e56j3sseirgy36T2dq1juNHqA,bitcoin
122LV9vFBHqU5Se8RxXH8xkKbTX4YBNHz1,bitcoin
122LWeLGws4g56eN4ejsgSJx4E3bbXMx9D,bitcoin
122LkUFT6wN6H7BDprbeSjP2SBnBuScfha,bitcoin
122LnYyWsd8LqFLyLvacaPnPaW6uiqsD3m,bitcoin
122LrEt1dQPJYyHbJcyLZegrQEL5bzXuCK,bitcoin
122MWcDzJFpKhjaoZeRyUTbkZnCVYgGLBV,bitcoin
122MZEMFkb24LcTq6wUQcPzjyvzcF7ogXG,bitcoin
122Mi4rniT5fBeVp2vyxbJMiRxojmh4cY8,bitcoin
122Mm9uaSvoyPhebYcVSM93HUJbcnBKXwt,bitcoin
122MpLCHKJXsYXmrTscMWoKZ2CwtVgnghT,bitcoin
122Mz2Kv998bGURJsG23561DqqdUNdpq2S,bitcoin
122N4pVCgw1LsDJ4to8aSianEqH4Gs9ejr,bitcoin
122NKWf4EViXSuCiVfb2iQsWKL5LU1LdQ2,bitcoin
122NPWGWxnPRQXpdGaG5bGekG24CpKnr5D,bitcoin
122NRZHynr68piWeSofbhZsVF424jzm74V,bitcoin
122NT3BazcherG2EWR4aSFptziYizfJyhC,bitcoin
122Ng53xZtw8XPomz1ddkkoCiLgT4GBoxS,bitcoin
122NhDrVcGaAAUYu7rFAnfQbdWRDjcscpZ,bitcoin
122NzMLmZJfnZXnXKSxpkqgLxGDiPWsjJy,bitcoin
122P1JWZfUhL7Re2aXmru4kL62We34sPtY,bitcoin
122PJyfkCWYWagnjUabPUUnNg2dgytRxZd,bitcoin
122PL4bKaskjqnWzFyxm4ofZMiYuTR9PgH,bitcoin
122PLjcDQSMGX8rG7sWmzQK6oYiedciUhG,bitcoin
122PMM9KzNfC7vD6egtbTa9fq8sDwULEMQ,bitcoin
122PR27yYDKzdCDUwuLfE5y467FJvoGakL,bitcoin
122PR4rm1uDQmswaDLhsX2bbe4WyLj8Q6v,bitcoin
122PSQLxJMAGU3iwE7Fda1JepBxHWMB42U,bitcoin
122PavShPF9uP7ekLnYm2Gnqi7z9EVmSF8,bitcoin
122Pcz6fQkm5nZWgBH6wN1Gnpe2uyXqaC4,bitcoin
122PdBieSQ4tiEYxV5v2WDs1sa9WHxsZqv,bitcoin
122Pfh8w8eR7k2oDB9zrpAsQ55smPPvd9B,bitcoin
122PrAMG8MVroSuGeemgrnPhTHBAnXMUvx,bitcoin
122PuEnPGyVJ6rLmVBHpxywLeCvhozCHGh,bitcoin
122Q2HfZaDnrsK7PfNKDZTS7kF2DcgDA1R,bitcoin
122QFsDEYRf3jWbMeNgmFSgLJ6Ujaqf6ZS,bitcoin
122QQthkKodx3zoaWnmwetRp8iHMZVDDHm,bitcoin
122QW9CnsYVLVwU5hqhx3sbNChGH386gb4,bitcoin
122QfBSBRjbGTrybW6pj6Hm81MhXzobEx1,bitcoin
122QsYZAzo5XxH3rr3N4dfSggtoJ6khSqD,bitcoin
122QtCrwq5XWHtp9UmwKe3zmwYV2zVTyfU,bitcoin
122QtDqg2fHzyMXKDofDHp1yVDSFqgQHez,bitcoin
122R5sEC4t2zyDba6YnjGuYg4iXdnY9aji,bitcoin
122RDr2RA6PLSadQcEv6gBssbJzHvVDrwH,bitcoin
122RK9RRNZpe29L9jTaRjhRPZkMewKBVyM,bitcoin
122RRt9QSf8iKWPGdDLgxT4jyP6RMgsegs,bitcoin
122RSi1tc54SjAzfWB5Rti3yHfsDCZYSWX,bitcoin
122RZ4BYSJrLdkrBHXRTfQDsn94fgqjaaA,bitcoin
122Rc4p5dRMkWvi1wgkA6imVpTc8it9Egx,bitcoin
122RikeDSQPaJ2eBXVLGb9Ku1D6FuEFkeX,bitcoin
122S1BJQze7ag4cB7AF1hV38curG1bziWa,bitcoin
122S3tTRLJ6S59auuFYsmQTMSgge2gFKwd,bitcoin
122S4J3mzsfHHM4x3Rd5ssT8rgt2xoNrPs,bitcoin
122S8jwMfVcTHjCZ41r96Fdx1PUQi4jEUq,bitcoin
122SGXoYzTdTCVaG8iCTL8cZYzdXMYAGQx,bitcoin
122SHCdVGh9T5xHcS2N87ZaaE2QDhSyGbP,bitcoin
122SHTZMg3jtmsL3K68G8bUyYkPjtTnAu2,bitcoin
122SJzPzP4aexaxcU4zbzYozVDC5pavbU4,bitcoin
122SMTfH1JLe8tYQnGwzKf9ssG9VcGgRZu,bitcoin
122Se3iL8quQnScJ7YJ3r4XLGJneAdtasm,bitcoin
122Sj76aywt8c751C8c5BEjMTEiMqhcQD8,bitcoin
122SkFMhQDytQAN21LA4K9Fm4736Z5a8b7,bitcoin
122SkSxvg96mRrZ5a38gBpDuTkAiy2WFKs,bitcoin
122T3pRFjAaaQyXhqyaKPncjEn5Y7PKzJV,bitcoin
122T3qpxBPiRkPgGZiqnwBLvxPVwyCP8jq,bitcoin
122TANzmd8kRVZTY4EjwNUY4LiYA7Kth9T,bitcoin
122TFTTfgXzCirt9Tgd9kJwvPbYFJcwDL3,bitcoin
122TRpMqL8mM1zUjZbXSxgWxE2FpY6nFL8,bitcoin
122TSvwTKhk1czG7FqH3VYRdhVH8a25C8x,bitcoin
122TUsNbRxmSANvbB5prCHwMAuNUfs9QVD,bitcoin
122TXVvn19iqZtGAhLHVkFuSCimyzsh7gP,bitcoin
122TZtUxBKn9x8p9vRjaZBQqeFiV3oVuFC,bitcoin
122Tbkfx15jfrW233dpMtbhpMEtRz6ZMH4,bitcoin
122TeWDeX9QEWSjF4USQEEiu8NCjS7Dokz,bitcoin
122TfFGPqoh9YBfSqC8a2srUiEd2X4u6r7,bitcoin
122U79JdvMcaSbLbXdD5cTi67jQC4Ube3W,bitcoin
122UAgzbhWXNatCT5rwBiJS8HeFbDUD67d,bitcoin
122ULSsafc46kXcYPgkqfv7HBYWkYcdt7g,bitcoin
122UPJNtLVvkJqRxPtBRvXYwRYnJaCQaWw,bitcoin
122URzc9pwC7HdBn9iSBNqEJKk1EmvwWWg,bitcoin
122UiWq2Awun5pRabvbRHHAZ4mpi2dNUJ2,bitcoin
122UkdiLCqTaXSrcdTuFdwcS5Dx7JXXpXP,bitcoin
122UokM41qZ1rfmwH52v5i66rrTSS2Xics,bitcoin
122Uy68r3TEMf6S4G2oZP4QCLa5EBwfHxV,bitcoin
122V8VDkja1g1PTU7RkUx2SVEzk2Ao5Rz1,bitcoin
122V969Y4pTVWfEBjydWJWoTt9vU6gSWDr,bitcoin
122VCF2wjA4EayHSpvdadiXL3sarerKPz4,bitcoin
122VoHZmWWWjYBUDauxvjNikc3rxf6x2EJ,bitcoin
122VyNQRgWkAn41zrdtStiHNXSdZRDwsY5,bitcoin
122WCUa2Jc3Lo8PUWhGGTUVFJU8jtjvGBs,bitcoin
122WFxezGHACh8bjoypyqYGNVEz17nsCy1,bitcoin
122WMdzJ57nLdFBi7Gq25WZbc8prvXSdfc,bitcoin
122WRQKaHPySXVfXLp3ioZw6iNty4eauYR,bitcoin
122Wca3SjhGRcKnNThdVKf11LqshAdLAVU,bitcoin
122Wi4L11DDSx1qdHHVkuJS2HHmAKNfSeV,bitcoin
122WjpiJgENZR6nGcdncPmj6kB26bKyp6f,bitcoin
122WwA5ief1HNxSWSFaiPRDMkBQHeRp9hs,bitcoin
122WxvVXiKW1vbK1ZGPHSpYqqbpTvkjLBq,bitcoin
122X7e4EQPCQ26q52KphSRDEh9gWasnpCZ,bitcoin
122XEUHFeXupTDD9qKNEbSap82VpVDhX5Z,bitcoin
122XEpjT2NGFfcShGWu3kRNAoZ9Y7XbNHT,bitcoin
122XHN9FaTuYJuNDWwhcZHHomrQV3ZZQCp,bitcoin
122XVeVCbUDiBtGajyLK3Xxnr8TTFQRBaD,bitcoin
122XXqsBm5mRX11JZbDuXbdYK4U1GXw2i3,bitcoin
122XfpZktpRbziPWQEoA27W6f8dqY9qAGQ,bitcoin
122Xgysmwwqt4GqJJwYoc6fairWD1hMbj9,bitcoin
122XhGGBN3TV95hZp7fTJFVUYn8a1nfzwX,bitcoin
122XhQyVbHEAUNeDFbUGTU4pqfeza9UkKA,bitcoin
122Xjnp5Rkr9Ec41kCdMAbBgaujLJA8Hxg,bitcoin
122XpXAtZtbXymA9sweV8L2i3uTmsZB2Lp,bitcoin
122XxZm16yieAmzqbcr1a3w4gKQeWcKmeA,bitcoin
122YCZoikhVzVxDAcSxMY5gZ7zND2s3rZM,bitcoin
122YNguyYGcShLD2Wfk9NWTzwJ17snQU93,bitcoin
122YVFKTVWGZ5e5ekyafd4LJRmyzZMhiQp,bitcoin
122YWSu5hR9XNv9wwA987veeTpUFas5v4w,bitcoin
122YYFVjKCbMSAige3mtDScoDQLjXCRKCM,bitcoin
122YcuJasrjxx9ZewvN1DiR4p5QPntEq5y,bitcoin
122Yj3FaacR24X7XhZExMLF2VwTBbGJvfQ,bitcoin
122Yv64jj1eZS1uj7LCUgGrRkaKQKn61rv,bitcoin
122YvknjUhA7uE28NQf9AbwPtjnVMsNhLW,bitcoin
122Yvv9r4zfttZm4ugYmoUyxApapkS8MG1,bitcoin
122Z6Kkv7SaSUnjTiuPr27EwAV8DbvAvYt,bitcoin
122Z8vaQMkDTX6adEXdLUVdKivPB11TmDM,bitcoin
122ZANNJxDq5xKHdcWCmVrQTEDbiarUEwr,bitcoin
122ZDwXqXGs7etES535eVreYQKBYemgUCf,bitcoin
122ZH9eGQVpoGMQ6JGUU6yVCW66jMydJEV,bitcoin
122ZRhw9bxTUPbjbvpiypg96LENwGf8hXd,bitcoin
122ZWsXqeBYYAxR86TQnHrijyqKzKdxNEd,bitcoin
122Zs1bZWxBx476Choy9BZFZUdES2Dqym3,bitcoin
122Zu1ny4HspwzeaDpxA9bxC1syVREnPPu,bitcoin
122a4WSKRBu86DtC3myyQjzdRsJHZgUqBM,bitcoin
122a79Y8EfPP9LePVBsKAVXFhvRaDw5eoU,bitcoin
122a8CfHDshMU8RGKR8GjhbUjszYFRqLqW,bitcoin
122aCxcGwnfKB96dyBCi2oGrfkbQKNWBy8,bitcoin
122aM7nwGMEtgZm9YPrVGYeP3XCbyLpyod,bitcoin
122aSkwmfYhMTmG9zAumo3JzsKrMBSZoM8,bitcoin
122aUJ6RKwLfJ9vdSG2TPqEUG4a5tsRKfg,bitcoin
122aYBNd9motaA9kdDUh1jQasFodQjZdB4,bitcoin
122aphR9rJTmZ8SCxcJx3uUegGt9ikjCWh,bitcoin
122atbEanDRi3Fcea1VKzh9odoFkMRnxet,bitcoin
122bGc6cBS5k9yn6R1vSgpwaQyFySrko4W,bitcoin
122bNb7TZBeSqDX6xtxCAhhMbKM7i8EDCp,bitcoin
122bS9SNZ9uuM5DWtVaFTagrvsBGDsyKxV,bitcoin
122bXMyhY6wxBXtcH2L1Cn1qMguR3L3EHN,bitcoin
122baHTTomXxhMSeEa73B8QA2H3pUvDXns,bitcoin
122bcFiLeWikFN8T1eF7EqHDtHd4f3KXpf,bitcoin
122bdQvdaXb6D9fwJeLFaYbe8feH1EZ9Mk,bitcoin
122bdjCRymygqJdx42qFKF8AR22CCgzCzp,bitcoin
122bmfuTqb5zP8nuq6mKK7skGXrcLEq2yz,bitcoin
122bowHnjELFQGuPDvxjZRgVr5qw33zV7B,bitcoin
122bpGDXUcuxLb994vT4ECnNoPszQhMkns,bitcoin
122c4BFaHhBKKhRpxZSqF3Xq9pgoVg9RLG,bitcoin
122cArGCaKzoAj7dsf7KH2tdhhejy23n7r,bitcoin
122cTRvT1WFUxvvJQ54tTXJ1PukfFP456p,bitcoin
122cdWiSXNwthayXS3h4Hbp22WFoAhZA1L,bitcoin
122cioP8FtFZArL6VkoSyGqMDo8dKGmxe8,bitcoin
122cu7qA9gmJ1q18o7BvMBTvRtj3fF49eE,bitcoin
122d6nXffrCw7kYSpjDy2wUbN7kttd7pAs,bitcoin
122d9wxeWRSUtjSRwXFxWLvwvHE1oZMzzq,bitcoin
122dR2b9nriQcL5rfAPySJovmDumd7duBv,bitcoin
122dY3VqGvCrQz5iUYZ9caNs7B8r6njP7K,bitcoin
122dZy9qbyR5WP4iJCa9c5NDWToyWuy6xo,bitcoin
122di7yhJ8jawhhcK7vdEjMsTNCX27GpWm,bitcoin
122e3WsnChyuEPLby7v1XFRes45VcXc4yM,bitcoin
122e8gapeXvuQNoC8ZnLg9L2z9QyVH36uP,bitcoin
122e9SSr7K2es4gE5QDhTV2BxWzLXihdgM,bitcoin
122eAYjfrVB8aYBoyuo6StydMMBfbkvGW9,bitcoin
122eBM7gt3JeUXqwwj8aYdSFNKhwTjP94G,bitcoin
122eD5EUTm47om1pRTVTMxS3fTPML1dApQ,bitcoin
122eEZrnhS4GyD2FzjWeoBnPPD2SAXPqT6,bitcoin
122eQhkoFUTeF8YwgBuYd1B6ufmo71fhdY,bitcoin
122eTk6TQ23668E6WmuZzsa1Z23H8udoHp,bitcoin
122esAYr5TrCbZ1XPPVa9HqmT3VCwsfaYg,bitcoin
122evX6MJCHLNETC5KwgM75LFd3wdKNWsB,bitcoin
122f11D2sEKbr3HbpjerB2Z9hfTdxTMV9f,bitcoin
122fDJetuvFp91TDfeUBYDveGCt2Zoa1es,bitcoin
122fKiqfkj3akCHNmAXP8AtV3g1zm665ub,bitcoin
122fUTLy5r27u8362gToru5D695uVrEXi3,bitcoin
122fYnqTL7zXWAhdzJ2erZ6oH435aQ9bn1,bitcoin
122fauYA5pqjwmByZ2aZicUp8bkkYd4Tvx,bitcoin
122ffNff7csFJcHBMYUDCeUpsynZjgKqTt,bitcoin
122fqNi2RMg4rgMqGuX9qbaVQxrtgC9rm1,bitcoin
122g4oJgJUefcYTghHcQWoDepbk4CaoCfr,bitcoin
122g5Amd659mmiLQqjEy6xFLzquqvA42eQ,bitcoin
122g5P69kVwXaPcWzfaEiyVSRjMqspdVon,bitcoin
122gHuFqhZBgju4EqdD8jFecn4JbxS8NdR,bitcoin
122gJdUQ7oJgLb1W7c9Xjx2BDLodvLQ3L3,bitcoin
122gRpK7Y1YXcQZEK9cjyek8TS3y6wEKJK,bitcoin
122gYjpckzLKtrUnbMvT1dsEfMMkxhktXg,bitcoin
122gavXhUysNFpSz3g9RnWjHkT63LfMjos,bitcoin
122gm92d713aQDQkzZvuAn3BDP2AWmxRRY,bitcoin
122gy6EAH4d7P7kPpUBzmJH9Z3k54wgeNm,bitcoin
122hGkz4aJvXDVnYKuZd34JR3gFRnkHDGq,bitcoin
122hJtG845jBv7R7DTQNCprNaX4RCKgaXH,bitcoin
122hVpXnfYaC9ak7YdY6X97UmuWUdJijdr,bitcoin
122hm5TYq1Bd14EMR1x5DUHeBowgD2wENW,bitcoin
122i5xVDe5MrkLZyvV6FX3EckBwcNuewVf,bitcoin
122i7LML8RL879Ru6gDvgEsDP16X4zinXj,bitcoin
122i8xaUxKr3HrxTyL2vxixNPv9QhbGe38,bitcoin
122iJqyyheZ6aBiNBkxnxXNwCTshAbQegV,bitcoin
122iyqzhvgawprtWmYBfYNxQzAMAptPuP9,bitcoin
122iz3iQJamax7GNdz3Ekp5nrzUqb3dnXt,bitcoin
122jB3hRJPqz1pjiguvkCtKnGV1oZzRV18,bitcoin
122jBMaqBQQ4yezBwArd4p6gNHUw87ntoM,bitcoin
122jFBZxW7NezSg3PfNrgjSsVWDuLpEkFh,bitcoin
122jKV4HJ9JBjh9aPkJWWuDUnpsFyGLzxn,bitcoin
122jTTfBMkkxKMqWCpqwnp8PSHCqhRgETF,bitcoin
122jcHJ2o8EGxL3jEqL2No232azonGVgz8,bitcoin
122jiZjtDX7k7hpdfsCJtZ6raWzySWp2AT,bitcoin
122jm43ZceGFY1AUxZzsE1v3wjYdD6E98e,bitcoin
122juZWv5xe9K9z1B8aGc8PonTpnM4WNXe,bitcoin
122jujbVLroHpSa4JPUXXTTtS1ZgabutK6,bitcoin
122jyoTP7QQrCTujC5msrg8KkF1Ddzp46n,bitcoin
122k25cn5j6ZXnCjWLpMRCYNwVExQLo14T,bitcoin
122kAogSu6XdDj7HPtw2tu3vXvhchPUi5s,bitcoin
122kFv1nNPixXWzomVjq6MiEA9TvzULxkG,bitcoin
122kGPe6QvDDcuyPBWr4bwAW2HySB6tZZX,bitcoin
122kJ3ja6CVXD6Yx9q51aA5jWj71SiAEDA,bitcoin
122kQ4VqK1QApBiL4Gfs3vB4yCutjxACNd,bitcoin
122kSMSidVVfwmJW1b1ohopfHxEhr9ZYjF,bitcoin
122kxEgiWZHSMgRZhpta9qTt4h4Z1FUr8b,bitcoin
122kyEQigunETdUtyV4tY6iYVVfvKMhgnp,bitcoin
122m5otbhHeffHteACz65CoyRpnPZ4Yvwi,bitcoin
122mBXkZzbeYgnYJBns9cK91obEFEc1ESN,bitcoin
122mBgxqPtef4KD5Ra7vSG9WYbdPfMeSzE,bitcoin
122mBsaoE87E55YFzmvs74GszyzDXsVyH6,bitcoin
122mKSLB1JNWZJENfH86JvEpwqzqJiuJwP,bitcoin
122mMpoQ75s6vyA5o5n6HDJwaNDHjiZo85,bitcoin
122mX9scNfviVnRx9mGmua3RAfTxzCYpbs,bitcoin
122mbRBcxHrzeEy6Fu3KqMStZgUCpn2rSS,bitcoin
122mhdq9nifjX2vu6wL8bqmQz7H5bav5Dr,bitcoin
122n3mtfpzxaZ82DZ5a8y2SLJhGJnd9TWc,bitcoin
122n5YDtaBe6FQ6kHg73PJg572rS9ZixYt,bitcoin
122n6s2CiKsaq9L7GNwQZhwcKvCumFyriN,bitcoin
122nDQcAQUx7XBFnHW9VYnBMzSKnwiYU4x,bitcoin
122nNvdhkJQbBw22gAwJDZt9W88zCZRB1F,bitcoin
122nQ2W9QzUgfqTvxLesANzJn6snLMFERs,bitcoin
122nQXw8vV4N9R7fL6HJUKhKm4tAb4Y56g,bitcoin
122nQtp6fpPXBM5yEJbL4ubAV9babx5Qqn,bitcoin
122nRreFKpSSBWT8MWNPcGa8t7UUzU9atT,bitcoin
122naq69cHCkbTWikx9Ts47XwyjpjtcZXN,bitcoin
122neSSFPm3sfsgykgVjcmhnKNw1rggvA7,bitcoin
122nhuxY4RRSpDXEHDkYRpP8CWnTZ2DUgo,bitcoin
122njJc1zCSPDHcFVWSQdT3ogzcxjR6Lop,bitcoin
122o8u1mehpt2SqSvEn2CpREqeb2pNzvat,bitcoin
122oBP8BeqMErKRapZfhhZog58NLAfJmDN,bitcoin
122oQBKJ1vWwcKcmSLBckTw65s7H2cdvW5,bitcoin
122oQSDmgKyMhy2zQrYMxggT4wqBJ1EtXg,bitcoin
122ofMw7K7aVZuC16ahYmv4VuVevYea8B2,bitcoin
122ojbu5xW1Lt8hmkp64E5Baeh16jFfAm2,bitcoin
122onsscz3myk1CuYLZhmcHj6DSMFJ8rgi,bitcoin
122opdSbiLfWD8WhipBBQtSo9pzktZ4BKf,bitcoin
122orGR47vj4GhTmk9gm8YabgAcdRTfRXn,bitcoin
122pGuKNDkDzajCq4kBm6iuJy9bGVdS7Lf,bitcoin
122pL2UtcVEdozyRkmCLgFeqkJMAkYgLti,bitcoin
122pPTinGDmoqEqDAX8ghpnPicEYTuh3J7,bitcoin
122pgfLcYZ7HaNVzuoeUswR6VLEC6wB62Q,bitcoin
122phiviNh9YgzKb94RFrEyfL7B3xLgi2o,bitcoin
122pjGJ5X3Z2uQ3Rz6w24TUuBhfZE1RgVK,bitcoin
122q62mqGMx3HfkmzX3RrnkTFQvd7B9soZ,bitcoin
122qKCXKPZzvY9aT766YVut3aitpYBgvVp,bitcoin
122qPFw3WmJ6i3jEW3nGuxMibWzpeNRuSW,bitcoin
122qQHWXyE6LD9M24d3Hg9wF3fhVDYu6rF,bitcoin
122qR2ieyE7pQ5hKu9DHhwZEid4BQMsosU,bitcoin
122qkoSdn34k89tpdDZCuTQwdQQw8u4Zgy,bitcoin
122quAVGyeh87NGWyzZKakst94bsck3Xhz,bitcoin
122qvzopi6kpErtCCYKmeP5eRG42ZNqMap,bitcoin
122rP9fxNdnt6bPCRGGR8JXMtzJS6xe8EM,bitcoin
122rUrGp23Qkc8sorj8iVLk6hzpkMiSyq3,bitcoin
122rbCMGCkgshgNbAxiVGWDPyqLYqMfReX,bitcoin
122ren5JTU5inRtrUALn6m6vpTmz3ULwvg,bitcoin
122reukMpp14JT2cavpWoFWh8etM4rPQj2,bitcoin
122rfmkquY8bUrJooY96YFjpbdKsDCnepo,bitcoin
122rgyBTJEv3jyeF37vFh6YQwHKuRX7JAP,bitcoin
122rmm8KcP9aqiTCHabB8ZKra6b7UuLVDv,bitcoin
122rs7zkhzo827k7KQiyT8nSPpHXkcrhxE,bitcoin
122rxL6cibACewoX32c1F2Wn4AXtfTzLWX,bitcoin
122s3ZM2cNAYFSS8pxqvEKyJMbA5GFqmY8,bitcoin
122s5Max9eMhCjaWmVmGZbN4ra1TfjrzA6,bitcoin
122s5uV8zdsbGLLLvmvZ6GhoWNbkc5Cdc2,bitcoin
122s92Hw7RzEMAyn8a3qkqcAxh9ePm1n89,bitcoin
122sF3tJq3BQAGfRUTTHofp3okc38FJbtk,bitcoin
122sFJVQPvFEi4bdADDEtGZ1ZR31xtv4dU,bitcoin
122sSy4NDhkYUGV93vrrUf384Ri62fBfnR,bitcoin
122sTMcbsz72KgZAv6hrt1bQiKar2uMUnj,bitcoin
122sV7oweK9Bjgt1jyjQ6EY6ae5BJ9UQne,bitcoin
122sXyKbwYjEVRPHyC2J8objzaf8BuNMmJ,bitcoin
122sYiutDt1Pjq1J8JrPEWTKEoyRKCx7f4,bitcoin
122sZTqYQdk6qiU8y8CoNeZmh3f3uqAkk2,bitcoin
122sbPQ8UpVNfUWpFVBRmo8RSzyK8Jpvmd,bitcoin
122sdDt3areJ8NHt1FhnLSNWkNjiFAuXZF,bitcoin
122sizLR2LX38qH1L7HrVmvy1Hs3yGmHP7,bitcoin
122stAS2VRjMTFm5uZXQ8MgxzDgxFvhn88,bitcoin
122svKnWGnWHSM7TGSbuPiksohnhvHZkAM,bitcoin
122syfMg1ikFwJ6BPXRpR7CknEQXTfrZ6n,bitcoin
122tD5Vsc2wjYFxZHRdyHmmzY98FWpU59w,bitcoin
122tVbYXHa89yAjaUM1vcgRW1HYAvDPBf3,bitcoin
122tYZpUvaSZ7wi5nCrsjFKbroVSR9CcPc,bitcoin
122tdGbahSqk6DP41nz9WwdkyZGzL6YDMQ,bitcoin
122tgUgGBJviymh2EyDk2h8CJ7Qo6dEy4c,bitcoin
122to3tja9H7xAUHwCds7Fi4mMn8TUsQ7y,bitcoin
122tuXHsu4StQYaRr1rS9DtSoKZs11ZMqf,bitcoin
122twgoRVihpEDX5q5ndgTYvvwSDSjrsuV,bitcoin
122u2DtEL828p24kZcsm6LdfNNqNwkEaxW,bitcoin
122u2RVA46iumT5ASXKKSW6o36YDFNSbfq,bitcoin
122u4qjzyN5pTS4gGPZg3t5evAktH7gLe7,bitcoin
122u782vMff6yPh5UG8xJyjRxF618UEaMm,bitcoin
122u7TVXVUnHXZirsTT7cuaqntsgnGbAvJ,bitcoin
122uBUYn6bt3ZV6iPDGEJ6PadhmfKYvJqe,bitcoin
122uV4fVN8y2E6Aw9aEjKfZmXLGpN72CUm,bitcoin
122uVdgzAZV6c2u5cujxcY2UwMNgPjaQu9,bitcoin
122uW4At8sXSFUc4NQydJitjUEz52ZCGZe,bitcoin
122ucYcWUMjvk7XbeZurnwXdukrZzpwtkp,bitcoin
122uciTBPzinUGx1M1Nk5tMNcS7UfHE7eN,bitcoin
122ugDfRCJJfNtvAigHS6C4Z9gKV2de3Eq,bitcoin
122unc5Yk9MPsxk8879iP2R71W2YYX31o2,bitcoin
122uo8QCHhCCeQwprcWRZppdUMQ1ZjJgt5,bitcoin
122urWt229ZuDNaWgcHs2ZvDzZpT9Gwoxu,bitcoin
122utZVUAAEMEGrkH7nGGNDni6REYMWDAu,bitcoin
122uvj2pCZNBXuGqpE81BtX62xP9LsJaqg,bitcoin
122v92tapgvPSmawb9qMaL6NnHu9c6aQQm,bitcoin
122vLvePcVbZFwQZYcnCJmVdwYTYruQoC6,bitcoin
122vNkkLEYduhHoy5hpgdDpcin6x48Fd1e,bitcoin
122vRZFjAsUYGYcxpWVxtaBNGkXfMy4eZ8,bitcoin
122vrU2CkMYUWty8hyTkwxgCNDGoNdMAXa,bitcoin
122vsQqV43BzUUP9st8N81bNMgi2ToDAFp,bitcoin
122wHYYwWsDSLeGjb4FSbNspjr3AA2q2YB,bitcoin
122wS7Ck1temCSs1SCjQS5FdP4Zcn3ScBd,bitcoin
122wSWqNQQarNHwUqhGNjmdC3eDPNp8zg6,bitcoin
122wdg7NrKZ8ZGzSUohpADrZYTidyM75Qw,bitcoin
122wh9MzGG4C1aWRRSvgpukZDdkvdWW64p,bitcoin
122wjSLEvjmcp3pHBhCFsDbV9vZVVCf1gQ,bitcoin
122wkhzQUWpoP19UQG2Td3oRpggabNyspk,bitcoin
122wne8hfUWTb6sKXViyHrC5PX4hYDSe4R,bitcoin
122wqNTMtU5R6Na191ibJSy6hRZaPhgu5e,bitcoin
122x53k3q8aCFPg94WmZaptV2TohvuHbiL,bitcoin
122x618apmrGYPyjVdHFG8UL6Msq3S5WLu,bitcoin
122xHLaezEpNcZq5eb8Eoy5xdnq2CDu6Tg,bitcoin
122xYWXHKhjpgXZAdGhMxS9xw9F3BPBWvA,bitcoin
122xauW9PR2LV9M3y1nRmE8x481EcW64Pf,bitcoin
122xdW9avou6x3f6ipT27rtq7fYEaoVK5a,bitcoin
122xmtoCAKhHheQYgq1xw2GdKgrxrmMs7Q,bitcoin
122xwFe3oU6amtU3XYGg82iaijf9d2AFQv,bitcoin
122y95jUnAJ1aoBK1CKJtPMLw2vpdPeD7U,bitcoin
122yCmJD11dXVGKESenDRFTpCX7bNwNwR1,bitcoin
122yRfhb2sd1zoKiDXGT92koms6tRFR9nz,bitcoin
122yYtjjHcQbSPq4mgQmN7ZQhTKBzrdUBx,bitcoin
122ybZrs5fVAeBCedrJAVcdDBikvL1NPzp,bitcoin
122ycR4fxsX5APYUUUpdGACW2NpPvwYDyB,bitcoin
122ydCejNfZJc3ZxNLZX4BAtJRdAU73Mwc,bitcoin
122ygyXBuRwxoeHSUhysCBBSMwqYtbMkcF,bitcoin
122yhEXzYijUa6UbxcTJkbh9dfsBMTJV37,bitcoin
122yvajhVPd73tHR21k98cbtMRyiVWH3ZL,bitcoin
122yw6DhoviFV2zcxm3FaUnjCkcDEsTpzZ,bitcoin
122yyT3TmpGFGFmKcMfWsxKc4xC5qqTBJG,bitcoin
122yzNmRtgpa9NHZU2291T9vPJ5LhrBNmK,bitcoin
122z7d53p243PuEDTPxaFsVke5UoDTMzQH,bitcoin
122zJ7CTbA5pcK6bAymCHCRgFindUpsRTh,bitcoin
122zKJV3RLawJw3PjCNeHqoCtVvqpgsrsd,bitcoin
122zQTiYusf3VsGFqi7qbHxctFQsNYg2ru,bitcoin
122zgrvu8XYB7bvn5HdRX87j9dh2k69Y85,bitcoin
122zmKXknRfYAQ7BsSHuyhtkZmYJunZqR8,bitcoin
122zperh9z1VGxnSDFjeWQSSjdP8HdD64Y,bitcoin
122zsjYFb5AEUcxNGABsDvgDh5wTEPNgob,bitcoin
122ztA8H64WVHdX94AaUxkrYH1LYKjTb5V,bitcoin
12315bfC1j7ZXDP8MUmEH9qX1ChHDb1Ayf,bitcoin
12317F6JCLiFvTM6KshKhDZfoy79tzcfPb,bitcoin
12318yFTtavQpVRRyf5yjvQipbjGLYVRGg,bitcoin
1231EVWjVvKtrANeJHKgoDVw7aMpjfhDSs,bitcoin
1231FdvjutFk4WMuA8Z6TBC8hVhEJBD1Bc,bitcoin
1231PZiE2AcgvRtLDBMkBizKara4Tn5dpV,bitcoin
1231mPP5czXXK7dVgPXxGQUh2M9N9senGY,bitcoin
12322BwYG4JMh17q1EnKLGUyE6VMtcH6kF,bitcoin
12322FGHXou93mES2jEoqorxkEsE1Z1a2x,bitcoin
1232Yu75tncAQrZZHkuazBdftJCW21Qr81,bitcoin
1232a3wW3qdwjYhMHdyoV7d8ZPdQNbooLr,bitcoin
1232aXgDzVEqFVb9AmGCBbeNeR4X8jyf9G,bitcoin
1232q1xpHgQFCcz7aUKf52zSic4fitYYh9,bitcoin
1232yibGdmk7AGGRm8k99cCBBNRFSKVsDt,bitcoin
1233N34oS9ss5cZunNuv2KZ3jorJny2UfL,bitcoin
1233ShfSGzYFthVLZ8ZmvBUcTUFEzhiqLD,bitcoin
1233T3Yfd22V6CG49UtQwy94LSvmkvri97,bitcoin
1233msMPrTp9paK4Pvr7jN1ddXaGv7WGJa,bitcoin
1233nhHV3QyQV9VzPv3HoCz4WNzDuWo7Uh,bitcoin
1233zphyprYmgZEDW5PHryxxjiY58yC9xs,bitcoin
12345678932gNZNABzjRy99XyzVR3yhQ34,bitcoin
12345678ddJnPf6sWectXDnfYon2JRLAkt,bitcoin
123456v1ZaWc8wEZEfmLfUpAh3fkKwXfvo,bitcoin
12345xqGBc2uFDB6tSHqXDNqLdTR9dgVZ3,bitcoin
12346BVa6viBYPbN3pCtBHNikQAXKN9H8x,bitcoin
1234EFsBhfMfFNh58eHERdinJYgfwVUVgF,bitcoin
1234HAD41ZBX2NtyQcW9mDRg7GLijVmk81,bitcoin
1234XuPs1hKym7WRUQDhDqUV9pq1wVVGJ6,bitcoin
1234dGx4uAYu72Nx4ueLSMZAF47vVrCCjf,bitcoin
1234nYKgkPUyGksefZsDn3FSPoZRHeP3uF,bitcoin
1234rEaH9cbegusm5huGmKEmwe8r4AVTB8,bitcoin
1234vPcH5oi8eHKGBBDi6fbeabPXkmMdHb,bitcoin
1234w2ZoMCfg8VUCCcGM7dLiPXfuAov1wK,bitcoin
1234yezRcv6mLzdXah3hqMHCkUQzknNiRp,bitcoin
1234zEKjJ1mcRtkLdXpqqUqEcmMdYAcgnt,bitcoin
1234zM61j8LuWhQRgejf2kZGoT9BCuqmAR,bitcoin
12353kVbzT3thGChH7vACFLXWsyctA5mqa,bitcoin
1235RcDncRXdamVM3D2KZUHW839rGiEi5g,bitcoin
1235RoG6AHyaDhL3o61jvfBqcPmYkGsoBv,bitcoin
1235Wm34yEXeN21C4BFKXE52jyLiRfc4To,bitcoin
1235jbiYrKw5hWQrkDZSnW8HFvhNssjmFt,bitcoin
1235mHCp7pFDRhsBupJ3XVpJsxp4G4zJj4,bitcoin
1235pGnPfLAtFpSrZysP2CCoYBFNJueeRW,bitcoin
1235qwvGz9jQ5xfi7R3mxJz3rTaqqdKAxn,bitcoin
1235rDkBgeiyUgxeUKj4nmBdTfKkkK3TqJ,bitcoin
1235ydNj9nijV7emSKSKubkP8bN4vjrvHY,bitcoin
1235yeVgQ1o54grLYRVxtTLsQSMxVztwGD,bitcoin
1235zZ8im1kZR1kwpN4MP85ND8362FtdXQ,bitcoin
123629P3U6P7GBjuXtoeeEBf8pe44wQtrG,bitcoin
12366MzCwu4aN43iZtTcwX6SnQgcEEYQKT,bitcoin
12366UHjowMGUK9BnVvBjeuWpuQ3TyDCqX,bitcoin
123692rjYDZD6P8eeorRYiEPAN6w6YpN9M,bitcoin
12369ZtTMLGnz2GCX6iWG31nJF8Yo2yQU4,bitcoin
1236HEoURTQCAXqVAcgimnxxrysMo93kGw,bitcoin
1236JinZCtkhQ34QCPeDQsJRpKcA7vXvZn,bitcoin
1236dtLjpGerpE4kyztAK6xXEYP32LKtrw,bitcoin
1236gvWC4rVbbPcWhkSkKj7QFqxfMvRwsw,bitcoin
1236pgtwvyD34wQLBowqxjEaaAhTwmiq7M,bitcoin
1236sMVu8Z3nH4zyZKfb5X4ARuNtjSvnfT,bitcoin
1236vLfur3y2wkTWtb79kFjaXRk7mr2nus,bitcoin
1236wPQX41fY5rXiFJk3iLYNjRiiBRfDeJ,bitcoin
1237BhiaZdkKcoJ5fZ5NU3yZBMhmuMkdjL,bitcoin
1237Bqvgjbb1J2eAYD6DdrghEqcpoph5d6,bitcoin
1237Ceoi2VC1YiBuSMYaSEWJripPWbbMsd,bitcoin
1237HawqGeawKaQEJcHZCZjBrJHS25u9Ck,bitcoin
1237XDKXunj6XvBnSMp141VzbwtdWf95VW,bitcoin
1237d9fQXPPJ6D3yT7MfjvpQNssQsPMaXS,bitcoin
1237eJeQCvbM3ynFq8cfN75zHVPCzFGqAt,bitcoin
1237fYK85zSFGeYQo9GsQ3UioYGbmhaEDD,bitcoin
1237kbjZaF7ny61zDbzGfCrhb6R7iqbEKe,bitcoin
1237uK2uGUoq4vMNbWYewEDoqM3XMzxzQ2,bitcoin
1237yFT71m9mXHKb11QAKeMy7iM98dmWHX,bitcoin
1237ytb6gitymM2Jyvrg2RG64KzcttZSX2,bitcoin
1237zdmcxoWUdCp7fT1ExiVTAdVJXfRxLP,bitcoin
12382ZQjmoVmsTJ2asd2LZyTkFVfD918BJ,bitcoin
12387U9WQwJjneNwUCRYMM2eDiWjTrDAwj,bitcoin
1238PkDLVdQDVPU6SAUoXXLQ4zMxaQRMd1,bitcoin
1238U2jCUqBAaNJXMBATikgfQoDtXgJrVB,bitcoin
1238VToa8ui6UxtQqkJ8Z2W7ettWAKu3Q2,bitcoin
1238a8qhe7v45sTunBXnaRaCJuhKKzufSy,bitcoin
1238fKFEx13vgvLuU1AbkD4c2WpkUyiYM5,bitcoin
1238gY2kXw7TuN3AUWBPnKgd6Euj2qngKV,bitcoin
1238qBco8ptchQj22GDJanpGQtYwSGzHpx,bitcoin
1238ygZr5SZjp8qL5Dtc7H2HGjZt75TwNn,bitcoin
1239BJSf5qmcAoPHMqf4PmkXT3RXfxwwAj,bitcoin
1239QjtWWA5Qo5Su4vzgeuUYi1jbiXdDdS,bitcoin
1239TbpWZe9Z6igG5NC6kRdSRq1yksb2oJ,bitcoin
1239gY2bGPhzP38x5toSV67ydqN5cYLizn,bitcoin
1239kjAnvFYJqRj23REBFaKZLsPhW5k5Lr,bitcoin
1239nnVLsxNgRPRZuZWxa8j7cgPbpnPPow,bitcoin
1239rfnuMatk2S4qsEoMSCSKwnqWVHhRwN,bitcoin
1239xWTGzr43bwDMGMR19dXHZwj7C6rjwq,bitcoin
123A4EDaKm5TLLQ4YRAYWTccntAMiZaU6h,bitcoin
123A5EJ9CSaiFmyLxazw7K2ytCtQmcP7sn,bitcoin
123A6EjN4a6F3dakDoo4iVNH5PWZdENmQ7,bitcoin
123A6nEAhpr5RyQup8E5vPUtBUpK7FVM9U,bitcoin
123AG94t5PBKxMZQuk3gATVGjyv97bkpbc,bitcoin
123ALgJtZMGFV46qWeFDrocn1nDtu6Q1PW,bitcoin
123AP8P2penathjR7uwfpkhxjtRCcwtX84,bitcoin
123AUDK4XqcPbVWDZ9h9PXRmk6Eaqh7U73,bitcoin
123AXRjgCugtqcG89BmFoB7h3ZNJATF96V,bitcoin
123Agsh2HFVE7CGhd4N7U62kB7jnhGnxi1,bitcoin
123ArxhnNabe6tNSzY8gcpDuDZF1GUT47o,bitcoin
123AurqobwmjLabapQ9TSvzM3uitNUZ8RL,bitcoin
123Ax9jAxHFA7VWC1t9AVWBKk3DhJFZFqG,bitcoin
123B3YrNTqp8THvTrmF8FSxEBgaAf3uR1f,bitcoin
123B6Q8nCbAWYHTyDbDTr3bvHaiKpHeXzY,bitcoin
123BBXRFxXNrC2iahjxd9sgUppkGdfXDJp,bitcoin
123BDbJ92DAXYdphTedapr1EkkknaVWRRq,bitcoin
123BE7d7vd9Umh4hB3whXqPFhLg1CHVuEf,bitcoin
123BNh64oRMa4ZNxpwvsc3mDznnYTmdStT,bitcoin
123BRMVAeXeuwdERnHkR5iWphJymYbXVsX,bitcoin
123BXBvjmqJDpCfGgnSYS9UpuufnNmzpoK,bitcoin
123Bjnm4xVeiRRB1aESnb7CLYqz4MEgENR,bitcoin
123Bsqhj9d5Q2V5onsD6KKBxGxdZhiYWGK,bitcoin
123CA2EmEH35oWaUEMxADsiA77MoNSw6Aa,bitcoin
123CBFAMFMv2aAqQYZc6iWsATwf7m8DobG,bitcoin
123CN7WvCjsTrEUq8FAKbsDmZcGsxH4jUi,bitcoin
123CPHqYKgF6Ss5dyjer1KjdvNRKPAUGju,bitcoin
123CPz2BCZ9mZzpJdAtRe2gFizA4zp23Nh,bitcoin
123CTEQxrH4q3jX1B2kH76DerHeB7K1Fo4,bitcoin
123CXWLD2aFwVajR38tVYXUoeFDXug9Woj,bitcoin
123CzG8YQqEqJKZSABUrBhoNxA7MeUXNXx,bitcoin
123DJZGfua1Erg434YzVNWU1YA3Mx9656H,bitcoin
123DMGb5UQJDZR3Bmj7C3TNq15yGsFx38W,bitcoin
123DNSnkiSSw4mymfdrHP1oEYXbHhuvfGt,bitcoin
123DTs2gtH3PUB92MEou2z6rA27fA2rgpY,bitcoin
123DYpK55jmrgzy9QjD1LqB1ecvtb1jgo2,bitcoin
123DhdeNuCf6DmLU1eb6zm39JcKvwhLreJ,bitcoin
123DssXtpU5MthBLktHqSXpU1hMcECzgXg,bitcoin
123EBHLiKeCeEN7jFqhxGXNSBX9DMDYZ28,bitcoin
123EJNKuTQA6nd9euDcFJsxnc5XPypABqg,bitcoin
123ERruPxjppFdyADW4ujvtarhDwCAueFS,bitcoin
123ETY4QrENHaeeMTWgtRqvhZTgMqLGTKQ,bitcoin
123EUzRj8ZdQDxcNKkDwBkpG313azMFEFy,bitcoin
123EZkLsx2an29WTGesMydZ4U39N7kexSg,bitcoin
123EbREuccgnZkK8e9gtaQ53Srrfa1pkvb,bitcoin
123EgyypdW4z54b76PYARvG7u3YYhDQs68,bitcoin
123EoovWwVhPVroTHLEvoCMkwEWC6R3Fzh,bitcoin
123FELiYWshjK34AHvtgzk97adcSxz9ivJ,bitcoin
123FS6MWkpaHUEbkS8fEE8vd1BsUNdkqUK,bitcoin
123FSSvSjScvDMCGjvMFRThmyMn6eigncd,bitcoin
123FTWoaKN8P1ykPD5wHvzRfBP4iiB6rz5,bitcoin
123FUsAkBtf5axVK2BXKwm9yuy43UMNiJg,bitcoin
123FVbm3eypN62MGJDodkBtecpcz9RArTJ,bitcoin
123FbtfJjg5nFfzmv5JGtr4oPXnhhrWA2V,bitcoin
123FemL2gm29vS36yBYM9G5vBk1unNRmMa,bitcoin
123FtwbbnNMCytVuav4VXxUCnBuTLnx7s9,bitcoin
123G1KF8V5wsS5vHFLmDJBucqF8N4RDpwx,bitcoin
123G4m1fNA55eeL8x1GARX5ZXCc3MwPBhk,bitcoin
123G6YEY41scj2aEvbiA1KRpEypuJdPuwP,bitcoin
123G7K5xRuULPJBLot2pjBz38SsRt1uqUW,bitcoin
123GBdRmKEzErHJWiFzEnUwXnwEcGXvWgU,bitcoin
123GJTdSF1HGMMGvWTKzGEQJ3TVuD6DNF6,bitcoin
123GL4AFvN6oXLJpGRajSEuHivJk7D3Yvh,bitcoin
123GMiDjnQ7JTQiFgcQAktG4LpLun8gVqs,bitcoin
123GTkbWj11iq7L2bYmXNxMJr99buxHQgo,bitcoin
123GebAiy5TtaNon5hYFCNifDzRFCUGGHZ,bitcoin
123GfJ8R7LSQUUpaVkhDc2MMRytvNquUd5,bitcoin
123GfPc3HvUGKBxnyRsGK41wo5nHyYnq2c,bitcoin
123Gh1thZPVZFsvtrjWdAcPKGr35YjejgR,bitcoin
123GhgPwPLKgz3WrrZjDoQDGHFo3zPamiK,bitcoin
123Gp5fzH83tBoT71H9okhtYS4MSJkHh6F,bitcoin
123H2TCJDwuhQUPVBbV4CcGxWMPe8psZrS,bitcoin
123HCxUVVnHieqAR19UrjgyBWDavhuHUmW,bitcoin
123HFukthwLmJghXp49f8CjG1Gta3wVniJ,bitcoin
123HhHvkczuzSAZQKpwvPKsAjxg4sdXydK,bitcoin
123HpQWYgN3gq8rHWjZn1FFRj7HZmsB282,bitcoin
123Hwe3DhytzNiG2Y59ongo91WVRfve3g9,bitcoin
123Hyk9ST6MeL6sVrHKTumEKBCahMRSAtA,bitcoin
123J1Vn5Xb5CPDm7MrNsCrnw2kyFJisDjY,bitcoin
123J26AjyUoKvpWX87vhRn9dLkyAn8N5Jj,bitcoin
123J3bCsxq92XNDEhkca44jfL3jZ5Rk3GT,bitcoin
123J8wDo9KY8GRwQaZtUsQLYUy2AtA7FRw,bitcoin
123J9YDSV2XYAd7EXUFjeah78gmv8Y9F5F,bitcoin
123JX4rDnw86KQwXtktMZBcb2yVf9QK2pD,bitcoin
123JaoVx1HHsHbdCd3yBZ1ozjDxnM3hFQ9,bitcoin
123JgG6BCTYvTmSf25bjPjgvHwpUwphWdU,bitcoin
123Jk2EPu1Rqp7cSZf5WdpGVWWWdqyLGdL,bitcoin
123JtcanXZi5SLtvqnVsVNijpXFNtoYCnq,bitcoin
123JunfAuiqNyKRvQgHzQqFGuhhM3NqHqs,bitcoin
123JwbTpXesfdoMd8UiAYnkFiku8XGmUwB,bitcoin
123JyKDLfGvNZub1o91QWBSZzSZWhD4t31,bitcoin
123Jz5CmJ4fN3vH2DhRYX4QZsgwhArEcAn,bitcoin
123JzFE4iWXr8LNJzimBTaZacMQjWuAghS,bitcoin
123K621UVLCmMGk7mBz2yzyYYLZSnyQQfv,bitcoin
123K7KFMdjLnhfMAFcjvEHom9fik9nvGL9,bitcoin
123KBbJSbQZzBpp9ugyKVSHJhRABmhcYqV,bitcoin
123KDU1b3PNfP7PHDvcXsgGVxHvMdskh2Y,bitcoin
123KNBea9R1pb9NUJYQHb7QUfu9VKLr2QN,bitcoin
123KV5WzF2X6b5tR22Y397YBe3sZj3QMB5,bitcoin
123KYyPD8euhnWoAQ2icj4fZAsUs44e1Pa,bitcoin
123KajTjYiKAZ4s39YTqfccy17sJt3Gicp,bitcoin
123KdasMoGPU1uLAgABLZDbrVL99LeJvD2,bitcoin
123KdtXCRB2uxiUcqsMQLLkuE3fC1cZSGP,bitcoin
123L1NgLm3uQpjUxggVfxNnffkXCcg4fsk,bitcoin
123LAbJEQj9gNXwhdpXZdyiNzHe9hHKUMd,bitcoin
123LVUR3e7eDrAMeCbohq5Q7Jj8YQmEToX,bitcoin
123LVfuvGFhR4s3Gy5dhokCRmjjDeECN4S,bitcoin
123LbEsMbVw6YXLrD6mzyJwmp5SZusqt6s,bitcoin
123LeCh9eC2SKbYDPLv9sPR7yAekYSpwW7,bitcoin
123LyjcX5JXrxQACZrGA43xSSoiB8JXRt9,bitcoin
123Lzt2R6DTVXTNHoACpajKVX7X6Lm9QP2,bitcoin
123M11EMWDbv4jFtdxxfBLEYYK1jntfV5n,bitcoin
123M3yQ18F1Tv5c3zdz2exSwNs8DPDYfgL,bitcoin
123M7d1aufB87DfY56ftjawPCaTiJ2UVbW,bitcoin
123M8nmCZGmsPtVB7QBmigdY6QCrczKr1M,bitcoin
123MFncoTmvevqauVghv6z1ZhxWu583WJ1,bitcoin
123MK1WxKXDY345CBPuxVQrNWmr5DgofSV,bitcoin
123MSBHs2Y6LCTrUFi9VTJBukkHhBj51M5,bitcoin
123MeXGKMHFmd3FjAD5bViNYzEttHPBqei,bitcoin
123Mg4gfgX8Y1g8JyHGzBhL9eanWVDm7qY,bitcoin
123MhS38oyUAF4TVYhwog8Pz3B6SVPJ96c,bitcoin
123MikXA5iMqesgH4Fxag3AfFu4WA946Ry,bitcoin
123MksjqD5vvMj25AjmD5cbRZLycVFBFSU,bitcoin
123MmUtv1ppGTarJW6FRNWf7Yv1Ss73vLd,bitcoin
123MmxHAykr1vZbvZUmBrDk2CfJ1riaECx,bitcoin
123MppW6XH6QD7NUTizs153AC4BhFEpxfF,bitcoin
123Mv1Ec8cX2njmFsQ4X5J686kkg4RgwpN,bitcoin
123MwJWjdDbSKErbPLwpZTwy8CFdri5mds,bitcoin
123MyjZvMgcSmsggAQw5RKZSMcdnDKvxBk,bitcoin
123N4SPB8oCiYhcaj9g3gF4zdKDwmHU3LX,bitcoin
123N58rg2LjFYyjptKB31M6uWNPwcrb4G4,bitcoin
123NG9ndM74NNawRwtsULzk71f9FsSDsxC,bitcoin
123NJs3zsStvLhDfe2J8JJwwSKdZB4SFeT,bitcoin
123NbtqhpLNRTvKpRcxtM5EQyGLhE1Viwk,bitcoin
123NfvrdiJf83f555jaw4u9JmEPobrfsbD,bitcoin
123NgQ4bSY6CiEp46fnfAVc5oz3iYzaYrg,bitcoin
123Ni6BCTG5kCtYz6Gr471sKdxgbRJhwQ2,bitcoin
123NwaCCMudS7qpYYSTSDVy7ncyKvpVhR3,bitcoin
123P5gZjrKBx4XixdFDJKiuycUAPGwff5y,bitcoin
123PVqiJoRC9hdpZXoyJ5srRhv1MjfDcmK,bitcoin
123PiAVuV9K8PKz2BPAxShJ8cbPDANYQdh,bitcoin
123PkXiTKRfqygLDNTwtv57csSPLmh2PDh,bitcoin
123PsTFin2RFSLd5gVKZw8dAfuNprc1pXj,bitcoin
123QHjc73geKLgPFU2mKnHF1tkJexkZQx3,bitcoin
123QMKkKUgWUXBuuXhHHK8fKNjUxPjGnMq,bitcoin
123Qnwi7NpDv9bhJZAy7L3VBbTfn9pFRfy,bitcoin
123Qo6hdbbimQuF2Ljt5oAGHDvw6VxnqX8,bitcoin
123QqiJaZGD1bRFZk2FS5uWEGXyfonJF1p,bitcoin
123Qz2fRshZjn2MNQ4WmtNY7B4K3YQMmN5,bitcoin
123R1u7ARGNod1tPMtCf852E4sFDfAY8Mo,bitcoin
123RCRu5v6t7groirEzj1kSsVd5G2gb7ht,bitcoin
123RDJD7WyDzrYYYz3HkbZuonG6d2xXuHY,bitcoin
123RcR3rqv8EuTyYYvpnfaJQMTgm9Q1ovQ,bitcoin
123Rv2PSU8PTQef9aLt7RzGLBsfnakYSe1,bitcoin
123RvJa7HvMtUiVK7ZVaHp5Bugm6TWkP1Q,bitcoin
123RxJ7G5bDLDgL1QBWE2L8jM5qNw5tXVb,bitcoin
123S8S8BvmswqJ1pELNgxmK9E9hdpNwuH4,bitcoin
123SD7tCidFx1vQGnykBLWmSGpqEnxnUvT,bitcoin
123SDwYB1256vd7JhXrB9rML3MQAPiPvfW,bitcoin
123SPPgVnYFisCuUWMyUtTX6boSGSxFCXJ,bitcoin
123STdJ2eeNSdYqWUJ1kgsgBsWrm7gT8hs,bitcoin
123Saq1Jn1zdF7iyVoorRaTgDerrzxd6xQ,bitcoin
123SaqxxCsxfwaG35ahGrtqtW2voGW2DT5,bitcoin
123SePHLh6LHkvprMegdFrdoZzrswtzX19,bitcoin
123SpvXytgdi4fJkPCV7qywdkWCRoVrXLK,bitcoin
123TGt99ERy9qVeF4o5hGTfLL6QBrgfGL5,bitcoin
123TLrgRSWZ19rFNHPAzGZ54kxiyvRCBKo,bitcoin
123TY2HhLDKSqqBMbRUGdebkKHUw1pDNqX,bitcoin
123Ta7hhMvfargyApch5oxoNzuQ5pVHuZJ,bitcoin
123Td6HEcHX5x3xPrw3eyn9NsYnLBCFGHs,bitcoin
123Th7bdU88jPCQkW1nGWNqMkCZ8M68PXN,bitcoin
123Tjw12T82FUmTig1TkA75BK15QC1ZYAT,bitcoin
123TvyhQEkYSHTvfhubFZajhwjsrykQsQc,bitcoin
123ULyp6UYMFMEdete4ET6Vc7x9WTfwBam,bitcoin
123UMMCu2bK1ga5HzpYWNA2W6KjRejbQfQ,bitcoin
123UNMLC9x6AUoRRJQy6wECcRq5EFCFfE6,bitcoin
123Uc7Y7j4xbtDfxSij92LHB3U4gyk4Tna,bitcoin
123UpmSfVvpuo7sekoQkM6SDCYTJiTwsrv,bitcoin
123VNQ1CPZ4jyxndWYHa1YEXUonKkpoT8R,bitcoin
123VRpab5ezwhHhUtuFA2FPG6jNdrqRkrx,bitcoin
123VXu178THQwLadxf5ASNez68iToEZqN2,bitcoin
123VY8wkQjg5pmgf11vBp1KDPiTDuAmRTp,bitcoin
123VesK8HKQhcXG2QJXwufENGNSTNkMDrJ,bitcoin
123Vq4Pz4HyKn9kwc4HkaBiJBfnkPLdgu7,bitcoin
123VyGDBeF4siVN8FgvsV1KW5dWU9LEqGW,bitcoin
123Vys1A5F1jHzfRA2GBhzqF4WfxBkHXFr,bitcoin
123WEWzUhUPz6RXfYo9rr3xuPnn2t7M2gC,bitcoin
123WKuZqH8t6yAyXNXmAVSgreG8R2ir9mQ,bitcoin
123WVGgv5jCsPJzg9eNajrKQ929AYdMCc1,bitcoin
123WWb6DYULtzWcTifKZNuv5sb5YYBTC6P,bitcoin
123WZjZZP86Mep8m8NMpfjToHbUg8SPqiF,bitcoin
123Wcy28j9PiSKdNrUpM5urB1WoMfJx3Q8,bitcoin
123WeDc3BfCYhrCGEF8nfXQF4jry5kvLCq,bitcoin
123WouvoNeisSs4tMofo8jD6Mr7pcDE1Em,bitcoin
123Wq3aj3X2RwNgn9S6bMpyhx1EscwkbDS,bitcoin
123WsfBuiNNABijym9LiRC9QBoNPE6geby,bitcoin
123WwNCdgd6mk8tSE1h98Fkyzk4XgfPYcJ,bitcoin
123WxkJF4hKauUg3TV6WFmztsc3Xg3xdsC,bitcoin
123WynPQqTH1XXtWLnRWwkuemH3RxvgkNB,bitcoin
123X9kMHL9SZz35N3vhQtLf8gsJs8BpdoL,bitcoin
123XEzbjXaxh5P3DZzpeVNVuVxffmJmYqA,bitcoin
123XLNX3YScWtssQdZs5FVQZ4exqxygWsS,bitcoin
123XRfhFfUkxdrXpTrGwLtc4iU8kM4uQVB,bitcoin
123XSzDVcUExV49fZ6nLY8EZqj3bFM4ceG,bitcoin
123XXTsrqhCjmMCHQKGGA5PY5VAFCRKLgr,bitcoin
123XhrQErhmZm7yiXokqk9vv2qqdfRSKw9,bitcoin
123XiS1fPaUBj864ahofxwJ6fCK9TqZsKm,bitcoin
123Xmy7mAWrKbz4PUF7WAq19jUvzQjjYWN,bitcoin
123Xo3c7VMSyhFqP12CuhJQyFEbxTfZCjc,bitcoin
123XsCD6h3gvTLNydsC88S1amxM8zgfWWd,bitcoin
123XvtYkpyMsrZCfjqLHHWELDeMx1XvALF,bitcoin
123YJJyLQZ9xtdWLnkmymtNFP8HPia5hba,bitcoin
123YQWjgUZYEcW5WjyDH9AGyFMzXqhuutB,bitcoin
123YRwqU8A2wjpJWzEEqXdWXcoTfMMPj8d,bitcoin
123Yd2fQvECBjSeWD3yj2rSPp7jo9WesWV,bitcoin
123YfTtSBUFUYJVEvAe65BbucErPwhgZHK,bitcoin
123YnRifukZVkz9CLyik21Y7vBoeQhXjaF,bitcoin
123ZLTY66jejbZj8Nh3wz81SCgWgNniLbd,bitcoin
123ZN5nMyx8oPRmgtYuLkeQQ1zqvyyyi9y,bitcoin
123ZSKbQ1h8AhEAGgADW9NwkYSmCE9EUed,bitcoin
123ZirhNoo6zienHvAnVvubENmTSA1KHzk,bitcoin
123a22GHQCMcUmfKfjp8Qx7RC679NvhxWi,bitcoin
123a7mmqhSx8E6bGEpdcoY9Tje3vLjdozC,bitcoin
123aJSg8BkSqdd5suKTsUdNSLNKNHmsc81,bitcoin
123aXpYY3DddjfeVaRKLv7SqSG65pznLgD,bitcoin
123aanWcyETEFf59eCpHE2x4yK58LSWDtq,bitcoin
123ab42dgN6PqxXFXmMrSnrXb5nANbebMz,bitcoin
123aeJtgf3HCih1hUfKZEEKM7GZQZ8RE43,bitcoin
123afYULRwqfF4KjqfTzmcFj1HCeh29yFu,bitcoin
123apYgPv7rfYN4GoHAbCVwJoEQLj37KEi,bitcoin
123awS4ztp4svLMHpC7G7HxQoY8JBggRVo,bitcoin
123b1BEmDjic9Mu9reA72eQeZPhCyzt7cc,bitcoin
123bFGPUhf2sezVHs5S5pGjbgjptwZcHpt,bitcoin
123bKJC8fGNg4aGHLsdofvS5zYcYyvGn9C,bitcoin
123bLHhUfW2w76gSnhB2E4FYgfVik9dVFK,bitcoin
123bN1FPLSfqbLfKmw8hHz1UoJsWKwP3iw,bitcoin
123bQvUohwoKDeReDJfh5UQBMEP8gzr6Wq,bitcoin
123baUdRDx3vGdBQoM29x3jLbQdrK4vR9C,bitcoin
123bfHipH2hWXYoFmKkXHfo2KSz3wN6b7C,bitcoin
123bh7mnZeh5N37Ey4PvFQWNj1j1uRJZnz,bitcoin
123bs3yBRhPqVAGk4EBCo6Aef5o7wCQVkj,bitcoin
123bsfe1CgKG6coSy1Q79yqyELjmarqL8D,bitcoin
123bsmsi3ygAFY42VWZz2WJ7ZUtRbU25jD,bitcoin
123by7nihjfgj9WkbAZcQxehTrXARthwoS,bitcoin
123c7qpgHweZiYw4ktqT7riFCJsbrVrXZt,bitcoin
123cACfCzrkTecydsGwPz4GFsQm9b1ETo4,bitcoin
123cBWTGb1NfvEfYsbZaxxTiVSDoGaMCF4,bitcoin
123cGY948GknnEDtEm1uEAcTbHBKLbb8UT,bitcoin
123cNE6yAT3yhu1c3q1Qx8hxjmDDztMrX8,bitcoin
123cQzRH6n2fLzo3n2R8VY3nY2ADGzmbLX,bitcoin
123cTEH7wTTbqfJCjqoKf9heKxmxx1YFVR,bitcoin
123cV8vhKQb9BDnvfC881ERGDsXXMZQhzE,bitcoin
123cYFeUrqsma8q3E86SSDThisVFRR8Qou,bitcoin
123cauT3JLj5noJ13NpwsuMQoDoSe23zdU,bitcoin
123cc8VhYsHgEWfF5f7XfdK32PEQKWAgpq,bitcoin
123czCfx2ACP6bNssPa1PAbEjaHWUE1geK,bitcoin
123dA6VzMWLCVjZYUxnD9qmWjTQraDc81T,bitcoin
123dFMF2wicnSMR7hdTmJ55e49rjLnTyQX,bitcoin
123dGAJHNHYCk5uoJZDCfqBu9ZWZJTfMYP,bitcoin
123dJQGXSERtkJf98EnUj1i5egAeaREnzz,bitcoin
123dTaPUQegiQXtAJPzrbu3QTKTuuzjhs8,bitcoin
123dUmWXsPqosSwXRg8ZKDqUgCVPSzbcH3,bitcoin
123db9bH1k74eoGX8WtvK2FzCnbUiyox2X,bitcoin
123dbRUBFhSe8eQFv6Mcx29XhYPWmUdFzs,bitcoin
123dfCUkAFYo1sEmW1GChf4SCy7TPhf6nw,bitcoin
123djgiAfMZYFKpk1RdnfyZedrELCpskQ8,bitcoin
123dkNdLkPHN89kGQ4yQ64SPGs6NHoN7Cf,bitcoin
123dreZry8eyKGyzVLkw66whPkZzD5i8R5,bitcoin
123dsKHUUkuY5PWkpKqppEbVytGD92wE86,bitcoin
123du6tn6rdZN4sKueUAEZF3ibHbFp87wY,bitcoin
123e3GKsRJxwJBszTo8pTKKoAyfuyGBgnz,bitcoin
123e71J7ynvhYcq8zqY14MwAFbrmnVYNtw,bitcoin
123eDvaLyqpCnNaBnVUyYe1TjAnK4Vhnpn,bitcoin
123eFhK7Uppo5FXDVpNkRPEshGWhvbCoem,bitcoin
123ebhpjZQwooDNjjZQCNV8VmMbTiThNAS,bitcoin
123ebtqVXj56QysatcaxJRfy1cp4jDuoFt,bitcoin
123ee8Sd5APFc3Yr1Qe5wbjoj7rk3ecJ3R,bitcoin
123eeJYC42R9bLnTuC8P8V6pMG9A1MHB8y,bitcoin
123erY5Uy7MgcWHQKcW7wQPJGbYdEqc3D2,bitcoin
123exYof2jUXiNK8ysPoiWLDTrPK5Lh9Ni,bitcoin
123fJNacoEwYERroQwEPHr68BevJtd5535,bitcoin
123fiRANG9pB5C5y6vB5FXjEbZYae3VkSq,bitcoin
123gGUMTp8PiUvx549wxzDsApiYy33DKUD,bitcoin
123gT6tsQGkJfMU8N36gHx8FP53SxcfT2t,bitcoin
123gd7R8XSxfiLornaGd9iuEhgGf2CP9et,bitcoin
123grg4H7d99RkbJeMvRtWTXKUNpu6dFNY,bitcoin
123gtqpmbWdfFnBzEwwV5n7Acn3KBD6BzQ,bitcoin
123gzjnhDhMHGzUzoaWfuXK49GCt3sB796,bitcoin
123hMXhLLDHVif4Kjsam4KKASFLVrNiPYd,bitcoin
123hNFhhMQMMKk2o6FuC981A28XavrjXB4,bitcoin
123hRkjTcjr5G8FdjVyiQ41X55Zn1H6Vxu,bitcoin
123hgnKNQ11vhejDuUCnJQf6vMXaZGxVQK,bitcoin
123hq8rUJEfkbkSmqoEFtsJqvSeZmravrY,bitcoin
123hqwWEw8rizVMFn9Pf83BBWqLSzsaTDS,bitcoin
123hsP8H2BtUYkTTXbah6N9EX1Z3bLxCsZ,bitcoin
123htyAGasaVEtKWCyDxRx6toVDNY6BdJy,bitcoin
123i3AdYomLRFPi5VdWSWvrGJLBBy7wKgi,bitcoin
123iBWVskqnxUZ7v2BDZtsQjWcTLsuK1du,bitcoin
123iJL3aAMsm3dng5SWNdRmHdSyM26Q6FH,bitcoin
123iSpA49vrPGP21rzJr4YgcqRnZrU7ozJ,bitcoin
123iVQgrXkEDwiZxZUeSe8ES7wAqNuGQpu,bitcoin
123iW2icojqmmzN4aUMv1pqKLK11vTNg8H,bitcoin
123iuk8WrJapcJtdcd4MwuyyizkpmEAbQQ,bitcoin
123j2o5BhQxDVmXke25AMVnJY3V7yZRVF1,bitcoin
123jFCfvE91MeVmvgybrJhFLSpaEuG8Gxu,bitcoin
123jKR1LNcZQsvE2dVAwEfaxQjWw5TiA6i,bitcoin
123jQp2Z1qs7WqFMSqtGZ3Bait8mmJQTpk,bitcoin
123jdP5aGgFByhm5x9T9LdLzCRr52GyoFr,bitcoin
123jxQ3tyoW6A8nFnRbJcG9qVUd3Pcn7ys,bitcoin
123jydsdULc5TYfiRZE6tEFXZDo6LrQThM,bitcoin
123k91eRnMUo74EwigPT6k88Khs26kTDax,bitcoin
123kLWZ2Zr3bmf1PZDWpkqQoUQMxTZtaoA,bitcoin
123kUJioA64JiVNHbYcgTAodA8Rfqtqv5G,bitcoin
123kZUhgb7vcEzCJwx6bYUwit9ni5zHaT4,bitcoin
123kZczKrdUny3G2uVNkHtJRWyS6fHgaQN,bitcoin
123kfZwiSqbZqt5xG1nbpRoBjBBXVKNY1E,bitcoin
123kiW52YMHSM5JQEtMhsLwztw8Uwmxyze,bitcoin
123kwv6VRuSvyoebVHJyGUPdA51vxHDBkG,bitcoin
123kzhkq1g5ZJ5XVcdBnp3fsESnj54zJ1f,bitcoin
123m6xC9prpKzC3wwRgREnSdBz1hABVixg,bitcoin
123mEQyhCS3QwKGFtmXZkSkrKkvZLzXB7K,bitcoin
123mQx6Xy9gE5zbCPfroi7ihkGYumaP418,bitcoin
123mVnzB3hrnDWXLw19gKaT2vqGNTEwpes,bitcoin
123mcMa37WJUHVj11Mkc6bkjfqNt7yk7H4,bitcoin
123meAnF797ob92gHm79mUcQFS2FBBN2VN,bitcoin
123mnCUDScskJ7g1jTyeNV6LEb8f1r7YW8,bitcoin
123mnQyx1azapMNxqM3J3K7dNVxJSFz8Ft,bitcoin
123mppWBTHrvuA2eboS2PaE6TcP44KT15x,bitcoin
123mvQg9BCER1sqveAC6pUFRuFxqgzbSv9,bitcoin
123n3xnPAG2cqPH1GKJWg7ttnGSTDDPYGa,bitcoin
123n4XKDcPgB7zB6utWcvACMHPCaucw6RW,bitcoin
123nR9AYPi2CLBeXE2QgLyPSuveFtqoiLM,bitcoin
123nWbjZxrMXx7CD73uA4eRapTHjTPorHP,bitcoin
123ngESAJyiBfDXDuAVaoJhDsSWu4fAdTZ,bitcoin
123njLrcUy81XQ4aP931ad8HvwZhVgpawu,bitcoin
123nk5tpEJEhz2VCCwhgusdZQRTW8rQqpP,bitcoin
123nrSePpm8XBh8es9PcVhod5eTFRTsiQo,bitcoin
123nsMkyPdGsstW89qSB2aty1MmBJawapx,bitcoin
123ntgSGSPnsk5BXuyyr6Z5JKUF9wQbZob,bitcoin
123nvD7vTGpRS6Y9iR1i8n7J8YYTXmMETo,bitcoin
123oEz8G5aRakmcrg26nAVgcTbmRcucVko,bitcoin
123oKmBW2d2SQGYRrvfzmp6whsPpJ6P268,bitcoin
123oKpjJdU3uTh5yqJ8rVzhwrRVLWifEdY,bitcoin
123oVA4yuq3KP3EcLB4g9H9HUM9QEqvrKW,bitcoin
123oYEPHKYkACawCdoice6AA2cAGJe1Mqv,bitcoin
123okEy1MDgxqnQ5Q45vYAGDnFUxY7JBX8,bitcoin
123okxvYNAUL7UzojQgM8pre8qiS1EeEgE,bitcoin
123os1TjAYfoRyBaeZ2sg27rkX76BPvz1Z,bitcoin
123ow8fccgQVA6xEzGH4oQHkkrvq4o7B2f,bitcoin
123oxfQXh7u3J9bLboEXHEvCc96QsfNSmY,bitcoin
123oxuVcem7VGTc7ix7eQPEa72NTXvn6Rw,bitcoin
123p212TSSR5qaiW24Kp9HMR6beYTU7vaj,bitcoin
123pCce6gHtdWSi8TNUux7Ty4ivGmAi9g3,bitcoin
123pDjgtgHgKBKcLufPD3epv8w6MPmDNzh,bitcoin
123pJWZ2Rc874r1rgDnThWzv5YEvheraop,bitcoin
123pPjocL1K1LmyMC75eoxGzL9Zv192Qyo,bitcoin
123pbYLVHTTLEHfFj5PKN6Rnf51tmnZnDr,bitcoin
123pde5HYZFHLgEdcSQW6TxrpAoDwBzocA,bitcoin
123pqkeGBj5697ib9jaxxZN9z5KGL7LG8A,bitcoin
123prG2xHWerUUeXpTabC2bfGpm9YeetVw,bitcoin
123pu7rpGbz6JXXKxNkTmRhKyaZ8RLXxYk,bitcoin
123px5LfpbPsE94JXYnSfiuJuM1myyb3o5,bitcoin
123q27aTUP8TPLBT6Zk44tSQgnGdF9Q16j,bitcoin
123q7MAJCgs9Na3twbdPrXVrvxgXEm7SjA,bitcoin
123qD7CkfUFAzLMRNEU1vQFEqBLxAePf1p,bitcoin
123qFncTarYUvyPKDAsJw2UtymMx25Wv6T,bitcoin
123qN9MS1QSaiBiCk2X8X2hWNjzKqbSS5T,bitcoin
123qajqszU7acej3WPwYxCRdPE8Z8VyE48,bitcoin
123qbjnjrhu2zZofnwhkZS2nzBAQdFr2eU,bitcoin
123qcK9NB77Eh9tnirmyaYswkZ9D8BbbF1,bitcoin
123qgNPr4sAntoipa6GbiNnBpEF9Syjgdq,bitcoin
123qnG8Aka8hJhs4Kdbervcb9yt25viAJY,bitcoin
123qqQy6obmh58eiHypKnZM4pCFn468Tq6,bitcoin
123qrnzdyTjTjYZdZ3hEvYwwp91ZBogKfr,bitcoin
123r79nziyhk4MgH1QfCJcE7qyGGKnxs6K,bitcoin
123rFJC8aGPrjKdUmDUbSjCxCqNBynbr6d,bitcoin
123rUNSCYY64TdLkPrrsKwvJqtrpDmcdf7,bitcoin
123rVPn1XPzKfY25o7EpuW8fUAP6RAQanf,bitcoin
123rZCM7AaJ825kB7SPydo4RqDN8Q8rte3,bitcoin
123rbAQVW52LG32qcriCZovXy82yinyqHW,bitcoin
123rfYBEfTTefkhwtviptLWYiZccea1oth,bitcoin
123rmzGEayujKZMcSJhHAxicSCVAkrZHAU,bitcoin
123sJuZ8mpJi9RceWng6Pxv9bEuj5qfsEu,bitcoin
123sSHW5FCCzugFiHbeYgdxSu2eAhRcLkV,bitcoin
123sr5JXbSWBT1KxCc1ACjySdVXrCvjLis,bitcoin
123swipLcjLCZ5qK4j8ZjRdSR3shK2qGhh,bitcoin
123szokKmBLMqhEBKB5kPhLn3H3VR4fQH3,bitcoin
123tDx5nK37qetHJhvS81PG5bqvw6Bpp6J,bitcoin
123tMfxAut3VXg3QvqNtuZg9kNcMs5xGCP,bitcoin
123tN39wtKf9RjZTb8rFjGVUuuYhujpYJb,bitcoin
123tQ9VazYLvfFzyS6P34XDoNH2GGzVS9N,bitcoin
123tRUwuMGjzFJxvbKBQb22qD18aZZUP3V,bitcoin
123tRmSacd3j51Nt5YDmU5KYwcgrHN2Sof,bitcoin
123tXUkwikYv4FtG7pFeDhC74eCDBDNc13,bitcoin
123teeWt8VAMfS1Mxav2weduif9qvjJazM,bitcoin
123tiSXDPNnE31CKzJbNJKscGBeFDexhRJ,bitcoin
123tjYsx6anMt6p8txcyXD2G5iRCWL4wTv,bitcoin
123tsfqm8UmK3UYs3ysLWtEfmXt1fhTcF4,bitcoin
123ty8kh5xhw2df5ieR7ZEi4ZktwRmqy5v,bitcoin
123tyy58R58WYhZFRXgZdRRpH6paCbaGEH,bitcoin
123u8V4mTxxSrWtKrry7wEjbraqakXih1r,bitcoin
123uA7RLnH7dKyHVmbivB2QeiZqUxjXkqa,bitcoin
123uB6CX1A5dPTeJ4c7RkbNnaWXqhLSieL,bitcoin
123uGw8CJcj4qxeGqdtXnEwHnVNsW7aYw2,bitcoin
123uS4H81eJhqUdQJX6uQNM6QzcCjifSo9,bitcoin
123uZgeApPkU2RTZdHshW6Lf86szwbzTkp,bitcoin
123umfBYhs1UQjEBHCovkUN4UKgNATFoa9,bitcoin
123ur7RytU2sLDFmiSxx3jeHFnpKQnfqWW,bitcoin
123vEDVW8xyaZfbWTJ1jVWiN3zkRCWG8kA,bitcoin
123vEaFCdaDstWbdvi4ziDKamXvm2nkvH3,bitcoin
123vEguiTf2Sdubk5DdYaWB3tmZMQWR4gj,bitcoin
123vMzC5m9foo2vGwcCgmNURscErpL35SV,bitcoin
123vPKTJ5LqMnwWWNPgCRGm5bKS2wHDkVv,bitcoin
123vRGYZ6ocdnELjJwQNUg6ry7wkGo62fU,bitcoin
123vSQaUaaKaaiaS6GCS2r9GJWUA1tGSZ1,bitcoin
123vXHgxDVMLkCUHbmwTLMEw6Fjm5kUeC3,bitcoin
123vj2dW9vGkEY8bUT73L3dE6NihewFsfb,bitcoin
123vxkPhMNy3NHmb3Yurx59GRYF8UaVLFX,bitcoin
123w3y5CM5HGz9AbL9tJDxSSMNHGg22VSs,bitcoin
123w4iYowCQDXhR6kboXCuP4Fn3CACzM1W,bitcoin
123wBTXGK9NuQZnKUnun42o3gpA3NPPw3a,bitcoin
123wBnwRW4q8cWtuVbwqUPFYFDmvy4cfMZ,bitcoin
123wDNpKpfYpFV2zM751oEaMr8sdbSxgHv,bitcoin
123wXSoYCatjjcXd2WEWci1QsCFcRbUgqL,bitcoin
123wYX7ei42vtiSAWwb2CH32ujKzdM7zaA,bitcoin
123wepgTCvAmLDAVRJMLvo2N6n4D5qhKbS,bitcoin
123wipVtnDUDi6ioqEKtxgK6WwnYag9jgK,bitcoin
123wk2PqZcBV9iNjmo1SHBybngXSDWoEM3,bitcoin
123wopeHiGkmZXrxzeAa7UUwYMnXy29JJC,bitcoin
123x2pV8JHLLfz9Bwrx3ciegdbudYnFD9K,bitcoin
123xCQF9c3YkYfJhaL8GJspPzZewsFsWWM,bitcoin
123xF7czAymYqB6q3ToWVhrwvVtZincZSA,bitcoin
123xKLAsD6A2wKb6UURZKQqk1fAfPqYbCA,bitcoin
123xKeTZRxg2XCrfxZejoekna1f2MzjmYy,bitcoin
123xiLfmAoximtnL3EFAbbieGQ79gQhmN7,bitcoin
123xok75qCrzdFaTFYXtUrkUyTV2oZgyP3,bitcoin
123xrFVrvTgCAG9DqRChGnZCTEs7JZWPth,bitcoin
123xsNYpWyaLR6aNvFfPbP3jbVARKYyuMy,bitcoin
123y4irQzEMkf5YPxq2fDNqqXdHYYgzdbd,bitcoin
123y85kQw9kaL4G3SahNSpTNopFZRV4EAY,bitcoin
123yMNNw9DVC4xbGRotgjzCPmYjE4UaRuZ,bitcoin
123ybQmcUPyBzj6rSme94WRrHHJVSz7aqa,bitcoin
123yvgKz7gWHDFjsPXuxU8edSnytDoPAsc,bitcoin
123yy4xeeUEYSotNPhZTZu2P1P1K67vqdW,bitcoin
123zEQNPEm2wks3TUAVhDRGk1hrhTt2wtg,bitcoin
123zEp6W3BJZdM46C2A93wTeeDTNHu2rgf,bitcoin
123zdeNHTAWUcqASDHTmWvZ9h1eV1pUJaA,bitcoin
123zjkX9vDFTgDGCzuFjeNgS2aCERYfsPp,bitcoin
123ztfvEpVZkRZib3KV1gCJ7ApXoPWS8bB,bitcoin
12414PyGsuriXcovPxWbDSWpeey2so5vfg,bitcoin
12414usq9MVA5oU4EiaDFVAFTkiLqnFPLJ,bitcoin
1241DFt1iSfGV6tsrP8Q7mUMizqNBwVYF9,bitcoin
1241JcWAYqTdKkvL3RyLjJLGoeFr8ZeRsc,bitcoin
1241QZLHg8itG8YhK4AS7G3nCMhYqYTxi7,bitcoin
1241WWRhEUHu92eVu3vAz6FtbyhfHEY2kc,bitcoin
1241aEyUoux1AYqZyKBYETFoZ9kAbEFHNy,bitcoin
1241uXezZbKYpv8EwnKsMJXNJrA7eKDRhp,bitcoin
1241wFeT7m1mUtvLQL3RPfv99tV4gwAsZz,bitcoin
1241wvzRCvA8wYrGc34me7DqXdyRVbUmLM,bitcoin
1241xHaKqHV84WaqVnamdXhgJFuvhRjNxP,bitcoin
1241zqSieUNVyVyHovWyTfq7spAGuEVMx9,bitcoin
1242BVApcRqsWJwReAuhxX4ZaUCWtYHHLf,bitcoin
1242FvdW9MYfMGzXjeE5FQHsQrN4Ax2LhK,bitcoin
1242bNLtG9TjF5QPuVdkp5wJFTHQuttS3A,bitcoin
1242c9iTgtUc35ZVcvDwmPKjqikMdoDZ39,bitcoin
1242cCQ3qRkZ3Xo8ti3dyH4LmqqYaDf1Wh,bitcoin
1242pDQEJUSyvCYCDTKm8SZvcRyMvURTck,bitcoin
1242s6raD37hQWm7HaRQ2rTWoXZzXgxTCX,bitcoin
12433obwWbHiaEjefaXoBn5gxQmxeLhWtS,bitcoin
12435ptQVy4sABL35nxz4MdtaYfTWvHgp9,bitcoin
12436FWGstfDJiP4biA9nqYW6sUv6TxW5Y,bitcoin
1243FntsBibheGmha84KwTtv3geHDKLJqh,bitcoin
1243JqqPYQFuNJZ8seF6UNXKTJHH3Eeucs,bitcoin
1243Qg537gQgkvMkqfUoa1AvjYouTWaV7o,bitcoin
1243UQwz1hDWZbjPLJjhmsfvzHhhrccdVK,bitcoin
1243dNnQo3gxGjx7GtRfZvMjPWYYJtNoa6,bitcoin
1243omjAYnmSWGZfVeiE8AW4Yr3bWtNUSk,bitcoin
1244824bq14VmXE3fwABafbpMby5Deo1jt,bitcoin
1244JdKtSUY3cXJhBcUSN5L1VTdrhtLUkV,bitcoin
1244SmPP3CG9FukSnGZUBQWvAUxKHbWd3y,bitcoin
1244YojA286vifC7pZhJzzYFAQv4Fa4EUN,bitcoin
1244cPYiAG5LqqJfGTVnWYcJBrYrSC57PC,bitcoin
1245QzLXFf8brWann7Kx6Zaw9ygCQ4VhzC,bitcoin
1245YR1Jqi6WYHgiV692fTXsTWyXUcCW5P,bitcoin
1245ecwSNwDp4jHepJvFRTYC6z4aWbotUY,bitcoin
1245wKC1YGVqt2srQs7Zw6eeUNuZaoUqb3,bitcoin
1245wcPyH8kkx5zCEgJ4uEH66SrZFpMpsm,bitcoin
1246FDfeBMDHrdhwraSnFYiczBhfQAFjdx,bitcoin
1246KwEczYcC5Co2v6kMv95MvsEZ9QNXdm,bitcoin
1246Lu11VY6A3uzWMTo8XJQcdQpgRxkd2d,bitcoin
1246S15yzQM3fGzzHPriSwMC9AgMBCicWy,bitcoin
1246SHPLhsau6cHjnSsiB4jDAKLnLWhDvX,bitcoin
1246ZtGHbiffwtnj5sqBHux81hniHMzCWi,bitcoin
1246oo1tMXYLUPy1vzBvPdUmGorjY38xCc,bitcoin
12473nKCUfYSugRZYf9DkgCXHzwsTkAr1S,bitcoin
124775k15uQy1MGPe58unVciCPqVUKKbtU,bitcoin
12479bbnmPFWjDSCK6YscWLiHb8rU5cD6M,bitcoin
12479r8Qfpr4jVYKRi53EqxssTWM24tZJS,bitcoin
1247B81gXtrF4quvhboNHU4uyAE2hNUbmJ,bitcoin
1247NtQZ9jJu8Ey7nxQ716shLg2giQkdXC,bitcoin
1247U5RHYC1PnXGpM7stGWQNEfXirVkP1Q,bitcoin
1247Y2C9XKbDrRWdcmiyqWjgs59APyiUQy,bitcoin
1247eqPL9TyhrUcLvF1ZL6F55efJori3v2,bitcoin
1247hPM5YMMyn876F4ZRdFCSqWk4weBY4Y,bitcoin
1247sokzZawEiAf37EFxrFTHjxuiySR5Vh,bitcoin
1247vWnRmmimMvCKTVwpVNcQ2XkB8QLAjU,bitcoin
1247yCLn9Y9U6iJzBdv1WbHoRnkUst2ywV,bitcoin
1248326LFiUsagTEEhCF6jNjEmSnjT28hD,bitcoin
1248QSwusiNeeDeBRWV9Hixn3C2hbfNuSA,bitcoin
1248W6uZ1Ji2jEcn3BDkmMLpXGJCu1Wusr,bitcoin
1248koNBeKkYBcYnoedNJgRo2FnhkemxHW,bitcoin
12493d6Mpidu53kY667bg2V55JBBPLPdHt,bitcoin
12495PWJoGbUwRy81KPhhGjjS2XicT3EFZ,bitcoin
12495a92i54ZL5LiwzsEN8vYxT8hcnf5uF,bitcoin
12496BcyyEL3ivb7xB1dgLZ26SkUGuoPBm,bitcoin
12497cfXveq7KsGKLCMkV94cMFz3bCcL7R,bitcoin
1249EKhU3P7fRofqW2Cymsg8niLWR5DRit,bitcoin
1249Lh7s51kp72rkfm2MyLhTyTXJSgpyBA,bitcoin
1249N2Grp5Nz1FXcqPSQhPB1Rndq2nipHJ,bitcoin
1249SKxqPAiUW23kuiHw6PXfy717yzDsFE,bitcoin
1249a4jvTW5JmCpAzYiqhLq6t3mUpaABpL,bitcoin
1249dgFywm7GgA27i2WfoSLNo8M9h4BSi9,bitcoin
1249mTKEUq428HYsRbFqLW4yhAeifTBvWD,bitcoin
1249nDmTHcYVLh177pmZtUCvSe5227ggDg,bitcoin
1249vfkRLsxuTrumEoJoMHPhKt81Lc6kLp,bitcoin
124A5tuxSfwzJNbsRGyJYuMcqab6s7gVDP,bitcoin
124AEDPDoXPjp2ubpw471cgfko822WRpqJ,bitcoin
124ANfPkQpZEpzJaQPNL54A3ptGUo5vhBy,bitcoin
124AUtv9weK6pV8ELeMzQbTPgneHSHJZr4,bitcoin
124AVHFa8RfzUjiiYcGhdB4Cdf9xxG8QLZ,bitcoin
124AVR8BRptSQBZoTugS33PZKYo27xAqou,bitcoin
124AhWPbsja7BSVpEw32TBnWdc77nuVVWS,bitcoin
124AypxHJ6iDKKBr5T2ee2yW7UB91CstLQ,bitcoin
124BGir2aSK1t6ZVMu5AGRL9z2rAGYaV6y,bitcoin
124BGjtCtKH3uLGQifb31ecdBM91qyrnfw,bitcoin
124BGvu3gAVVCaaet4E272qjHEi4Rpgar8,bitcoin
124BKtdreC4efLXPomhsq8RCYq4QcjHdxF,bitcoin
124BXkUHpnPYNUDjx7G38ptmFyFPaD36Eh,bitcoin
124BYYz7P8AseEwCGT8vxRGPjP17AZQbJA,bitcoin
124BaXsLLFCgUscytzVaXx5hu9QgVomu83,bitcoin
124BbXafLvYdBqG8WFxaeQtddMfA1xasVE,bitcoin
124BdKzNe8XYbRCnxaBLeagpQUeNRfhike,bitcoin
124BhaKztccDARPciUbcdbL9hH2H6T9Qg3,bitcoin
124BmDjnv3HgFzcihQYazR8YNa4fW6e46q,bitcoin
124CBpsVZRDZoEHL33FoLh1svRNi6fqnCt,bitcoin
124CJqgUJ4NtHghqM7yAXMYbptBq9pK3B1,bitcoin
124CMMvk29N5R2JBEFbrZTvro3LonhKZVi,bitcoin
124CUhsiraHqD1grK8AK8Z1p8k5rvYgC6E,bitcoin
124CZ3Y7EGAPxAc8wFrRBc4kphMBtGqG4P,bitcoin
124CebAVXP5YYeQZvb5qEkReE5yJt9dApP,bitcoin
124CjodAVnyK9cHLfiSh7MvHtAm2vsjxUE,bitcoin
124Cmxr9fqPYeRk7HZDwpVh2h9iR9BqLX2,bitcoin
124Cohtv8xaj1WTfA5DqPBE5jZmiroysNW,bitcoin
124CxcZqWCJSvcaobJ3Hvt4Wk1fkVuqYwQ,bitcoin
124CzKX18UuWauNmZkH8ugLmfsisozuhJr,bitcoin
124D5i2CJsGtUFC8Pj5zVaBCNVzoGS7Hb5,bitcoin
124DNwRW5A3AoaMxjN1j8qA3S7AcurR912,bitcoin
124DYMJvzrTCyMB94JEcVsrEPnw2PF2h2t,bitcoin
124DjztqrC5pub98HNoJujdw1AmXjTPiXu,bitcoin
124Dpn6AdQVkFA9PwvuTou5nocEof6PEwu,bitcoin
124E49vLoq36qQExVCjxLrDDr6Qqk5bcL5,bitcoin
124E7zRGRAGJWEuQaN3E3QyCpgUsyqU6CZ,bitcoin
124EPLuMZRByYJH9CoGqWukFs7RJWyvybu,bitcoin
124EPSQGzgY2voKgAULNxfuxzaZ7ifNwo2,bitcoin
124EVmP1QWWmMST3bvwYvBiH1mzEKGzq9a,bitcoin
124EaTWv6tkcvmGwJXWe8ukD5gJtyy48XM,bitcoin
124EqzqSRuQm1MqrEZLjjDEyfLjZyfqiMk,bitcoin
124EsqfpwgK8hFMDbcuPGZ2Q2MhzgV8vNE,bitcoin
124Et2PgVDhUuW7FWE16yBeicC7xPmP47f,bitcoin
124Ew2veyd8xV1GpprYgvfBN1nCzjue3T4,bitcoin
124F1DQEveykXPu722giRfEkSdDbhB4ou4,bitcoin
124FBeSHWXPpD8nGRUKhFL6h93QyvTDMfK,bitcoin
124FJq7U9ayckNL3J7p8rfcRjrWvGp3RBZ,bitcoin
124FQZQtYZJoxW3hNgzhqRRACbxAGBYPk2,bitcoin
124FVZHuTYKX7xZbdmuKQtNaMxtQjaqRm6,bitcoin
124FWNiQ332TxJBRBoaPVD5dpFAuoCokud,bitcoin
124FmugTLJnmstHeNCvGJ9Bvmc9V5vN6Kx,bitcoin
124FxWU6W2E1Sz7UjaaqjkYRuVcRn79azt,bitcoin
124G1XPappFj7N2L9B23sgR7qi2VLUi6Pi,bitcoin
124G4nnkT5qoGeBScz5fSVDmuLwzNf5rDh,bitcoin
124GPmgBfRcw5LCKY2fxBn6hG71Tu5WBmg,bitcoin
124GSXS3nuCSbfzhhDL5KK78Xs6iMqQd9v,bitcoin
124GjrFQqqgSSERrEeXvFEZfGUfXptCWcT,bitcoin
124GpXRgEyDresJMMPWH17Ekb5kEjAEzD1,bitcoin
124GrD7yiFLn9RXfDvcrUkezo61RMap67P,bitcoin
124Gtahb7GWpfphpNKacHkuYZ3Whk8ktYA,bitcoin
124GzM6fBgHttERDLzwgND4QWDDZKHqKDg,bitcoin
124H2JUX8GwoEHmdBkNW7g6T4ccZuMFiFV,bitcoin
124HC2g5CGqfE7CzNvUEMGo7mqeMsmohsj,bitcoin
124HnRK5c3KU73yqsMzBFjMj499pr8gkAs,bitcoin
124HvLVr8kqZonRHRddNbFBQva9tAyerjA,bitcoin
124Hx4jzcdtcdW2qtRhDDBWWhMgpawz7dS,bitcoin
124J5KAuFJ4FgDQpEZARrRAoAXJJqK69TJ,bitcoin
124JF9amJQUyViGJgU49SiRCQuyrvCgoM3,bitcoin
124JK3ASJ4Se7e55rcV9TYSf6MxDQSxg2w,bitcoin
124JK9BWRfDbfmhK44WDarSvqSrmbXmzWB,bitcoin
124JLrb1cWa7uz2ypM52x3RppuvtD6sEBe,bitcoin
124JX8CrY1MjB13Jup3zq43tVdMV9q9LAn,bitcoin
124JdTVwAhmHkrkDZZEiV2kwariepoBrSj,bitcoin
124Juma6uhttttsmAvqy33aCVcxm9b8FGN,bitcoin
124Jww6dLVmHFUTpqw9fKp3hjgTTRjEALv,bitcoin
124K4g5bT9J2Nhn4QUYmnsJRzkzxrpcf95,bitcoin
124KJfdq3A92i2beLdafdjExPG9NPVdiFS,bitcoin
124KS7a8riXvQzTdwnmxNLmgQosefHWzPw,bitcoin
124KUAEcJqUVADPTvgJJKUbHs6JwwtfbCb,bitcoin
124KZFu63Mb3qeDXfeoQPMnXY3YiTogFyx,bitcoin
124KhMGsvEezoaqGcEsxssKmjKeNNDfX7Z,bitcoin
124KmMg6qn4iaRRYezpzvAdLcVnKxNhe44,bitcoin
124Kp8ozFuUXuKXeNwA1MVgqhBUiwSx1NL,bitcoin
124L7P8F8DQ17TAabZ7N2ZWieGGZrSZFX3,bitcoin
124L8CC9PrhbY6vMv7FKPga7Xxv5SS3Mc4,bitcoin
124LC9VW3nnKYZ5urJjcudosMVj9JoJEJ9,bitcoin
124LKgiyETWTKvFFZDUGGCvyf7HWcKeBJV,bitcoin
124LPRxufVDGp7t5QMswwJtdrZU3Kwcpxe,bitcoin
124LgKCBauLn6vg4Sgmj4f78wgGSmoDoLc,bitcoin
124M7W63cwva8rqxHzoeHpdUa1RWUKK7Gq,bitcoin
124M7hs7kRRsNNYWChJ1hPGdNgKjQPPKdZ,bitcoin
124MAPNRoFGWqzCNb1ok6fufNvYW7ZG4jA,bitcoin
124MLkSxXXUNwGn3RW622n2SuKq66RaVQy,bitcoin
124MZbrCatnTeX1pRwUPBYCtBwD2TjNF55,bitcoin
124Mg34edNWGYazBTVnvG1YN5EyZLhtkgJ,bitcoin
124MrbRcVNHY45yGqPny7imwc6vuQcnoTu,bitcoin
124N9Hfr2TScWpemFm9hhuUwoAiGrRkUrh,bitcoin
124NE92UmWcCCjNrzYuUTqNqm32p6DLaHg,bitcoin
124NRPo7pojw2J3fSsesmBP5qas18PM8rE,bitcoin
124NjVhhNv1r1CEyL7ATyHMB4aX5xRtGYb,bitcoin
124Njmff28y4zdCjjabRA49y5VoMqysUmm,bitcoin
124NrLym1sHFjeT3LM6tqZmYXpegyfDyNX,bitcoin
124Nv76LmnwTRbjGZXD8KmRSq1U4wFKq77,bitcoin
124P5Zz2QjNAmB4Zi2SnqnAewBpVYhDBTv,bitcoin
124PJ1DrcC6cNKSzXEhrBR4pcZXyhf2w5A,bitcoin
124PPviL11uNkHbTMsxJrSRCi9QehADmxy,bitcoin
124Pcp9w6o2g2oSnp2ajekfyVhwxabEavy,bitcoin
124PfzUHt2xPd1SScZKpq5vvwMUZEu4g1b,bitcoin
124PuJfxxRkhPoG3iiD6iEMcqmx74kU3gb,bitcoin
124PueDPwbuPbhEMFyxpMDKby5gde7hejJ,bitcoin
124PvAKUcqHuSKBLctQsYYaxQ4RJJdzE2A,bitcoin
124PwbWUyNJv18X87bevF36Ey6S5xU9E1S,bitcoin
124Q8JoR7pRM7wtmvLxtZEAB2ws2N9QJfT,bitcoin
124QNPYSzHLcoALyUKCJCE3J9db3YAybpb,bitcoin
124QXFbog13qi3k7MrUH5UGnKDqPtCNYMs,bitcoin
124QtbXbKAiGyGEHPrFvhdSVpwYhnCaLH3,bitcoin
124QvKpKDftaxeM8K4kLux6QMr4joB16zi,bitcoin
124RPZEN6MRCUMfSVEJ76MGMyBFcnc4CnH,bitcoin
124RSX5tdFGVoJuBrg3m37KZuwJ1wcYcAh,bitcoin
124RWRQjQuq7TeNjCHFa2JXYrMZfS5PzqJ,bitcoin
124RYB9czQsmbpCHbEZEWgCFMPL5UrWc9j,bitcoin
124RmaWk7Ccf4BDmwafXqc6oX3mTHgP3sn,bitcoin
124RqoUfUKhdWCkhYYUcqVSHPVUM5REj7o,bitcoin
124RvXCLkG8snJ64cpEwenRnrgPAHmaMVB,bitcoin
124S8ChgCJmBz1vfXHSKu9WJpR5rRzXE6y,bitcoin
124SDNaXb3vDM8G3DpG75nbKa8E3HA4khe,bitcoin
124SK94VAqbB5un7C6CqCKfAEEspJqhrSw,bitcoin
124SMmaqW9CpqfzCMk8r6hgjqkApNEs2e1,bitcoin
124SQFTJ2ZEyMzV6qgVGe9RsMyxhRAzfgh,bitcoin
124SdKkydPcpSHgFYvUooWKj2bpqH1zRA9,bitcoin
124SiWSwGA2hDepQ3tfwYsghr2psRgf3TN,bitcoin
124SjJFvpcqg75ATpnQ5mspqaGdyzTyVeX,bitcoin
124SjgTDdZHXcT2rpugdYBfyCMWXMehfs9,bitcoin
124T5gxEKnSA1BuSpF8oSqEuL4AT3fgikj,bitcoin
124TS4444Sgw4BZgnNyNg3PCqPRyCqw2w8,bitcoin
124TXFHSGCVUyDDf9q7ausA18ugNu2aSAf,bitcoin
124TnvVqnzPN2xgDqnURAh9tpMYpeMzk6k,bitcoin
124TqfVvwAUDBuStDVDFET8HAnN9j3txLx,bitcoin
124TxtXXaaFPU6QX4E4PdB1XXWDfnBCsbK,bitcoin
124U7ugGdZFEi9aW3xkbJhLETB4erJUgP6,bitcoin
124UNmor2CbtFe379pVZzVWGq5R53SCGGz,bitcoin
124UPxjVAaApzRsJKYYFXJPRFs5xstKmon,bitcoin
124URVdJ5tjRBQYABNd3JBEz9g93wDRyYT,bitcoin
124USxUMkDkx3UXZHoqpLvA6sxEviEwAGV,bitcoin
124UTeVsaaDdATJsq4UA4JQTMm2aEormnk,bitcoin
124UUu78riGqYorM3tWc5G6Kk5sDdRvQF3,bitcoin
124UqFAWvZfXcJezDEtrptVPq8NL4jaTba,bitcoin
124UzSkqsHWEpm77kvFdfLsxsyrRLkPJby,bitcoin
124UzyEpAeJ3Guby6s9f5uMyFy2Dbb2i7B,bitcoin
124VKfTk9cmaSt4HmN1w6ojhQcK7ESB3Bd,bitcoin
124VTt58ctxBpTJKFNauuKqj3ipDXM5YwA,bitcoin
124Vfqbj1Dh7QS9ibd2wSkJFN7BopVBuse,bitcoin
124ViRYrZ9emW3FvdSBTmv7cGptbQwtBeV,bitcoin
124VmzdHWxgvxsRU6Q11M3JwK6wfSXAPc2,bitcoin
124Vp4iFBjjmtUrNk93bmzE5awrnNgs4a7,bitcoin
124VqK24xGgHdUDSUfu7ppQxqFnjB93RLX,bitcoin
124VtJqGC58mMKnJyy2nMXsw9SPQPw7g3G,bitcoin
124W7ueWoEnPgKSuHCxYGMmMTjcSK6CPyx,bitcoin
124W8L8kG6BPymPrsdWBsTWM4KMDdcEo2z,bitcoin
124WBRuyQeZFibDAJnsM6tfSpLsS1aFJHe,bitcoin
124WHXFNxt2RR1ZWtucPBapiAHjPos2HQp,bitcoin
124WNxakYN8gV9AeFab6hNuxVWoctxvEJw,bitcoin
124WpiTjuGyCi71T7jnPRsyWcYinuEFx9Y,bitcoin
124WqNb2V2jRjnaKL3yH1NCEMF7bSqPsGL,bitcoin
124WtJdc5WfCfMtURp3Gs6fBceCEgJKdvq,bitcoin
124Wtyd799rT9q9D1K9vgRCcrCLVD24wfy,bitcoin
124Wut5Rc7ggrCJ8vJioisArhHUhMwrW6W,bitcoin
124X5jHkDkNhUr6wNFKstXLXkRnij2ms1k,bitcoin
124XA6XXdEc6eFZjxQ8qVvk9EutnU5Mfeh,bitcoin
124XShrfmP5B2YyjsqYFo3BQq7VmpJPbUr,bitcoin
124Xb6k649HwFgBZt9xWjUWLSk7c9f4ZgA,bitcoin
124XiCK4tfZ89KWPmeETvTwCwuX8GDqtis,bitcoin
124Y2rJxmBth5MyjAr16uUAGxW7GwuiT3T,bitcoin
124Y8VfsnABEvnXxwSrDcJaveEfUC4qAo8,bitcoin
124YALtMVxjfisgyMKc8Ni8kmnmtK1Px2j,bitcoin
124YLUvSQo5k5mnXDb8LJXLmh9ypABsB51,bitcoin
124YUR1kH3P2pAxtqaDqHKJrmxx2MQJWBk,bitcoin
124YW69cRLyKcvT5NcZiYkXTHhAcFUi7tC,bitcoin
124YgCRZsuBFBcJF4hNWLq8fkja4agFL76,bitcoin
124YoiaSaUssbBeP5RukbSN9Evc3UJfwPj,bitcoin
124Yp9ZYLYanUWkyKpMVTEioRYVMvT56Zw,bitcoin
124YqvUnPXZAa5vNguMFJUacQrDTkfqUp6,bitcoin
124Z2K4JinzQyj71eZR1UQYmSEkhwwB6si,bitcoin
124Z8awZ4qQwZg5H6Vvw7K8dx2z2DEyKHX,bitcoin
124ZDLW7oBXRU69ce9LVPdKSiuAWZ5KnUm,bitcoin
124ZJtXaCfy6jgFVRVW5vXebYtbaHnmeXt,bitcoin
124ZNiGLFtLDxxUkvJxHbNQ4KdWdvYHTCn,bitcoin
124ZVkvUZuxdAuRcJUgVGvUj6RAGZfyWxX,bitcoin
124ZYfZm41NfyZXjPaWTPhwMxEjXHX93Z4,bitcoin
124ZdML85ihZSsqStgz99c9RVhx3rC3zV3,bitcoin
124ZhDJYFLTQQPinTmG2dvzsfiRzJAdeKZ,bitcoin
124Zkg3znzpCrmencDrcW3AP8xZCsmJJuD,bitcoin
124ZkoZ5mxK3N13dgbyHF4snFuxz6YkEgW,bitcoin
124Zog7quNwXS2WfACwAXurwBZj8x6dygP,bitcoin
124a5og5vRJyZe96MaY5F7V58CXX7Q7L5c,bitcoin
124a8xG5YtkXyQJSKp5YNLtEpNhE8Wu5NZ,bitcoin
124aEpDJdPosRGmaoj8V9GEsugjjF3Peee,bitcoin
124aW2jq4PdjHNjCJnmYRaadYuiNeso35S,bitcoin
124aYXw5yXedfSL17rxm75SxRDqrZmrcT2,bitcoin
124aaM4kNJ17eWhvxrLbq8AsbuYPVAguVC,bitcoin
124aaxWhMsKjXwNHqHPqkAGYfwnR1q4vuX,bitcoin
124abHxUPDQogjYMwSeTDKLUTvefSzdjYn,bitcoin
124aq9XHtEHuhDoTAWFEdtrbo9Zg6nNU9L,bitcoin
124aqouHZ1tSyRzLExkaYoWgwXyExhqFiG,bitcoin
124bGXSt27F4Jyv8nyDtyhudA6MQ6zRa1j,bitcoin
124bN1tjNb2M1LjYshCnyzy6xkrioaUhbt,bitcoin
124bRCbCExvTK48YFF4Vw7wdxS7AueJLHo,bitcoin
124bUYhoiH6mrETWMaFWsrkpyNiCrsDruc,bitcoin
124be1V1x5XoXRcZcQkYGAFr749sxHGy7y,bitcoin
124c7AcQcUKgcFUufmWdiWfi91CLZ22fdc,bitcoin
124cCPdGY8mrFvJZkxEGZBsV4NWLMJUToY,bitcoin
124cJUYsys8pj1ooFUfMtF2uiAPeGxCCTL,bitcoin
124cVX3CnQZyc32mjoPxxGZxz2r81De5Aa,bitcoin
124chFKqxUhMATtVEtyEYV3sfD3s3x5wdU,bitcoin
124cmb7xN9RCrAqpwiQKUgaWoUm3TbZkKA,bitcoin
124csn5McY7J2ZgRy4UchZFuGq3r2RnbAb,bitcoin
124d1f8yiX4vN2ryEnsMkjsxU3jhbQcfBa,bitcoin
124d7pxH9esG6TjYDn3xHoaoihp3jxzLKh,bitcoin
124dF5SuXHvjbRKM3ingsrnGQPsnTG6dWU,bitcoin
124dLua6UijfbB2oim1YoSYcwiK33r4fHK,bitcoin
124degBpSQsh1kAobW1B8W4GVLijvutyXa,bitcoin
124drBV3AqnPG2FnmMLVpKcHigMe4JdxJf,bitcoin
124e1ZmzYcSsv4QxCCetuADL3cewKCMiyz,bitcoin
124e2XyKWP5DyAmrqmw23rudDcQoKoSsyT,bitcoin
124e8HrmYViUHPfFVueMsr7boEj8ajQERq,bitcoin
124e9B4ukwQZRNkeGhArFq1Uw7Fm7eLvdU,bitcoin
124eGH2sF2nzowaPBgddFrEG8HbHaYJjs6,bitcoin
124eS1tuRh7UmR1XmUa1RgjqXvrnNkTbcF,bitcoin
124eVvN374quWfv7vdz9q6gLmpJhr5unix,bitcoin
124eWkDeFRdVvp5KSfBiv31gJgZWEDCgvE,bitcoin
124eXvAR24v2EYLTf1D5YLfZNUe7xaP1ok,bitcoin
124efD11Mk16t4oxQrYVAk5PuzMrdzTtuZ,bitcoin
124etHcXF8Hmwb6YhscjZUmeGDKGkgyCYn,bitcoin
124ewxYnmd767YXfec6iY9jZ2QS59VkYxw,bitcoin
124f31y9XKnSk7dW7xGAEJcsZgkZGvuUVQ,bitcoin
124fKgg7jgiJvqjwmHwzzQUm2N8pVZ16pz,bitcoin
124fMYs9c1LBAzAbqwJSaEc1vHbxRdKJym,bitcoin
124fxmdvPWBbqvR6hKtjj8FQ47ED6D2ZVK,bitcoin
124g9oUUcv7x8pJr9DVXExGXkmQ227zBFh,bitcoin
124gGdBb8xURkyrHej1SoF9goFiZ9J4kep,bitcoin
124gLj7TiquqgCCnzJvGdNeQXQyhmVyUzB,bitcoin
124gUemziFV4xQzhtWyQUkikQsQJ2L3ULB,bitcoin
124gbS1G5GPpuZQiTLoCyQbf4hSfYzzwGk,bitcoin
124gkQJyKcUbarwXcTRET8fZknDTT2fYaU,bitcoin
124h7yQoVqvnLAJExjDt91AUx2Sn6cKA5r,bitcoin
124hHwsoWu7Jd2zCKRsLaYdEvEuFmqyT4Y,bitcoin
124hKeC9VrLgAmyxyPBPWaDvun7BsGAsqS,bitcoin
124hLLfq3D181ZWNxDYSeXgSLx9Fp8PTSb,bitcoin
124hNmJs1dej8wa2PmHxNesgitiBZYnCxA,bitcoin
124hPaHRhFwRBPeKXci6RAw8cxfRAvCxy6,bitcoin
124hR16k78zL7pZx1PEDugVkBjdoQT7L4z,bitcoin
124hbyoNv5g27hc8o1Lmzn5uGFpGWTgyjE,bitcoin
124himSJwTe1HBm44XGVahjgqCvGT6w4eZ,bitcoin
124hsRyoHM2ycU9BAVh5qEFEb8QETUvb1P,bitcoin
124hsr3PGD6yZeKy1vAVwtuKBn7wMAbqpp,bitcoin
124hwYfGAuA5Kj1S1LzNHFrepcqSbYuZuN,bitcoin
124hyTbUTGdGnuVDRCwDX1ChYf8wrqZBLA,bitcoin
124icKd8a7noqDW1hK2trm4GDjy4KBq225,bitcoin
124igpiUWMsJ6MXjK2BUn7nJyG2dwhx9KE,bitcoin
124iiEEruuMvqnw7884iTLi59n5UTRrqhW,bitcoin
124is2VLpDBGVUjXUjADXMfQDq7cN39ay4,bitcoin
124iskbsugjrv4e3wGxpHyXGKxuXCXmUhR,bitcoin
124ivdEuBYV85FtGTckQUzo4V8occ7kUZA,bitcoin
124j8eUYHNW2i4BwoKFAXxSVJ31oK3ozUe,bitcoin
124jAfPsMYTpY9uwdZrNaPkT1fJSm3kc7Z,bitcoin
124jGZezfh3vYeVffHj2TA1mEF7FRK7xeo,bitcoin
124jNjxMsediv6LoWueRtGH24KJPhbkUwM,bitcoin
124jP36PpMyurVwrbiwKA3it96dVvXbGPY,bitcoin
124jX6dLDNVPUJ39Ln81BZmHfAdoEVX1us,bitcoin
124jXKTg29DhXMoWsQF36A5ZXppeKDUKn6,bitcoin
124jceYuuPiBkVNjjTBcLCNzGGuJwkkwAt,bitcoin
124kC6UdCargSHpqL9FKDcQ9SwjZe8pUF6,bitcoin
124kCwNKZdkYigZcB3bzJgRCtnimWFZdFX,bitcoin
124kh7a84N2EW3omYtsTJ6NH47rgAdx5Xy,bitcoin
124kjzF451xbBLurf8SrF2ZgKAHDsBVLez,bitcoin
124kmi2AmH4Zntysj39rW6QvLrsVeZVDgV,bitcoin
124ksto2eCAJqYqeetmWA48sSVoPz7dKX2,bitcoin
124ky2yEHhyZxBcCfQSRh3tJ1oGJ4Qn5gw,bitcoin
124m5ry2CEo31owS2PgV1Tx5AAvXvTTAWw,bitcoin
124mVqf9Ydj5Pd3AH1boi3eKY5P5XMbqwp,bitcoin
124mWAS4fqhhJzKZuLKDTuiaQcr6LCkjhp,bitcoin
124mgvHY7trEPALXupKTGoBrZWmH9oFGyT,bitcoin
124mk6H9ZiNuUx8AFcJfQKZYXGxqx8n983,bitcoin
124mmSRdeqfzr8Shszdd3anJKEvP2weAGc,bitcoin
124mqLtvhQPqMwRd6SX4EtZSZRKcormjtL,bitcoin
124ms7WWhPnZCxr9xnqyxhrkgZ5xbXGRG5,bitcoin
124mz2thvJMMaheVeSUh7WvG4styYK14Bh,bitcoin
124n11WnvuiQaTs19v2pgxn5kwGMixf3fV,bitcoin
124n5HTjSU1KQ33RUbo1syaLN2UxXxZRMj,bitcoin
124nEieejaQPox72SPwYFSeHBdEKK1NM3P,bitcoin
124nNorwbWiEexeAHJJ9kJiYHqMzqwYeQh,bitcoin
124nQcRy1TvnpXohbD3Vent3RNjoy7jSMo,bitcoin
124nfR4yhfJ3k9QjMNQRdhBbt2ZQXDUxcB,bitcoin
124nkvUK2iJRJQV2R7LhwyAm7ePXWjxDT2,bitcoin
124nu2hEC3azDvmD7MveBs2L5VZjkRTbpb,bitcoin
124o22TQ4afDTdLMvTyKPwwRU5JZM5rUtA,bitcoin
124oAJ8YxyEDT9xCMgLcU1vFcRz25gp3uW,bitcoin
124oASLGiSzvhLnrptigYsr9QrAWio3TQu,bitcoin
124oDGDBia3SKv2jKAcCxpPig7AQviRjSB,bitcoin
124oKfQz5xcRxJ53R675TsCEiNWDBaHs8e,bitcoin
124oSeM8tZzK2DBjCfGtPcCNwqrXs8fVv6,bitcoin
124og8Hg8wSZF9wqM2wjwMPAtERaEksHpC,bitcoin
124os2riqGgo2YseKw7ebhdkHyKzpVLXYZ,bitcoin
124p1eRA8dFzXxERrgTsVAA3zVFYze6J76,bitcoin
124p3GexaxMkLbQRYhxWzF5GC3ar9xh4mP,bitcoin
124p6GxwDirf7kKqkBdDM7K2KrjtV18pkH,bitcoin
124pCWa2aWawzVUxW4fvaDYXuYRLPjkoCs,bitcoin
124pF78WYgbE9dbnvqoz9ty2kLTuQZKY7V,bitcoin
124pFfxYvt4zArzqUV6jKYzV6inaaiiaLf,bitcoin
124pFtRnUNoEoXQLK6JdHwj2CskXcu3oPf,bitcoin
124pMjvbtSpv4FxLqs2m9cGyPEYGupCJSw,bitcoin
124pPq1WQza2fs1ABeMThsLeCzsEopkE3j,bitcoin
124pSdDMNgEgV8JLbQSNR6wEGhd5tJf2HA,bitcoin
124pWUWPDW9szmFVPjiwdevsUDmiG1JnE9,bitcoin
124pZQV16PpS4iingnoj9V8DqsiXtEeWmv,bitcoin
124pawWkLQgQb1bMbhZL5ejfSQnnPvd3fc,bitcoin
124pbFy3YRcD91BLWynQdaUBb1ppJJb41B,bitcoin
124pgxW7oNDcyBb4nJhvQALWn9mYY3eSkR,bitcoin
124pmzUkHxj9haPhY8d5AvpbU5m8tQFRhN,bitcoin
124ppZ4TxfjXNaNoNpPqQ4cZoaGr2pxciA,bitcoin
124prJPoeryUWBsTBopL8GJjAWaqb4i2xU,bitcoin
124puhT7G4iQ7MhhUhJ5Z2EubFTswzeES1,bitcoin
124qJ1Yq7LkW6mjRxeJZZnw3srHtivP85o,bitcoin
124qP5Sij8TsjkNT32YpmjQfNkuMJZqgQK,bitcoin
124qQ3w1S8u9VkUJerkUKz93R7txoATtYG,bitcoin
124qYBkSiiKXqPB1nPJXa3Zgy1hQodzrtb,bitcoin
124qZzP9RQR9ZXNCtA8VvKN8fZvCfbZucS,bitcoin
124qaKWkJp1rZpH6MR6P4AG4iXNehKev4o,bitcoin
124qb8KEWrsPi7j8UGskwz3Ebj5Xh9pRjX,bitcoin
124qnbR89uzRBhmXf6LszvvnDaFofYimF1,bitcoin
124rA8zPA1STbKkJrXFKDFSeYtjdhj5ahL,bitcoin
124rB4XSgU8Qiy98iSq8JqPdg1AvQHTa9o,bitcoin
124rCtyyr7josa8ZaNiy6tBVHCYszqijpL,bitcoin
124rKTdAsPngsdNx6hVBdNhNeV5ykB921F,bitcoin
124rRf8ZJnivWCZ5zUcwKGwHTu69TLscfQ,bitcoin
124rVCnhuWwvqaKhMWbn9rruCHF9szQCM4,bitcoin
124rfxfLtSd8ZdqDsxcFUSFdCFHJ4Tk329,bitcoin
124rkKTV8BdD8wA25mxp62Hsod7zek8JHm,bitcoin
124roSBDAuYMm6zzFpQU59hf1X9x8SF4u4,bitcoin
124rwgjf1YEUeLtjU88yvDcPLhY9PKhMpv,bitcoin
124s3V4DjzyQjpFeL1fwSWBmtWnKqTkYcd,bitcoin
124sPVxUohXc8R2mNLFpShsxSy6ZjPAkSu,bitcoin
124sujaVS7eSV8X9Ynyf2C4PpJf3G5jUnM,bitcoin
124tLPUp2qqSXtM6TepfnU9orKwoBqYW6M,bitcoin
124tWxNq6bMQdnKBZRX1HGFNy6uaVrvPZq,bitcoin
124tYAXm9hqJE61QaNLi4kCf5EjB4cBMTr,bitcoin
124tpRUd4YShSmtePv3NoYpCxo8ZCrthKe,bitcoin
124tr16dWkjuVSY6WUNYDEsU3E67VH6hG7,bitcoin
124tweozvgNiL1ddRcTMQBvp1pHBxcW3Mn,bitcoin
124twndrWqj234EPxWefgRxhQGJCbZPAZb,bitcoin
124tzg2JQC2Nm122DEx4WuHxpiPcevuRsR,bitcoin
124u1XfCHjbL3tHpDnRVxgrQvYPk69nRMa,bitcoin
124uA1iykceyhzzSaG8ZiFYMUkZmD7thEK,bitcoin
124uE9oF6MUUPg9vEFGv5vygf1A2cK1Cbg,bitcoin
124uMFy2oj5uVfEjSqYi6VDUNKJLNVFBTG,bitcoin
124uNZwocXhSzkHj3UF3VXW54ku45MB5Fk,bitcoin
124uX3jstGVfCGHG1R6T15JvSm5q8okXpA,bitcoin
124udH9CBmwbWAXjynEN6ZcFQQFvWS1tnc,bitcoin
124ukCExPRWThYuDhHXeJxwgVr1VV9ztiJ,bitcoin
124uuyPQx5jrGx2ENM69uYPgP8qQKaa8US,bitcoin
124v1HRqaaQaHFNg2KqxKwTTLRZ9b3CtP1,bitcoin
124v3DCEWRX89SPkdg25X9tNFBL1ANGWiA,bitcoin
124v86b8DERjchRETccVdsYzK3Cc8MQCTD,bitcoin
124v8xMszJyL3J2WJWs6DS6h47qHAUMHFz,bitcoin
124vQee8bNXbLwvrvqRsxibd738bdfbLUs,bitcoin
124vRsQSdWhsSVEuMM5QiELahnJYz5G8tP,bitcoin
124vZZw3nzBKudh2AbJJ5Res5xdiB79Et1,bitcoin
124vf4mjbw12mi89Bxvi7wV7YLosb4im3p,bitcoin
124viG286XaMME9TQKKGw7CLy11rGJjMkY,bitcoin
124vwBKMBw5WGj4bL9TQxfyqP2VwmFxBwy,bitcoin
124vywVeeKR1xqa44PXkNTmSnRrhcajMnB,bitcoin
124w3Emguhvqo2EPHkAW5WmwpvjLmyKZKt,bitcoin
124w5msMjZnQx6meVWqUnYZLXAdcieFNqh,bitcoin
124wEpEZZG4ZyDEYDchC9vGZjrGyoVUmi8,bitcoin
124wTQUtzJ7AM1iJjDCyHMLiJ7vPi9Pj9Z,bitcoin
124wXiqM6XjXfVttD5nsjy5oPai7CFqxpT,bitcoin
124whTKpUfSp98M4FExgydpkephF8ArKsn,bitcoin
124wkTiD8UieQBmBQmk9Ko3PsvU53d5oLu,bitcoin
124wn1q5df3kyQPSTnNhN3r9AH4ueFCz68,bitcoin
124wwNKrtgT8uQbvRgU2R6AJXYh6HBFFLP,bitcoin
124x6TCdikPk5LuFc3M7nJ58oPKFgZqSB9,bitcoin
124x7LZPm2iBj2rkGhnmHbW2W8dqrQMPkE,bitcoin
124x8KRFbR6pYJGH8fYyhBusChuNYHww7P,bitcoin
124xHY7RNudf2WSJQHL61f9rrg9tbVSvGR,bitcoin
124xTVMVRhV4VeFWWkCroSTvh4eV2EDnBF,bitcoin
124xWN5WLS3AkJkgFKoxtaeHhH5epRuDZ7,bitcoin
124xX9sSAE3QssPEVmtydA3ZXx6g4WHyc8,bitcoin
124xhPutFeCnRSCjoCt6H6cz2qLvm9GBZ6,bitcoin
124y9qheXxHgrZCj7SdtDrub3tDN7ZbvdX,bitcoin
124yA2sYvUX5PhnMx1gRHRU7tU762cMdvY,bitcoin
124yGCnLWw636xfFWSuYn2R3n2wi3se6xf,bitcoin
124ybw1QjNKcBTtKg6HkaSXsU8vS1qR8W3,bitcoin
124ygPZgwzGUViQ2iVAhXTHijAghixPH1K,bitcoin
124yn6mUCfXJfDrXKtsNqGFvca1h4qAPxh,bitcoin
124yrCtjb7E6rjpmcyPtFYsmrjMMH1W4Uk,bitcoin
124ytCLthGk7LusYexQgY7YaohmrpK6qiH,bitcoin
124yxbsA1cMK3cjwPfkBZvrP6PW3yPo958,bitcoin
124z68YpcaMj8sfhXa6Zg17xhLhTctgV6m,bitcoin
124zB8Jrrro1K2M4rbfCcJ5bQzM3Mq9jGb,bitcoin
124zD2puKEiYwE1VMtFyyQC1ZDzuV5R2AX,bitcoin
124zJE7AX4BDg49pDZpieQXzmvc1yjUBtM,bitcoin
124zQmPwCnsSi84gxDdfAFpKppeHeivezu,bitcoin
124zXBGAWwGkDqPZ5cTEJJGbCcaPHi3SgZ,bitcoin
124zYmuYgLDjGbM4DraEtutnmJjchatasN,bitcoin
124zZSNReGeva5P97bDqXfM7c1q6BuExP1,bitcoin
124zhDT1fGe9kXPxEbbEG5G9FAzKtcPYwc,bitcoin
124ztavZPVqoo5HUFfnVo8s3oANWMTnue2,bitcoin
125197zsGUfMskDpzM7E9eyd8LVvAhP6aL,bitcoin
1251GP4YMUHHnj4M8kPYTu8M5Uyhqo7DTY,bitcoin
1251X3DTg9dykyzkDaeayd9j5B5METcmG4,bitcoin
1251qRf6oaSx4ZP8nmrZ75znUDXXRXw5z4,bitcoin
1251tKD3TBRQAdYHTLuUUpY2GSQdWunARD,bitcoin
1252BK4zzWWvESMdG65nWsxHSayhYCVw4Z,bitcoin
1252D54ZudSis9mLwP9hAEFu8dqKCouJHM,bitcoin
1252HW8twGC98W3QP6ZuuA18qheYdAiqgc,bitcoin
1252R6AKaMtC3i65ZTL6wwsko3yH1eE22Z,bitcoin
1252ZiQ52WCmpQW2ivcEgPmsK4gR5JLFw3,bitcoin
1252mdVynPqsyUXBHTZCBxvZmcU9soELKU,bitcoin
1252rk8GcP938wi3rHDtdbb2NHf9XAFhez,bitcoin
1252ybNsBD8YKs5wG3Q5PeVZwk8h63RDJK,bitcoin
1252zX9e6mQ8f5kSq2RzYVRQ2xTwAkMAVD,bitcoin
12534NAds44SM6jJvgE9MxpKBaJPrUgX8F,bitcoin
12538Ta41eN5QdBc9k6CvGX6C8Hy5uG6kk,bitcoin
1253BKCfntPXLxM7KH19HQd66sHkavzfDN,bitcoin
1253DFRQhTJrGfrZEoHgEnZxKYy5EKNrPJ,bitcoin
1253rCKZUAcGZdbjjPqCR2efczSoyXhm6Y,bitcoin
1253tvx4F82JyS2F1yDHLy8tFGxBcNxmLU,bitcoin
1253ytLBi34uKV2DVtVYTPPnknxXkmbQtN,bitcoin
12545mDwJTX53atjCBNqKMqmMWvMn4cgrH,bitcoin
1254Ap6vHX8miWitDgxRdqs847qudexj8F,bitcoin
1254HtrCsti5t9y5bzd7jVJUmVuLyhPAx1,bitcoin
1254KXur4JZaxXBxcHn7qTcW5RCwbeyVp7,bitcoin
1254b9hze11wauNBHENedLYhUq86oAQtQK,bitcoin
1254fnXAntFdXKfspdjw9sDhCQTZBrLm9h,bitcoin
1254yy2ggphaMHyodTvLBYxCkxj1Xooa7p,bitcoin
12554gn3DJw4aR3Tb3Z1fybA1Gamw8DUjU,bitcoin
1255PnBuNWZ7SbpCowJSjgZbLUn5DnwXdr,bitcoin
1255UmbT1jLgtQ8xiuTYYijQbwrPAM4xk2,bitcoin
1255dFa2YRvJEGThoRNZZ1XwMYZdgWdR4z,bitcoin
1256Ag4vmTicTP5K4zuDP7zZZ9nBNS7dao,bitcoin
1256JJJjrtGdZizrdhE2X6V4ZRBHxFcriB,bitcoin
1256NnVf8VNm5D7GfontJZXhkxDCFCjBAB,bitcoin
1256VD56MyetGG5aeUvfe38ZwormuLnfhw,bitcoin
1256feBPzamojBKcVq56CU4qnXWoQYjUg8,bitcoin
1256gaPTaBbZsaK2R9LgyqcZxbgV2VGCBn,bitcoin
1256hfG5QhhrMzYd9A7VKUMGkUMpPtu3jD,bitcoin
1256oRtQGsYs8BYa3JmzehjkvsRBNAuXuW,bitcoin
1256qZPCaMth8RxZYHk8KanSuVr6K4pTGd,bitcoin
1256t5Zi3VDbp6QPoxUwshvx8iDki9bfxX,bitcoin
1256tNqDdMoNUTCvUdVWyr4ux13muXPYr4,bitcoin
1256zvQpN5w2jfWZt2cr9tp3vDyfwyYthE,bitcoin
125733C7MJAKmVHsijufLB2aGh5xXsz9DU,bitcoin
12573eFBAFN6yW3qMG9mNCQhD8y9ndVMre,bitcoin
125773Byf9rBEsheV1swbJYLbeei4BECiw,bitcoin
1257BAZ5kJAAQ1haSbpgWvbrD69HkxH6DB,bitcoin
1257J4RCPH5Eo4jsWzNfwfLfjL7BV7zUhr,bitcoin
1257XpaofwTp9XqeUGs9xvxuLhDM3zXiLh,bitcoin
1257am8dUhob9B9tzyFH7YhSZB2qDGKA1a,bitcoin
1257cfCpk3P5Aih1kmKtdcwqEK93RvfWKs,bitcoin
1257eSTyaxRXjLD2AkmexZsWAHi2h9nV6a,bitcoin
1257ezFK6y6KCdXEc1oZ6bC5T7Vrpsr1gt,bitcoin
1257itoYrCvBKtwrEzUPWu4DtuZvv3uTAz,bitcoin
1257kNanagmZwthQiFTwvWFovBdPpH9k1c,bitcoin
1257pFfcPmArjw5zYZWBWMzxXyxAmdQBZF,bitcoin
1257u1PAjNTM3cxmaCzApy6uyL8GVz3S67,bitcoin
1257zRGAw8fKk9ovRDLZWABbHbHWn4c9Zb,bitcoin
12583nmmPVV7iV7z7Db9Vm2CWC5oqtJFt5,bitcoin
125884Wq8go3mnVzoXaMU8Q4VSbg7nWfpb,bitcoin
1258BE7mspXoCJhhWFvHdpVuiF5e6jkCyA,bitcoin
1258JjcQjBFB34riAnkfSpv8xD1MgMuDCt,bitcoin
1258Mwx3SrwzCoQU6UgQsAjmZ6VH2nFiTG,bitcoin
1258Xser1vRnRt2uxxLXzLRhY7m6vUaNg1,bitcoin
1258g7pjRMiShfFHqx9nhGSYBpcgvvJBQb,bitcoin
1259D46Ut9MYVqxDEFLgXb1vRdkzLM7zqZ,bitcoin
1259FNgLik2cryrK135FPYunCEr5fCLXbJ,bitcoin
1259LrdiyJdoGphzSM3zGZGScz1r9sSe2E,bitcoin
1259MjFSHYx5NRioFgGJZsaaAxJRBDU1oY,bitcoin
1259PZrEanpbRwBFfjR6kGcGuuQpkkg4Db,bitcoin
1259TXwXW21xVkegPU9yiMKC7mWLmTVW2d,bitcoin
1259UTu3dYhGeQej3TNnAGuktpUNxBBWgF,bitcoin
1259YxoRQtyy4bEzSkr6rj8cjmJquB4FwY,bitcoin
1259bKC5ERByM6XKPocdhzHVzHL21BXBgz,bitcoin
1259xh8BM8LGt3shYcFpdu2P8MrKCyZPhR,bitcoin
125A24MK4gi331RcEF9sfJLUTPShQwhEhx,bitcoin
125A3GuNmYvTNsCMM7udAJjqcWm4su8kaS,bitcoin
125AANPczfbyBJYvqG2MXWsooGUeWChdCr,bitcoin
125ABL6Z3XHdDsi5y7SQHfT6JkiZdTdXh2,bitcoin
125APpJSSdPBfwc5YP2woNwvjjPveSgytk,bitcoin
125AS1eUZkjPNayhHEt2KLiHVzqZ5jExT1,bitcoin
125AhrYLneBxG5MQjy2hRFPK9QALNePRjE,bitcoin
125Ai488ppc1wC9mQwKnmKPWSgDXJ3oD9f,bitcoin
125AkW85vqEJaF9reX1Fi4uA4YCYGSzMEL,bitcoin
125AwrHR6JvxWdKHTGPEpMHHfR9Yy9E92k,bitcoin
125B9j9TkrCTAQpsaSxkeJkoEd7CdBEHkn,bitcoin
125BB9kVtGro65XvEuZNsQGXeat6LxQ9mk,bitcoin
125BQYbxx69WHb69FSE3E4AvLZPWF4S9ZQ,bitcoin
125BVJ4AYdkXXCYZa8WuH2gHZpwejAa6ve,bitcoin
125Bfj2JsU4rkEDDwCSi6XMwsyMphQrYHt,bitcoin
125BfybJ3zw5ooak5eQeD4DrrSSMmLsVFE,bitcoin
125BiNBodjmHHzapsEMPEgfHXbGUGT5o7T,bitcoin
125Bo9nNauMjXJYQxtio16Jne1x6wSDqhP,bitcoin
125BsqSZGUMxhf6oSUMZheGYoU5Hj2qyec,bitcoin
125Btz69b9HVdrso2nHvAYcjtABkAZ8HzU,bitcoin
125BvrdvoqSeLBSvPp1A1xorC9Vc618hUa,bitcoin
125C3SfDuXz886CBmS2h5WTebettgEfCu3,bitcoin
125C77cvBRbofxVgeC6aFNEvN3Fqn3yCsd,bitcoin
125CBQsREJDNZkbrsqndMVUEDXNvxWcWQx,bitcoin
125CBm5M91PRDraXkd2VfuoKxovuPZnivF,bitcoin
125CJ1KMrpfDs4iXG7k44HmAYz9pMRXv6y,bitcoin
125CSvi9QYFYDtTw1kTZFCXTaEHWNvTp64,bitcoin
125CYZyVcKoXXSCVW1mqnVBvkJZfFJhtB2,bitcoin
125CnuGDz687QMLFm3Y4qe5zKEEDS8oLX3,bitcoin
125CqdG8SfwRKFDzrLYLwNWM6yV4eFKfuB,bitcoin
125CsBvQ4DjXx9d6cDTJoh9WaZRhdxgYi5,bitcoin
125Ctv51SsJ74si9mrWMj9nsMqkj4GaeoW,bitcoin
125CzrUdnnrJp3NFsvDpC4xs9VnsSNqDiE,bitcoin
125D1ZEDtPHiPiNHFoAdQLDELjtjiV1tqC,bitcoin
125D7b4TE3B1xai7vG4f5nQvsuiBpwwFGq,bitcoin
125DPJ3rQdZrZJAoYikbMd2Zm3xNLyeYZx,bitcoin
125DTcvweoEpkS1QevYALUyBEbCQUtRMzc,bitcoin
125DWcphA8f5yiFWdcqqN7838zEP8cAmFf,bitcoin
125DaddbuyLBpoXdToCP66A3jm1w44G4L5,bitcoin
125DcxLd2uKPH3TvpVU65jXyDjm5B4uBVi,bitcoin
125DgJJEmxUrePsEY8VMSTAjwQjssBPqgr,bitcoin
125Dm3R3Pwtfec3o2r7wgi6hm5ktys1J2T,bitcoin
125EXmWEf6fD4aGR8szd4FEQFSf38pptdn,bitcoin
125EXzhPBuowG4DoXLBCsYChHrku9ASQxt,bitcoin
125EgaMThzg5k7wAQs2xpJYwk13M7X5TAc,bitcoin
125EtoSoMUvSmMoU8g6N3tUYM7YrxwGM68,bitcoin
125Exp2dfFqY21tQhvWF9qUty8USqZLy9N,bitcoin
125F5USatWuXrZMCeYvo2swsrb5VJR6eXQ,bitcoin
125FLWA8ajS2QKzCwu3WtPnjoqHaYaqE1E,bitcoin
125FMm6S33PKTSVSPdygfvEuJChoGB2gmY,bitcoin
125FQnsonZTh5UDDVwhWKGUZjU5apYok9b,bitcoin
125FUXdE3z3b9SXZwAKT3gaimxd8KitCGu,bitcoin
125Fare2pWoTZbUjszX6vW89A8pKkgPeCA,bitcoin
125Fm7DHbPSx9mfUP5NAvuKoaE5rBd4Tvd,bitcoin
125FwbWVyiidRAcqNWjx65xCAGPsxBg9vf,bitcoin
125Fy2RaGW8FA1MA7SxhZ9wP3xSfNk44yZ,bitcoin
125G6tNntyNxiaUYzwxF6mKTnrYJktt4xf,bitcoin
125G9z7N1yXMbMoLiZSC97Umj2xDrVYu1f,bitcoin
125GNV9en9iZ1MQ9CSDiTwoS4PCwb9tp5M,bitcoin
125GQ93Lod4Ev7LYax2bQjZwPgJqaNUdGa,bitcoin
125Gcicyk39DG8wx9woVRS1Q5tkfaWWmFc,bitcoin
125HKMwAJPZa9pRbTEYR4iNQNydfXaHrS5,bitcoin
125HQ6wFKKDnExHAGPywpHtQ6dxGDZ7oUs,bitcoin
125HUUbAhWbSVdXLosHXjczPeQXKdTuFzz,bitcoin
125HZtvMSUgynmmFSMAEmuSfh2FEZMTn4g,bitcoin
125HhwSWHzq6VDjiCVc2N8RR9rKHcKe78q,bitcoin
125HmN7wV2p3G3woqUwFL3gYjmY36iBGQJ,bitcoin
125JG94ar56UuXG61MwMRzUwfoyPUmozRk,bitcoin
125JKqQ47YDHnXAq2CLSmDVng73ge4fuLk,bitcoin
125JNh8LaFe639rTZuhvviHoc3uJvYjJma,bitcoin
125JPxF2Vaxuswgq3YpCJ7REBeAXYSKVhK,bitcoin
125JVuT1mqMTDhREQSS131hJZVy99BVxbr,bitcoin
125JWsoELajwsiEJfDeFntgrzcVMhUjoxQ,bitcoin
125JXvog84HCbuDKX1waVh3aEZaPqs8WVN,bitcoin
125JfGeqaheYJPyyyYTY5k7oxRwJm23nVZ,bitcoin
125JfwZzsP6Kp3hiUoA85bW1T31PJBc88V,bitcoin
125JhXjF1ZszYnjoiKTnUHztMAheUQB5ox,bitcoin
125JyqPVESxJpgCd4Low65gzP2RU9SsxTw,bitcoin
125K4Zpsg31KU4xSDcY76pS6HD6dn9fcKm,bitcoin
125K9R8EjH6v436jxR9UJWbZnLT1oocZA4,bitcoin
125KCbYEFxRCqheCWXhmMw2CV24taeDdNs,bitcoin
125KDgwufua2Vg7oZVWwe1VjGMCTELCYpf,bitcoin
125KGeyyD9KjjtfWH1dNyVUDLRvh3L5fKZ,bitcoin
125KNrHYz5ct7zYQ95XAmZ4x4PH7MFWJ9d,bitcoin
125KXvpka7CTGJh2wDbW3FCtyXFoHNjB8i,bitcoin
125KnSNy364R2TX2NikutqqeGLJZsz1gns,bitcoin
125Kpp4A1BuHTNubg9eN4bofhq2PjpWYXg,bitcoin
125KuLTyddZ3dZRV8UELRWwGS4L768SL8k,bitcoin
125KuNcY3PTK8tv94f6wFK2RJEBEK36zm1,bitcoin
125L3Pa3ndt1aKDzqhpnT14CeoMzgtKB1q,bitcoin
125LKny3iuJRXEhkeigy638oaaEj8ptMpU,bitcoin
125LTGfRTSnWConwdZ5bveU6pN88cy9ePE,bitcoin
125LV13fioHHCeU9atzXwNxeGQLHUahTmf,bitcoin
125La6bR7ZT2x9yzSfEDk63PufHtEq2wiP,bitcoin
125LccfMyLnEmQHYB6eTmwzCuSGMcyvsrz,bitcoin
125LzneDRwTbDYA9PAtso6xRvvzH9X4YXL,bitcoin
125M1vN8UXnm3CNiVeLpWHXkc2N7dqR5tH,bitcoin
125M5FF5jXYbPozUqd51FJX1EfcciLi3no,bitcoin
125MCcHtckmoDHToffXxiDCg1K5hcpVyFo,bitcoin
125MQmxLViNR3Am119PS9h9RvM5HkVssSi,bitcoin
125Mrj6oWJVi2vWbbGDrXidqEErV4ozoqT,bitcoin
125Mx4BG5pDcwVyavMPEbrw5BkZiZueG8A,bitcoin
125Mx6rQYe6Jnq3dpaF91WJEzdNTGrZSF5,bitcoin
125MzRzQku8bTyS6UQ5vpwVzYenjwrAWsU,bitcoin
125N2fRooQts7WiSxJd4upZ2edfNt1ZCk6,bitcoin
125N6FciwsiFSDsoDv5XBh1tr1jkkQLB2s,bitcoin
125NQ8r7sqTreo3Z5LEwZV1eozbSMTRtJi,bitcoin
125NTsYWxe4k4MjZLKaaWXDahLNfz6J6yR,bitcoin
125NYpUEF377vRqZ6Wp7p1uvrnecWS6C7D,bitcoin
125Ni1CCHiRL7DQjMepKtirbhVeKFPk4M2,bitcoin
125NmRhh4YphsDfpgGWR2qaaofQKWCCGfF,bitcoin
125Nsw7Z515aQt27K6Ky8cE56DEUhXExC5,bitcoin
125NzL8FDKidDxDKE7k1b92yavR7PAp3Ni,bitcoin
125P3ywumACbopJG3UmJACBSaco4xvj8m2,bitcoin
125P6hFm4JhLyb6hL9Z3E26V8GQZZ9rjeb,bitcoin
125PARC6NaB1s64JKUcRNkeSuKS8ehu9EV,bitcoin
125PF2FHhM3BTB9XQk9tQv6hb1n2NCpAMB,bitcoin
125PFiBLsgfefBbxA2SBZgzD1ox3vhBHEm,bitcoin
125PRMCiTFHjiydEGR47rw4bvevM7sv1MM,bitcoin
125PdWd7VcyMVtHmjhTYZXq3FzuW4Z8cmP,bitcoin
125PeQmWTASQ49vWfaSX4ST1rJzdaqhstZ,bitcoin
125PfYhhWjHKLt2FnMvLg6keJyAAnyR8Co,bitcoin
125PkYXGDWV9CeUCAqeJaYJs65whfUTXu8,bitcoin
125Pm7z8ujoM4iLs6vz9KkGYBdq3Z9nef6,bitcoin
125PnjeWFthP8J5DakRxTabmQiCZnaSaj9,bitcoin
125Q8bYpxV15xfAhWJaryqG2LgYhvfjZg8,bitcoin
125QBxpuBh2smmE7yQz2BHDiakgHJC63EV,bitcoin
125QDiuncDCvmkbFmSf3trJcpqK3BcHuB7,bitcoin
125QEMfJPVcsGuzYxRDzwPXrQCLyTM4ZCn,bitcoin
125QHAyLTb6tATNsTE4UoT38HEwbgpJVA3,bitcoin
125QKyQWQnssJ9VuCtGKtdi7dTyuXhopwm,bitcoin
125QWwswMoVh8p1b384vFpM5Q5TJPFeLva,bitcoin
125QdfvoFa2ra8MZftpxSn3cJL753ZZbAA,bitcoin
125QsQW87hrR4eos7hoQDdHWukz6VpUAGo,bitcoin
125QsskibAKFsW45vJ21RaXqtpSfc9by79,bitcoin
125QxRqTBGXVznD9Sg6wn9YBpBTaZbcsFb,bitcoin
125R4stofmtVbgxUxkvXLSWC5TJ2UEv2gE,bitcoin
125RKKhcEqZkdLwTdHgEXpV7cC7R67y8MJ,bitcoin
125RMvnM56Qc4cqdQnp8Yew4JcQ6e58eM7,bitcoin
125RPQghCUrWB21EHTyfDCUEYRuvCC39tQ,bitcoin
125RPnTAyJVwF7HZ48scvgHDX1rWYNvjVg,bitcoin
125RZjHakDgCDvG7CC5VfCNTV8vgYCswZm,bitcoin
125Rp6r5yL2caUCawGRtTQUCMCgbQnYy5z,bitcoin
125RxTezr3XKV4yK8KqEBiH7dTerhbZX8p,bitcoin
125S1QnzeXxxyQqFSACPQF6MwhRVag3iZh,bitcoin
125S3UeCMGgZjkUBgDvndLfiuAEMYbMxxZ,bitcoin
125S4RLJh4aUAtJwKzf9KRez35iK6pUzGz,bitcoin
125SBfiJs4CxXNDjgmwj46MgHaC5YzuaaH,bitcoin
125SCuMSezuFsDrxL8zY6rsgt1pi2ZcKq4,bitcoin
125SFxZ6AFZ1UQrKMqb2SSuQVodYXCo7dw,bitcoin
125SGJFAXKxZ88oiQvynMrYLnjbWXY5gDt,bitcoin
125SSaBTPkKFY1C4UC12ZgpbJbd1cUpz91,bitcoin
125SUrH7wbwTedEsrZmy9PHWzchYLnSCNb,bitcoin
125SWJDWs7tuZWaGvUEdbYUhUmjf2hDwrT,bitcoin
125SXEoUp3YSXoBSUBc8sxQhCyDufY9aei,bitcoin
125StFovdUqt27zhaeCnKHh6CZP6vgBBAv,bitcoin
125Swf1HcroRvwYm4ujNZiFvGGjwXMiK82,bitcoin
125T4kEHWheETaPgq4t9Aeb4URM6zqzGgi,bitcoin
125T9YERVCYDJCKqCBtQeRdtW8zSPFduiF,bitcoin
125THFn1FELwEwY64jHPekbX1NgnSbeRwj,bitcoin
125TJKDpRkgLCstoi9ZFQymarz7cuJa4DE,bitcoin
125TchokyY6JeFu9hUyYXJz7XuzbAFY5pW,bitcoin
125TuRCtmQtVfxhApwJ54EuShGWeTin6Q2,bitcoin
125TujVuANFncH93J58PHKfHva9rbx2xHy,bitcoin
125U4VLjLHULZp7rrAnLzu8gRBpjpC5JFK,bitcoin
125U86SH5VzfQbYqAw7Y9yZCprTqy3NPJd,bitcoin
125UCvaS5BG2oKh48LbefZzVAT8SpgpSA4,bitcoin
125UDecoWCLF84L7PDKkiDVHTDPeUt8MDG,bitcoin
125UFVyMtpnjogK1BLSdYdy7udLFDtGopR,bitcoin
125UHXsKwMhiF3uq1MCMcH69B7AhyMYcTZ,bitcoin
125UJkYHqEUZr88xt1kC8oucZsQmFYfqPg,bitcoin
125UPVpF2AMWzdHe3ysDfeB12KYZtJhopa,bitcoin
125UhEpWYEApmgYCRNi3UehHbMnTVujxAx,bitcoin
125UoG8W4558gUGp4sYnxGMyAFCuzicDUo,bitcoin
125UunU8BFWGrH5dEQKAeN1k9uUeC75C6D,bitcoin
125V6rGQTBKTYYgzvQC4ApzBrJn24uw15J,bitcoin
125VBmnQwD5RV7D39DScw5XB2DSZYeUs71,bitcoin
125VF9Ld2hrfo26nHPjSAH98cdMLYfAEW7,bitcoin
125VMm85y9rqGVREzwwxUnUE1DEWUsnM1M,bitcoin
125VTCAFDnLiwNjAYEKa1xeqj3TaBAQiFF,bitcoin
125WDgBrEB9FkYqeTDfMknUaDoTSRcKz2w,bitcoin
125WNAL5Uvv3jnHyhCdukeqMnDd5iBgroU,bitcoin
125WWKQhhfjZbAm244D46tmHt8DyfS72EV,bitcoin
125WiZW37k9K2TbZqwPXn4crMFjJnEDkwD,bitcoin
125XJiKj7uY8Zu2zqkbCC3YNLJh5CKAdDd,bitcoin
125XL7xePnS38AfRNy8hyvYADZqozYrGKp,bitcoin
125XPoLK7msvKSWSuzUiZPk7Nu9MRsGHJh,bitcoin
125XXAQaxiP4CDmddMPZqJyZ6W6Bqauq3r,bitcoin
125XYTybKvKXGhWvKgotER1ULziXCHnaPT,bitcoin
125Xjku5ovZunAHiGw9cnZ9n4aU6Z27RLp,bitcoin
125Xp84ug2PTPjZ1BzKbYHgpgWJbWJhMk9,bitcoin
125XqYAVbtg5b52Q7cvPHsSG68ctuvcaR3,bitcoin
125Xv2hSWyjHLHy4vD4PwisdjHiTN6ArZu,bitcoin
125Y2JVAAJ68XedThVEdZ1uFn3XhMqwKX5,bitcoin
125YEcGrsBMxaqTevLhqVoBQQn7Ke1PSZz,bitcoin
125YH2oZiBCec1iEX23ZMtXnhwuZrNhVkC,bitcoin
125YPiL5bFmJhd8eiWwrx7CLzM6Zaz6NJq,bitcoin
125YQK7ZAgvZ9e8xF37Fci1ckCBKPSpCYU,bitcoin
125YRR7D9Z3S3aXXLxuj1JjEk1nqVYuoKc,bitcoin
125YVWc8idbxSfkbmqSqh5Qk9sD4Biw4zo,bitcoin
125YYGo4DG6kWM1Xzj1eF2yH35yoZRSrqW,bitcoin
125YbsWRpgYAExStX5fpdvm6t5sAJo2XCU,bitcoin
125YcgoYmb5CLgaSRGo8r7mJ73S2wANL9y,bitcoin
125YeyFuyQ1snq7BmofyuD5yudvbUjNx2e,bitcoin
125YgA1zHmuTqryX9DikgC3R2Abk1bNCPs,bitcoin
125YhJWFQX8vuYw4Ap4iHqU3TSmFTEXwSA,bitcoin
125Yivx3AVuoXQNruJU53fK2fJZALZnaCe,bitcoin
125YnfQf1zwaotmmHeWYaRZ7UiAiEecxB7,bitcoin
125Yrk2DA5QmNpRfsaZ6rXBP3pCyNF9GJ7,bitcoin
125YvXEhsCCL3S9gqEMXDTccCkWoCRYWAt,bitcoin
125ZBFQ8AKLes2Szu3SeNzVfwdocngLS7Y,bitcoin
125ZCVK5t3D8gBMrzPYrMWcJjZw7P9ErNe,bitcoin
125ZDkSXxxvpjNjWeV2U882rA2zgT2jEx8,bitcoin
125ZFXXg8eTaUFg9pfUtpQbbnfVp2sJU5P,bitcoin
125ZFskufk8HjPbpZLAz3DZwz1tLqyYrjT,bitcoin
125ZPUuzSk5Udtptdn1M3foNMbWU2XB5mh,bitcoin
125ZUpCrVot3WcgQiUu2p5dRVNUfcSNvUB,bitcoin
125ZVQeF9zCpWemKpLcfDPV84rVPSojGyU,bitcoin
125ZXwgSmuv7wndypHBxnBXKqmB12z5459,bitcoin
125Zh4s3iqYpv8MFzUKdCco1D4zZBDzKqh,bitcoin
125Zv53bpSP3viieG5n7kf8BB37J2YUCvj,bitcoin
125ZyZjs64ZinDfdKf2A47Srq53XxGJLQu,bitcoin
125a3ndQGiP2kQLXpmV6JaaF4D8yWRrMJH,bitcoin
125a8VHsakL3rpc25byyNhu318nEj7oBhU,bitcoin
125aarubJPkpiATBkTCKuZCDxc6vCjEe3r,bitcoin
125adq6cutSofnUR3xzR3pd49rQAYyTP8m,bitcoin
125aeAyqWuKoJuGNEH7ZAMnun9qckSLieJ,bitcoin
125b9Zqq4SHYHZx2y9YkEJ4DJGrT2kBNKr,bitcoin
125bAXoULAibRgRiqNMaHV949byK5nhKnT,bitcoin
125bKmL68vCjtZrp7yh8G9BrfUARQnbvZc,bitcoin
125bNrPg7aTazFpMnkN4ZCmkfYQR453JPT,bitcoin
125bSmufNN85gyQrHsXjhWyW36giCttKVE,bitcoin
125bVDgmhXFJR78hH84vdbXcA8ktqxZUq5,bitcoin
125brNFJ6QKTeeSVLqY323QFranYi3cF2u,bitcoin
125c4QN98P7uE6heqsfviwfSWGszC38vE5,bitcoin
125cDvGg4c7ySbfmmrsdTmaRpcg8E7uRZD,bitcoin
125cJdFLLUm2LLtLB9KL7RdKrub7Z7FT9c,bitcoin
125cQUT3MmK1BAZMJBFFVF6ZzQqvUL4uiS,bitcoin
125cUop9KpUK4hCdpZEoKf7bZzFwrGrWTW,bitcoin
125cd1fPcEFX7ib2M2YPadK4axahuALiP2,bitcoin
125cwkNYdiJgn2fT7XPBnS6KfDAb6u1pjP,bitcoin
125cxhLWjwTFuMRNPRPDAQHyw1wBxnxC1c,bitcoin
125cyLamWYn4JMPPrP5eRqjx15ANfq5SKQ,bitcoin
125d3c1KjDnfWgxEbcDUq9nnmCBuyR8DfK,bitcoin
125dKx8hK8xCet8qJCy7MdXkqt7MezyzBV,bitcoin
125dNR1Lo999EqeysE8DF9V8fJ1uLMM7zB,bitcoin
125ddtayJfRzRi52MeSzXVSAvQS6KoUmVm,bitcoin
125dftX1XF6pavmH81ioJxjYNhK4gMYN9N,bitcoin
125e3R8ESSpDvTVMkbS1RUj2QivDE9Ug76,bitcoin
125e4jwGDa7sJmSsaFejBep3h16p58sMgA,bitcoin
125eFc8y4F1grziayoCRmHyKZnpFAxbAbD,bitcoin
125efnpQR4asrvoiEM51B2Vn4A5ENgrcPC,bitcoin
125ey6pQGbmZPQpvAMKXG6M23wkUs3mTSR,bitcoin
125f7YMf8wA8YNjF31PR2axDeN3pnMjefz,bitcoin
125fAt9FbnimmTH7iBeeAtcW6HF96EHYsF,bitcoin
125fScnYkrGqQWLqh2KkwAQYj53zAxY8ni,bitcoin
125fbBMPARQRiSiq7AyXCcegfqPCdEhgXC,bitcoin
125fi1YFFbPid6pEZeH8WBZy5sA7DArZcZ,bitcoin
125fjaQh1tU8gMDgeNzveTozQ1ixkvVRrV,bitcoin
125fjkwejPyGtt5p2Z5ibmkujLKy2z9k5s,bitcoin
125fqRxkn7B4ibpUcFMrunzyAESDiK5oLf,bitcoin
125fsR2pmKLBnLduBT3evmERSrLx5uyBEa,bitcoin
125fsqgoSFbSmcrc8SVdYf6G3jRheBcRR7,bitcoin
125g4SCjwppwQKZXDafs7uLT9oPhsUMaNQ,bitcoin
125gEKDU8ejmMcG1qEqnCBJSRTU3q5ErpQ,bitcoin
125gRnjYNGE9WKDn756hqD9YVFzH85PkjP,bitcoin
125gZRQB9GQBqN7yLKCeox5hFPDBVsukuD,bitcoin
125ghb8KvYks8dsVRQsGBz66eabpTVvUig,bitcoin
125gjFfbnmC66RZuHsror9pps2NnDdszKZ,bitcoin
125guN4Qyq17cGRP2UUVWp7tjWh4MKwdGE,bitcoin
125gwQyt3vvhEKa6DaitAzv5roiG95XEr8,bitcoin
125h7SSSiz8Q1LxLc4rd2zbV4NnDQEZJVc,bitcoin
125hE4utsMpznhcgtwvqSLzKxYnMPostgJ,bitcoin
125hLwQWn8NXZt6UdudmuYbrXKeBAoDPi1,bitcoin
125hRnKRV1zo3MvhQeq6XRaZg4rDqoQzRC,bitcoin
125hWt5qvCsiqhFg9MQ8xaHcoqsfaxmLmV,bitcoin
125hhPJkge2Zv6JSkRcwHsSeWjZq59ikTf,bitcoin
125hiYUjQBM1g7AWd8BHXvYCEUqftWjSoU,bitcoin
125hycR2MNpCR9t5eLNUzvF38XnrhSeWa4,bitcoin
125hzLb32VabMgnKfHtHbosLHpru2TRBoB,bitcoin
125i5Vz3rV57Q11a9JXuUZgHtBXpGdtTdE,bitcoin
125iDYR1TH5QJ8VztNDtPMYj9Ay35enD4w,bitcoin
125iKKFDkuW4XRi6gYxNkxUY5EFVibyneh,bitcoin
125iKN18BpTQgV1GqkCyp3TyydcW4xMmiR,bitcoin
125iVcWEx4vShT3NH4Czu6gheA2z2XD9uL,bitcoin
125imibHLA4w4dZcP9ttZKzqsMeqQcrh2g,bitcoin
125j4n7sfvLcz1wp4ExUbCQZjw8ci3zXC4,bitcoin
125jMTCovxc7UkDLyrbcB7avwtfoA1xQVp,bitcoin
125jMdnYCLmpuXdFyvt4Ee7Yie6WNKnzeN,bitcoin
125jY4SB6XY32bPM1DyrVQ2etRme8cZvK5,bitcoin
125jYS8YjyV6pJagzMvsLe2AcnDCmH9NvB,bitcoin
125jjBwy7z2NGD23GK5eUnipiSqVHaFuV5,bitcoin
125jjt9Mdrrduj5fr3XZme5E3XwxPDTGfE,bitcoin
125jnS39MDbyyMViQGZUfkFdEmogNhCbvD,bitcoin
125jzoAMBrsw1yJr1Z59Xj64QsQqbdpGf7,bitcoin
125k1CgSQWhn8pogwQiXoaZoydt4Uzhd5i,bitcoin
125k4N8L14FjbpWmeRbN47k6Dok6ayZhrD,bitcoin
125kqpZsuYPkbPEYNGJf7BEAvbXpEWxH6d,bitcoin
125mC9dTXouNgpV7sbtp81hzHiiinW5rRZ,bitcoin
125mN5xPFNdbqMPzNXYHmXYX8Lmti3tCus,bitcoin
125mNzrs2wHuVWiHh1zCRCyJycZSW7ZcPa,bitcoin
125mQZWbi7NR347nwwYrvjC2b6pofXGeMv,bitcoin
125mRYRBx8Ac7BsMKCg2qcDHhgbW1parFx,bitcoin
125meXf4DhsYoVS2g5CksE7MrdNxd3CceE,bitcoin
125mgG442Twoq7YxKQUAdRs3y4okvHi8JK,bitcoin
125mvysczKAtt1a4FjoaPTtCfK87AJTdHF,bitcoin
125n13h4M7QtNRQAHB6PTkFzHkHpdiBzgZ,bitcoin
125n6DhVa2L58tjB8J1FPoDV5N3ufAjSdi,bitcoin
125n8CSiutAcWRED926GjRBPvvusvv7qFk,bitcoin
125nAPjkZW1i6GJ6QwVDQJwmtoJRTepXjY,bitcoin
125nPEDHFrjahXwz1vuknYtRJPHuy6V2gn,bitcoin
125nbmssv78as6xPF9wuJaz4MkurMATXvg,bitcoin
125nqADdM77Qfwj1W75jRb2q8GJW1k8yVN,bitcoin
125nv8azuRSQK95xKCt4jKWzoKvLtJ77tx,bitcoin
125o77xNTT9KkmKjyBLAXE8HtC5cJ4Lj19,bitcoin
125oByVsmfbxQ1dWcteTdhGGvN2pQkKgDG,bitcoin
125oNaN6iiFU29avbCtLT7cbGRUEvqFBJU,bitcoin
125oWpUGQZoLmbJgfTSAz671jVgytidEbT,bitcoin
125oj5vLxsLrKYQa8HBcJvvwJqbJadv5L5,bitcoin
125ojq2aSubezE45EHyiUgb87d86sDiofA,bitcoin
125pCRFKbHP4U6bXHxnXbGRMahriCUrbT1,bitcoin
125pUKAzQWuZNKM7RXtr9EiHysYqELfGpV,bitcoin
125poT1Bg1h5wbAU7FQ76hZnFCmSg3s6h8,bitcoin
125pyavXLbKgjT8Vs351aNL2wf3Z2wzF3x,bitcoin
125q3ZKo8aXu2rcMKMXNEtjK6LJ3twsiew,bitcoin
125qAsx2nqVgUZVqZFNip4skRrgwFuv6DV,bitcoin
125qGG5qbA3RAvhWzx3sRzTUrGN1bYszjv,bitcoin
125qGemnqGTv3FvPV36M8GM89JEb7VSAou,bitcoin
125qLbhZekXYSKXhiWDgNQURZG4kuRMEji,bitcoin
125qMqspbwi8SjR7TER9SeMJLhaQrAXamB,bitcoin
125qYDHpFnW5E3prp3EubcYH7P1ecyVUsL,bitcoin
125qZXQfK1oLesyk1R9urxkS46bJdcosWg,bitcoin
125qpzQc3WSabxPkr4Ah2ra8n1j9Mj7mhs,bitcoin
125qqcuUyKYi35rEJv9cWumjhckYdhdXj7,bitcoin
125qrwiGKBSQ198U1w77eepWbHJJcBWLrL,bitcoin
125r1MixtCyZAQ2Bz8SK76Dfu1ynkiXzai,bitcoin
125r8JiN6ueTFPW2UgLy5KXqGkUEHc9H33,bitcoin
125r8QWsAr8V8Wv1VerQtXYGMJ6YnSxz8d,bitcoin
125rGpDkEyQFsYhf1BHM8AkkvGYd5c86xF,bitcoin
125rTzuD7ikzwqsYRvCJTy5bgDiUb4tXQp,bitcoin
125rWBifCiky5LwHCtyuowBZSMFbsnpjnc,bitcoin
125rgj75fJ2AfH2zQ1ptzK4pjCe4DS5nbC,bitcoin
125rumat4SPQx5UmwbER4nu7cdz1Jf7qdr,bitcoin
125rxtcqzMLw56Mab1VKdgQGfR2Nt3aCKf,bitcoin
125s3Fcgrv3ot1GGgushGCgEaMhbbYYb7e,bitcoin
125s3KTgmj9xJASWRb4wKv7yb94nFzET5g,bitcoin
125s6b21kJNTaeyB6YxodBfRhQx69r4Vy5,bitcoin
125sCKgLLAQNYtsm5iDrxPY7TZJMSgAgoM,bitcoin
125sM9VDfbmUWocAX7fagwJ75XoMpRYzhZ,bitcoin
125sbJuYY7UdcFQt1RYfwFjzrJgZpDFUgS,bitcoin
125sgTuNxiHKskYXHoaE6zrAMCMKWe42xz,bitcoin
125srdyJXy1PW5Q9Af2uwsRxr3wqkNUq3J,bitcoin
125sv84272zsZC59YJsA4mcETKr1PBDMsR,bitcoin
125swKSTmehqkcK7CSMQANsdkK1gfXjTJg,bitcoin
125sywrZYwDf26pAdwyyS3maDLqwrJ6hV3,bitcoin
125t1YeKJNM27ZSeyB3w78GtjZFJzmTUuZ,bitcoin
125tHB22de6S1awKGgvjdNEkripvaLhEeC,bitcoin
125tHWWXaWTMcZrtWFazUzt9L3KEMywkBU,bitcoin
125tMPJM9jRJMv1vPe1cR29QSJowWUqEa3,bitcoin
125tNU5w6PS4ma1uSaR8vaMzaKppoC88Dd,bitcoin
125tVJdjrxXPjiFR3veqSUpuRXEVD3fqcQ,bitcoin
125tYseZvfi4UCV5dbcJcs5WxkGFGSqn7d,bitcoin
125tptNE1mWUC4eCV7Ukr6xAChrABFRwfJ,bitcoin
125tsEo6J4TF3k28g6VHh7LBgri9rGEexo,bitcoin
125tz22tSngAW8LAmavmKU9SkLEw376ddq,bitcoin
125u2NmGMHwR1c8SNbjs8gCe68d4gFGZhA,bitcoin
125u49sFGkr1z94HozpNn96zNK35EBuSyf,bitcoin
125u7rdb6cP4fD5mzz2UcTvDDJbVUtaFMU,bitcoin
125uBZzQiz8cqhr3DGVDTNMNFxDbhkKZf1,bitcoin
125uVTB1KYxSxiekapkuBuUZfV7GEYRckF,bitcoin
125uYd4KrhefEq6QQX1GytDbZ9G7eWi9RD,bitcoin
125upLzvtCvcPbUYuPKFPd7EMo9uWw3AN3,bitcoin
125uzEpXop9ftRSiCgQonh9tAKmzZGnBSV,bitcoin
125v1x2rPnfs821wLbu61mHvsus2zVL823,bitcoin
125v24n1psSb6vfZ5QAxs7onfuuXof74Wu,bitcoin
125vDrM2hUA1ENWxMCZi5itS2cfMiY84EC,bitcoin
125vH3eFbvYpUiEpqt77waM4QRsNfczGX9,bitcoin
125vHgJVdSWBfne52eLsZ8HWeiFAumS1V2,bitcoin
125vVTrsismtQ2n5XSH7igLe892bVUaNSk,bitcoin
125vecFAk2iFo6nQr1UJHsa7wCQVhyy4Gv,bitcoin
125vri7p1TfjZatcK3KGgc65ZxAyk95S6b,bitcoin
125vuZPBCm12UjeGiysP87PjySqhevQwJH,bitcoin
125vvxnZvsCv6CeYCZ2YX4ppTEDvgNHp8N,bitcoin
125w2oKr8VWtdvmhjn2u7Xh2z6C6aZv3t5,bitcoin
125w349v9cGS4GVCHwF2THEwzpqrNmNsVK,bitcoin
125wEq4oQBxi6eFiAgj3m7zxzfNsyZCqWo,bitcoin
125wSBR9EVnx1aBNRmbHNsCLbb3fqGNmdG,bitcoin
125wWDKxKD8pYHV8mGYwGjBeiUKEM6PTpy,bitcoin
125wpDvnBhfTJM87apjrfhyZJiA6MwsLDg,bitcoin
125wsXKFjYFsxrrAys9UaPzbMJ1fP12dbD,bitcoin
125x1ed6auE7LVZYc76SBYVz9mkpGgFZfx,bitcoin
125x9oEjT54HBwtDxxvHMwwWtSWiHxU7MD,bitcoin
125xGNTHt2a5MYWxuHFUs7vJAfZYYabR7L,bitcoin
125xHfqFvZE5Ye3qNjsHwdzyYjscxQgE2T,bitcoin
125xK1WeesLtrZ93v5icBJ6dwr1H8b93DA,bitcoin
125xVCH81iZcyAnAPAPTojeq4h3cxvr4R8,bitcoin
125xgUrGj4K5XG7XVNmiGUupem7Wpkb3Po,bitcoin
125xmw1e9zuVBG4vq76fbrD3GsRtVGr762,bitcoin
125xqo15FiZSKhNQhGMCmcm9NgKjKDfZfY,bitcoin
125xrZ3UtWFcwD9a3s5MgdhEyV5hwAqqD9,bitcoin
125y47J2s4wNHjCNETagEkBfXNxr94gb6S,bitcoin
125yC4agj37XkhCscw4CkQWtgWKamkQrPa,bitcoin
125yHP3tDfxHUUiYF9H1qYcPonzKDBLQCC,bitcoin
125yJzk9B3DkhGyihqPnspbQGDsxA2hJas,bitcoin
125yKuhAXnipcYVRhEhq6eBWAPdZskiX5n,bitcoin
125yLnZiti496F7TzRtMD7Aa4hq8fVvHMs,bitcoin
125yWGotL1CJRmfHoa5cnUg2ULXFGUxVpX,bitcoin
125yZPVuoqSLDSaJv7FjjuAufcvqezx9sP,bitcoin
125yheEA1x1TSkG6QTp1rPnCs95qNBNhbn,bitcoin
125yhf4EpA6AEZRKwhtppAGYCT4dJ7oftv,bitcoin
125yiV7GeNnXxPy8DSzo9YJ1reBsysLXAM,bitcoin
125yo3HKRBbzqezJESSHvh4632a75pBQtP,bitcoin
125ypc3KKU2ntMtxsepySdF538LZH5WdVD,bitcoin
125ytGLipAG2FVmikv8LZC27JzyL2Xr4Ea,bitcoin
125z5mWRuu2d1t6jmzzmUat77TBbZQv6FH,bitcoin
125zRY1rMvEvj7pVb5nRoFSGJsvdL2htdJ,bitcoin
125zb1JWBpKDULuyQFCuR3Q5HBAiBaYGzN,bitcoin
125ziKMLTWrzJVQaWwbeCTeBMomgwPm4aH,bitcoin
125zipqj9WvHQycaBc2NekBnbLVWTndDEU,bitcoin
125zjQoZ47sTP2rbCMLMskw6A4isL7AKTe,bitcoin
125zjniLoyBzAwR1LpFFHiJN6vXeJRidcv,bitcoin
125znFoCdEeJJgYvZMNRiYh2AqzxUfTyW5,bitcoin
125ztsVjfQjbZAYAU8nChZma7ggpg4pZcw,bitcoin
125zvvbiqg8UPtysuvhDitMebwSYqdKk2q,bitcoin
125zz7UVvHDMRtvjrrAR9vdEBPoJ9RPtbr,bitcoin
12616nuUyPzdhAoa4xqYWy1hybTiV3n1tB,bitcoin
1261Auomg8B2hVP4rnTPq6kqyJyV5kfqvt,bitcoin
1261K1qcdWb78Qgb8ZUiPGB1Zed7RjyiVe,bitcoin
1261PjJCDhUeiQmeJ8kYsdXQUNdW4i2rpv,bitcoin
1261Wt7XVnEk4vhZrh1CWetKWvu5MdDRyv,bitcoin
1261bA8ckgXcw4ebBp2BmwKpgVLAgf56om,bitcoin
1261dnppSsF58UNk9FexNaTg2MJ5CbVTkd,bitcoin
1261gztHiTpK4rsHokJCvQ5Z9jVVVafSvy,bitcoin
1261rNtM1z1afq6ywhdg5rtyrsQurpLqkX,bitcoin
12623gcbNxxRuftnz7qAFuv8YeSxQMS6rC,bitcoin
126248YKXPsSqQaUWtjuHSXgvu8GX373D2,bitcoin
12629TdEJ2DffophU1EYHBnqeLBGVaEB9o,bitcoin
1262JmhAzCbeYXSD3Y2ztxVRie7ChEikZn,bitcoin
1262PiMP9aEe5KECo8e83tJZhJAy8pWEPX,bitcoin
1262XLq2ELuEGdeNN9EPEyD7ckXAW2kfvX,bitcoin
1262YQa2aXxXwFtst5AhUhrRu9uRUXRor3,bitcoin
1262a9NGkDGgsVVZscjUXmzDg9BiqCzqdX,bitcoin
1262eR3wRXEQfFe2XPhitr8csZkVJi4KDK,bitcoin
1262hwG2XuYA3nYuTL2Tgh6zKX5Tj5f24e,bitcoin
1262iZk1ScHTb4cQ5XNfDXVZdwxQXZ34u1,bitcoin
126331kJ83G6xseSMdjR9pkjDNzf9p3V4Z,bitcoin
1263ASpp1WBjUWyRp26C7HEVKRS1469tch,bitcoin
1263AdphJSPriR7Qh7MT8hqE3TTNS1hWKn,bitcoin
1263Cd3SQSQck5BE6DqZ151TTax3c1zNoN,bitcoin
1263DR612eJbNW1pbBnzV9A3pdFwbrY7sK,bitcoin
1263FjL7avyBChuUoczTMHupccWRzL62vh,bitcoin
1263GdxEEhx446QgqNENmsLdPUFnQEM5PC,bitcoin
1263HfFrB4EYk4rKBqXmH1xVwjeH6R9qBE,bitcoin
1263LbkZaRBzDkHb8Mxm5NTUDhxBXxRtjp,bitcoin
1263S8jksMVvDnuy9axGqDQhMcLV1mhWNz,bitcoin
1263ky6osJ11UxYbZCcYDm2Bk8vj2Kraua,bitcoin
1263sseWBjtxeagJDsv2cuRHwsfsE5wm8n,bitcoin
1263tEHwYiZRA7eU8bhKLQqS32BhyEL2MZ,bitcoin
12645AsDuwUFM8E9YFNGLCJww8nwjGfkt2,bitcoin
1264GPsBHdXUTi5APhmg7PKfyGjNR9vadv,bitcoin
1264QAvJs9SVPmLEkRW8xdzUiod4oNFcAU,bitcoin
1264WW4DF5ad8UjirDhwtrC124mc9UuXbN,bitcoin
1264opqUqudWa28cAYMrEdPenGDAvv2Ssi,bitcoin
1264paTWF1aM5vYBztohdSUfQmZ3ArMEvi,bitcoin
12652egV8jdSb5j9FbXgWzFxG96xtu7g2f,bitcoin
1265CCDZDs5UbCqUoboAE3x6TQZjsVL9V9,bitcoin
1265JaH6XT7p9Xsj8Zy223XnSiAY4e5b5u,bitcoin
1265UzzRC4UoCPaRQNsVFgyVFGehBkiUGs,bitcoin
1265YtwPMDapHptFdm9BRJyrr1LZPLzKZX,bitcoin
1265bgKPjKV7GrNQCjzumHHZWLxBRpg8rf,bitcoin
1265dfNgvmNN5SR2sAPUQDZkzU27FvSNgW,bitcoin
1265eiGmbyWtmzHrxC9WMFLU9F7mBrLij1,bitcoin
1265gNgia46NAtN59QAdCHhAggQapuZKxM,bitcoin
1265mYiTmaULyWjRH5emRvGwXjz5EMh7Gj,bitcoin
1266LEpKGKvh1BCTD4P267k9xh72CL6wc5,bitcoin
1266QfqfMwSbC3YXV4kTMadH85pQHKFMKr,bitcoin
1266TRjyNKZDBj6Gb2UYkHqprSm2efwFe1,bitcoin
1267KL3rswCKd9RMsrGQfMW9V87uosGddA,bitcoin
1267NrPCzEmYVUunRv1tqVPyymYVUKpfzB,bitcoin
1267Sx1MLJ3tMJETSWV1odojJ2YyYixcm4,bitcoin
1267VrxMMRA5UmRTFzRYcy4QMXZ9L9JfFm,bitcoin
1267mE1aq38JBRcTtTDqovuKeJCFXqcrLu,bitcoin
1267rLds74dAnAqDRXjDJzYNDCqsYeAWMB,bitcoin
1267uPerRdemxBhQUWTn8ozZb7xNvm8GTV,bitcoin
12683PkZPFmVDQZoUWY2ZcuxYucy8x9iLv,bitcoin
12683UUCrsM4c6irmtHcoqhUbbnLBxunPa,bitcoin
1268G473ry9kjcNtpZGuukHMPLHyjyHeBQ,bitcoin
1268MnzzcNqNJwB3z3t4hcjrHKKXG9HotV,bitcoin
1268TB7tRfZsTLWpnenwuafia9hKiDnS1d,bitcoin
1268VHU5Ny4fTQZv6ebUa4B3v6rJGut1nV,bitcoin
1268XWUbMr22C8SN6UiM1ZBGwwX5qoJUaV,bitcoin
1268bDuKr143MbbSzbBpAgSWmfpfatuMZj,bitcoin
1268dTrPA4hmHBXAScCRhzgJgMhPobavjR,bitcoin
1268e83cxJp8Vx5ZoB7B9FqtS98YmKbjaH,bitcoin
12698JkediHEMtuEuxXDwcLDQZnDoWc6Ah,bitcoin
1269Mss7JgYPK4vv6rqsp9BwZfbVY8bQDD,bitcoin
1269VK68a9AnWMmusUgkAsnibwfSFQ6iq1,bitcoin
1269gG3pwSQoTNT2p5CPae9p1MX4qxLupk,bitcoin
1269y8PrScHbNcsm5fBrMBU7BEWY7847ub,bitcoin
126A6Ti5gsFqGeDUadQ9mFqTv1PJw4TGqS,bitcoin
126A7JRawtnWvvYG9FZU7N2wU91x6PhyHV,bitcoin
126A7wYEqkNRsS6dRRb87nrP4pmUyNV7N3,bitcoin
126AAYwctXDkxjZ8kMmCrkhMpVpvo1B1iK,bitcoin
126AD6mkpYZRfFRNKT56XSdbEvqTd4KkSW,bitcoin
126AXWGAxDv2xTMWWTHUd1ELnxPynETmjq,bitcoin
126AmkxGXFdGp4pGoLAwR5hdwzFR3EE4pg,bitcoin
126AxHkCQykKDyDEY85QyT9WmRBU2zhxD5,bitcoin
126AzJ1jv2uBMT4QuWdRZ5hj9Ggh38amQM,bitcoin
126B4BqRWdSaXRLVBQ165dEwmotzXcsfou,bitcoin
126BBHxXctFR6raJFdaPMCxUmjWaoHZWUt,bitcoin
126BEMoWjV4vtpBFUqhUEJFSRf2EgNnugt,bitcoin
126BXFNQiDkKsziqA3mxDH8fkJzUbZ3p5f,bitcoin
126BhPySZTqPAQacjFRRioNB25evdYdhbN,bitcoin
126BrZ8XSsZRGUKyFkV98uCU9sm4vGo51P,bitcoin
126Bucn8Yd9gcrUYEsCnkB8kx1xw7rg33J,bitcoin
126C1P7AZ9Y28WSwZvpZtGatcZfqonTBzv,bitcoin
126C4oLTRnSEgSHyN7eMhFCfoeVeTKzXrm,bitcoin
126CDLc9uNnqSXXnTfpQmSXvHy2GEjyCwp,bitcoin
126CLFnVh6LQVRJe3wCz19xSNJWL8t8ymx,bitcoin
126CPPoErEjAHSctveDmScramoHBPFbuJ2,bitcoin
126CR1nqGDoiJpqGy7K2qYENuitzTGVgVs,bitcoin
126CRkVeX4erSAwzAacHL9jsnkdV37J7UZ,bitcoin
126CacHY5gqHqC6dThQmEyv9zBHdETB5pH,bitcoin
126CeuNhi7rwT7cPwua8NEnTXz1TNKJ46c,bitcoin
126D1QGx2Gybx6L69FwEouvhNKUkpC36hD,bitcoin
126DDmNCapwoGjQvHDYtiWmwZsRwzH4bEW,bitcoin
126DGtrg81WuSF4USNHvaGsDBASkqYKJ7W,bitcoin
126DM1ytHJWYHcmaV7Q7N6VWVAnshVLZxG,bitcoin
126DWkRdhMHK68tFsUnu9rjL3pWSJ5xqsv,bitcoin
126DWvrbyYrUJA1CR1DyAYcQQATGr9kTTx,bitcoin
126DejAi5qFRYuJ34P2qbgYHAJjgwvuYeT,bitcoin
126DfFEMtoGs2SJDqGW27i66FoB2xjab3M,bitcoin
126DsJus2dJjDyaHYEZiL1t44jLkQfsMRu,bitcoin
126DvgB2PYE5DjfcnisivbNjVAmGP737KV,bitcoin
126DzCV8RpxbQKGJdMXQFUvdUPXdpFTTH5,bitcoin
126ELrDEpjY99SqrDe1PpGrdM6vKzw6JG4,bitcoin
126EM65gtL8ANMCLejyhgbSLq4qvwQDwQL,bitcoin
126EMz7MRF8zn2FC6bdXKrBQhX2d2qpA3A,bitcoin
126ERmq83ALYj97sKVH1yGUQF3YE7XT9f2,bitcoin
126EcfHfR4tRar4dUG89TVV3oixTL93TY7,bitcoin
126EdhCAg7Pz3Rrz1sUMHQ5pST8R7MUukA,bitcoin
126EfHkFwfsSwyik6de1HHztKgKou6vNT3,bitcoin
126EhubkWzENjzJJUPk4jY3FSqDvRgXepr,bitcoin
126EmnZT4oXDqdT5BD5TF3yrxaZMgCVpgQ,bitcoin
126Es1xqiv19nQJ3VY4KMCHDj1DaaZ62X2,bitcoin
126F67WcRnzrin2dQ7r4YhGN2v55LfePfu,bitcoin
126FM82rWoDM2K4qiGXATmo3kiT1Ad6N2s,bitcoin
126FNUCVUmDECHam2qkcfUcxmUxWP9WUxf,bitcoin
126Fe1At1zdbNVCSJ3NNTA1K1kT91mwXrd,bitcoin
126FeNoxsuft3CDsiomnsqx6G8HVUtZoRB,bitcoin
126Fki7kPtViEcPTGymvpBCreVLWxSyRHy,bitcoin
126Fp2BMBip828qhEji2YuiBf2SqdvKfe4,bitcoin
126FtakwEv2bsfnv5DAEdqVPmLei6o64yo,bitcoin
126Fy5Bhghv1V88B2PteQKacXuGy2najxY,bitcoin
126G4cw3SDbb3f71b7y37fXMhgh6BsprfZ,bitcoin
126GA7ZJ6hrYLR5pHjYHiZFWA3ue9Z5UBy,bitcoin
126GGk1D2BVadRqm5MndgdEG6CgcYr4E6Z,bitcoin
126GQNybNskAhMZyMmtTh2U5smmTWbTD15,bitcoin
126GSt1q8j83zq4w6JFDc8HyhS1xoAryow,bitcoin
126GVoi5BsARRST9DBRcB6vtuLgM5g7YgY,bitcoin
126GWEzovti93BGBcyu9u3fFmqsjCby5Y4,bitcoin
126GYVuNHZCDK2bqgMHZbDCGyRSV8PW7Qt,bitcoin
126GZiDskXF71zZ2ZySTSCM89NZvwVM2EJ,bitcoin
126Gt422KAMtrKfSt2evJxjkHMXmDT1qsL,bitcoin
126H2XAjuofCiNkhKVz23Hdd6y185tHDW1,bitcoin
126H6pPnmR2S8u73TXA7tNR2T6wAkDAhNF,bitcoin
126H7QSjdDyHdvYvhGKUqTWiXtR2XNe3du,bitcoin
126HFyVEd1rJp6s4uaHEwNKqvrfW1AWSRh,bitcoin
126HNNmHjJVGP65Xmfi64xCB7vUyreYJsK,bitcoin
126HYYdUnmB6QkypxQpGmuJcF2m8GHcUCr,bitcoin
126HZxYyMBkeg6uAkRVqRPJJAcXYqw5ruB,bitcoin
126Hvyygfh9qSWUFmWea3KVWwq772UU5PW,bitcoin
126JDPfaoSsEjnxyVsg3zH2uiq9LuTgsw2,bitcoin
126JQM1e3JYNS1s8dZMjGbXmbhrj4SxYBt,bitcoin
126JS8A3wHRLL87TYYfsicSBFtK79kGkpw,bitcoin
126JTwxBnuq6WPbK85vh2yGEGy1UyH5JNh,bitcoin
126JhB7CR6h5FfRVz56LZEdRi2kSLP7MUC,bitcoin
126Jwps4TqKzVn6RccfZoNqcc75JrqK3sj,bitcoin
126K2iMt4MzQZKJAoZf2NshqQ3X7KSBTUJ,bitcoin
126K43fAMmVdwJYHLwhjfHxbvjs5iUgJg6,bitcoin
126K6wwW3k8KUAmK4gzvTMXFePu1jYUEmw,bitcoin
126KN31FLy3PWqMeQWHFYMwvVrQcerL28i,bitcoin
126KXktAHFvNAtRYtbDknPmM3HqNLupSdv,bitcoin
126KYi24xAMm9ePNURCQ9E5nSWaWacuZ9q,bitcoin
126KeVdtmeXzkcZ2XtwUYjJHSib5SBrarM,bitcoin
126Kw3ckPAUWc6bP6Y1bTyzQxNwc53PRh4,bitcoin
126KxZLXiYeExkABbbyPSKF2UMzBoFeUbd,bitcoin
126KxeVUdhvM8RqHkJiLc2h2zk6tUNXzNK,bitcoin
126L6Kd967jr3A3sWorNpk5jPHhfit1mkD,bitcoin
126LBx9R5cnDmCnPfxifbowgeUgXgQfEs8,bitcoin
126LHPrXAbBadc3PonfXwTGdr24r6AQCaj,bitcoin
126LHsvbb5Bm33fZ24XrkxqStC1BeQKmHf,bitcoin
126LL5MhfhzcteR3R29u84M8NDPLM5CYTM,bitcoin
126Ls9qj88g6XXfB4WNRNHEdZ6kEY3YasN,bitcoin
126LtEVdQR5YqrkwL8Aw2CQzfwmRVz9PYv,bitcoin
126LuPmpC9uGT4myzYpHh2XiAr2n8WfbUM,bitcoin
126LuThrKy8pyjB4pbJp9F9W2Zpua9def3,bitcoin
126LuvPh6PMvuEHpHezbV48RicWyk1WFAR,bitcoin
126M78nsSKnsRwyXdN9wi64GVN8Auxbgv7,bitcoin
126MCpu4pd1wbfsgbe73fzmapWG61D39u1,bitcoin
126MDnojCitZXWBQyhGcR82TamjcyGiJT5,bitcoin
126MRiyAngEvKHPyqyLB3utMuuLUeSzH2c,bitcoin
126MV9whyeCX7TVVuvcoPFUga5VRpqF3Lx,bitcoin
126MeGcUHbUfxSd6D75nN1VJ8LUrK1FFqx,bitcoin
126MpqZbxFgvgNwuGv9DBS5G4xRz4SPn5Y,bitcoin
126MumFUUzeF9QrLxDfgdXXy8pnGpDgpw8,bitcoin
126NMc2JnVKbX6xdioSVs5DdUnhQpbkPcd,bitcoin
126NMxEeJVMFVPfYWmKaoRWZJ6VFLEPeZk,bitcoin
126NUJpjZNDiTFMv3bfQwzurBRJZoDcrJq,bitcoin
126NWtNWocAEsfQrHjiH6QaAErwjEqkQYj,bitcoin
126NaiJ27fpmu2afkhYn1t77AcbyT2mwAD,bitcoin
126NeJXMeSScr6SFXmYGXT9e72Z2w5cwLf,bitcoin
126NkxPAjo71BzNvBZsSQ4XNnKNyoBLrPK,bitcoin
126NuSLSfCD5f8f35KJH2e3wcSzuEuDGjN,bitcoin
126NvvNUWAy2LvYe1RYfjZ9XzzSf9uZ4MP,bitcoin
126PAwvf1Kv6VSNWqMQefwFHAVjCvXxfWB,bitcoin
126PC3QCW8Y1hqeDkTmX529CikZJ7R7PfR,bitcoin
126PCnz6izkYh4xzbXALJXFdRAavFRVHc7,bitcoin
126PEi13mvU4UvqiMD3AQ2CG333fv1UDmg,bitcoin
126PkSsU1DTfHbyZ1McVof8rbLQp7gz4rA,bitcoin
126PnofEvtaurbWiFcWQfexEL6C4KVwA3J,bitcoin
126Pp3pGa8j1LbVH6KLR5PuVbCvrJUmdy5,bitcoin
126Q6DcADKL9PHUxDM9XAZzyF6FrDfUY95,bitcoin
126Q6bBrJxXUJYy2pFoZ9tiAcS88Ew817H,bitcoin
126QB9h8GJvE6sBa7nznHvpN5iHbXncTSu,bitcoin
126QQ4PWRHAVCpvnJBK6CRwoV6CkR91Cv5,bitcoin
126QneminEM3hpTADJXMkQoVLjvBjTeyXT,bitcoin
126QtqNEqfm95qmqH1PrHRTLx7U59YCQ19,bitcoin
126Qucv8wqGpEHcRW63oU6G2HRH5saDGYR,bitcoin
126QwUoxJVkys5ksnb3g9kdXgdayxgXoQ6,bitcoin
126R7JNA8r7HnemkX5REGgdvH3G2dCh7HZ,bitcoin
126R96tnba2Ch4WJp3jemuy9CmFDutFK2B,bitcoin
126REbgSHUMaS856GN9WnCXDE8JcNioUxh,bitcoin
126RL7i1Dj5wKGFLJg4JXeDDGHAZy1W4wg,bitcoin
126RNAkKGfsyoyBzt9E9bWzix829A7zfj7,bitcoin
126RqAPrKjnsKk5dryFBGN4GRLRjDpYU6F,bitcoin
126RtkVFHvBocM9KbrDseV3d2RcRrgNWsx,bitcoin
126RwG2wXhPCQrCz1EjkAiVGjVttpcm5iV,bitcoin
126S6e9bP4ghTMmwwbjGQx6ijNtwgpBXjL,bitcoin
126SDxa68eX8J1aMa76e8gQm5jHJQnTnma,bitcoin
126Se21YDnKzvRjxHvKiHsxX9sXotCQaSn,bitcoin
126T7ntx27KeSS5fpdbJaVN1vsjPG38p6z,bitcoin
126T7om24QUjhq9cgssxnUc8hAFsE5bEhj,bitcoin
126TJxiFeSaayC4NCnmwz1c14Ta2YwtAn1,bitcoin
126TKiePUZVvJeXdqcvjncHfiazzPmMsWg,bitcoin
126TUstbUZLnvxvs8uWGJdSFCEXgUYQpWW,bitcoin
126TYVndeKWoj4RGjCLoCGkz6KTJu9uQvD,bitcoin
126TdqHo6r7uaoM5NKC1nVsWCmjpdqeYT6,bitcoin
126ThViGTQEEAmxYoVjkuwJiuq5VeTFRq6,bitcoin
126Tsdp22TxYV9BfTC9ok7jadoCDGJP6Gu,bitcoin
126TukhxtJVQcAufG1k4W3WEhDALsuLdjk,bitcoin
126Tz4faVuiCyYCyCpnp1Me1UCu8NnzXFM,bitcoin
126UKVL2v14Yj5kBf3fxYUqPCnC7EcvWpH,bitcoin
126UQznCwpRjvMWJQc5nzCQDxK8r31HA17,bitcoin
126UST6j9RQqGLZboTcBErvxdwtxU8sMN6,bitcoin
126UZftU3CMevqzHv5YmrDGZLowWAMoYr5,bitcoin
126UaZv3fsDdrCHFTLgD4yeGa3xDTPy8Ap,bitcoin
126UnmJLyCGD76ma41JzRks7EWKCuzpuXG,bitcoin
126Upku5THPnTVKQa2Hy8Hd7emMHVTJHzC,bitcoin
126UsY1tg5zwKup2EHVBsgfkjQTg2GdkX1,bitcoin
126Uuj6kqVu6nUikrpMCispaKJKLe7DdUv,bitcoin
126VF8xZjF2rZmAzZFNUV2AWnQQ1BYemjM,bitcoin
126VFeN9gjNhmaXxAADTJRh8fp5UqaC7RY,bitcoin
126VQA47n27VGDeCU7VYnUnec1tB4r51HK,bitcoin
126VRzWaYCWthbHUMjdwF1KoLNDrBuKj7P,bitcoin
126VTMWmNp56DLzWrqtvguZxnpgMto5d74,bitcoin
126VfpWwKNYBDH2ersX3sLyLPNbxbNU4UZ,bitcoin
126W3jjusmBvAGdV5FVK1Scim1nNtnzeGa,bitcoin
126W3n2GYon1bJBdbiRXpwAFYE7e6Ca6C4,bitcoin
126W9vSk1c8wj69oNfi2gPpmN3unJHpqR8,bitcoin
126WGeRewCmHTbLZMNYmm4Y8TscgodCuqs,bitcoin
126WZWG8wE1d9ZyY9k4xBFt4bmm3p2Qncv,bitcoin
126WrpisZLBSZaov9hCo5UKUvAE8ugzGgi,bitcoin
126WurmXd2ujkRzDBKr28T1cvH41C72qsV,bitcoin
126XFVvhkvirXaDjcETQMd88tgaGPmPDBi,bitcoin
126XUymkibkMpgLi9rgfVHHPsJHQULnzFB,bitcoin
126XWNB47v2jhUGSbSjFnbsLQ2cScxv9yB,bitcoin
126XchQ1giG6tmUWh9goMAJXTrmmPgHAaa,bitcoin
126XnF1iwD97tTJjt3hFpdBkrpBmqPHnLy,bitcoin
126XomypCttXvfRM2NTnfuXbKknpVCCgzd,bitcoin
126XrZp6vjEBQ5yWajadkTWT6NGZLzpeNF,bitcoin
126XuCqQzJLJojU7dxPF73E3spHC2KNXRP,bitcoin
126Xv9Ds9Fg3H31EreX5U7bm88FtdrPqfZ,bitcoin
126Xx5e8xPDKDkgBCtrPN7yKsBMVciSgTd,bitcoin
126XyFFu4CRe2vGjk1jyJKdouaYVzRUkFV,bitcoin
126YAiym34kg37d4gtxviLjCen8mAqXiXV,bitcoin
126YEfcd2QCEBxm7shtAvZDrGQuj36AgJv,bitcoin
126YMfwzCv5eZ3fftSV2sAkhQyJMpV9y4C,bitcoin
126Yexu24NhNXgtsqtVh1RDVUKamq54dDz,bitcoin
126Ygo1mW9o8zzjzbNm157n9Wt3RddbhBy,bitcoin
126Yh4w3DVR5zrAWTLnALaHECGdqEfGGiF,bitcoin
126Yj1wkbFLChme4RJHT7ftzMGU3dsq4xx,bitcoin
126YoWxi8Qb7AdTaBwVQcRuxkvuVCxf6PX,bitcoin
126YrqkXggAfs3e3H4cmKUeEs8ci86P4pX,bitcoin
126Z38kowyq4mtGaUCz76KutXD8gpFUyj7,bitcoin
126ZEkjeaZJkKUg5MZFDfcLH9SrSuqhkZC,bitcoin
126ZYALfvzprYbA9hhWHkPxDGB4jmAbeob,bitcoin
126Ze1E8K6x65YExvvS5yqAa4xPQm9hsT5,bitcoin
126Zw7pj22EQALT2yui3vNd63Xby5EtAKm,bitcoin
126a5ooLcGiv3CxWm9SH3k2JBcFBBNLTJk,bitcoin
126a8PHAgtdRh2okpZE5r1cYwJgHSbRb5p,bitcoin
126aAQb2HvGUrDXZfDuWMz5MxT4EXynWiJ,bitcoin
126aAqUMrt49DZtsHZM94k4r7gzgDSN99t,bitcoin
126aCWuji3LiAGFhuwBtWJvKqDw67M2GFR,bitcoin
126aCmGBitrsqpdwEGP4AevjcwN4aV1StL,bitcoin
126aE15tPhbfsTZ97KkhVKM3iFiRCy61Jd,bitcoin
126aKqhkPyKtWyvtUjXBwWJtv6vQHXcWoc,bitcoin
126ae6c7RjfBBv4PC9nrmmL44WXpVWQcRs,bitcoin
126ap25BNDDRraxnGBJ6wxUx6RYeUx7um6,bitcoin
126aryfTqnimayvytfGTxdiphBLse2rBxf,bitcoin
126avu6nFvpcp3rVG7yh8wS7Mp4aiNX5FE,bitcoin
126b1f952bf5ztDjr6FQnucdmtpyscMrRW,bitcoin
126b7zrr4v6Tq85NPoPeZPgV2kLQvk6ReQ,bitcoin
126b8qzapWmLFZ6pMCMbEtCmapx5WEnV19,bitcoin
126bKeRkUCiSJ4ghW6vYkVwGo7pxdsooZz,bitcoin
126bKhJhALVhFkRA5xXhDQii8Rbm9h8moL,bitcoin
126baHfZDFV7zgkDzngVhv9RNADLn7f2Ad,bitcoin
126bo5AAQecsafNBvUUh1Get5tYSKMwEdM,bitcoin
126bvdBDDsFBtyAjjW5pjrR6JtmWwy8LvA,bitcoin
126c1Uu3QQFSU7bNXLpnRWFBzNqWBLst69,bitcoin
126c1oZVW9XZbuRnaWYoXiySWpU6zyXafs,bitcoin
126c4Xo3b9gTfRhgvjumQhC4ywpMZvhAUY,bitcoin
126cDF1GLEVjSsJFCCcS4LSc8fY2tGa2FZ,bitcoin
126cHMszS84ANGJqh89MgTaJeH2TTTXb7n,bitcoin
126cJcmPhvi3hQdDH6TmNqKpCugv82QNE8,bitcoin
126cNFtqLLhCd8529qgBJRiyCkuSxTbrQM,bitcoin
126cWZXWufajqh1vwLatBDYMxcF4xHEB2v,bitcoin
126cf7u5h1PpNLscKPTwCuLeFYaxShte2V,bitcoin
126ciV2Rbu3BShcAViPNht7L1LeMpgBLCP,bitcoin
126ctsxRSDvieKeiwtKnWbtg246o5d3xdc,bitcoin
126cwuLGMSg4Z35uP9j2mEe65yLkNSxJUD,bitcoin
126d6qJfiFQkgaERGv7ArG8xHW51J9tdGQ,bitcoin
126dChh2GyRtRWcVp9T4ezmkRZ9HpDrWuA,bitcoin
126dFVbeaU3vwVWjzLFWAK8gieKLdEwz8A,bitcoin
126dMymnJDUKbqGwM8KT1928gEPJswVqC8,bitcoin
126daXhBoPsZTnieuf89p3h4VNh4ZYDdrK,bitcoin
126dhyzTGDrgwWU9NVLW7yG4DWXaCcLZkC,bitcoin
126djXbFuGr1g1AzFuJAwLViG7pjw7pjsB,bitcoin
126dnVySVxJipabD8cU7mZ26PPDuAzqgR2,bitcoin
126e2yrJ3AGmMwiYGTxD88eVtiAtR2s6jD,bitcoin
126e8FYgEejdidByCECVXcSgEj9mU8xsa6,bitcoin
126eJqQSgYp2nnqogXhyUqrkfPtTSUTfcE,bitcoin
126eXFKX4JrHN7JV8y4LGndoQmkFk4RtHD,bitcoin
126epFMy7MaS1rQneZGcZxMC81tD1qrgLm,bitcoin
126eyqYKkVdJwRnQBuSxHASQmaBAHGLKuW,bitcoin
126f6UANzpRoxcGhttvb3qpUBPhDbuzV2o,bitcoin
126f8BLEhSnWAnK7t2RLw5ucurM7QYrtYH,bitcoin
126fDD6UZNDt8XCBWiroFNagZAgNFQRBjM,bitcoin
126fEBecosRJzXttaQfvHamBz4LWx9vGoa,bitcoin
126fRnv6xajNJgSZvsj4PbRygGeQveVith,bitcoin
126fTepuc7hGASvrC366vXwpJbgU2phHJM,bitcoin
126fbvcYN4NhPwNcZk9vmsAHDV3gVrdSg2,bitcoin
126fpUAA8nhWERAuFZhUu89jNLk1UoaHrD,bitcoin
126g3CvWP9AbdwfLPhu8QxCWimMTyVRuXg,bitcoin
126g46LQ2TWHoAPTc4oxtwuthgKH41XPGi,bitcoin
126g4nPgi9AQySR1wxbaAehJX9twn17SaK,bitcoin
126g7d3QRjgUwVPjhC6yDfKqKbydv2yMDJ,bitcoin
126g9ejJyY8g8NvULxEfxfAPMcgxrP1pbg,bitcoin
126gMAM2s5TnkCfBZdup5cNbFDwvCyo3qZ,bitcoin
126gc89pJ2AG2fpPiDnqBregasfA5ai4Ss,bitcoin
126ge8V3GbRatp6698a5uQ9xbLrHPrFLCw,bitcoin
126ggA5JRFg7QkHUp766CWfQNe1cPn5FPS,bitcoin
126ggwm7cUasqQQb9U2Cv4veXzWDcoYjDV,bitcoin
126gpaYAx168RGJzEYkPgFAJWyD82TZFAG,bitcoin
126guh7d3FXUG39SSDkXjP7MFT1ncdzPrs,bitcoin
126h2bGy7aJvXmWYMmr6SXPGAJZZyuSJUe,bitcoin
126h6P7PFg2jUWRfmVVDXhbEYnydCRuKpg,bitcoin
126hBop82ovxxLqSo9NY6UPVvYYLz6teMY,bitcoin
126hRZNb13jpRsp1FHtU45VgJgmei8WXi7,bitcoin
126hUL2hr3xFkCzD8bNVcHetDvcbXd6jSp,bitcoin
126hX1tnXmNNnp8RkUoV4nffmxRQJky3po,bitcoin
126hXVaW2t1T9WhAknWrDgMRhCatPoBsAA,bitcoin
126hbPCovco5n2crd6mCDUN166LYWjKcHn,bitcoin
126htCEKa2E3PhKnsPTYvMVsC48R5XhWyz,bitcoin
126hz9zY2JUiehghEoMskaee4jjuU1JJbK,bitcoin
126iDZDEJYYXdidv8nrgqr9vK5QBoXhAQC,bitcoin
126iL6sVCUtLaPoE7Zo8wpxPAWypMQ6xmg,bitcoin
126iVJut2nHUXeMoikE44Fo5mLdFMRVv5K,bitcoin
126ikfUkbSZsm7S2BNXxZTKdYHxfWnf4h4,bitcoin
126inyFnSwXMhMUWEY2yeyDSQbsa7PSj7a,bitcoin
126ixNGgSErTXff91ZFfe5B4cKTQ36goRe,bitcoin
126jDb7mYWWYV8e8VYvskGEvaCyg4T7rNX,bitcoin
126jFjFw9QmY1By3f4nRtiwRGrv9buyyzY,bitcoin
126jNcwiFxVdy3GoTKTcvrh6eNgEbfLz13,bitcoin
126jNdbWMSC1kVuBPaS1poFS2rV1gQkm5G,bitcoin
126jPkJCeZn2ET4fKUJgzUpqanna7LYPWN,bitcoin
126jUH5EjkWBZwVAn6f6bztH9zhP186tuY,bitcoin
126jVVZ8mUYJyzmAtvcp44gCe9zbnkpia6,bitcoin
126jXAa2V23ZFRY1guaTFr3yHbRMRQ2wRn,bitcoin
126jbh7FNrCPAVEfMVAicF8E1wnqKd8VuP,bitcoin
126k26oUTTGshGUyBwLyhjh598pv4EaMyS,bitcoin
126k5yYQdhA2r5ayonQaY9gXXi6XW838KW,bitcoin
126kEQtqb2Y5UASNzdm6t1VQTtF56ZdEEq,bitcoin
126kYMNVQeWYK347Mt5gfamJPRYKKGWq1P,bitcoin
126keCQT3XskfZNtqWbiZWqVHsLzPMd2ND,bitcoin
126kkHapq44DP6KG42rovkGJyuSSrAaToy,bitcoin
126ksNKmQ4VYyiBzfbb59HQbnKjUTY12xv,bitcoin
126mEhsPAivb237fL7WEamkGkNV5ijaLLY,bitcoin
126mLD575fN8YdNuxkzaFyYvXcnyhna2sX,bitcoin
126mYn7V4g39kmVA4ajF1ogkwRL2s63vJV,bitcoin
126maw5QTaucaZvNXZtMb6ig8d6Q34vEgd,bitcoin
126mgfYvBrQyf4nZgHbyiibhw3bCjQF7TD,bitcoin
126msWczRFkUDec7UCX4V9QjGawYv5sCPN,bitcoin
126n7m23K1ipFiGtuSoWzPE1tVEE3oHAQ6,bitcoin
126nJHYiAd6QW6dDxYmNaCmpBggq2Wc85e,bitcoin
126nJhjJGDMobQ5LkZz2xmGjFVm3XaSD3g,bitcoin
126nZPPjcL3T99ejrzD2oEmBb4YsuQviBT,bitcoin
126nibMUqDymThnBqZ2znTW2hgV777qGp1,bitcoin
126nk6gCrtbT4NShZkXBmvUTwtknmxKqva,bitcoin
126nu44bMPJskS92mcJNWwnMYP4Cb75uLu,bitcoin
126nxHSZGygQ6Cuh2iMYw1Ty9qGQcFHBh3,bitcoin
126o25jBMEJhrjfDeBwU5rQrLEfqvv9f9E,bitcoin
126oDGzuMmr8AFNFFXFXPtBv9oCtLTLBQQ,bitcoin
126oL9gqjeBVJD9Zfyaqqyy6ysinNURmEX,bitcoin
126oN6Yg7jCf8oa8oX54J6cokvwKizv9U7,bitcoin
126oNiJPs72XjqvrfhVK4dnN9nbcnGXrcn,bitcoin
126oS9sjq7xP7aEQiUJ8p73ChsCW6EwyvT,bitcoin
126oUdfdxwup74y421861GQ9NrBwGdeFc5,bitcoin
126oYtkjhHvJ25BmjMELpkyKqKaPZhUeuk,bitcoin
126ogpgpaGVdgbE1BfLkBLLAwg46qTKTVH,bitcoin
126ouJFmA2c7tvmYQgwJpkQBoAmqA33ffJ,bitcoin
126pKTYcy8L4Ni43gcFHG3H9n13K21GcR9,bitcoin
126pLqAFdfdCJdckBHrfxQ7dMnoqteMafb,bitcoin
126pQBZE7EzBMosX8QNThS13xP7JNkYTSk,bitcoin
126pTCXj3yaAb6LLEu25mEz5oi1hQh9qqC,bitcoin
126pVzWpHisY7RN11Z7F5yAbkMyRxyXoH4,bitcoin
126pYQCTZWjra3RrU8c9PkgYjpB9WQqHkA,bitcoin
126piZV5jT36KqYc5iC2DENpd3BYmeXWP3,bitcoin
126pkNNc5a91NSnX7NJ8f1UXeTwo7sGEvd,bitcoin
126puADZGb3qruc9fzhVNaL9abScE7FtHb,bitcoin
126pumbon6ZSMTyvg1LHKP3aNDRihjzPGh,bitcoin
126pwVLwSXeemaeTG93hDTTj9GLGbsQCTy,bitcoin
126q27RbQPzmfaEM1MB2XfbamPkRWc8vAs,bitcoin
126q4yYR39dk5APfwx8HLqbB3P71fZgpFY,bitcoin
126q8JX47enhTLMnB5PUR193XsAeAmDXUM,bitcoin
126qGSU51T5snmaMFJXWMj7ZawM3vrV1Kc,bitcoin
126qH8Dnq9yQZDDEEedeGzmq3wFXhZUtYm,bitcoin
126qKUG7LV95agCSCcpaqrp4ZXWY5C2Gpy,bitcoin
126qM3bLW1B1eqG5auqURkDm3zTXtzejz3,bitcoin
126qaVPLTu45rX122wCMebeDLeMe6r6pUK,bitcoin
126qs3ahQno9iFfTyq85uW9v3L6afSvbWB,bitcoin
126qvVaihp6F9mp64uW9JLw7CKPEVZNFzy,bitcoin
126r29veSrSSFeM4Q7GgtNzQBwt14p99m4,bitcoin
126rA6Q1rbU9SCxJsZbHMziG26iANQ4dR4,bitcoin
126rExESHNw6uwnL7664SbG48WUrKtQbQ5,bitcoin
126rGhDdopdwcqCK9LzWNZ5hboupFqrqr4,bitcoin
126rQaUVkgvqdind1bik2dzUKcYd38VuHV,bitcoin
126rVMS3UL4fmGzKen8J8RkaaaXwUwPFMn,bitcoin
126rdAnSCoFdgSn5mUF4eMU2NmFdFVkgJ6,bitcoin
126rj4LjU6XpqsSgoJ3E2cURLxkU5kdWe5,bitcoin
126rs2nJ3E6wnWfDTkSuPLdbs45YXtKtLQ,bitcoin
126rsmyUTcU9tKPc92cGME2FNHsrmSvXok,bitcoin
126rxJKjzuziLhTK8KeB9c4voUF6pJLTS7,bitcoin
126s1AZvqdrVXfY9QkkLgHGXk8x15B4P7s,bitcoin
126sKNn4erWWKagfTMwGQ6DxfMzT7CzBXa,bitcoin
126sLJQQ8VfkpyFUcThVg9YDjgWHDbw6LC,bitcoin
126sPeHSTihAufqmnXUoqhUWY9nsiuyK6v,bitcoin
126sVd3ixbpeveBCpscLRLURenLS6FzbaZ,bitcoin
126sbZypBCVVxTWernXMuqhW1mwZAF2jT1,bitcoin
126seFndirzQkc3rZTMqco4fFJHU2hRr6Q,bitcoin
126shya76nmLpjWzhK8JL9GZ9KmvLNS6TC,bitcoin
126skj53eC6PLCjDtSSXyLPkVvhz9TLBa3,bitcoin
126srUgMcueVxFrFgE15GnH413qbSckLGA,bitcoin
126stj5LYXyXZzHcjdNLCWpgvnEe4T1AvQ,bitcoin
126swkPHjfhiu6HeHpWqTCH3nMGYsMBQ2e,bitcoin
126t2Uo8SoUn7djGxjzbENQQbzsfSiiAXf,bitcoin
126t8od1TxUrKNCQEmFXCB181mrMns6QRJ,bitcoin
126tNeHu9jEKQ29krjuhLrUcdEtsR1zQ5Z,bitcoin
126tU1XHh2TVWEPwJKEVQhpxvP6R4aQWXc,bitcoin
126tUjreaQMZ13qvAxLprMRgj1J17JUsGu,bitcoin
126tVPRge2G2B9dZ4wkPFNG3bELenyWC6f,bitcoin
126tdFjEX17oYeStjftBkbojs7ExgaNV4B,bitcoin
126tvoynpopsofaLc4NvbbKS2fVpKkaAYh,bitcoin
126u2RG7TZ5VDfNcjD8WW3bSkcvcDRb8L1,bitcoin
126uM4tHctwj2bd2GLfkQTekhVR4PNmxcu,bitcoin
126uRoxUNdwgHaXquhtAvttd7gqqZPK2YH,bitcoin
126uTQpMxJVRrXhE2tMerAMdUVJw63cwb3,bitcoin
126uVEHUcdrJEvrvkgRebdH2PBZZQ7TLSX,bitcoin
126uWch3DfVizfEEJH3tiyY3uoWCLwa4An,bitcoin
126udLw7ZiBYiYQqWDuZQEwiQFdrA8dKip,bitcoin
126uiTS4RQXmKPXh3QngNcXEaT7agr2PZT,bitcoin
126uiroSwarmUme5vHw7U4dkYco6DJuX2d,bitcoin
126uqqXhi1xnzTZYzaY7AMEvEKU69K2ycp,bitcoin
126ut2qa9yfHhNKWMq9GX7X1zt91Spe939,bitcoin
126v7h2YVnRMFPgsns1747FKo2U2DKsDRR,bitcoin
126vCf54Hgpt6yrcU1VPMsdwP2gRm6kHys,bitcoin
126vFvNuvjb7nPXAtUpcto4poH5qbbxpBQ,bitcoin
126vRxK2hsWdHMWDS5hTUP2Lcd2XxDfBX3,bitcoin
126vZNdkwMoAUwMFLvpS8fqKLHYrS3PVDj,bitcoin
126vcHGRDscGoXcFFAYwLWwYJXQBrTWMWW,bitcoin
126vjVLcnDXW7nWqqGkkbZrB8jGW6XAQLU,bitcoin
126vkMyPds6diRcog4rR7eSzn7fCAkwNCw,bitcoin
126vm4kZQHSEnuChNetFUudKywWVVK3gWK,bitcoin
126vvTuKcnsMh4LfYP5UFUq21MSTXEXCWd,bitcoin
126wJ6A8VJquVtYjPUbmjcYXRUevSbuXGg,bitcoin
126wJQgJXxBv6Qqi8hmDc3FSPicVMozDK1,bitcoin
126wS8ogL1pps6LXF7FWKEzngTSoBMVT2M,bitcoin
126wSMQgQzvjo1NpAWMbMdtzXK3XrQXVLx,bitcoin
126wU9i5zWCcmT4mD4TAqpPkMi8QXnqzyc,bitcoin
126wb5regAqqq4nqXPNu2mr6TnsHM4VNgr,bitcoin
126wsuMt1ZX44arhXC8H4o5AKCV569NaNV,bitcoin
126x4ACy5xuJGBg2hjRCsLRXu2UoNAknmP,bitcoin
126xEgue55ivKVvReMhJew5RZCyM7JrqDw,bitcoin
126xHeFobyJbeR5qsAxtJck4EmtuXo7GM3,bitcoin
126xRSAEgE4mdpfDDCASv4parhiWatHHj5,bitcoin
126xbfhJF2ZmC8tMyyMwjUST53zpHN5c8h,bitcoin
126xx6DdePgiE28H6yFhG8Ez6V3v8yY3Ry,bitcoin
126xxgRsFpz5peECetFvx7gJVccz1Jo6r1,bitcoin
126yDkCQnJihHRxiKzCrnr5YzdTUXwxair,bitcoin
126yEMgDuBypzo9x5UTAgYpyuyzUJgP1Xv,bitcoin
126yEZvcqK5XaGbzRvjp2uHeqY5yZoiqgX,bitcoin
126yQfPDjXyjmSfDyLmRTPfDtxRG5joP1m,bitcoin
126yR3Wkkc5DenrLpuf95ZVkmo3wLEg8pF,bitcoin
126yTfEzsp27CFQHRatE9EkJCtgynSJ97y,bitcoin
126ydUuQxxxUBhiZrvhwdRjZZUQC9ET5eS,bitcoin
126yg9Tgzm2i3tdkMrbQ6PMbiNsL4KZWKB,bitcoin
126ygxkYrhmgnA3WaWYBANxYtTV4CBh185,bitcoin
126yuV6KVH4zL6z9Xxqm4XVGaLv5jzEAaY,bitcoin
126yxerErpNkhRqDMbKxarTu34hnxj7yfo,bitcoin
126z4jVWQFR6Z8Fa8QUxgM9huqSQUJmmE6,bitcoin
126zJVNU5dmsvuE5PpuyF2AUntEzdrrBHU,bitcoin
126zQkB1UH3Ay8JiFowHP4AFGAES4nhy5K,bitcoin
126zSNGCGSYGvJYEutxbH2NTY2vGV4JTRM,bitcoin
126zdEWgtfCp38iHfpXXiEu2Q5uzfQ7iGM,bitcoin
126ztGoGQTzumYMgyCXAP67KEirhpjxvsc,bitcoin
1271JmEbQsGb9w2vxU2b6zeAcaSGwBYMiy,bitcoin
1271Lkr9Dn8hhcJmVLJbBLvUWywDykVNNs,bitcoin
1271RZo1cjrkiHttbzfT32fFaPJmedircP,bitcoin
1271ZbLZ1SXLdAaiw88CMshsmoneSKzqsn,bitcoin
1271gHN2Vk3Yo1mbkLoYG6dDF1yMggqxRd,bitcoin
1271hBVzgv6LiDYZdk286Akg4mAQcDZCq8,bitcoin
1271iaH2KNJ3XMXoX4FtLb3gCUMeufhYzV,bitcoin
12722nX6BbnuviUKmQFDFnCQSPacHJk7yx,bitcoin
12727RsSLX9cJ4Ntdy4kHRLMHn3aWgnhDV,bitcoin
1272STBzXVLs3T5kfsHA3wfwJfShdF3ukj,bitcoin
1272Te5jaqiEvqFB9dfnAFrYkzK3kFSGUb,bitcoin
1272U964MLbY4dyeXM6vaxFE9qJc24LM4x,bitcoin
1272V93xUPdWxGQDjjzo37Dyb8fDYquZ7b,bitcoin
1272exqW9nice3WhYDEAZ1mm3Hdz6R2XWj,bitcoin
1272idwjjFQAW4ZT5cuhUk3m5fRPoqryte,bitcoin
1272qGehSgwfnN8VrxLYBiPnWupeBKkux1,bitcoin
1272syxTTTLdjKQBrwu3nXQEA7rdR5Ddja,bitcoin
12734yX2LcSRjZDSovHEGqoKxyGTS2Eiqx,bitcoin
12739TXbuZEf1rYJfet23i5ijM7974xQm9,bitcoin
1273DuENATp3S6XBMsDShR7otK61PMK3gq,bitcoin
1273HnmxtdSzwNzLErCLxRi7dbvnwwgSY9,bitcoin
1273Q4riV4bxRSUWDcVUbYBXcWT2L3dfDV,bitcoin
1273x9cCQsQi6ZFW7hXZbLYDGSc4bGRd7W,bitcoin
12745Bs4RpiHm3jAN5aNpKR6y3pfUQ8hDk,bitcoin
1274Dx9yr6U6Jt7ns7VC9wm2uji9AEYYsK,bitcoin
1274PYyFDPf9YL3ervzKcFLFZxB4T7KbXi,bitcoin
1274cmFiSJ5pJTDGxYJfgFXE3B9vX6rF9b,bitcoin
1274fnec3qQwRKkU6ttcL5Rftrzb5WAVFN,bitcoin
1274hf2E5dUcGRknvz7CDB2wyhy6o4a26M,bitcoin
1274iQDLRxUdCfLrcNJssAnfoKotV6gGZc,bitcoin
12754ymghgMmQxnQgdsoVEHYuTgQSt2kr6,bitcoin
12756i9zzzx3apAxtQW5FNJtD9w8ViEpUW,bitcoin
1275NqYSVmgiqfzUEoS5gBZqDtf5nbEG3s,bitcoin
1275RxfMedMt3WiNabMTLNbXTUGeHsX39w,bitcoin
1275diDqNxnumVFYQ4CQJLLGjfsefVEvYn,bitcoin
1275eEeNbdmdsTdDzM5anGwth5UpuawEyU,bitcoin
1275jA21iWnYCpHtjgZDEkXtVPbs6gSkjj,bitcoin
1275oLj5V2oMqsr9LyJ5Q5difCKp3RYao8,bitcoin
12767c2fn9ndAmiccqtg41Hn1tyxSRHySU,bitcoin
1276DuesySbm9rBqjjsZnDwpW4aDYCtZRM,bitcoin
1276H6tS1YbRZEWRYEKUJM8Cp24oj4HDY3,bitcoin
1276JVg2ULd5jgiA4fwxtYpVV4P19w45sX,bitcoin
1276Y65DYtRYmY4tsUqQwmHL5eBUkZXt1J,bitcoin
1276Zi7XDN9FQCpCtTHDyeit4AqTrHg9HZ,bitcoin
1276jVtgMkgvoEPF8n8vY7FBKvEUsTmXfp,bitcoin
1276oy3DRsQNmqqsEebFKLcQgn7ot6gssE,bitcoin
127772zdqoVN1kWoHNTuQd4buKFJHXnidK,bitcoin
12777TRbyrHQGMdPGJpRxCiXY6neUztWr4,bitcoin
1277L1YmRmm15sNfucT9uP5ZZJY3uxGQwH,bitcoin
1277NyS5GgRYXKudEGQPPj1UC7ydMHqjuB,bitcoin
1277XYvRBNaho2Sa4wPtAEwDVpfR78BRCQ,bitcoin
1277aTyYwLt7tF2wwaLNZJtoiZKFyVRk9J,bitcoin
1277nQnYFyMwM7qWeFn1xp2VDQ4NynMi5d,bitcoin
1277nRDHxCRDGmT2azWhnoUkCdtjCKb96Q,bitcoin
1277qkKEkzEAV871QnE2XArAYynFQZpqH3,bitcoin
12785mdYEAdPFpnyMz23QjJS2GM6DE4zox,bitcoin
12786wA4rsipVusTq9ehQ27TpfytShAzxG,bitcoin
127888rxrFMGr8J3HyZJVaJy7mPpLSPCbA,bitcoin
1278KWCNuDCASptwfFbQYiRsafXKnDbEbP,bitcoin
1278NKiVQBFW8Z1qZb57GEZGbHsmWJtAyx,bitcoin
1278PuBNwPTDopzJkF6tvJanC5JHs3zYV3,bitcoin
1278Se8AryVp49AmgxwrKXqcVPFvbpMqwR,bitcoin
1278TqXEgxHnuVdehBnNcj2FzDYkfmdG4N,bitcoin
1278cTah8M6LVGvSdr4D8jU1YwnWWoUSEp,bitcoin
1278hMjLPojaK4eMq1fdYsGoQEBB3MH7yE,bitcoin
1278hxbQdsiaqxLSf5rWGWy4YXsP9UHH3g,bitcoin
1278jV8w96pYDnJW91uwY14J4Lr88uE8Q9,bitcoin
1278sruFP5a4edT6YoVcCjWhgdRq6oUyo9,bitcoin
1279189ktwajLDLnirwQgV6wRHXt8egArf,bitcoin
1279BPjbo3fYHwLdoFh5X19NqNQ6MKSE2s,bitcoin
1279HtE6wfocbZnbYNaEEPBzw3J9SxMnEy,bitcoin
1279RqWMpaVCSZ5RJtyN5qsMdFbLZkvVNK,bitcoin
1279XKddW9bRiBUkwbgVr29zmNuNKnnpHf,bitcoin
1279frVsHQ6284cb5VFQHzTkFekENYxTum,bitcoin
1279zey2k5d8ip7F5jXFuocFP1hfejEN9c,bitcoin
127AQfnvTUsEgb8sBCpyTudvTrz9vsBJLw,bitcoin
127ARw1wY4afYptDGfLtQvujqN4GhQ1fiA,bitcoin
127AW1bEY6h5z83xtq4AGAD2QukbGgoGCs,bitcoin
127AZFHh1ibo7EXAQVDtBQ2devQb95m16Q,bitcoin
127AZeWdmniuxA9X4JEbjhDiCzRgjmMps5,bitcoin
127AdUETxxbGsejxcbk7Tq9JnszpF8GXJC,bitcoin
127AeBoK7rV3dxeT48tmW325yMzdTLFtMW,bitcoin
127Af1N6RxhamS4yH1sMkBaLE9BUmBZDaF,bitcoin
127Aj8oARygqkMXZgnrPCd9x9fdpnvx874,bitcoin
127AmxgTNDRd57CELUnaNDp5T7PFB7Qpvx,bitcoin
127AuBXhK12cdMADMAE8nSpU1fMkeaSttt,bitcoin
127AwAyVa6fF1XNy54NjGCFst54sW5LvrT,bitcoin
127AzHAqCop1DXPfNHDALpHbTeCaYfcMke,bitcoin
127BAucPCKGnSivRj87gpwTvV153X435MX,bitcoin
127BJmPZpPACwMMq7QLZkeiHvDE6QdPFnE,bitcoin
127BXre4WfSMd3W8ZuXxZ78xCiy1VbKBk4,bitcoin
127BdouSTrzC8ggQsnpD6gcs6vLzcBrrW8,bitcoin
127BkB3BZbex62gSXkViv9c7dB134tRuPY,bitcoin
127Bs18Vn6KjEXCksb9mu8oMX1JkUyLTpf,bitcoin
127BwyJDDyxHwAd5e2wUHjshmMfcyKhERf,bitcoin
127CMRHFsL2hs6GTcTtQD7pbDnAkah4Tqt,bitcoin
127CTT2DLUhRmYnQVY4Awx3jrFjJLWhDxc,bitcoin
127CdWaPcSrjPwZTvfASApG24rhfDLpkVB,bitcoin
127CusRWiQjQbxdDy8fraD7VGZvARTPYmP,bitcoin
127CyzrVjWGcgfMaFkzcFZjPRrA1FTBRcr,bitcoin
127D4SP4vnZqeEz9tag95VXbPZrEjP1avH,bitcoin
127D8hiNRb86CeN8UwJBznEg2fGivxqocr,bitcoin
127DCZmfsdD4JeyXRh8SQ2UW1fDPjHCSdc,bitcoin
127DEUkqpAMAvCBrn61gj481Yjij9Q8sRk,bitcoin
127DHfdfqVYxvPNEYfqmR3LVK2P6vM8Y54,bitcoin
127DLF4zbFKthAgcxWTGzmvbWBXFyXwMuJ,bitcoin
127DRtLmoFU2NkzF2QzC4na6J6R9ncYDPU,bitcoin
127DTPGnFxVS2r8Ce6LkQmJMDDCDcWE4go,bitcoin
127DTkmTRZaH6DF4KgjUcebxZekA6z8rw9,bitcoin
127Drdxo2Wo6oGmqBBmDMYoFBhUiWu3Tp3,bitcoin
127E2A2JkJPdr216hcNWzHLYRvoXxync2Q,bitcoin
127EFVFJwhcZLthkQHKnBXBPVoTZUnQoJL,bitcoin
127EKePxzMD7TFPqT2zcVxFsFTwNSrfSYZ,bitcoin
127ELKBtn5bvC9jxcXcCTbgYS4aT8WDJti,bitcoin
127EMm7bCbuLLo86FZZsZuMzyWmgLdE2F5,bitcoin
127Ea2mGR6i7cLRiPs6FYeU3jBvueHMraY,bitcoin
127ErcHKh5Q9PGtD9mhs4VqYWUJC7h7rSK,bitcoin
127ExmC9NTLR9uxF9FTL39SCEBomEtkoSQ,bitcoin
127EyA6wpSbMTfNzK7MzG5bqJ9ZBB3UbwG,bitcoin
127F2UT5U5xnBw25xDiEnzSnbj1LkxMzfB,bitcoin
127F7eYU3Qd1h5RqMgiGMRUPtt5eV7e6B7,bitcoin
127FAAuL1YQNovieXcyv3Qbq1AkaKKaYMF,bitcoin
127FG78xtrgLXSNEpkHmjGxb42NEvtB1GB,bitcoin
127FKjh5pz3HKRiDLfNoJAo7HSP1LVfyei,bitcoin
127FR1xxk84A28FjHmxx3MHi4NevEa4RAA,bitcoin
127FRggfpza3YVsDBYzamBXinLU8W8T8nU,bitcoin
127FW41nyof7ES2C8ks2eKnkCQyvMyrp8W,bitcoin
127FXWEdD4TxBjGRdFZZMz6Y9FHYPmA9gQ,bitcoin
127Fcc9J4wAJhr5AbyQRYhTcHoFvUqJ4Z1,bitcoin
127FhJJu4oZL5XKMmWvtDi14EJAUtFfXS3,bitcoin
127FoTzQt2DCdJC9hGYojuoHASFBL9VgYB,bitcoin
127G7LabXur5UJqJ32nWs7MV53v7BXoWkL,bitcoin
127GEQ6spvbbmAtpSXvjP7aa8Twb5VFwJZ,bitcoin
127GJq7wiGnKsYeWRiYspHqJx4Z1Z8xBWj,bitcoin
127GWn5XyME7kz1sUBiRy3DnFZfQbiDznV,bitcoin
127GiqStXTwG48V83zmuUVTBD9JFwNNAyg,bitcoin
127GrPFmSLnRCfSTLAwSkXC1s5P2KMy93L,bitcoin
127H4EkSVqz3yGmpoHwJCTTBUerafoEwhg,bitcoin
127H9uWcTgekbZAMNB5nC1hL7RYLuhwt4E,bitcoin
127HFGkkR33vivbqfWLHe56jQ3fvvKar91,bitcoin
127HaT96hRcDfLoVhek464RXXxv2dacQBd,bitcoin
127HjY2aVXq46mfJpQ2k4Vp1HJova8qgFF,bitcoin
127HtA58PwTJJLJk9drEVJRESQFq7HEF37,bitcoin
127HwnQsRYqt1a4nNmiojZ3JMfRhtRCcC3,bitcoin
127HyAbAJSizSmduPF7K2tzfjTLXrQV4kc,bitcoin
127HyoqcMEAwk4HjWLXhh7Bd18hbwf9AX7,bitcoin
127J2s3TsR39uZodd9Z1VjecdqHSrjfhLw,bitcoin
127JBqAByb7H3eupanivcYMMK2JwXSVVag,bitcoin
127JGZT9qV4xFwCqi4zcePn16Mv1dQ2exE,bitcoin
127JMmdtH4cx4fvLNhk4UnMUSiYcNaxRAz,bitcoin
127JSCzFWptY2PqWcgiWvPFoAjjPw9yamD,bitcoin
127JcNLVgzD88eFCYcXQ2xvih2AEi8iNsV,bitcoin
127KGHQcrkfYgFhCJvxZMwfWcxyT23TMeD,bitcoin
127KGdyCEUYWugSVg5rYM6CLtUAQrP18dH,bitcoin
127KH5NsyczVkiM7upb5uPw5rjAqtr3iUH,bitcoin
127KJeP8Pxe2puwSuuTrSZvJsWYYgsD7K6,bitcoin
127KNRzGCpkdJZdfSKjRTZxeikYUNW8MDC,bitcoin
127KTyWRx9oKPsnhHKdDzVVffxRWFV9viS,bitcoin
127KYqZhb9fdi9gJxdpazzZ7BwkkAhmfCE,bitcoin
127KcYGYrrXoXzfKm16Dz94MkGcyGQTNLe,bitcoin
127KgqFGsTZbcD9Woqbep2aKUyn5BxsZ2H,bitcoin
127KnLtTrXvbEZLPUVRr4WXHaMbLAungU2,bitcoin
127KnXNKbLB2XyUCM1mHCjxFx8HjatMgHK,bitcoin
127KvtAz7HmoV9RZsKHVuYbg64oKgKjCZg,bitcoin
127Kz2h8j81DM6sBQ97vkahVgNX41dS5Pz,bitcoin
127L35jfR8ng9fRyFXa7Ud461eg4HwfeRe,bitcoin
127LE3Hr9rAyVejWZXDb245xGeLoV5E9Su,bitcoin
127LEoHwypkfhXwwvW3QpYLh5ihcqZ1Mmt,bitcoin
127LXUUSePg8rUwJEE8PZVmY542miVDEoP,bitcoin
127LhxWDXcj9t1nFLe67Dzb3HGX1jxs8gX,bitcoin
127M39Cu6i3kYBYoxZgvsiBVxXhPbbHyTb,bitcoin
127M3k5yaBL9qfzaW3kHq7isctvMLzwrPs,bitcoin
127M7M6pFH1pUd4qiQ6ezVSxMYwNnE9WCN,bitcoin
127MA2wRKjRrqEp62XXMDNMngqvApRN79A,bitcoin
127MVJyRWkWZ6RZU187VCeqwLHgAGqWkWX,bitcoin
127MaRyew93fhR5bBPfwZnqBbjNs8JnPxd,bitcoin
127Mb4Ekj6YXWQe2LaQSj2GHuAhPdjDCyt,bitcoin
127Mb8Vo1fxywZNwYnXN5PvuhLSmeYP3CT,bitcoin
127MoLMETKrp5mCYWsneWhkFZpkfFCZAYw,bitcoin
127MzXUeBDZxrTGaE6T9qSkd1uCYhgmg4j,bitcoin
127N4KLyYL2QZ94DdtkLHnGzPuazu6ecTu,bitcoin
127N72nnYMYM4svUChVDhaas1y5ALjrTTq,bitcoin
127NFC7HDSRRt9SWhmuzC9rtkzuZ5wzVr1,bitcoin
127NHjqPBPnb4pb56GGMJRZ9szbQgmCGV3,bitcoin
127NY6Te2cZVQy2wh3GMLyY9uF832kCB97,bitcoin
127NYcrViB1Q7HreTERQDVwRQ5wMbHizzH,bitcoin
127NnFcGTo4wRx5Wz3fnEe5TQFN6NkEhHP,bitcoin
127NqV81ifMbzXMA3h7LVX8mP3RqRpFuUQ,bitcoin
127Nu8EBF5fHvG1G9fFaKn6gb4war9wD4u,bitcoin
127NvKURewCMtU5LojvyvCFuCQCtd9eh1t,bitcoin
127NwuZHRwz8DVGqJbjLCe2iRJ7nzRNVZw,bitcoin
127P2UdWYEsAK9RsD1W9FrvWygriPSDpsZ,bitcoin
127P39MyKe8mYpuomFDXeanWM8Behnze77,bitcoin
127P3GBJSHL873Rm5gsamuCzHALgwYBmki,bitcoin
127PDAGe8xqtXcD9Znw2gEUiq5uKH4ZMj9,bitcoin
127PFBDZTkbsUYmvAkrKRtqc82FgJteY2x,bitcoin
127PJq4s4b2cP8GvMSoszodfK4MekvfJBC,bitcoin
127PTumQtJWPMAkhzoZwq6Do7qPKNKNWkC,bitcoin
127Pax1LfX2Vh4eT1P8W2Cgr6abiE3KbxA,bitcoin
127PbKK5cEYUcvC4NqPUpYgRZFu59mSfTb,bitcoin
127PkR1PgS7QyXY9WBt8XjBHaL2bDWmi2u,bitcoin
127Q34ukuvVUq2jueDFiif86WntH5kzaz4,bitcoin
127Q75BPpatVKvwo2gLYSQf8c8abptRY9w,bitcoin
127QEU3JwFiQ211oRPyam5U4pqNU3kXSvz,bitcoin
127QKdw9wVcntTsNhiqYVqEwiEBMx1obB2,bitcoin
127QTvtWXEdDdG7q8Lkcm1JMprRFgWaJrK,bitcoin
127QdivmUmETCXB5ErxDFaoTDJQSgDucpz,bitcoin
127QekS8Gk6bdiUQu67FwvXLqPPfzmabiC,bitcoin
127QncWG1CZ4eXQHsZJy9zqbWENmNuk3fk,bitcoin
127QpsbupZ7XrpU35FUnCak271UYCSvuwr,bitcoin
127R884Gib1snbGP5iDDiRpWuyyWAdiBzx,bitcoin
127RDSvDie6pjkKTTvFC6wAz2DcrYmfJCx,bitcoin
127RRkjbbFzTmVtk794miDnJqmxbbRtqMW,bitcoin
127RSQEhGghN617CmL25pEJSxDGTtBCLUi,bitcoin
127RShMrHH234Nshd2H6FtSTWw9qbzdsKx,bitcoin
127RWLzT1EYsfGss19vofw9KcB7GfPjnjG,bitcoin
127Rdf29JYu7YxDdUUtFxc48BCuYUyHKj2,bitcoin
127Re4YyVC1M4D2acdmfd7yNUSG2x5oF6m,bitcoin
127RjKa32Mh3qeXB4NGgaxpptxgya9gyyG,bitcoin
127RjdjiVsQEDHD7NSNHn2CeSrNtZcXjhf,bitcoin
127RoibUe8xtN6rfHR6CjxgSqPhLKxF1S5,bitcoin
127RtTwPkdjGG9pSMnw7Lv8Hj1TDTUJNXN,bitcoin
127Rx1zdFWR3jmCy2D7HjJN35VnqDvDehR,bitcoin
127S21nqduS6Vt6gHVdnvC4CWv7vQp1Jjj,bitcoin
127S9djkR2UHHwHKr3u8FLoMDXVKtwsRFL,bitcoin
127SGFVzXnDERMq5S28dKQzL5UUbpZTu1u,bitcoin
127SMxrZxgrY3o8aZ7GNnR5FeGVcLsaeAQ,bitcoin
127SQeRPPdXNHiMf9DtG2N7vsBeba4UcXG,bitcoin
127SdU7em3q44dWMrdJug6xg1JQiu5wzMH,bitcoin
127SkYHRMZGdKWj8aVCV6dQo9YvGE3RsxM,bitcoin
127SnPbZd5UkbnmR25xUBDgkSiDYRKLYo6,bitcoin
127SrsA9G7dEMncYy31h5jZ3rau7R51BCL,bitcoin
127StDUAktzNtYY9Pfvcrv6u8c59mGPFk3,bitcoin
127T7DcxdmHcZMCPepJTxV3USrMENKbhxA,bitcoin
127T7g9qEA1D7Pw76eeEvGfbZXbWEv9Bq4,bitcoin
127TAWKGjbitRikmmbhcBzPyZvZXwiZPRD,bitcoin
127TByK5Np9re3UnHhebWQaXHcheW6cjxh,bitcoin
127TNwR21UMmVqcvsDyqaRHangVX1shR4i,bitcoin
127TUktS3ZQv9gBqFH8XqC1L32bozDVU1T,bitcoin
127TZ1ua4Vv4uGRYFzPyoz6YrUvDQUuq9E,bitcoin
127TmVcEWGo3VTNC76Y2WGik1WgK9dMCDv,bitcoin
127U5Xk8nPBS2EHNDcHAGuq4bhaxkP9vSs,bitcoin
127U7JwEMj13Yfmo6PnkRRcTSgrVYQkF8r,bitcoin
127UBaq3wPNbpJRdLDUh2tVB1Vp1wQ3ota,bitcoin
127UMVHURFAzuR8cxTxkMsDusKGboKgfiF,bitcoin
127UVAebQX61rZBARnyXdqMoDqMvNNCDxX,bitcoin
127UjZ11HyAyGpmmnV5nNiQoYpoAoLh73r,bitcoin
127Uq9HnDrDUHkLLA5nVgRTTy8zxWET1n3,bitcoin
127UqgMUdtMFWyWrKWAFT4pLaxCmeqQuzk,bitcoin
127UufrFdv9Xcv3Nf3x1NCqpzi2uS7RtYw,bitcoin
127UwgvX8acTPZyT9tcnVFB423zDpDe2ma,bitcoin
127V3uFZcdQ7dmDdRumisYmpQ8dNPJVfQq,bitcoin
127V5UpMrqq5s9tjhwNxRiDFDzziDitgkH,bitcoin
127VBDRBsGRKK7t2UMxXBko3qUTfjAhuvz,bitcoin
127VFpyPbkRFJ5ws4r74zNZmKSAiXRaSDg,bitcoin
127VHv2Ro731sYkdw7AeBNFfDQcKod2qt7,bitcoin
127VLXNWSrKAQE68W3a6rQC12bAyQfomQX,bitcoin
127VSEpHvDfmYmdrY6Ycms35jzti2u3MXy,bitcoin
127VSh9fNyweEvqag2KiDQkzGZika5JJut,bitcoin
127VUf4eU4ZVTRR3sTBDxhd7rBvywXDFoV,bitcoin
127VUp9AKr41YLZUKGDKeSYk8Cwb1rgHLv,bitcoin
127VVpa87JGXUh64zN3TmMstsQrfB3p5FD,bitcoin
127VhHnno44Aumv4RvUZguTSh198vKbFhP,bitcoin
127VhJBpHLFJBGRreyiP3iWW9RYSbkVnEY,bitcoin
127VxUwR2DsxVt3C2KBUFZ89NUqV5hod4X,bitcoin
127Vz8D1UbEid9SRWxdpEiuepVYY1E685x,bitcoin
127W7qbSSj7tSsACtCiYL1XgJ6n3mh2vfG,bitcoin
127WAH8Q1etVXLLobLVeRw5LmtBLo69ZgD,bitcoin
127WDSv8kJpY7DL4dKKvJkbARiSKgWhqxk,bitcoin
127WEHYjPuEXNh5TfPv5qYuUnAwqMpcsWW,bitcoin
127WGrBXAuHgZ4zCZCEq3okvk2LnD6cmQV,bitcoin
127WXTn9oHuKCpAhpWCHyE6TMYYmBKrsdp,bitcoin
127WgKM2CqamWWAMKkPaymyFiECcKcJunj,bitcoin
127Wr8AZ6VcshAGHoLds16uyzNd1c8CQgR,bitcoin
127WvSsvmFYiLBTCG8anFCL2FPxg9nKuLQ,bitcoin
127WvrvqQjAWjiRS3FZf3BVuf7mx5AXR2D,bitcoin
127Ww7kvxCLWDbKsC8pZhizm7A5RETxgP9,bitcoin
127WzagsU4TvXoZ6wNSLcyAhmGbeobGUNg,bitcoin
127XRQd84Qtf8G2h9CpMaUMrG8umQKDgWp,bitcoin
127XTyyJENRDkRSSbMntory4m5jEgHAyu5,bitcoin
127XW33cvyPZdCHVM7X5Nz3DXqYf5huXLf,bitcoin
127XYvpJmmnrtFTQSodQAo5ZRcZCMciWj9,bitcoin
127XokfQ7E24F3F6f7qHLo8SHaXxb3mvf4,bitcoin
127XrNVEkcozpgZ2ydZLafVZvu3oZAMRgE,bitcoin
127XxVMBuwaGZAiReJYA5tXXyU7KMKx5Lg,bitcoin
127Y1mdonjLCVNp1Z5dmi1YiA9aowcJsQR,bitcoin
127Y6Bwvn3GmfgZoJZiUDMyK3zrfJjwLv5,bitcoin
127YBDMayewTVUTU6ydM1hiecGHDGY9DK8,bitcoin
127YEf8HFGb26bk7Dk8HAX9AywevCuYNjV,bitcoin
127YG15w9VaUuxWZpUPdRgcSFb9ey3iX9E,bitcoin
127YNF58u9r8NiHsqZnNW4YBipVTZNGXRE,bitcoin
127YPq4de9KqRVVGBPxxsmLgLB8K1KPMeg,bitcoin
127YQ1sKWaJ6x4abfC44RpwENpJnuHsHiD,bitcoin
127YQ9fFGSQ7tNoxsEXbGhwxrcyb2B4Dap,bitcoin
127Yd1N1dKn5hP8ER3ra5zwJbm5KQh8QSr,bitcoin
127YfTxKHjvNqYrTGmdYtEm8E5Wt9bJmy8,bitcoin
127YiG1WhJVBozZ1NH3rbS89HDtZR7VkYM,bitcoin
127YmM8UHBvccESCtu2LTBcRJv9PhGLstC,bitcoin
127Yvebr1bqKeQbztBJTMjk6coC8SFp4az,bitcoin
127Z59gwvcNF1Q5FDf3fbjrkcccS2WfP8V,bitcoin
127ZCGASrYbd3jZhPSs3qR2LtPb9h3ZLzY,bitcoin
127ZKBGpvNcQaaqMx7eR53cFS2SsA1VayZ,bitcoin
127ZPfP6N1QoeDpg9p7fvZjzgokJ5k9eEq,bitcoin
127ZTWMFrrDB6hnRnHMbXFVDT28tp9ueb7,bitcoin
127ZctfS8FkF1rq8odQMGNcE1k2bXcDbQK,bitcoin
127ZipVZzqacNg9AQ5g6kcTNBqEk5NFHq8,bitcoin
127ZuSczirS2MLqy1XJK7PPgCFx2MSsyFc,bitcoin
127Zytg9sYF9udCo3ftjQLFXW7pknUd7hS,bitcoin
127a2MXqAT2C6EYkUKkvbcg1RzqUyCgdkY,bitcoin
127a4grWGUHcjzHuUQGTQzEKGFX5LA9raF,bitcoin
127aAEe2reru8nZgRvG1m7feTPtYQRgNfw,bitcoin
127aDe2om5YCQeS7PbuyDM4Ea1gotqNCDk,bitcoin
127aFMf8gPHpoax3kFWvADPbCPFj5cs5qh,bitcoin
127aHxkwQCoqx84TjWZEz2DfhRehKTqSYt,bitcoin
127aQbFrCtZN7pL143khocecEaeYDxzDRm,bitcoin
127abGtereKmyN71sdPnXJKJsrkQNxRE9i,bitcoin
127ai4ueGgH4BB5EcrdnMHBNVuLoRAafGq,bitcoin
127akJGHqEzqnAq7Doq7oEY9hh6GxDZJv6,bitcoin
127aqis6f1YyNipdLGx3jrmC2GYv8NeqLt,bitcoin
127aryT5ivnWJfDYWKB2E6CAc2c9nkMRjn,bitcoin
127avQ8rWRuJWvXaRfmBzM17zwxQBSyz89,bitcoin
127b9YdtNTMYW8m6tsjhrpYwSkxAjEHin4,bitcoin
127bMj7PuEccf6FWKAe7G4oG7CZT4W1sHi,bitcoin
127bYKizvy3AWGVx7y52S5mhQ5hFdwMVw3,bitcoin
127bpHDqUxEEGpTDZyBdfjE5sHu6ZpKgeK,bitcoin
127brd57jdxCW95rqvxerinC4yEkVMwcHN,bitcoin
127brzUbLj57vPVEy7hpGh7ee6TJjovWok,bitcoin
127c7Jwwny4HJsLJKHKdFJNj2WcKQ6Vvt3,bitcoin
127c7m4R1Cgk31TcgE4j4ERrwrJsvD8QWL,bitcoin
127c8U1orM7jRd2udKTytnraVA5FS38v9K,bitcoin
127cB789szR2kBXp541b8pAVnMYV9rmwC5,bitcoin
127cFF9qScu5KfCBcHxy3fKXQ2r5jFe33P,bitcoin
127cUdPH9YMW6XaMsXqNaivJ1ChUbjRFy6,bitcoin
127cUwHhbKh3q4igiAnXsYz8JjaEXg8Pzn,bitcoin
127cXHGnTBo6pBwRjBDmzomLrKkYZVQ25w,bitcoin
127cYnDeSCEbSoMitCT3zKmmsd1SyQ6CAJ,bitcoin
127cdsuqWzSL5ESxVx7saaMmBi6ncNQSbF,bitcoin
127ci1wEKqXNJh1vAVQCQB3Hry8a5foPBt,bitcoin
127ctghMbXXbHC88tGUeuiEEDHheHEHhP8,bitcoin
127cv4RMUVjypdxW4GH3bbM7sFh2Eavv5y,bitcoin
127cy8EYFp2bgKymUgnciDtxHCsDneRBUX,bitcoin
127cyYh7Vc4J8W2PqwWvCtz24YtLdNfbHs,bitcoin
127d4uEsaBExuCmfzp3qQfsLadj1ZTJ88h,bitcoin
127d6oqTKZyVWZR4qkAPa1q7f2mmXKSZVD,bitcoin
127d73VQarGev1xKQXwqdVWc4hDU6ET9gr,bitcoin
127dFkCP3wpWheGdR8aKmT5Fy4TCPdxhpP,bitcoin
127dH61hnXVd18AcW75NCFcP8npbFRjAiA,bitcoin
127dHGB2XNoMfWRDerGVYu6v8xCpm8RUpj,bitcoin
127dQhDC3ashZvDjntRaMziEojtLPR94fj,bitcoin
127dUu5S3rBYhsuFN1Pw8cvZuV6kHD44va,bitcoin
127dVV1FvguY1RFJx5DF4txE1Ej2HT7G9r,bitcoin
127doTuUnnyC5Ngg1LkXcY8WyCKVZoULYq,bitcoin
127dpQ6L5U4NkPE15G3SH5kBijFs5G4wtR,bitcoin
127e5i9BfzZms6XMSYXCdRTYps2ssHNpUD,bitcoin
127eLeHR2r4aWZW6XPFt8GJktdYPscQ3iN,bitcoin
127eQVoNzPvQW4Nojg2UzWH95Z1F22y37v,bitcoin
127eRJMGmvwGD9dProNzmqnoZQMSsdFmns,bitcoin
127eSx1kpKb8U4G7gf6rtPoykbMRWogX9f,bitcoin
127eUJz8f7FRs7A1Gf576gghmTMfNaJAPz,bitcoin
127eWiSfnoUjcoJqV8YQpjEeGhZKeYn19B,bitcoin
127eZ5W1oMew7L3hUyps91dVmUPHYtNH8g,bitcoin
127eZSiGatq5vvviKbhDJY5gyLignMXcMT,bitcoin
127efFUmyyMANUkqFHvH3Lcz3ouUsRPiQ6,bitcoin
127ekZqYw7Wa52DrGUEyvdoGrjFAM92CyF,bitcoin
127emCsifHHRFCVrsAtV6rc69tiiCNDcLL,bitcoin
127epSJW8Nassi4uD8CbLnv6fFbNpyjyaT,bitcoin
127etzDfFymHj88KwC28MCKxEQhMxhcfY6,bitcoin
127exEhDL1f1fXxvFv1ZCmMh6BiPPcX5Dv,bitcoin
127f4A643Cm5VmRqvk4oiZVA5xyWFtH2zd,bitcoin
127f6MkDjHPTHzutcEg4H5GEUruGckZHBG,bitcoin
127fD1MshchqfwAhH3JoXKAftPuPsoN5Cp,bitcoin
127fDn28YcnrPPbxuf4mYUQq8BpUDkK22F,bitcoin
127fKA3BiRQTih6GVUpXNTw2Y7LgV9E8kJ,bitcoin
127fTKprzJ8o5dmKViwbtsiD2QtGvcNiJD,bitcoin
127fj5XePaS8s24zth9GeaNVK6AjDZdiYr,bitcoin
127fnTsyUNub6zaXEvjcYcD5NXixhVG8PP,bitcoin
127fow2UpdZ5uYyfJBbqR1jMhhMUwmMLKc,bitcoin
127fz2kCeMo6bDtT1sJzUCErds4PYgZMt1,bitcoin
127g6juJ8u7E1WEcaKYwgCSM9FfWVGZi3a,bitcoin
127g9DX6GjvMC5xSpS5KSkYfSEReW341xx,bitcoin
127gBMqmwKSFmPGVtNN9hRH8U9YjdGUEMB,bitcoin
127gNSsxVesKyvAAaJCoLj4ihF8tfSfQ3H,bitcoin
127gYKtRN6CZ5wLrPHE9E5QsGzUeKm8KFt,bitcoin
127gaaEjCPtgMPVs8HoWh9MKDHHtp76jT9,bitcoin
127gfkUjoFjkNtmGhZnwFEYvtgsmcMk6ND,bitcoin
127ghkKQWje2e1ioPbDHyt8mCfmDAvqyKP,bitcoin
127gzkeGDvabXN7rrcB3aQWxxovH2ksP5H,bitcoin
127h8H9ih9qydZJh3Ts8SgUNxfwyQmqmUc,bitcoin
127hE9mjgg1en66ZkQc9C4aQWCa19W4yGW,bitcoin
127hEDmpdxA5zf69q48DmpeDAjGEzX31mt,bitcoin
127hFy25euwY9jjiVgeHEcxkDbZPVDURhY,bitcoin
127hcL9GC5zW4N23SmLMMzP4cNaAbS9h7u,bitcoin
127hgYgdgJSdd26gcpWiw9paW4fv9wZ5tK,bitcoin
127iDjHuFLzXywNBv1YmeBGwRmow86H39k,bitcoin
127iH87dGcxA8RfZR6SiDqhYVXeJ96Fnzj,bitcoin
127iRVHTMgFHLAGKx6kt1knwKoBijudjzc,bitcoin
127iS1GMpQHhrxKJuLH6vSQcvezetbrvyv,bitcoin
127iVWVrjj7RVNFtyHqTuMNMBQTzwhtXNZ,bitcoin
127iaem2bmpuUgUTzEgr9Mx12c7njpwJEK,bitcoin
127iuU6TjXDtVNsfeGJQfgWCyQ7ifegrUP,bitcoin
127jjegfQ6r4rQMgnHD8jSuLy1oTqhkjC3,bitcoin
127jm2Mc6xyGBEBZJHz8xXxtg1fJNRJqNR,bitcoin
127jpW3MY3xyJhQLxQRJYSBwPWjza2kGnr,bitcoin
127jpdcFwry14wSP5tvCKpp39vyswHswXi,bitcoin
127jppsxZMDw9pJJqLYdmkeucYBM89QaV6,bitcoin
127jqQAt1thVQbwwT76r8jGc17iSQhxdyJ,bitcoin
127jzKutcAoGxZw5wMrvzyoK7WMenKKqmN,bitcoin
127k9qbRsUDKj3QNxWHbgFVe47e5v4bvPy,bitcoin
127kCWjDn75sdGCHU56dAVpwqaixaAEPHU,bitcoin
127kDQppcP5LWng6hYkBDizCwGWDmhZrxs,bitcoin
127kJyJZdZMPu4weE3PHqfr4BeM7W1TXrF,bitcoin
127kKmDBeu3rbM1EjLdUSfxDYK4n5wSjW1,bitcoin
127kMmFacdXDKr1HijJYcKvaFuGfpLuwU5,bitcoin
127kWQKgW2r8bPb7bpdt9mp2RaLs9HYTs8,bitcoin
127kh7qNXRgfoc4xEodSuR5iKYhjbJj3qh,bitcoin
127kuH2P9mMKx8ER964xN2bzWZ5C4RRXJ8,bitcoin
127m5nzvsXCxEHNU2q3VUpG61gyvruYpfn,bitcoin
127m7BwoFvpRrxNzDFnAFdHHGYhk1xQVyS,bitcoin
127mHpdStm7qnbgEucCvFSUTkYazbAYziV,bitcoin
127mJYeX9CYAbFFSi7H712Z4GqAKbPNRar,bitcoin
127maQ42qZo4QsB71PLGeabGDabpWfaaLS,bitcoin
127mc6NhxAnMb5rxRc2fZ3Tf6QVUtGodEg,bitcoin
127mjZjbeLgi47s4zw55Wd7VvDCNZakg1D,bitcoin
127mqwi7bDyYjGQcoWRREncEyNMLGg9M9x,bitcoin
127mzvhDq5bBBUjiRz6tGFGpyZLKS7QTLL,bitcoin
127n3jf7zGiHwTmXd3kj5Q5B6X7eyFMeV9,bitcoin
127n3pJPZZHh34j5xYpjP7BJNY2EvXFcez,bitcoin
127n6eEZ9NqG8vsDRGvqFhYSvfaNL9YaDt,bitcoin
127nG3qUo8F9aKzA3V4dxSgtT8Ty2dbxSk,bitcoin
127nG81kbyqxeHSouPZfKYaETiWFiw74Jj,bitcoin
127nHmC9Z663UbkzMUkd4zV9oKWHhZ95AD,bitcoin
127nXY4v32NYk4J9Mf52ujCQ8QVReQqhbs,bitcoin
127nfebb3eG3uKZ8AKzYzAEdBhNzbUAgtB,bitcoin
127ns65QnYa6DsXNFWCG8oexVMqJ11knuN,bitcoin
127nvM7nPmLUaZcDtVuK3rCzVvfmKnHRou,bitcoin
127nvc3kWczoqaVqY2VZhUX4EH7bR4PNb1,bitcoin
127nw9KJrdFxqQzcwwBcRMu4Amyx1hFiPW,bitcoin
127ny2wiLE2B8w638udLhsboUTRSGXwd9J,bitcoin
127oA2HJp5NDYyJcyYwtKaLa1oJTpa34hh,bitcoin
127oBPsPpPUWEpBjEoo5FtNkKPg1BNXdAi,bitcoin
127oQGZgBYDU2wQaFYSTonm69gxorpRjWi,bitcoin
127oagXk3QMuUxaCJEsN44WzjtyiDk56iX,bitcoin
127oinVDdADv1omBL4ccTQJaMvdBDTopGH,bitcoin
127okAAA9xnkxkP66xuqTgCSojthAetBz5,bitcoin
127orxrLxTkhovfzkZqzCPJUesMNcPM3FJ,bitcoin
127oypvQpMcebhMQYztiUEejBuavMm2QV2,bitcoin
127p4pXdezWc2gAT3MZJ6oSd8d3EwcmnMF,bitcoin
127p5DVDuSKHtww5GYLc2fPWVBHY9MmBXi,bitcoin
127pCxpJwSxTQeUhRkyknyLUd4PNdr82Rk,bitcoin
127pJRARASP6SnAE6X4ATrQwrkdzbTJFZa,bitcoin
127pMNM6YdVweWhCAWBqJniWMvVXffLvs4,bitcoin
127pWUbGT9MpXKMezT3KBKbnHawPpcDt1X,bitcoin
127pXw8fWtU39fjgfx8sRB2aZS2tr8yQdz,bitcoin
127pe7Dq32a4ux67PEjtkoiZyjjXQKbbRh,bitcoin
127peTYCXEYejPns2RbVWazxXgZ28c9zY7,bitcoin
127pgYpHyRMxERZ2pHc5iAqATuviems6LF,bitcoin
127phhNcXjBFctFkU4gpzjJaEQbAS4DD5v,bitcoin
127pkbom77DEauCKcDwX3BD5x4DxZviaYm,bitcoin
127pusLKUzqT6SFBgqDjPQJoVs8gTTRvwr,bitcoin
127pxU55VBNvWXgX1jfA9ua8oLSiG3zNog,bitcoin
127qGEBReUAxeVv91cYQyRaBSSMWc1Cn2W,bitcoin
127qXo8MmFZn7uXQJcgotsjS728Mf5aaZm,bitcoin
127qfzewM6gDBKmVooHa7N3M767T7pFmkS,bitcoin
127qjaVYMEKsjJfMDZEuUhXuapxTzqXYzJ,bitcoin
127qpY2EjEAT2aqyjJmZb7csFUMZxXfQAS,bitcoin
127qqDdNj8TPRWP6qHeKuVfpyN6KTcddRn,bitcoin
127qtRZP1YGbSJpzKxyCd14YYfvsRomC29,bitcoin
127qtW9ASJCBhAeoRGKjHEnqpQ4Ytzn9Zh,bitcoin
127qy3fa4xLoifUAsRn2dRVEUSo7nj93aZ,bitcoin
127qz1Rp9i32igsJU285hGG5cwE7kiKCuy,bitcoin
127r1NHSzMJyM7gLxGSbqB1WvEGW12T7Y4,bitcoin
127rKft5ZAhL99jZbmBcv7d5cCCbRqDKZh,bitcoin
127rTbnyR71CivsVvMSkF5DhRotzwJUawE,bitcoin
127re9ZzHzUJCoBYWVFgdcV5CDopAmr6y8,bitcoin
127rgdtuQbHveGgAGnQnWqtYiFTKdi77oD,bitcoin
127rr3ux29LSPhku6eS6dwAQ6vPnJPBhN6,bitcoin
127rwHmawLVBVSSwsJWc6yiGYJEm2BwmiL,bitcoin
127ryr5RYbrpqFeSBBmaCQjmVNbnrtmQyJ,bitcoin
127s1o5HprjrVdhu4CgLvY4P1qC3vc7DtW,bitcoin
127s3HrhG3BrgzGaXrnzi49kmwZZKzuZZt,bitcoin
127s54aNoSSzzqnN786vaPRLQGSNrthgDe,bitcoin
127sCcrV6hUyPoQ8pc9bFuiBQzCg689nfF,bitcoin
127sJemZMz8vCq5L6GxfcFsqr1gYM8TRTQ,bitcoin
127sKFRJjWHBqy5yq6NCk1eJSxogBxgARF,bitcoin
127sQA6Uv2dQRGrmki5iRpcmURfg8pGQQi,bitcoin
127sQYQASaoeiRsEafSLxyaWSZ47A2UeuX,bitcoin
127sQyaXqpiHqAGLwqU4gD9Y7Fi1uqZj3h,bitcoin
127sSY22jUQkZAZbZC7i2AL2bzrz9Cnu23,bitcoin
127skcsdx1cKetYxkVE6d9S7fvsAp7jweh,bitcoin
127tDpSMwxn5ZzygTttFns1yLR9EjSz8Z3,bitcoin
127tEspp5cZfffiAwsSBVDnhzGcgAfH3iH,bitcoin
127tL4ri7jqh3wQ2oWran91nkZ3jtV2HV7,bitcoin
127tUrLBupxzZZ9cwQJRKAMJfvemBKBUvk,bitcoin
127tV5dnMgjbQ6vgiQJQAh9ZznNNSFWKJo,bitcoin
127tcntikL9y1m7R5WMKN9p5uwQPGcQYLY,bitcoin
127thcpoFekZrP1FFpAFf8TU4Q7bzV3rnz,bitcoin
127toeJC22bNQP9Q5xXMqEp9EADEzJt2GP,bitcoin
127tqp4QrmGE2fZVhMJDC1LYTvDzmDh8i3,bitcoin
127uE5G45xEuLohBnBudazKCRmE22QLLYS,bitcoin
127uGXrenu5fhT9xufWhKMMgp4fsDFyxE9,bitcoin
127uMadxQyEN2fnsdRAo7LJPm8ddCxBJUY,bitcoin
127uk7LkAHKXUDV8EPmKv8aEjPAd8J9kB4,bitcoin
127uxLA4G4CJi8R6nhUo7JWSZ9qpU3UvQ6,bitcoin
127vMar3MENTcvK3Lho34AWWboW4v2f7Nd,bitcoin
127vWq6ULjorQsnVX9TKsBrvup91AUDarp,bitcoin
127vaoCew1f2gK63tHrCA6NGn9ZJqK7tQk,bitcoin
127vg4hXx6rkqejzVE2Per17k2hjqgx7fe,bitcoin
127voLyYHLBbDbhssJVY4YCCoEr8pTdGtH,bitcoin
127vzBidxUTGE72aVAjEoAjoudNjYwMoED,bitcoin
127w8MyDXxqGus8QPUHDVJa6mFWrA1shcV,bitcoin
127w93itkoGmDsgntDq6gv56bEQ85yuUZT,bitcoin
127wLyhV12e2UJHVxqtYfVakg36Vy8qmxY,bitcoin
127wRFy7onh9s6J7Cue9Rv42TnT6w68ex1,bitcoin
127wS86c7dCdrYS8cRkf8EeLKg471qLJGo,bitcoin
127wZbvZbaeUQabF7MdouDyRrJYC1BQWGh,bitcoin
127wkPjXy8PLapRegX1C5E7Fc2usFcqoaM,bitcoin
127wozDreuEnCViv83YgzWxArapswsLCpq,bitcoin
127wsCvidsdR1aykeHMTPD3wXdRUvhoLna,bitcoin
127x78VBUzfGBjmcMp4tysPXQ8aNFXs9TW,bitcoin
127xBcjgbJKCuN5uNyq6C51CR8P5NMS13Y,bitcoin
127xMWaee8LsNFKAehgYWPCEcmjfi5w27a,bitcoin
127xW3BmN4CCRmiKJVCKREbRcun2Pdvo44,bitcoin
127y1VK8YC183DZafJpjSs6Vpbq8FctP1v,bitcoin
127y6NGUMWVzoaYC6yaGfKCYvVbwjaeteh,bitcoin
127yHePGvFKWey8t9KX7y3QqEhB8wUyiQB,bitcoin
127yPS2xabNuPQqgNAXrM6GWkTAwcbhrfs,bitcoin
127ySSEo2A1drftS7ACZceZAjnCKKvuvrj,bitcoin
127yTXgZHNG2LHvQBY75JGAUEJwL2gJVE2,bitcoin
127yd6e51hPMNQ3VGNekCGKaDtYPQBq3v3,bitcoin
127yfkPUSuoevuazKcWJ1GXKeP2pr5rezy,bitcoin
127ymw2oodBJzr2yX8ao7D8tX13e5T528g,bitcoin
127yqd1BAc1fZ6g4DZpfY8jRnmPehW9ocm,bitcoin
127yuo7oVZbzQ49yKexktDgTuZMKXz8P1q,bitcoin
127z1FrTLJYNro4wLAykhoGu5DwmfNqbi4,bitcoin
127z1jx7FqBDrVym2NDbCZfsFDo8R6LJ1R,bitcoin
127zF4SL5oPgQnC61LLGMz9rUpYFjuHAdE,bitcoin
127zGYCgUzRTMye2hsYx2ZVVU3CCyBdcSh,bitcoin
127zMQHfoitXipmjgnmVNCZfdafECYkhAP,bitcoin
127zR5iyMCKdoxdGhNKjgLisfB7da92BMZ,bitcoin
127zfpJwdcn8i93VNzjR9FSyN166HmZdFp,bitcoin
127znQRJFofKULe3rStHxKVywb6938HvvQ,bitcoin
127zwr64AkThhdCEYJ1fCRP5pVDETNfN63,bitcoin
12811FqnLjDg88BRXDnPUdnfedVTQTahhL,bitcoin
12815vaWJsWy4kSCEZXsUsdvneMmbeNLWa,bitcoin
128182Hk6t1oHB1oB2247xmT1ZifiEmEYm,bitcoin
1281AoYGVR868JVGcYqPvvAvWzfSLCndtJ,bitcoin
1281JAMd7ENtzG3NRVmLR5TYwB4KDvEFDp,bitcoin
1281ThV1VRLgZDvLiQ2vLohotF74zrDD8N,bitcoin
1281X53Xebjrna3jgKpG17H4Ppb9cL9ve5,bitcoin
1281XZLRW2sv2aB6wPAWqf1NX2aXDvtQzj,bitcoin
1281dRzXUQHU7DjFZn22phCcMRKkDJutq3,bitcoin
1281eTe32kdtLnP8MWgphzfQXxEovW8JHe,bitcoin
1281gCfyhcjamexDChNkEwpeXf3PWqwFr2,bitcoin
12829B2gAAfjYVrastEUbMdiSFpxnqyYvt,bitcoin
1282LY8QP5VwUUi6a9KNoEQ5AfcDtF6uZF,bitcoin
1282MNdz5wRnHYDViKEuVXJkG4Sai2GkZq,bitcoin
1282MZhmS6uNuAp5abWqbcuvVaXTiAEvL4,bitcoin
1282d4nM9TYyBMTBiY47KSuk8SdyKVDf35,bitcoin
1282dKZBJy5QdzGknKnxEzxyBsX3BmevBA,bitcoin
1282i4KASZHFyrSzU4Xbz74X5coMQm4H2R,bitcoin
1282ibxwmTG55jzErzmsaHy69a93PBoG6p,bitcoin
1282iiJ1ka9VxbCE1MHvYqBFyyJX5nDH6z,bitcoin
1282rwPksAhVhh8b4tXWNVsm3NPvYHHqPY,bitcoin
12838otQSCTkJK4ZdquGi5wzmGzDz1iDjP,bitcoin
1283AXVRb4Wsog2GjGmps5QUQXgcN95wTH,bitcoin
1283TCuiamYmw25x3V9FzmjenePWyvJZWC,bitcoin
1283ixH31oHjqeCWCkrzkV8sxCXQiyDfb7,bitcoin
1283joe2GdUxbh6YcSdWfpspCwHGypP6Dy,bitcoin
1283oBxk1LXEPsfJ5mGGRV15wqMbpoq8xF,bitcoin
1283vhD65cLEYc4Fm1cHQ2TgzbVWDmU9GE,bitcoin
12843J3mpzESf1Av6NTcHRXMGUaYSLaXwA,bitcoin
1284D5Wog9buqCqQPt8tL8ki9EDWgSzXy8,bitcoin
1284LWqnikohzX4kVzBPAuBLZygkZrbB3o,bitcoin
1284VJ6xpBptCdbiCVrkCzugNZJ9F6oGdd,bitcoin
1284aX44y8oo1bqCYVR51DUT1NNzPQXMAG,bitcoin
1284grA4xZvV2gAzq4fzuR5ZVAZG1dqceN,bitcoin
1284jaHfW9U52pWzKdcvtChR3voVB9syzz,bitcoin
1284wJd4n94diSYNvL3gVQNPRqYmihA6HV,bitcoin
1284x8DcaM6mvMi945YVUwKXincaUB7iLB,bitcoin
128514hR2QSNz9ZKdYELuMwPEpogPeE5kZ,bitcoin
12851uGL8vL5Rsdw86tsmL8xZEpCvXm6ES,bitcoin
12854DSCRTpxTGXXJiZsVMZY9W9eNAtqYk,bitcoin
12859pigQnQYFZ8AaBemxqAivBvftSUtEW,bitcoin
1285G68Ls4Jnm7TLmcWhzsoGVvKDLBKkM7,bitcoin
1285MjMCsEsGZVGj7yCPe58fj2j8VgKq1e,bitcoin
1285Wx2WgSZf2yShoYNXkTjuRJQxP42mPq,bitcoin
1285aCTs9kFwonP7LhtVUKk7KaFijqfdwh,bitcoin
1285kBdskhYJrmT1H67f9PDLBRHnj4FimH,bitcoin
1285zV4tb5zRrqrYomAaA3p1mjNFbj2Ghz,bitcoin
128637xjEwCowis9H1Td4PnJbj9ADAQEFN,bitcoin
12866RgmFGLHGfCHxhcBFwJ5x2PqZtQ4w1,bitcoin
1286Kjz4p4ijJwWCWqjsjXPFoeH8EjR1p1,bitcoin
1286dxEGUnVXmcWYyXZnF7PcpotepsySrg,bitcoin
1286g2TyLjVbTupjjhuG7zL2DpA7qKpPEm,bitcoin
1287GfKGEgWieZqJcC2uZKSMEAgZopcixv,bitcoin
1287KjPnxqcTndKFurVDiYvFcu8gbxJ5kE,bitcoin
1287QTmCjcbeiL6274rCPHQzJNX9Q7F6BV,bitcoin
1287VPQBv1umrbNVFieG14B4DgJxFjtKT9,bitcoin
1287YZgH8Qn2umFyT3mGrF3ux4nEiKUeLg,bitcoin
1287bJGwQiS6gEaAKoNi5EpZfmGZKu5cy5,bitcoin
1287mag5mjYzH3ofEcxZLDmszuYNGbdRR5,bitcoin
1287mdTq7ehGts1b9NJhLHVKn6ubNHCR7R,bitcoin
1287nSBCEUCAhx5qUGMTjM7RppGZdNWpqQ,bitcoin
1287uZUwx8Y9xbppkdjs9T91T4wDhnU6tW,bitcoin
1287vv3FQhJShwDWZC9fN1kSMkGALJ4SXH,bitcoin
12881JJ7seEXc8CW8BJr24FYxW5XRySfr4,bitcoin
12885kJopZqE264Bsyt4xzZp9oyNQ4MrnX,bitcoin
12885tUNMMKH48yxefiEbFwo3aiqjbZUPS,bitcoin
1288GWL9v3L5oB28ZK2QRWoiPUDrCbkBe6,bitcoin
1288K397SXRZFBsusKcDu5wSn4XQTRFbxG,bitcoin
1288n3ptR7Z8FZh9R28Ni4V5eKQFjfoLTx,bitcoin
1288o316FM3EQ1SjVBZjqPhSMgA2mLnKsk,bitcoin
1288t29JHgpCMugJ1sXt5QUQxqXBu8wQKf,bitcoin
128929XX3NJwSjmYwgr9sgK6np5qzEhnq8,bitcoin
1289LB7ccmurCKDcmt22By3JXmwb8sAdUZ,bitcoin
1289SBtyBqGYDCY9x9dxJevkoEu3xQPDCo,bitcoin
1289WbiN1VLWFE4tPuHvPty1UE8UQFQZPb,bitcoin
1289ZooRuwj4NSeDaK22BfSpSjJAQhkTNJ,bitcoin
1289dDT6V5ZLjXDfboM1WxFkTY1RSzEHKo,bitcoin
1289dLmuZd8RiA1grE34gzCUKyR2r7CSXa,bitcoin
1289iSz59SeLFoBceeb2gcj1e5KFLiGJEK,bitcoin
1289mHiU3fB3qxQmxpUWktXD3nFm54ssvx,bitcoin
1289qt177h2S6X4DM7H6aE5MvfyHVFLuZo,bitcoin
1289sQXywXrgsJAdpqFQAbtv8554hJpf5F,bitcoin
1289x8C7NLsRi6g8GFxAJ4fvtAybwW4XZ7,bitcoin
128A3BWbK5rdJjT3V8ZSWbKb8kjegXvxyb,bitcoin
128APAY5hWGZ69azWSvw5A5AyQjgeuqueB,bitcoin
128ATS6sFmgg3cDXRndcNod3Hg9KUF7TvA,bitcoin
128AUwtKD2Koqv3LHpNWb9f3NJ6nVh2eGr,bitcoin
128B2zFjZW4cVzohzwLWmhaR9bPr8EGY3Y,bitcoin
128B4SSUqSp3qwoUipxKJDKL79YcFt2VGS,bitcoin
128BBp8WCf82sCqdxSFwU8yuNfGHjfeDpV,bitcoin
128BGL4V9hnmzAyNZNHwTDPwqLDoNvnDAy,bitcoin
128BHFpWKjBtwynShJE8jgNac4xt8yu1Yg,bitcoin
128BjnvfxVGURAMe9Fr8qbaZaB7PwXJXc4,bitcoin
128BstbV16ULF1TEh9epc1XW858n3FbPzh,bitcoin
128Bz8gMASkDGc2VtYZHAGi3eT4UD74Eoa,bitcoin
128CQGDE5eP9SRLms7Vwr3xFZBnKCm6c5v,bitcoin
128CaRxnTysz5e4ZHY1vBeZRAtTNAbGbfU,bitcoin
128CcNBFEP8uAcxuy7bQy5yPM6qzNYCa5F,bitcoin
128CeLq7ScxYBWsZ7mgLvgBDofTR7WNAuA,bitcoin
128DGpmASrZbA76y1yMMCBa9w4e8gENVi5,bitcoin
128DNaKwzAdfsTMPhbLZyV13fex7icAqJY,bitcoin
128DX9LG5LaKKmP52nhn4LKcP1RMKVymj4,bitcoin
128DYiUMD6F5gLeq2PvXb8VaXDPdAkkX4t,bitcoin
128Dgz9rYepa44Wxo76P8ZHD13WgbXEhxf,bitcoin
128Dhb5qUGvfoYRdCjHnuDU7XDexea3fGY,bitcoin
128DuLcsWdAFpvHRYU5q4LpaFeVjh8n1dN,bitcoin
128Dyh7jGmLeF8L6Ap5mRHf9cLroegjNrP,bitcoin
128DzP73Jvx8vP7Re5SDiaNyVsrwm1kpv4,bitcoin
128E8U3QQxEeVkS2ve6utmK1UmuBC3Qs1K,bitcoin
128EJJ815qATuasCwRS8xpXz9Rec84gNSR,bitcoin
128EST6TBYvujDeS6JTYtJwLzoiYAEM5aj,bitcoin
128EgNRVEdFTbDCbVm7REundqYB1T1tJrt,bitcoin
128EhqmhFrkhqrh6vJBoWkBKknnwapK5Fy,bitcoin
128EmwJGxqyTvNVP2YqGRSyrws8xducmBy,bitcoin
128Eo7aCbHnFeWDJ8pVKvei1BhZVTW4Q9Z,bitcoin
128Etp6oKntbbgp7PWyYssxmHpGq3YHVvq,bitcoin
128EvJhco8AXRG1jkEwX4ytapctRThi6vg,bitcoin
128EvRpkSuf1o668fzSr5YNbEaFrGi11sX,bitcoin
128EvYXJmo2QDqTZggeqqALZ7xybQnYD9M,bitcoin
128FESRPF2rSvWUP9oyQvSgGJS4LFAM6KP,bitcoin
128FFNyWF6Hi9AtN3AGxJ7Cfh3Mv6y63Ct,bitcoin
128FfyLQyDJTqTEzbahhJ3vRrZ5ADcbzUY,bitcoin
128Fg4BYWBWKpTCZpPJy839ZtHUHn9zEBn,bitcoin
128FgCMY818HxWBmgk61NgXxQiC58RQvrJ,bitcoin
128Fjmjr9nSDhUrQrinmG1pwP1nykuWXE7,bitcoin
128FsrS1JvhaoPuqXP6WdkqUgX3K1NWtiJ,bitcoin
128Fz2Wy78ZRpSWvfpaqAua5ZYLqEQphKv,bitcoin
128Fz75VSG9jx9Ms9VeGRQggtiEos792pU,bitcoin
128G1RJDQc3nVdi9yWnhGTLVNxs1QAA9pZ,bitcoin
128G8HyfqPgCpsEKXUML1J6S992dk9y2yg,bitcoin
128GKkuSYRhXR2H3EEbab2uF14gZoMk1jL,bitcoin
128Gei7V5mQwmDkCE4oB1Kkrtqj2Ff8Fsc,bitcoin
128Gf3KvjQxMkpHgdXCFmeZz2SKskb1hya,bitcoin
128Ghaqx3gyuo6jacuYHTZazqf5rLgFae9,bitcoin
128GofXjqQeiH4JbrmCJA87bJsTHdGKK3Z,bitcoin
128GycueKYT7FbdwJcQ6iqcaTu65UJv1FH,bitcoin
128H36FzwJ2ogu6eZV5B6jLJD8jLkqzY98,bitcoin
128H7diM3kG5iqTarB45hcwg4MQw3fiVBb,bitcoin
128HAuJ44cJeWz1MDaGq2zDDSpTZpSmoRN,bitcoin
128HLvRJ9Ur2h7ej6zhHDs4ZYCSE7Sqe8h,bitcoin
128HhPS669mRVK8wws5UbXPkFhgHcJyKWQ,bitcoin
128HqRxXDAWEbdMFap3yaiLQrJ61v9krE5,bitcoin
128HrCTzwWjHsisNzEZNHApg89pLSt4vXE,bitcoin
128HvPcuAhUjK9JdRKXQ2xZ8nqftB8ooDW,bitcoin
128J9wJwhJQGEB8fgGfir41tMiNz7CvzLM,bitcoin
128JDZ1NvyrZ28mM4n7VWLwbyH6f5Mr1Zu,bitcoin
128JGAohon2rcS7SFGtWqtXMAU4e9ncju1,bitcoin
128JNeFjJucnnBM5BVHy1PsufTAVJb7bsk,bitcoin
128JT9f1WqoSZbJ81ap9gnMu65nEFu2DD2,bitcoin
128Jhdz3bS3nntSQr4nxL1bA2gXWw8FT8j,bitcoin
128JsA58Uu79SSTF8jM8j7mnu4znM8r1fC,bitcoin
128K8T6qpDB8gnuakRHJyJkKMGC8jn8ZQc,bitcoin
128K9PJmghxyAr7Qy8W2vXb4Vc6ksDmPm2,bitcoin
128KGXkdt8hiiPrTFmbrrckunmuMW2HVEn,bitcoin
128KLQd4mxbnAEqyZUyMaZn1dM4NHEG8AZ,bitcoin
128KNbenWcdVtf6qbVBpMY3vVdibYDykYM,bitcoin
128KUYuAKKcoijS13zY8iRH3Cp9aoqiEBZ,bitcoin
128KasyECZGUK8tmKUDtwGQmogxXsAmRqd,bitcoin
128Kf7ps4gEKnSXohCg6v7Q7FqX7h1REkN,bitcoin
128Kjo7V8ikJtgFGxcKSzPfeBFyKMEyCba,bitcoin
128KyDE6QdyYwkzXidegyZqWFGCmoGmKB4,bitcoin
128KzvYGydGPwU5W4YLYhr3fUj9udq8kSg,bitcoin
128L4MP5whr2pVEc2UahrwDPEmEVkA7XEx,bitcoin
128L5htn3RtbN1UCDhJfZcbEVV9N51KPbd,bitcoin
128L7ccpE8QqeFPaHdeKKF9JD9Qbr224XZ,bitcoin
128LA16jGcYUP8H36FjWq1H4YBNVgCH8s3,bitcoin
128LAMFnsesmsBpV9xZby8RiFn3zJUVNCS,bitcoin
128LLwVdPrawt5DmRWwT8NbvzAoYafioz5,bitcoin
128LMjhEPXzL54QRVZU9sE15Gq6Sa8txUs,bitcoin
128LRpTQiZFJHiViiexre3YbiLGHyhVHnN,bitcoin
128Lb9WFVERXEXJvPqypKwu14GYKUXzTtN,bitcoin
128LgHnYiuwdQ6gMH6Yk5TSNPGW9WTudcj,bitcoin
128M9Xhr7bYyyy2hkgdYc3jdhRfVeshWGZ,bitcoin
128MKfWjQ9j9GkG6pmus8hqgvgf3j1vjCs,bitcoin
128MKxx2Bh3MjQ7DBoRzejT4f6E2rfkTNN,bitcoin
128ML75GDMSk6de3nYyib5GDZuTTJjFjZD,bitcoin
128MLtNgpkSUuL3cw16VAcuTAs2nigoqSQ,bitcoin
128MMiKpzR2ECY3X99LkYrLWuBYK77x8VD,bitcoin
128MbU3Ns6m7t7WhFStCnY9BBKeETwLzzc,bitcoin
128Md421giCWRJgENLLVK1NPpwhWjYAhyH,bitcoin
128Md55NrvCp4cis89zptUZN6f5UocxzUD,bitcoin
128MgNyHXfCHyHB6PCwRmRwXUHf1mavtTE,bitcoin
128Monm8jU1WCDuPmpLRyep6NUFqB8TXqE,bitcoin
128Nb8CmhCi4P2oxQU5Du6hx9D7rjqhgBh,bitcoin
128Nc5TyptmtdDaXjYBTJGuSghJAQVpKmu,bitcoin
128NhkKfoYZgFvnQQtoha9S4v7o4xR9kKe,bitcoin
128Nk8ieRCTyCa2VbxSAMo97UQgUMggVZE,bitcoin
128NqrvHpk7iPmviwhHc7rfRUw5sHe8o1Y,bitcoin
128NuXCup9nZxfpbpQLnXVJiVrmgjQC6jN,bitcoin
128NzeVeUhUGHMuPxgyxiUem5qbiw6KQt5,bitcoin
128P41JqaeC9mJgH54Z4RKU7tfK33mpimp,bitcoin
128P7TaYavBM4GBHLuAsomWi1nXsyipdY6,bitcoin
128PEpjyBXZo6KJT9weDRA8ZUqXYUSYKAj,bitcoin
128PFBK4qmz3moEtk5JwKCgbVyVua15iEk,bitcoin
128PGn8TU2V44c64bskfjmKnqK3b4rxqVH,bitcoin
128PHsRT296Goz3vPDHQ6G2V8zvsaKs7Y1,bitcoin
128PJj1Jb5kmq7tdNPauwo9mm91Fx4Gwwv,bitcoin
128PLTpGEYwe2nhp1thMma2YLFDyV9wVD7,bitcoin
128PMHWrXbfDPB2grtLYGE6bEjygAqL9ZK,bitcoin
128PQEbFGYwHGJtAANDjiEodsHD8KwXyhx,bitcoin
128PTGfZ5Q6UHms57Mm17qjPCxqF5RLc5i,bitcoin
128PgTAvnsqkNUJxrSTZEqi8Ny4BSKrjao,bitcoin
128PoVHu4LLoeSD2PM7yLMM3EAdXAiqrPm,bitcoin
128PvNJ1xSJvWVzYd7wx8cAo4tcdudeK5N,bitcoin
128PzV2rCK56raBmLG4LYNBdt4qKjBSFhL,bitcoin
128Q1x7KpysXorskk7RmhF9DkVnKDUG2s9,bitcoin
128Q69nxZqDN4NoWngSWQ69NG9oxYcWC6N,bitcoin
128QB24VzztqQvK4APF6ySoTrUVve9fdQB,bitcoin
128QCqvLSbVoJDwRRkpbpivji8vMfW8x5E,bitcoin
128QELzrBsBAviqZHzjaZiNJgnmXkXvcAq,bitcoin
128QGwZK7CvY8ykZDpC4Z853GK3qs66myS,bitcoin
128QLa4HoaB1icnxMRGaBUG2TzNiq6akjL,bitcoin
128QV3fmSTVZcm2cNqBuzcPDhEmdBq9GfH,bitcoin
128QqSNUxAyL7w7t59gVnMy2Q7fZXGKAu8,bitcoin
128Qt9dmR5HYepNitg6mK66aFaNfQBk3mR,bitcoin
128QyWu1J6zX8ej21KXcgBtRhookPosC2w,bitcoin
128RLiuqcnCYnzJT8dKreGZdSj7YEsQjPm,bitcoin
128RT6gvjMuCDnFaufgkm8vT4Bm1dhEgL7,bitcoin
128RWCSjXRowA8iS8Tn3GG3UaDymefD3c9,bitcoin
128RWf1BZxR4WvM8mSS22sx4zSTWVBryiJ,bitcoin
128Rqh6CYh6LxhgVcjpvJVPKhD8iwg88Xj,bitcoin
128RtszhzRNBpnMGqFatG63xVYmcgTBt7x,bitcoin
128S2UU8kunaiP3YndvGCK6VPB8xp5RkV5,bitcoin
128SD4pJqiFhZtnQMQJxfDnnbrtWqrqAT9,bitcoin
128SJE25h8JfmobThbnUtBgH2DsBPWeaD4,bitcoin
128SJoXstEJr3Xct56jdzTqE1HHvRk36Pm,bitcoin
128SMPZMVaLqdXyBJmKLPERGz61zYNYDQB,bitcoin
128SQ6521oaY61YGHf6vwtokkWKuDLuoby,bitcoin
128SRnLCSKEUhejw7Riqifz3uGqFEYf23Q,bitcoin
128SWZSYDe7auj9Z5jk8tb6UvMX5WQZDEV,bitcoin
128SYSYPEwgY6kGWfy588M4WAu3pfMansW,bitcoin
128ShL3jE6PrypzmgAiHj6JsC2vh71FnvK,bitcoin
128SmA5W8f5cAc4Afahj4ucPK4Tr3MyFme,bitcoin
128Sroet7yELHcBKQaS6L9TWSwAGUcQSzM,bitcoin
128SsfjUjPzcYCJTmVkfU28Utq2mQsJZUQ,bitcoin
128T55wW2BcFdea8ZE2bJv7v6XHGbecatK,bitcoin
128TDxGjziQaa8sJi8cj5TwRR6arMuYZzs,bitcoin
128THYnasz1hBXxCpXhV7vn3acWh1MbbFs,bitcoin
128TJheWReVnunzNAEPSbz19WCJhsYippj,bitcoin
128TWnFLc3Kngfp6rdTSv6Li41cS9k5jXg,bitcoin
128TgYLiTYYU9eBaG5FSgUtfVKhKMXxkY4,bitcoin
128Tk7fviWfQCf8HVR58raWAnVEBTSYsCo,bitcoin
128TrthrNpkqatktHkCJD9ZGfqAUq9ucpk,bitcoin
128UCMbD7LN4SfcVgujfLXZa4xaV2ZsW6Y,bitcoin
128UTRzaLqCrSEsQxgFtcEA4QKeNbFPVsT,bitcoin
128Uimamejexy919ZxHZkPjT7SVBguqwts,bitcoin
128UosQCK3C9RvauhzfHSFi9gcdY9CuH3V,bitcoin
128UqX5k5pKrUHxrBuYBMgyte3aywWue7d,bitcoin
128UrCyiunAqBveNRjpjv9Dgta3RGkkEB6,bitcoin
128Us6Esm6m4fQ1iTC3uunvwLaZTpnQUio,bitcoin
128Utn3EczG3VWVfWvqAfZFw4YCTVAsnAK,bitcoin
128Uuc35QjYYBtnGCmk9CFWG42vWVD4y9S,bitcoin
128V22A73ZXUpV6ocvpQ3Ujm2rEYwnTniy,bitcoin
128V3tLzHxJdcn9QKANCCufrytdje3Zxgy,bitcoin
128V7DEkQqRhk5aErZwQssL1XVJEux8FrP,bitcoin
128VBQrSraKTJU9GEmoYduFhwu7j48K7ua,bitcoin
128VF4ZtZQw5DrtkuKJZSfLP3LFDoR8hq3,bitcoin
128VHQMTjiHfEPthTZXNZxS3XL3aWqyfPM,bitcoin
128VM6xwS2ebDmKp8zokPgHAu2xM1EMWKQ,bitcoin
128VNHgAiTC6jnrN2qrCqFfNouXQqZc6TA,bitcoin
128VTaNUKnjbx33DP8s5iKKFuUCK4V6grc,bitcoin
128VZEbMvyNY1A9jcpVALk9ugooDoDdCwM,bitcoin
128ViHwKXN5Pqct3WC9J7QUyhcsMSzwu9y,bitcoin
128VqEE17SqpfaqSmx73QMVkjvQ2stkArV,bitcoin
128W6kNS6Cmwj5E5tiUahdf1eX6A6vbua5,bitcoin
128W82VsYFm4ssABT8RNdwaK2fLSHTxjhn,bitcoin
128WD6ktaedihjuHRP487UDFzCfQdh55za,bitcoin
128WD9EKXhjeHaZTiiCWjXTmCqvQqTBYQg,bitcoin
128WGbbia4xdhHBGBVEqzy5UiEHLLYYSgG,bitcoin
128WPSfrX4Z2pBbqewjQQ8X4tV8YuHUvpt,bitcoin
128WSSmaczUhFe8792XqqFGzre7aaTLAiN,bitcoin
128WhnaP3vhgsvraWE1ueYMypziQSDMwf3,bitcoin
128WkRXicCaXA9dqiamSyZTgPiG7pq63gv,bitcoin
128Wo4hwY3ixaFxraNfzFjdT2PRPENy9BP,bitcoin
128WqV21Wx3E2Tn6K7rJhhwz6HnksFc4jb,bitcoin
128Wt2xPCqRaB1r5R4c8HeUiwXcYicibH4,bitcoin
128WtgcRYWB6KqqZE6ers1RVs9gsqkBdQR,bitcoin
128X6fnwnq4hFB8nuxvPyh5QPBhXhiHmMw,bitcoin
128XHu9Ppf95dbfVhSd2AehwrAq3B7S3vj,bitcoin
128XUeQrZW4zebKcYFtfj1bZa3cgwovs6q,bitcoin
128XViSSwWdQ8FvkCHdbRm76jUPBv9UtJU,bitcoin
128XYzobSLGuHgsKV4X47ETvh2D59AfutL,bitcoin
128XeakHSmnuF55KrjgHGTAEm3inn2GaTY,bitcoin
128Xj8sVzzEkhVnxaivqRjAGJbLihKHsv2,bitcoin
128XsgtUhJERFHcxssTs5ZctdiYdLRH4xt,bitcoin
128Xua1nZ53uTNL9jX1yMSkNRNkUBVs1Bv,bitcoin
128XyKsnerrB8ZZH8zHTyDx9T1rs6m7DpG,bitcoin
128XyLVomYoA74bwZv22U7RYZxyd4zkoLa,bitcoin
128Y2ifhcJronZBNxfGS8tGvL9G2HSFaZx,bitcoin
128Y9P6EfzKmpMM9jrHSwWUnQj5SmYRouQ,bitcoin
128YFwgfHKjxnJz26qDekKZHPyZoLPUSKB,bitcoin
128YL4N4UjF5kvAyoHVyu9Rt9pxCRBe8HZ,bitcoin
128YYM314mkEr5nWtpmhbii5bJhdhDcLWe,bitcoin
128YYokcU5NEPyhYSupUgrY98vFopcj5YB,bitcoin
128Ya4MM5chjuSBPhGB2ePfqqJJ6GZAZ9J,bitcoin
128Yad9B5MhPcpL7QDZtiXkFjExf2WfTf5,bitcoin
128YoXrxrSosX8Thr6WfpDhRB4b9vf5hy1,bitcoin
128YqcAtVqeZRJ3thf231DZR6Zdixb7ib3,bitcoin
128Z3myhbHFDnm66NWb9AKXLLGjTcoGRwa,bitcoin
128Z5ZELJKpaxRBkwiD4BTmhxa1Sswumsn,bitcoin
128ZQkYNW1vDXSm4wMboEQwzUPgSAXtDWB,bitcoin
128ZRfWQaXjSseLU59y49LRVXXtdwDVyeC,bitcoin
128Zgj5AZ86sWyP4MVWiuJPnjCJLLpRDsY,bitcoin
128ZqLyZDivm5hmUXSBTMfDJHSbqDjJFR4,bitcoin
128ZzaVYrJVVSutNW5wxEQsjTx87CAV4RA,bitcoin
128a13SaMqGwiJPM9bYjzBuiToLu2HWduG,bitcoin
128a1YqvQTzEViua4yk7oN1Xh46TTcUss4,bitcoin
128a2zwjsHLPywUSivna9NPA2iuYHh9VBt,bitcoin
128a5nP4rFpFqh5CgFNMUEHpEVU8Q3hHyR,bitcoin
128a7gpkFj7TUGvXmYZzX8uwGRHh9R6Y71,bitcoin
128aAVFRek5vRJZoACtt7z1EdE4fN5Grsp,bitcoin
128aHL1exHR8Rqe5zBxLr1py6GTsUYStrz,bitcoin
128ajyycSjKjSa8n3uKLUNmfZedesFRK8Z,bitcoin
128am7yJxuDLWhAX9PiJwnVcbna75JUvi8,bitcoin
128auY8djGEXDtZSAdMefic5BKsvGBCTJn,bitcoin
128awEjYbGh7FAZGXNruZgLShVaNCgbCsR,bitcoin
128azXcmKCFGJeuDnwUkizNL8JSSAZJXhW,bitcoin
128azY9hhrL3TrePEPsUX126hU1urbmp4b,bitcoin
128b1NzUXNQAA4Bx8vNDmUFfEPxWBbsFui,bitcoin
128b4CUQ1XbgeTKEawV2WKCZ8okacinpKJ,bitcoin
128bKhdUaoPk7JYJVoBZofwVuBoA43i2vi,bitcoin
128bLFNWXJJbnwqfhzDPoQX16GHzbVL5GW,bitcoin
128bQtKDVqcHuLFuYK3mZ8c1KqBgQ9daT4,bitcoin
128bR2Ys49614GuTugsF9vnZY6ePHVaCnL,bitcoin
128bjaAcrLCwp8F3CtNhj7DUxEWvoe6sDF,bitcoin
128c9mV5ZWhmUYvDj3U6zY84o7jbigPrkA,bitcoin
128cDAMamhGw5nM4QidgaWr117oHQ7Uoab,bitcoin
128cK215qDDzVVYZc3Lw2zhZXhpiThqyyR,bitcoin
128cKSvqHdB7UN4ev7jJtKA2BTQspHBLpZ,bitcoin
128cLiyEURj3WT7QBQjdeL3jZRamLZoB32,bitcoin
128cb5G8v6th7DASoEBYcNgi3GqaMi6V2F,bitcoin
128cmoYAAEj55xGtkWhtYaQgbhjV9mccbQ,bitcoin
128dHyThHg3woyWud38KELn8Sw7FtQFUrB,bitcoin
128dKmwBKPrDvijxhMr3guhbjQL4bT6f2d,bitcoin
128dPJWndHiNZ5M23BbNo5B2kMQbKagWcf,bitcoin
128dQvmTMRnLpqsv9np2h1fbvFKVZZjLJ8,bitcoin
128dXuq9M7yWBC4kbPSy5gENQ1k6sdoHg3,bitcoin
128dgEg5pXh282aaUc65sR1JytXGUGMd8Q,bitcoin
128dj33WoKz9CAq3U8wUJ4pigjhg8qpdWJ,bitcoin
128dp9SAWyxCaPWK5d25KqqZn3G19AYEwL,bitcoin
128dsPwyZaEuYgje9D6Jdam5VqBVbuJGcQ,bitcoin
128eKngSdFuNjCvf1t7GFS2zRUJTbQxoYG,bitcoin
128eUS2FNQSsyuE7uR2funTs2Vf6rV6C2w,bitcoin
128eY8CHQSJfKK9pqXTKgutEn31SMvuZcp,bitcoin
128ea7GkmarRuLWmR7KRB7gac5v6aBVjUA,bitcoin
128ettW34ab2KgGvP58z2ngQ2hPhvTGTfv,bitcoin
128evDDSzsWgTjbPZUMiX86vXUWg5xRDtJ,bitcoin
128ewK6d49R4s5kx6SCMiyUPuDbNE4fXXN,bitcoin
128eyDnXkhf2PAGhjUGndnXPjVHiQAHYwf,bitcoin
128ezwhWvxASuQXWAz3Knq3UJxXC4rL4zi,bitcoin
128f3GmWi7r3nBfbrqCnhvkFeoG2k89VG2,bitcoin
128f54WcXGYuQ7c7ksm8csKzoFF7fwK643,bitcoin
128f6ss8qhZsxtKPBtLNiL8R8rDSSiRnAo,bitcoin
128fKtcczgmW1SUFgeAUJgEcgDfQBGNtTu,bitcoin
128fMnBvxYuU1hMQeRfapYdcp5GWdL4j8L,bitcoin
128ffygKjQbvU7t4ZP72dfLwVHEDS9gzGq,bitcoin
128g5W1ik36HRfMTEXcs4MeRjbZ5CGxs4c,bitcoin
128g5nB3t9BmWHzTcCSsM3Nn5oVTBXhx2V,bitcoin
128g8pEgMrwzXrNW7jj4evDH8hJG5Y1sas,bitcoin
128gB5ELDk7TWMitUmUHARrpaoucUkKQpC,bitcoin
128gBn7xw6sTTpPqrgk2SU4okk9jYCX9RN,bitcoin
128gKALmsZ3g9fM9b8HjqvdKKJjgY8supw,bitcoin
128gRbtGQDEYAtdABJEJZrZyVMgaF6BerP,bitcoin
128gTNBZCPn6FaGc4HK73JzSzkVGHb46i9,bitcoin
128gWVyrrUDZQxaT2cdhRxRsurVpWadg4U,bitcoin
128gZXcDkVmWTjaSHVeR1D3gbDYgPZNgMz,bitcoin
128gbqJgnQGpovmm6DjoSxRogPiWQikW61,bitcoin
128gdKjta4iZ5qEs5rPYh8CaDpRDRPbsfU,bitcoin
128gj9zGWVCo5LXB8PLipF1weFfoNA1Qhw,bitcoin
128hKQpn4Bmk1pqvs6qD5bUbCtSU9Ja1mn,bitcoin
128hMy53379PBG8XZ2pLHARBNGPm8ZXv75,bitcoin
128hWEnj3an4Y6pHqFB4g7CWjBiiARUBVp,bitcoin
128hYf6TuwC3FcaSMR9YHWZqyMZBPS1RTr,bitcoin
128hqHJKjXUGaE8fYtoh5tGLEzhR68nLZp,bitcoin
128hyM5izYZHihXgdpx7arhyxyY7KTcnkv,bitcoin
128i1Rm2CRKDa5AhTU3ovKPHjznaAQTgDk,bitcoin
128i5Ey9jknXSWJqYBp6Q4X2GDWG9dwXqH,bitcoin
128iGRUt2xEP5r24kFfT1Z6zC4rxWnmRca,bitcoin
128iMXXTyR7wjrcLsc9rvP3WDyf51sDWZE,bitcoin
128iSwH6fxFcyZhq2bJyH8j8JcN6YsBkzR,bitcoin
128ir8ZC53mMKeE33hqGGhyRTVcJd1rstb,bitcoin
128iu4VYoY1REBg3WhNFb4DhK4PCJsB3Gi,bitcoin
128iuiNLjGomrsx8zqgS2qkLq1pF5qKdci,bitcoin
128ivFahdZ5UdQS4wuqFFMbuhq9R1vrLtS,bitcoin
128izC4z4FMPXphsSKTMuRyJjR4wQ8kWWJ,bitcoin
128jJNWCAZXWLXFwH8zaxuZgyCC5jFhCz8,bitcoin
128jLB2W5NCoCuHWMVCwP6hYBijpyLpwo9,bitcoin
128jUbjgDuwcYHp8xR77gpDgpdCDHj7mFJ,bitcoin
128jaiP49vEQurJMJ4rUUPmGPwWwkMcYHn,bitcoin
128jgwYCqJPx8wFjENMx814CY2JdD5qxqG,bitcoin
128jgwi38QEdhyCWxp9ofZv1K9JNo3USpj,bitcoin
128jtYLDUGusyEZfKwdSsNVT8d5Pg8gWo1,bitcoin
128jvkdoFHqB3es4dU3idKyZ5KNGoek4Yn,bitcoin
128jwoHwkuUDqAFvpS4jsZfkkgPVZMf9wf,bitcoin
128kEexzVmoKfmJqiTU34bkRFiBkzMEraM,bitcoin
128kGpUtDUfG7N5F63nhEV2hAQx81MgVon,bitcoin
128kKikWo1c6sv2MnCNK7o69kQwYsLGDti,bitcoin
128kRGvCj83AtZfbeksxp9VX9WkYFA6gpS,bitcoin
128kYgcFxQWtLWHJiWc5zCGwMMJjmhKLsh,bitcoin
128kaQLnEd8oo1mGYDes9ZoDeJKCP3z4J4,bitcoin
128kfeXb8CbR7na6YyTRgAKFre2ZwVC8AQ,bitcoin
128ksPsra4CrfG8RVQW87f2gXN4CXHScN2,bitcoin
128kv4hB32wP3vt88of1h3L9RUzemnh3bP,bitcoin
128kyy73VnQKKuiU6bg5BjQ7vmfvHu621A,bitcoin
128mAkjL2DRpKnf3FJx7hWdvy7925F5RaV,bitcoin
128mE6XRsiymZxbLLM98b3eLywSJ3hgWkY,bitcoin
128mJAP9ZakjVMnHQ4iLputzMzhSA9eDR8,bitcoin
128mKCAu1wNxtABPqE5RrVtdHTNrUE7R3S,bitcoin
128mKfvcBRyzYuZeBNgVDDVyauDa5isP8s,bitcoin
128mPFQxyDvyetYdnT93BJw5zitz5R58Bs,bitcoin
128mRyv9A6FihKF5haUCsmqCjzFerzzmYE,bitcoin
128mS5p7anYNZ59XVfYMVyRm17C1dJyA56,bitcoin
128mX6adAMSvnmHLmZ7rwDhowvTFneHFfE,bitcoin
128mYaufFUa7G9qEGRop9xevce2P2RQHDp,bitcoin
128mceBRJ58CNg4p3TmVEtde857y5SboMA,bitcoin
128mgjpKKdrYVonaBggY6Qjc7JmjqD6Lsf,bitcoin
128mhA8toYHY6W5jpjhpy5Jj5DSmhcubE9,bitcoin
128mjuKQLu1zhyy6CK77JKBxsoovWTMXza,bitcoin
128mytvZVkXcBZxXe214rBCnpK4XVJb45p,bitcoin
128n2JnaHgDMoLg2otokNzJGySYbHYt4eL,bitcoin
128nCMXVMxCNhJyLGHsZzj5h7YqyRNFJkc,bitcoin
128nHdvPJx5qWPBPnaVnJxDcbdkc1BDgSY,bitcoin
128nLfxqu9YYUkkNZ4bbqrB4hVFhKqjiZ8,bitcoin
128nNwR5dkHm2KqiQTj5eV8qkMvJfmf6s7,bitcoin
128nVJ22uhka27PrRYpQHZGGdH4QNoMZbS,bitcoin
128nYRmxjaCu6EeEnL894scxTwa38wCgsx,bitcoin
128na35JT54ajFxY5LvDe7DMzNTucPuhCT,bitcoin
128nfqJTdWBQCuKfKmudqhcVDVAVKqgApv,bitcoin
128nhZBdbN2Bu6Us6ZrdeRLf2EcRq3oWtd,bitcoin
128nmYKZMWpw5mEcnjQhQHDJ3ugSd5RizB,bitcoin
128nsSHzCub6DWo7R86kx4aQuBj7TKuKmY,bitcoin
128nwyrq5aR6khBVmdfPXssNmb88yaJboS,bitcoin
128nxs9B8BGmH7KDL9m6FcnhYchazZatdM,bitcoin
128oRnMioRDVRUKce1j1yHiug5taoh29aB,bitcoin
128oUdBzqseH9gaYjZEoBzQ3wYVAbowCMt,bitcoin
128oiiF4fpV83eYDmcqNzgHvt9XCVwPVdf,bitcoin
128otE8yHWYcpvdr7UJuVYit7LHWyNU8ah,bitcoin
128ou54MbGpMMqxNa2v9FkgnMeQZhR54ZT,bitcoin
128owXTu63wviEghKheJK5uFGw7ppvSQG6,bitcoin
128oyeGYSLBE8XqDiDudK9xcScsPVXPBYN,bitcoin
128p1gtykxz85XrcNzs1kgKacbjjDqC8xa,bitcoin
128p5x1npu48SDkdhT4n1kKUJx2kzoojpR,bitcoin
128pFmjDteeLD9Gc9t5jRir6NvoJMs9SDg,bitcoin
128pNvs7gW68m9vYH1QvoHb73f7pkeLkSS,bitcoin
128pTv42TNWiZKvPE8wAoVb2i6zcvQLA4U,bitcoin
128pmwSfeBcDAD3rYqWFTdBb6X9vj5g5Z2,bitcoin
128pxaL7C7pLYChaJmMykqcMPg3Wuy1duv,bitcoin
128q6bmPZPkX5rXdUbvQoB73d1Cu4YsrJr,bitcoin
128q8Lh6MDsQCVHNtuYNCkpA1HcQJg7AjH,bitcoin
128qDiCJc8JgdASSF5XFbCW1j8cT6ZdgTz,bitcoin
128qHSxh4JPpEnEQVrs9q87JiTmX2fLzSP,bitcoin
128qVw79n2zCUmHftrFmrSsrowjJuNJsUs,bitcoin
128qenS6wiV8Gp3gcYzWQf5yfJohMxP5mR,bitcoin
128qjWCLB8qTUt4Y8D37GDK9WXYQLL6Lne,bitcoin
128qn6snDnAHGgKrRJANi2mi1yGGEbC6Zq,bitcoin
128qnfFp7GgxRFUhsw1RzzVYrrpYcVBAY9,bitcoin
128rBKgQevJ47tVBnuLo22sVSKNwCKPaxq,bitcoin
128rE7tjvJH6stRRxRNwx6QhBCXXs1F9hm,bitcoin
128rJ8Lo3UF2GdCLbNZvVTtviExcdNRAR1,bitcoin
128revAmtufeomtxbwvajcQKU2RtwZ1xTp,bitcoin
128rkf1LGBLWJJKzzePsB57vNLBTYJzecc,bitcoin
128rpXV4qn5dXAvUPj3faEUyeqcvfhyxVj,bitcoin
128s2AvpeohjXpwEZwtTd2j7X3JE5NALLi,bitcoin
128s6ja5CXMjo8EqQC1siztfUQGsYvrxVd,bitcoin
128sVJRFRwid7uCKqe8J9Jubdm24jZoqD1,bitcoin
128sYoJ4w6KreFF71R5yjMdQtfrGdEGsAr,bitcoin
128svbQpx8tfuoqfixCLLmUNZjjSZ6rDH8,bitcoin
128tE9MQ9GAieYgKr9YavqvWgyjecFZV43,bitcoin
128tHnxqzUgihmpTkg7erDeb3Zpf2krwce,bitcoin
128tNUz2XAPBNatwXUFWkn24K8kr3z7Ttd,bitcoin
128touQZKWRX7DqrcYVzKPfEf1ftZiz91P,bitcoin
128ts4Xq9dRsFxhqrVVFgNEDpUWQTkbFyU,bitcoin
128tse19Lyom9Rcbof9qFAZxsJquMvKcHY,bitcoin
128txBsK3VPCTPsqmgYgCUZXEeB5gdRZUS,bitcoin
128u45jbuXYQaKjGoEyUBF9qPmrPV9SbcU,bitcoin
128uAt1atp9aN8UgebftcKx3TfEw1ABuVv,bitcoin
128uDQtNMzZgw1rs7kUXNaYU8CvJE1JBCm,bitcoin
128uDoCj6dE64WNegub7zrAH1kxZHrLVEc,bitcoin
128uEGUvnjw2WRWB4iurTXvhxC9vTRmfC9,bitcoin
128uLbcVVPkBncSWHVsDbfvXCXEdx9utsU,bitcoin
128uUq3SZw7vEbaPJPvbRwsAP9EjaU1NfW,bitcoin
128uYKQpDGxywJ8Z6kP7YyHhTDjE4tYcYf,bitcoin
128ubJtR5KX6EsuPbJPCL8b2qu665vGaAK,bitcoin
128uha6pvgSU6ziRp1pLFFDg7pHvisCkcE,bitcoin
128v4Fy4zwC2BKssJKS29gSJxB2iW6QwgZ,bitcoin
128v4rgAPQp7aQUpENT1emCfjyYYuXuXoN,bitcoin
128v4wYSWMsiksHrNigVmaR3aCK3H6zpaf,bitcoin
128vEyusVPTwZ1B7xKE3nKiBUQtvmUa9KT,bitcoin
128vV4PGe9AdqJq8AYP7DD9USNmfKxPQ44,bitcoin
128vVE6cHfnEDgHq36dk4qogmzSvP8ngSg,bitcoin
128vcuAbgCeuNeJEhQUJZsnP6vWGRwUZ4i,bitcoin
128vg4S4mbJD52DjAjsQg3L7FN3PjCtrHB,bitcoin
128vhf1pcK4g4TdSDCL4ERnPNp3ZZLznj5,bitcoin
128viwPkic1CzCS1rz6V6Ay1udo13qNAXS,bitcoin
128vtpxsNHtzZyQndDm3cpUX4Hnh3XZSsx,bitcoin
128vwH9EU4YC9YZmKMAwZ8wRh7199zUhqU,bitcoin
128w5H9yaxzU58TgPWc4MCpWiXjS9zbNKj,bitcoin
128w9bvrhEXKgStGdNrFSKY1pnbsbvsesC,bitcoin
128wDYs3LHpHUBpAY2zDeNfonBayjSmVBA,bitcoin
128wFYg8GvtV1LF7BLWdJiTHqLPkxgThA2,bitcoin
128wPfHkfPVssZQsyQvSWwYuN1wN8LEi8Y,bitcoin
128wUuYxVSnr7NkenQ3GaKdsf1CxoMfh9M,bitcoin
128wjAS4M9vX7966evE4CuzxvwoiZQnmPs,bitcoin
128wsGR1BecaJtd638tWX4WwWMKTBi4msm,bitcoin
128wy8g7N3atPUYmvSGzHzRtj1w3mcL3FP,bitcoin
128wyRUpSTVMDmwQZqNEg3jCQ4kxYQ2T67,bitcoin
128x4EdFYoVsRp9XEA1ZCB8omyZDogZSCC,bitcoin
128xJBoCazYq9kMHYn4dS3UakEKfqMEXVS,bitcoin
128xXcpmeqVCY9qw2C7pSjAnoD2RvFovXs,bitcoin
128xZ5JQmmLm2nEoy9VUx2qWDuqGjdp5uK,bitcoin
128xsiwjVKzwCYBteiHkSp4GUgd8VuduLR,bitcoin
128xv7KyRLfHTvNP2NrWZDZAKQ5PL8zNcD,bitcoin
128y1HnSV4zajb84BujWT4XNj1NwWYizLe,bitcoin
128y2UGRi85SHGGpX5j5cBEgyzeB2Lpf2P,bitcoin
128yEsFBULKYLcrUkBZaZvJUMJbr3abovJ,bitcoin
128yJ7AZMebRaCBkPTa9xxNedEszziuwcm,bitcoin
128yKtrE2r6Lzoi9gurug8J9Qo9CUvPegW,bitcoin
128yNexmePfoBDqJZDqSVghvBBPgc1mSkG,bitcoin
128yPtgyP93rcgaSVDJQJYUnTqv6TpG5Fh,bitcoin
128yggxPzn4ZRLQb2PUFcNzDjMxbGP9WqX,bitcoin
128ynMzAA4nzYMfsDeGvVanRW8cpDETypS,bitcoin
128z4TvtAprZ9oKKfJ1W3piiSq1zadwk6E,bitcoin
128zB7YcENTezyZFaj1guMPEhW1KLfrSYg,bitcoin
128zNcUsv42cvLXfNPkdJc6jXcGD5e62QY,bitcoin
128zNkCoV1ms7RhgcJUYQT62pNxyLXBotG,bitcoin
128zQ2KhKnr2Cqr2Wv3urvkx4iHnKgEzr5,bitcoin
128zT2NiVwAvuSAw8Czmr1DsBpDEkcmTcH,bitcoin
128zVbikx4pPW6ehFbaFFkyU31dR78gxsd,bitcoin
128zWrVPAvfdgSEXj9UsuyHGb2YG1nJ5x8,bitcoin
128zWxkKyryEZ6wRwyg66iLd2jBo27i8XA,bitcoin
12914w8CWUSKR2gaLhHpCnUHsm9LgvSi7X,bitcoin
1291Hnm5w3B7tQEWNa5h5jxfzoyfx75s22,bitcoin
1291ZaRWKsTpYiyihkh9wPuQ5YfgXrUbhW,bitcoin
1291d6XhsxBpLZZ3RzWuPzcKePVXsSrvMP,bitcoin
129298GC96k3QNVss7THgFWm8p48a4Gow3,bitcoin
1292Ci2ocgR3ovZ1mffRAvcdizLxNPKivR,bitcoin
1292GcPwyEoapWqJd1cbcBJc3wNNFD6ZGG,bitcoin
1292JKNa46VJZHvMjXnru1JqYammcvXWt3,bitcoin
1292JU6dGn774u6wSPLyQ6RQ5b8dRX4LB7,bitcoin
1292K68zc5uXf6gVFUWr3EivFNGVoAfLtc,bitcoin
1292Kfs5CSbiRA12abv1YS2WoHgHam7BRw,bitcoin
1292URuvpY2oe6cduGWimikacj2mdCKKGd,bitcoin
1292dcdNs6WDsnqQrf2g72Cdc2ftHT5foh,bitcoin
1292gLxo2DfP9LGUzJDXUXHDBNoDbD3XJx,bitcoin
1292tHkT1FWRroSjq9DNbSTRDxgeRRupd9,bitcoin
1292tmbG9fk3DEszvp3Jv2KxRALbaoBqJP,bitcoin
1292yfHQneQ2Rg4UGQ4QVGTsBGrdAHTbaW,bitcoin
1293L42ngJG8QVeYPu27Cu9f4SBkfVKFfT,bitcoin
1293cx8N9SYYtVRQE98nGvzUULp5w1ghGW,bitcoin
1293eLVVeJ9wJ26w57Rbzk4WiRovgZvrck,bitcoin
1293etDjJEvT6u1HPGMV5RL6xzUpXq1KB7,bitcoin
1293oTuxaVhU87rnKgeN9fVXoZgjVRZTsW,bitcoin
1293ptLCEMCxqqj4BM3eeH1dPmyLhJjQuZ,bitcoin
1293svmmj2L3CiuazCdnK6H6sKu5JQZsjz,bitcoin
1293uwXWwkbGBs2xtJwN7DaS4mqAnazTM8,bitcoin
1293xCxquYxncrxQtsNDpFRWFiEdLXC1xJ,bitcoin
1293zju7asEB1fCrHGsSXMw3QottQUtX7o,bitcoin
1294Kxb6BZJG5Z2EgLyk2eApMSxg7sinCz,bitcoin
1294PVtdN1yk8GUByR27Asu28Hc6EgV52K,bitcoin
1294YBChtMxM1S36kHA12psHi8Ny6iDpWj,bitcoin
1294ZPkSarKJqQDu2Ts6LdK3awCD4hKbyG,bitcoin
1294csr4WLYuyjXofxp9ZxKehRKgQrFjLw,bitcoin
1294muY8RbnKXRgHJxx4XKbxC66b3CzrWt,bitcoin
1294voZX3B5YYh1vQ6tAr3jssYHtTrNXtt,bitcoin
1295AAhNFDzuN3TLT2amH4hpwnY5mJmfL9,bitcoin
1295LDtzQya8iznCZEC11CHs2jyFbEaccf,bitcoin
1295R7wzUCTMW2r9ZZuzfHgPFEQ85x6p3e,bitcoin
1295XCa4mTodeDqg8WCnG8RRFhqvDsVXHy,bitcoin
1295bVuj8kYjiWKd4jsnCJ1oQ9zpXX5LCx,bitcoin
1295h1EbwKntmGe3hR7yVGR4u6ut6Fsf5a,bitcoin
1295kP97qwPDZsiFYmSN228PV1uHNq3ZLk,bitcoin
1295kfBcEaiNy75hBW9AjZMgaZggSJBdPZ,bitcoin
1295tQtxxg3e3DEc3JSN9VVHQmLxPQspdQ,bitcoin
1295vF5Gx8A1nUAdbpwEnP77WUuAYBvbYA,bitcoin
12967EdvvGSFrFdAWvmZEwKVUdeDSDB6gQ,bitcoin
1296EynJeKLsSypW6s5gZnoGRRLhxgnZZh,bitcoin
1296FHHq3zmEtJpPRriDHLPU5KKGmmgy4B,bitcoin
1296JEzj3DmT3qJQdoQRiHEYbG23EdiFho,bitcoin
1296VsJDuNw6613S1yzhzGeQGJeJTVhtWc,bitcoin
1296a4FNE33XcUtVhPCSYmu715d5WCcEBo,bitcoin
1296fkKN9XxwDycfHFo85V6BrVWdE3zbM4,bitcoin
1296i4DXtHpMFXRogkSgTd9sKYvyfAUczC,bitcoin
1296iMpF1NC7f1v86z2pisNqKDKBv2APbv,bitcoin
12975Zx1TaktRD8rtGdE9pAjgwCWVoPpFw,bitcoin
1297EwpPpVMzdwJVGhJgDVLDcKSZ7r8Ksa,bitcoin
1297Lzc7cysbTR1vw7Qr74TgsXQGCnSpat,bitcoin
1297PMiz9WutDd1cbr9vxbSfWZCaiKMwd5,bitcoin
1297dKTNnLgUG4uoZY5UgjUrn88mMgWBHJ,bitcoin
1297ghbZnngukdL7Ft4x8q2dAUAwV2yXfY,bitcoin
1297hA9Ftok8iepgTXCos4FosXBTN1QCJv,bitcoin
1297kpErL4YZfFbFf647sdraKuc8ayHKVn,bitcoin
1297u72boAoqAfoCrNd7VpvYTvUQkupnXW,bitcoin
1297yxGhxJazcq9oy2Mgakiaau9umq6N1B,bitcoin
1298DHkRCKHaxvpAHQFEhtQE4a7k8eUYjg,bitcoin
1298LhK9n8KoufftH3hn7LmaCV1N4QndFV,bitcoin
1298S9Ts9bTeM2xHdDdsFmf7m3ovwaWvrc,bitcoin
1298SsGpTmbgdTpreQHrRhSDo2jC5AsaU8,bitcoin
1298VETEJKgDq1KPYJWJoyvMceZjM2TGG8,bitcoin
1298YqVgfjrSCgWtpiuhHQH7om7jbEpF9r,bitcoin
1298dDiuQX8DWyKHwSdXD3jdr7qvBzHAym,bitcoin
1298kNiwSKMwWFBJi8vVKNBoZ7gHQBR1Mo,bitcoin
1298oRKjSWcm37QpWwxPSms2FDGRAayUtV,bitcoin
1298padujdnjHpWencj1xEpUgwqgHXaSpf,bitcoin
1298yqCMAtFt8Bb1bpNTM9jKRBBWV1V994,bitcoin
1299AuEi8qSgzqnrFpLXbEeftEBsq2FtxS,bitcoin
1299GZT5Yn9VAmAe8dww8hsafXcB7DaRcn,bitcoin
1299HTJ6FPe2UWyXsixgECkv2vAsNZcQN1,bitcoin
1299MnzRh9aK7DBLtbgF8FSsfxScU3SoXi,bitcoin
1299NXxd3876uYMm2XNqeqpWXckpTKyor9,bitcoin
1299SB9Gijw3HwRKotDUtFPSBKcXSjhTsF,bitcoin
1299SEA46HRxxqV68H8i6qyL7rh8WY6P66,bitcoin
1299TKaphHYGjhJ5wLtbdrXysHByAde7tk,bitcoin
1299kfKFWEyKY6sTmWgpe2gbntKZvw5Mk3,bitcoin
1299uGDffFEsnGW6gscg1UEYAproWDRbRq,bitcoin
1299vXhpHVZpvQfaVQFidJcuJ6nmr4bUnq,bitcoin
1299vZcQP4ya8osFL5JuKSeYB5AfsxEAbP,bitcoin
1299wpbAbdZ5vP3ewnppGaqN9PeUqYtPUM,bitcoin
1299xEPwgEWGJgpFPaLmbeqVDr5QCpXhXS,bitcoin
129A4nFWGPZaety2MVWCWLYtJfriUDvHDY,bitcoin
129A7KckSz8SYxmh7wa2XLQPfgof7mESZS,bitcoin
129A7YxYLpmbWv8eaqXkk7Y1HooFeD7WBc,bitcoin
129A9ZmT7XjHHwRB6o88cuPGAugjDKh8Js,bitcoin
129AAPkNCzEHcpCmpEtNnrhyX9hymfoQr5,bitcoin
129AUP4WYpduiF9woWMKRYYWhi3itoyb6k,bitcoin
129AeN8PJp2R3TZ9xzHyZESbre1fzpfWE5,bitcoin
129AmpCVEUpSR84jjtEBn28WRJ2GSxUhsq,bitcoin
129Arf3PjuDXRMApKBs7JQ3AgjZwqhueGY,bitcoin
129AuToSDBSE6xbjduRU59Gv5D6gbUgHad,bitcoin
129B36wudBZD83tCvJP8Qm97Z8K2mRstcC,bitcoin
129BGWVVXytur8UNc43C3Khap2HgbPFmXr,bitcoin
129BHuiUuUyd4VkshU8LUVpWYwzC5BRiPY,bitcoin
129BVbyz6veXyHFuxGDoWtRTKZLgc9rJXf,bitcoin
129BajBGHxTYnVB7oVjkjP5NXxHwKmYqKQ,bitcoin
129BeW41cTKet8ZMEd4FQsm6EWbPDos2r8,bitcoin
129Bq35xAJxt3xSxCckFXg4nPphMoDwqF4,bitcoin
129C2tU4genSeoYohGr9HdvN6qUZ1mqiDi,bitcoin
129C4SC2joaNefFr2yLgwLY4TYUdvYCzJw,bitcoin
129CCx1HfnCqP7evnBn6qmYoB2p7xptHRm,bitcoin
129CGch81umL6tVcYCsdRTZy9i7ZHT7YRL,bitcoin
129CVydKKnRayDb25kME6X3fSuj6WRyHyF,bitcoin
129Cg5NxV3pzjfeDnwKwFvmFgrwmVM5NgX,bitcoin
129CoKVXy2Vayvo3NgeyxQCXx5y71cPdWJ,bitcoin
129CpM6Wn11JNg4EAJvZmhEKXfBeYVUTWh,bitcoin
129D1mGiUKgst38PGBxahpQxfUboR1sqMz,bitcoin
129DBgyUvhdLD9UiP9SkjuqiqQLh7agVbR,bitcoin
129DN1Daw3hWuNs6J4KQLWXEEuVJzrASAV,bitcoin
129DXrZLCSMLFyCwJXoGSF9iTuCrhHrFut,bitcoin
129DbmZX3WCALvPuattEab3GtDA9mo2iCF,bitcoin
129Dh2c9auWvjQZ23EfcNnJES5j4s4sUdq,bitcoin
129DpmtLMeb6pNWmBxJad8FFQBzmWGdJ8B,bitcoin
129DqjyXeUjZSrRsNJtqp8Az89vzYXBAer,bitcoin
129E4NSFBUYGVo5S7BCZiaLkPx3xTserEd,bitcoin
129EA3SHVLJE27CijMqFx5syFoUyfNYszw,bitcoin
129ECkz132EdeA7M1qBep8iwkM7VKB2PZ9,bitcoin
129EJwmfpK8eznhJD2ysSTQMt8nPa69vgx,bitcoin
129ELNFSjmUfykEa77mVmeY3GnQv7XyMin,bitcoin
129ESMWeeozYHhHjW5nC8SigtByqfvb8fK,bitcoin
129EVuyk9NnaidjvRgvDD7oTwa4TiG46GW,bitcoin
129EWxV3dfnsMcSuUUpHbDGGcZGY2uZca2,bitcoin
129EZEk9iu73adHScv3Qu4QibtsTAWSrus,bitcoin
129EdYggFYNa1VPqVacWASG8W1o99BTcRs,bitcoin
129EvAeFkEZQck1BqWkpeAq22yJHh77v98,bitcoin
129EvcGt9eKfsEEAm2ZdeLCwBEWQMviq7d,bitcoin
129F1RW5iNWdt3tSMmbFfzZXDSFN7Fy3Bp,bitcoin
129FAaweWVPZgrmyETN8aDxWRa7t6jaoSo,bitcoin
129FEdb28LDJicP62xmWmpgcmWi5WHJYQ8,bitcoin
129FYFNqxsKbJPUnStrnNVWDTNiGPQpyEs,bitcoin
129FkwgsMwBnh25b91oaNdLzqeRRCQFo5G,bitcoin
129FqoAyHujbjR6aDXcGRLRKHBmGGhoiBp,bitcoin
129G35L81VwKwJnZ5WJkU1o2NEABRJwiLo,bitcoin
129G3asCWQv9w4xWp4KRW2vpFAZNd2Jrir,bitcoin
129G7euLDeXRiE5gwYq7CTUdrTTSSoLkaQ,bitcoin
129G813vJcZ6dta4mBn9LTasT5UwXFQsfJ,bitcoin
129GBiHt35PikYjSMs2xtAVwS8bdSQqi1v,bitcoin
129GD5bN6esbq2GwuS4hkyWBMtfbz1WAhA,bitcoin
129GWyeATH6Brt7LmWHtvZfegT6XEZqeUz,bitcoin
129GXNcW4ZUwrPQMnp26L8eMxMykSC53Sq,bitcoin
129GdDf5ABuqS1GwuMrZdHT1F2KvvQ445Y,bitcoin
129GvKFfbiNWExGG4Gi5Mu3cz13bVi29V3,bitcoin
129GxSmsKf7ihWU1aoME18LQMwwg4yqYeT,bitcoin
129H1AN8EnmPz7WszHKbe41qCUDbroSJt1,bitcoin
129HRKwoLS2JNjNqyvYYc3PPpa6WqJ4uSU,bitcoin
129HSK67eek17843YSw136qNUyx4Y5tdhr,bitcoin
129Hh8hR6gkvc7eNsVBeqJec3be3e36zRF,bitcoin
129HmznbzHGWVMFjnXjrdXtAZ9qNpjk2JA,bitcoin
129HoFtc8kjE7sWqSqPNDDqF1RmX7EhAgN,bitcoin
129Hp6MQVd2Fs4k1UdrNweB4YHP4W2pe3y,bitcoin
129HxNBJAP22NmL8S8h6u5DndcATygjxXF,bitcoin
129JABL1okiBR5DZtTh8inev8dMBV111Bf,bitcoin
129JDLkaSF5pNRqPGFsHW6RKt6fRBKVmyV,bitcoin
129JFqXMz1sSWtLzzzZ3c1STVbVefnZREz,bitcoin
129JQwxVhFhDekqzzAwDC84F3UNJegYC8r,bitcoin
129JTNQFK82Rc1c9mYUPFUE57JdsCmF239,bitcoin
129JVd9GzKVw67zkNBB5qoYA8KpXR6taGh,bitcoin
129JdPGC3cc5MSkhabcvAPNPkFThcwEip6,bitcoin
129Jerpwbkbt3jckSAGCePLcySMh5iyaDk,bitcoin
129JgK8NssSTFTviPRwqDyy6U44EJHVBBA,bitcoin
129JhQhTwy3vJcDk4bpqxoQAnLFFG2qYAz,bitcoin
129JjjtxNe2nJdHTNKn7hvMUfWDPtJFwCn,bitcoin
129JmHfasv4LjXEENgqKZEUkKSMcLgeK8K,bitcoin
129K3DxrjKmy27XBA7gak6AgtrAB7vLdMd,bitcoin
129K64keaARnNL98ETMXZZm6Z5VaeDf8X2,bitcoin
129K6WyxHxzuCaRHfXHfgPRiax9DD3c6Ut,bitcoin
129KFB1fTavZPnUNMB9xNuAnPrfgcPr6a1,bitcoin
129KdmfQfqebThciBT7sgBayRZzhM86Nqf,bitcoin
129Kkg4ZaAzpYxL8LRLja5dThhpKfQn2ys,bitcoin
129KqPxk52Y4M4PvDkVRifq4g7xjSkoxsj,bitcoin
129Kr5Da1vKR1mRDctxBPSdS7rHXsP4vLt,bitcoin
129Ksft54bJcFVXXU6AUVxDSkcisWiZJSL,bitcoin
129LD7XqjS75zAdfD2vijnFACpA67qAQBp,bitcoin
129LLBgHkR7Ac69uXJf5agSPMyC9kEjr8i,bitcoin
129LQKasyUSdnjVbp1bRTWDGvXHoJt4UHb,bitcoin
129Lm6DuKnNWgd5TJvbjZ9tjjVEahLfpF4,bitcoin
129LpDXxboWvVVHCsBnqAiErUD7oopd8KE,bitcoin
129LpcNQcHeKNvqHjSwA8czR6cMcZ2pBRE,bitcoin
129M1ErcrGVxo13Sp1c8zAAh4mX7fZPpqV,bitcoin
129M6Gf5CEf2JyTXCbSvbH44FyDGpDfGj3,bitcoin
129M6iZUKnWysvYafEhVgSdH7d8nr3KCMj,bitcoin
129MECtqZRd8ig6QCZAMkAosdYJRnXRFJ2,bitcoin
129MEULL1aBoWPaKWcw2W8niTdfcPWAVo7,bitcoin
129MEeyirevQaa3vbu7VfN9wJDXkrHf1Y7,bitcoin
129MJpLfQdx45QBint5AU4v9YwLD8iTjB4,bitcoin
129MKrwiob11PcwzVdDG2vEVXveiqyGhQp,bitcoin
129MQiNVR9K4AEDdME4TyfBATcAhMEZWTV,bitcoin
129McgYCR5UDNfSBsadxei6WMuzYZ27qHg,bitcoin
129MjobsAXjZHPuhWvhmAmsgoSYWRNKKD3,bitcoin
129MoNGtZtcVSpy1AtV9qJh1rVntG25qeY,bitcoin
129MroJ5S6UEAVYygTJqUSuKcuvoswkNK4,bitcoin
129Mu3QesgQ5cyTmKanonuDrqZrt7kVVHj,bitcoin
129MxrrPwyAas8BWnB3gt4jxDy9RbXFS6G,bitcoin
129MyxyjSELG7YGiELHZfAeru29icZo9Kr,bitcoin
129NAB1ywLQWjkok9m5yP2YL9EbaKofBuW,bitcoin
129NBodLtZEtuYqtmS8aCiXdS6C7oLPiAz,bitcoin
129NGcy65zyyKHFvAEHT5Kt9K825CQV8RA,bitcoin
129NHDdpiQKdkzSBAfiUC9qTdDAZ1LAuSh,bitcoin
129NKD7J7ckYHsFMfyj5ggQW7KBNmFe7u5,bitcoin
129NMXGsU1vJBDXdSzBfzVgGydFyuhzKrW,bitcoin
129NQ7fGUHUXhoxtCtMpFoSPbz7F9ATYZa,bitcoin
129NXiTaZify6dQd4exQUCTFTvP11ttNZZ,bitcoin
129NZ9cNgLhJzFB9NuiECo9oo9B3m5SfjX,bitcoin
129Ncr8nPRSuhEf3LctMgBnEVe5LT8MyEb,bitcoin
129NdESyb9h7TNNCLbevQDEV8tAwbcaDoG,bitcoin
129NiFtNhC5nEAGhsssjx4q1T3kN8gpFvP,bitcoin
129Nopk2sgCJAM6auY4DaoQgcKmZfzxESY,bitcoin
129NxoS3unVbhKcFPT7A9jHTTQaCjUNxoU,bitcoin
129PCor5R7kTuwxXUHBysuDeUAntpwUtfb,bitcoin
129PEKMPeBRX1RncRLY35yNAPPvUcFcoZq,bitcoin
129PEU956o7ke5PEuUjrzySyNGW7rMCQiN,bitcoin
129PKFQ1do1rHbxHFzZFKvyZLnpTzuVgiK,bitcoin
129PMGMNgPGHnZ6LpCf4wXxPUf3ooJGaty,bitcoin
129PTYBt1VmrTanf2zLoKp62tb8XqXK2YM,bitcoin
129PbowwHqmtnHjZyQgDQp2FektV6kmJFt,bitcoin
129Pv25YNJivast4ehteL7VvXnwqbKoktX,bitcoin
129PzLrxs41xtmcSt7omEWL58VN5AQ6LFT,bitcoin
129QBQWJ9Dpw4PwmJNsqdcGcTk5cPJAbQd,bitcoin
129QMwQpFavkyngeEfu6VwAR5oBKzzk8Bm,bitcoin
129QNhRSQChGX61Pfd54i2Dwi2rqWgMb8R,bitcoin
129QWz6pXWHY2qrq3e79HSwnpNQkd7rN5o,bitcoin
129Qj2tPt4j5STHsrD9XTZF1hdWPBSXaqE,bitcoin
129QjhadpCTeSCpjxQgQTcfWkPPkB6c26k,bitcoin
129QmfY7vYSoJwTV7S25F46jrJowQmXApc,bitcoin
129QpKreqe8aGzreHpejtuTzd9k3WKF4u9,bitcoin
129R5oZw3idD6TCcWc9Hx8GB3V2GrgGDxp,bitcoin
129R89HZvzrr7jPgSyRV9XqqVRcawUvc8t,bitcoin
129RAhqLrNJsnQCnTbSztsNmmQKvFZhvsf,bitcoin
129RD6YiHQcvsQJhYqHPuXWfyMATkojks7,bitcoin
129Rgj8dQn8MHq5qj1WucT3nnR6ko9q1aB,bitcoin
129Rj2hH7nrvwGJ7FK8MyJ7dN1b3KiUbSG,bitcoin
129RqxECg8dZvC7JuqQw8j5qxJFYsqeUTX,bitcoin
129RuTcjbVoLMRaCi2Wv5BVrV3MbNANVGk,bitcoin
129Rw3ZW6NKz2tgszzMV53krUscgDPyDfV,bitcoin
129Rxo2Wb2s6ayU6xjXoyySdYsuFiJ6BPM,bitcoin
129Rz154vv4CMw8YfGftRHWh2DmUEWbyJ7,bitcoin
129S6esGU6px7o9ftCWxJxsstcDBGgoC5C,bitcoin
129SBioAexqdgFW368DbmsEHXDDrjvXDsv,bitcoin
129SC3LdEjnkPUj5wzX9KXzYiQf23uK7fo,bitcoin
129SDpFv4xa1gtjHvKSZQs9tBwY6eeAFET,bitcoin
129SVcEro3JjrX8FoEZGSprHXbfDLPUGHj,bitcoin
129SVjccFZvUi3vLs47HS7wR46Y85wG6uL,bitcoin
129SiivJGeRF2Kr7vnLZjNQZErAd1ecUNP,bitcoin
129SjHiNhvoCreh3RodzRnvkLHQcTXPXyR,bitcoin
129Sp1vtgaQ2gnXFGBV9ArvCQmWqiVoETC,bitcoin
129SpYndbZy4WDu4TxQeNqon1KL2srZDmF,bitcoin
129Ssypezfk5hRnH1S5zK6fygfGfGqwT22,bitcoin
129SyXjCfP6Ta2uD2xYJNiHgz1KL5ze491,bitcoin
129SzcWcAXXEKNDaPexPe5mFuyxZHMwafG,bitcoin
129SzsPXmPEzd3sTskXZCWY2gCtgBe3EWp,bitcoin
129T7ygMtf1VvTeLt9LX6CPXJFJpefmZRt,bitcoin
129TBg14Sd895AMTEXEG8a2zRgf2cbf6T5,bitcoin
129TC6HokdHReZWtYcWp9Jp1J773jeVHBr,bitcoin
129TH8goYijfQ2oSr9qxyGxsr47SQMUKPR,bitcoin
129TJUEV41fRWV1K3csVPM9tz2tCMpTdh4,bitcoin
129TQVAroeehD9fZpzK51NdZGQT4TqifbG,bitcoin
129ThfnAGGdicHEwNRvFcVUqagmmhwZGrV,bitcoin
129TiA9BXtsfzhKnwWmKh4JgcqWTcnrUps,bitcoin
129Tnp518tvZ7EH2Cui6d7ejdwXPRF2VhE,bitcoin
129ToMa5Yvz5RifQgch91jWHtgG4bWms7u,bitcoin
129TyGLskNXcEXXDMG4C1Prqm1jz9fAxDc,bitcoin
129Tyfou5A7XwvyMaBPrqwEvRWJjdrqBdD,bitcoin
129U46nQZDzMppbqyhTgWsNsy3hRryLuZY,bitcoin
129UBAfY5MoMPno5fSSTK8mwAYab71wRSx,bitcoin
129UKJQE1LpVYc2HbCLypTcP2rmmZ7mxKm,bitcoin
129UXwoSZG238mX17wWJGNGJFDtEB1xees,bitcoin
129UahB9tTUdiSa1XWrvqqxHhmSmiXFgCr,bitcoin
129UcxXaNwzeSeqpTevhv9c3wDjGWDou4F,bitcoin
129UndrG4RNKcB8DHTZ5MWyDdhDHi3yzrQ,bitcoin
129Uo2xQzUG2ou4cMbsUjVMWbzoDMjxDFG,bitcoin
129UqVX6vTdwGyaakNqw1vPgEpPPymKU8L,bitcoin
129UrhtmGhmwSWN3a2ksa6uQajgNyVQjgb,bitcoin
129UwMhXncUAd1kCT96iHjdzfJm3e9HW2f,bitcoin
129V7Lh3jczcY5GDCKLWFwEwhYBrAz84jf,bitcoin
129VAjjTizhdkigjhN4nhbf8wFMvzUAM8S,bitcoin
129VFWnuPxahKo5vWTpKLneGdkB7XBix1t,bitcoin
129VHKHSffs9Euk4rfKFDRAEwrECrMAzsp,bitcoin
129VMWqP3gNwvc7CRGypgPhoBsozmD29x6,bitcoin
129VMvtvdTSUacHT1ykVNFVHiY1xKoEyB7,bitcoin
129VSHLHokTehadNwAhdRRTujphHALjh44,bitcoin
129VTZtAsoqDDscvzpKRusg1amYUGrSmtT,bitcoin
129VcbtYAeo7a4LovqLAghUgHzSKoxYkES,bitcoin
129VnfZjAR2oVVL6Cd3KwEZKeRF5zcpisr,bitcoin
129VzYZiFQLzyGZUcoKUQzCo7E8bWTL8ac,bitcoin
129W2AMCPgqHcwRjPdpriyr7xda1FApfVP,bitcoin
129WGoYw6VEk4qy8a4TWGfFQ144pYNv1EB,bitcoin
129WnkNuc6Ht8ZKRR287ZdzgQuZYfMKDTj,bitcoin
129WyeyjUBmrxqGz12eUszBWnnVsCorHEG,bitcoin
129X15j7mr8imZ2c3c5Xbdky7ibYpxpxSL,bitcoin
129X42nQnAb5e6jywhGXpqBZeYmXh1tevP,bitcoin
129X5CVD9C7zGDW8ZbbqDSTQKmxpHMegTg,bitcoin
129XEvinUPLJy1PHQGHaj3vKhdvvvkWhkK,bitcoin
129XFdv29zXDEsoPtesmR8x3HwiSu6gSiF,bitcoin
129XH4cakay7NFVMnVHPn43oBp8qmLz8uq,bitcoin
129XQLBLWhD5G4oSRVHkXFWS2bxcVdr35j,bitcoin
129XZGsV6KxZimU5Wd4bdV2japHrUnioYM,bitcoin
129Xah9yM4idMsum4ffjYUX1suQktTFdzL,bitcoin
129XgDWwdowV1Lgsf7Q2gF3vU3RDegibeK,bitcoin
129Xjm44xNCVZ3wckcNrKaH4PusKHs4jJ4,bitcoin
129XsfgNuxRP1Fq1U9XjkUemBoZYonGMfb,bitcoin
129XzLP9fGsLVnx1SwcsRdBXyBLHFPZmPi,bitcoin
129YBd8RkBevG61uB668pZfiTR1zejR41t,bitcoin
129YYNSNDMwxMgFquHm51NGWtU7GCha4rq,bitcoin
129YcnjikWadr5nzJFKQpanpVTszkg95JD,bitcoin
129YeueinN3eheHeMmvnBdTCRH5NpwVLbJ,bitcoin
129YqwJXk2Cgc2ij5pxESTE92sJhhmHpWM,bitcoin
129ZK869KMGP5X6dTKqbStsEgZ6T5XhKvG,bitcoin
129ZWHkUNJR2xR4XAi62t9pwBKyG53KLqf,bitcoin
129ZX7G2wGksYoA7SMM2hbmFxBYBGLZ11q,bitcoin
129ZibiraRbFWisNPgexcZhixhzNCne8ji,bitcoin
129a253DTMwjEgzpw3sjzBp7R24hfVmWGJ,bitcoin
129a4tMJ1k2WhAaw4g6nkWsHQ5Pw3KfJE2,bitcoin
129a8ghiNBHGrDuCup6NxMWyG8syuEV4cw,bitcoin
129aGneccawmx4SLB5AHB7SfQmMmfSnafE,bitcoin
129aVXx8qcqSvmNSSCFu3QXNpFJnscNXdz,bitcoin
129aWhs8N2xmHFwoqBLRjZWqxsddB5PjHY,bitcoin
129aY6pnV8w1ika4HNn1WeQoyoodukpABD,bitcoin
129akm5mDEp27KpnztzqWqt3AVsShSQ2Nr,bitcoin
129aqWSmzgowHhj2TWPBrQTU43QVwn8Ty3,bitcoin
129avjt2C1LYAxfNsJgF1GtpMs7qah3Ndj,bitcoin
129b24frs96XRvrKtECBr2UXEUXUoPskqB,bitcoin
129b5izWXHTdU5u1pmzddmgSrRt2qGCbJn,bitcoin
129bKdF6WaWjVErxp5NUBLDPZcfUMiEEDN,bitcoin
129bQLiRx66iM8T95pxazBuYJF96a7Dc9m,bitcoin
129bSL7XocF5iBfEbzcoprkA7ZwiXi5fC3,bitcoin
129bVG32xy7Rmbz85RbNtkBzHCUuKhcB1V,bitcoin
129bWMxwYvF7YzYE3uGVjYHW5D8VRCsNF7,bitcoin
129bkSWkbsq2h6245BMgyEjwPEiF5PtYfv,bitcoin
129bpsH1Wx5nFqubJUKUL65bDxb59jd2Uz,bitcoin
129buetvzfbPex3n26sw5yWwjvybvgQxJL,bitcoin
129c5zhH4H6rM14z8aufrEZam4YCxkNSvb,bitcoin
129cCLuVKjw4CAVzysWuWmSoyTLF6NTp3Z,bitcoin
129cCp1bRAp62Z7yrFty6w2hutZMkDMEc2,bitcoin
129cGA3yjKP9Gbn6WJyC1NSw7vkdfid1Ax,bitcoin
129cGTKbw9S7fToYbwExUzeyYntHgiPDYb,bitcoin
129chSza1bUpCcRbyLu2j8CyaqumBUGErs,bitcoin
129chaUWBkRTKe6gFfJ9CGT2kUJhgnKkod,bitcoin
129csWuwede1GaJ5mQ7qKdLGKkDofGTDn3,bitcoin
129cveE9bnSyvWMN31XNrYnhpy3yCftko7,bitcoin
129d3YiwzRYcNFFYxwaxpNgk1Nh7meYU1s,bitcoin
129dARpSet85duNbHcagRMj9n6JMr1jtCD,bitcoin
129dLoqiWG56RK1hD539BdkhJwQMSBS6k6,bitcoin
129dTSdQxEbCccFBxRtkRZeMhpbnGswcZN,bitcoin
129dVgTKPx5JaQcwW1JK2DNgb94QV5BL9e,bitcoin
129depuWJ6GQpa4p967H58fmYrxK5sfYMJ,bitcoin
129dsJh9jfNWvfYZgvbchAGYK622fpTSwJ,bitcoin
129e4zX8g9yHSbqDNJRZEXh8YffJ9kUmY5,bitcoin
129eGNi3cie93PDFrLWd1SCttfBtXW9oJY,bitcoin
129eHGrkd4p1dYUHfnc5xjCbXo1KPPKN4s,bitcoin
129eUP2C1YRqBud77GEbvTkj6QeQGC8Sy4,bitcoin
129eUVc3QRsxjuFsvbLfaByMEofP2uga6k,bitcoin
129eWU83kuQtiWujgmh5HvYBXvtQfK21v8,bitcoin
129ehjWSx1zWDvvEmaWYYvU6JjWsPXmWKh,bitcoin
129epjU4ESkb4qmskBbTPW7tPLD2P8ys88,bitcoin
129et8BgmXac3PfQtLeRDajbRdWB6GM7J5,bitcoin
129exYjGDU2ypjxucY8Jn1778fcriik1r1,bitcoin
129eyfFph2GQSfu9z3EjPsBzYdWrLKa887,bitcoin
129f9mdBDKFmiFTud9qNsuANtCUR6t8jB2,bitcoin
129fG1q5FZkPZ1Xdfo9ku3wXXWxSXrcN6x,bitcoin
129fJUQ2XYbFFjbrFnx7VeLJNvPsVDBqDk,bitcoin
129fSe7cpy2WgZKv4ND4hSja2bgs9n2YhL,bitcoin
129fcTg6wC3PBRgVxV3qaETf3D6ysew1V1,bitcoin
129fcu67a9ifr89UjcfpdHkrXoWC5RKYjp,bitcoin
129fpRHzQTjWpnffji4qYrce2xtQGf33Jh,bitcoin
129gAFumCAdBh2hRL9kKh1VPJwCCFmfi4t,bitcoin
129gFNWnW7cksLg91E4bnkkn1gSEq9Makq,bitcoin
129gRhVB3ij8iJaFLH3Vrbczpwo8hhTf5r,bitcoin
129gSun2FKRfLvTbjw6yD5ftZ2S8cr1H5K,bitcoin
129gcCmqUMff4T3EspC2XRDFYoAUiBAqRz,bitcoin
129gijVXMHMET395TPhgZpCGAo97iZGCe7,bitcoin
129guGoAc1hQDuENFHtRxxjT5SmL2WYHTJ,bitcoin
129gvUbhKToQyDarVoMse4H5abtjRPRKAm,bitcoin
129h1DapdQJptPcqvwqMAfWrJugpL9kK1J,bitcoin
129h5PC5f9dR8Qp7Addv9pzNNvimJ93JYZ,bitcoin
129hEjegVpPuj8cdSpvhVNjBrnEyxLmP1g,bitcoin
129hJ6RUPLRXwxgQ18tgDvBwdpwK5Gi2d3,bitcoin
129hKALn4q4gHF1ipRdcorFyMfN9JwEHUx,bitcoin
129hMnWjoDsb1WVNrAYL5m3uYh1PmGf6X1,bitcoin
129hStC3mnTMkgAvHFwYLUXLg3Ly6CQ89X,bitcoin
129hWQHPRUd6VsaGxPD8yi5i72DT2uFYcn,bitcoin
129hk1XehSmaM7bT5o6Je4EVXkSZoEExSB,bitcoin
129hqVWrb2vW9ZUGCXzAk75MAr3DXnEDfi,bitcoin
129i2mBhdiFrG5C7Lw6U6GoVc36E1Sbs1T,bitcoin
129i7z1DLcG8afqAwQnmY6LPXxfESd9Kh8,bitcoin
129iDT2QDefvrEYV8jG44Bax9jLmFgR4aP,bitcoin
129iJSMGeBMNHUySvzxzps4RYQpuJS2WpC,bitcoin
129iPbqVjafAbDi7ZjX2zF3wgNTrzHxFKB,bitcoin
129iQDgdvpvJkekzPsfvopsZkkACsDgTvt,bitcoin
129iYaw9MrtgNrCeQbXjCGFXuiYNaFwZpz,bitcoin
129iqyCa7hn4ehqEmr9kYFzvPQbqA9JSw6,bitcoin
129irVNz3CmEVdtiGssn7zrMrhWq6bCeog,bitcoin
129j95u9ahu3uZAYaE7LM3xnyHw5wBxSCT,bitcoin
129jD8nJmnHSBx8wnQLxBjvTov6KVm9pW4,bitcoin
129jFoHzBrxFBv4qh4kBBPDPag15DbUg1v,bitcoin
129jTedgiFCukCf3rDrv93V7pxokHcY5Yw,bitcoin
129jTmM5KnL1AvNkRoLdPf7pD2LQ3et2cZ,bitcoin
129jUFpQwFQbVKcNFcHEm7Tgr2cATezTYi,bitcoin
129jVutXMV9sdi9Xe1jycYwxYsiUhhQYon,bitcoin
129jcrmn75mWbTyatc2ZLR9eUVfH2q3Sh2,bitcoin
129jqwBiDF82Wez335aSSAgRCS95RoLh1u,bitcoin
129k1zz5Y2PpmNKp4x1MfFdcVpzm8Wo7Xd,bitcoin
129kMwDNAE2qsffZk1bshGonSn3JWGVCxr,bitcoin
129kNpS3jkf28ZaDGG7ARfxbHgRJT9LKtS,bitcoin
129kTAdc4y4kH5NcNBd6C6QUQ7UDrdq9Ez,bitcoin
129kYqyKJ5r9TcoAUHFGPPjBfQ9c4Hmkuh,bitcoin
129kYzS6tuWBQzSsWKt3aH9LM5BUaYy1Pa,bitcoin
129koH4NvqmjZJ9XjjxdbJ8wMyqE7qWtcR,bitcoin
129kvZ3ryrvB1vdPmm1tp1r4TBfYpojsuU,bitcoin
129mBku3fY79yEn2nTfLa3JtHq4vGAr8yi,bitcoin
129mHSJsc4mQBDTriEtPc9Xt9RKogXLyin,bitcoin
129mN5FSaJqwYJBRMdFd8gTJ8ZguXwMjbJ,bitcoin
129mfCdFkfmPLN1VgkDpwC98Gaf25PiM9r,bitcoin
129mfpFJqTinFfjU8j2AcNQdnndPVVspwW,bitcoin
129mzYumX8WK34XyHqH6vhUb9L7zn96SoS,bitcoin
129n23RGbboahVKGTSBay1FeqpNVywhXYy,bitcoin
129n53TMXhgSbFhTNkh62jspk1uMKTXBFV,bitcoin
129nDcQFzbrT5UL9U6aTQBDjv7KXjCyRWL,bitcoin
129nGixdZyAUbqKLMr5AN3GbP6PgDxV4QE,bitcoin
129nRheYx2ep5BFc128sU4EJDioduPpyBC,bitcoin
129nWC9C5vke93DyHYxwhXBkqoB91rH5Yi,bitcoin
129nZquq8GU69gYN9rhLr95E48YF4jQkva,bitcoin
129nff4HeZGBdVez4bgh9LAMRZhFycLooq,bitcoin
129npWajfDh1pvzDCScqQBQJv2X8Fwi73d,bitcoin
129nrqDCwqbf8qViHnAdQRe3Yvwwv7oqYB,bitcoin
129ntae5ekcaFUvKwuVSdLjadhFShM5xKZ,bitcoin
129o8XSwCjZzZ3dEsbvKtBzHTR9TzAVPrr,bitcoin
129oEY7F18ixuvQGcF82tzJsGN1qsyxNoT,bitcoin
129oFYfNtwCEmf19op3NRhsAP7qpiaEM57,bitcoin
129oGFX38oxAsoUMvBZKMr13mVbMmDFzyc,bitcoin
129oJ8ZKb1iHjK2FQQp8V8TR4dXpKgFRVk,bitcoin
129oMLjp7PUsfN2CoZsqTCCXR9txioxRs1,bitcoin
129oTgF4gSrnwSkobdMiU9Ga4gq3FQVX4i,bitcoin
129oU8hYqMaebXRiNVioKtyzNg4gp5SG5i,bitcoin
129oUQ7cwPSsmhKjrR2Ei5fWhBHGgM3PyG,bitcoin
129oVqySBxUBUpmr7AEpVkhjhDowPWBjJb,bitcoin
129oejhqYBucdgGeNDeQat4aHtoE7M68uM,bitcoin
129onWeiNSecPdaLQDsCj45DKVw8Pq6EaA,bitcoin
129otCi4J7awmu1zqrsqKE1W89hnt9Fi2L,bitcoin
129ouehae1dME5msj3zEND2nAeEibNon3g,bitcoin
129p5i2AJWgSTdsWxmc7ZV4EYuEBrrE1Nt,bitcoin
129p67tXQLf8oNMJR8R7x5J6zBi1h4Z3pX,bitcoin
129pEU9WiMwNUPAsVoWrCZC5P4LmQTANys,bitcoin
129pNhvTxvcfXebLczp7RtViAVLAYDhdmM,bitcoin
129pVBX9LnzPvPY3QgDwCtgfbQUTEzJdwF,bitcoin
129pWgpA2v26Tu9DdC8ezBSL3Q6gtv8Nju,bitcoin
129pdyS8ocXRkeVurS7Vh2X2yYzaZ5iHyi,bitcoin
129peRYCyMVsH4ocKfEvpYicZDHgRnXubw,bitcoin
129pggq26DCoXwtH3F6MVYyiGn3gtoxz7P,bitcoin
129phFRmMqY97UiN2KFBxZ1BfJZPSUivZA,bitcoin
129pjtxZJkQnJdTLZ4mJjjTVehWSKQrGXP,bitcoin
129psLgejykMN24akypPh6GVFT9mxzXaKG,bitcoin
129pwEb9CtHRV25MtPafqLuV8Pn2az59Qt,bitcoin
129pykxpuxCA4jvWoMMZhnVorUP2ta2msu,bitcoin
129q8vqbHFdTG1pwmAnKHg6ncP4zNW2mX2,bitcoin
129qBV3VxG5nNhiWXjRjKnUYHfbWv8iCfG,bitcoin
129qGKNqWDH72i8kp9PiQXMF8gKSr4LHWp,bitcoin
129qWdghsqKo9iohezzBqGiHYAPuvH1td8,bitcoin
129r1JLgiz1L2wjHeuHE8AnH2XCcXXJ2YJ,bitcoin
129r2SgZp9MBkKnGqQApZ9kUvZ3vAb1Qir,bitcoin
129r2Zyu3oNE367iR5pRRTWkKJUkEN2963,bitcoin
129r3Rt4dnnshBzVXqLFyhtm9VqJQ8FSmB,bitcoin
129r7Exsy5fQrmswGDSfiCpSWkpFogt7kW,bitcoin
129r8QPqd8H4JmDQYtHdD2siigkpZXf4Ab,bitcoin
129r8cQMJzwuMu7E7Y3fNvxfwwS3EhQgYS,bitcoin
129rRZFzkMkMDRiDiVdCBKNZdaB6rMYnaQ,bitcoin
129rRiSvBWG7joXWGmNGW35P2vp4zLQ5rQ,bitcoin
129rVYzFu8L31CK4zSUBZkaw8vwQuAF7h7,bitcoin
129rVeash4uEoLPfjX3rbz2Gabp7QdXcnG,bitcoin
129rfm2beCT1vPwsjJ9zoYCTZEmsFML7yD,bitcoin
129rhKcsKgHprRN2nTmMkr5kKwivPrS6gj,bitcoin
129s3wGLiFCYhG937K4KB7PDKrmHLGLdKu,bitcoin
129sRzqVTnZG1kgxq1yzww3FRZZQZrFBFn,bitcoin
129sTy8FhnC72zU5oJ5wJUXE38FPADM9EA,bitcoin
129spGwDSnVnmuKxvhNFKGxVZq8bSDVFbW,bitcoin
129stkSvGezDri94Hdj6VMzjiaBXYS1jaq,bitcoin
129t1PZnLPc5zj3EnhaAVx2FbGepJd3Rwu,bitcoin
129tABs8duoz47Ayt2ztEmvW6w8qu9S4nK,bitcoin
129tJ3kqqycJAS7JR279b7jCvHan6zmoJr,bitcoin
129tLg8UPZ5ai8QuMtpBN1362tLVePnvV4,bitcoin
129tNY6MW7XqBL59ppqYKT13r6QL7TQaAb,bitcoin
129tXuTpFPsuK4zsshhDkWyo3hvyBa61Gd,bitcoin
129td7NX9NwN2nrNoDijietd6tZg8RVQ8Q,bitcoin
129tjpLCc9Ynf9yncdunxyZTU9fktifRCH,bitcoin
129trRXJxKEHL5dFggwcooZhShk2o7CYrr,bitcoin
129uFG4cdkPRpv1veDyva6KAhLkjSLudky,bitcoin
129uLgBCpSapijVrxLZtu7FJJN4bSAXg69,bitcoin
129uUC4mbxDsVEcCe5oJdSUNv6zc23TAx1,bitcoin
129uX53jgZbN9nR8cDCm5i8iTWFpXzLALD,bitcoin
129uXMJF8jLYV9oD92W275RuUGpstt67cS,bitcoin
129uXNWtNb5xoWMJEjb2nEcinG7D8bzswn,bitcoin
129ude5FZwe7vWn958KR2K1o8sSKWNLm8p,bitcoin
129ukQHmL5AFQMwS2sX1xmHPBRZMKKny4R,bitcoin
129unr8cCAnfcP5nm9pN6rrGUypsRU9Ztf,bitcoin
129uoyc9TzQ8QDze1rShDcFQvNEUv7qqrZ,bitcoin
129ur6kVmK8bMoPUdFXBNMoTGMoQKjbkN6,bitcoin
129v2g1rgAEUaZpMgnjkUtyBVmnadnoWWB,bitcoin
129v2oPGfqfuQkNs3qiGAMFynyS3gi4CK9,bitcoin
129vExXp1Q8TvyCqkSpVAfv4F4kUmEJYGX,bitcoin
129vHkA5eXRmTxhx4urQvsVPmeUPpeVNFG,bitcoin
129vJGs3USgZhAiJCiPyg73yrMjXR1buhE,bitcoin
129vMqkwKyvxA4bb1RT7wzZmVFHLf6sd35,bitcoin
129vTjNhBUzoRnLvsApLPcoaTc3jCe4ZXT,bitcoin
129vTp4jgdnti3BhvhLmAGuhpLHyfW1RvY,bitcoin
129vY1QgDjD2hgQ3tPsYEnSDFEXRT3VxMT,bitcoin
129vvpaxwcwGKHXQz7BYBoUhhg8rDQ5n7x,bitcoin
129vxbmMq2Zt7YP6VriFAkBkYFuacUWwqe,bitcoin
129w9oupH5HPzYHx7Fdaw3ifJPPULLkQhr,bitcoin
129wKgJMLyRM2aCWZspYdo231FyiT9aGMV,bitcoin
129wUbi8MhSk4HebWFqC91TuDrhG7jirht,bitcoin
129wWr2wi2jZLY8cVBRh9dD8GgA8q3Xtn3,bitcoin
129wkf6fRkzWPbm5gmntFF4scBppYSi27v,bitcoin
129wnn74xGiRBWdgtdmEcvG9f2XXkwgNr8,bitcoin
129wrezsDygCLpcDzyRATYqSmFtfinfKhM,bitcoin
129wwAjzkBC534nqz2Pp6aqtLgokx22aBq,bitcoin
129wxuVwMwFwQcKpUxpFxmaKpJLuNJ8vMA,bitcoin
129x4SQa2P4gAB3t4GmgnAZUxNAK6C8ACm,bitcoin
129xG4ckJ4xbHLUnJHCpi2h9jeSziN61Ke,bitcoin
129xPqsa3tpqDr33En1oA6RMb6dYaBGNUt,bitcoin
129xnSPtpDWuJ37XJf2VnsKdH9QmpWtYCP,bitcoin
129xuCkshah1EJFVBvidk5NgUP5V16QzEx,bitcoin
129xxc338ChzKoj47yT225GMEiPxbrWSqP,bitcoin
129yG26dPYbhNXpE6WeyvTtkmPnkfmh41L,bitcoin
129yGsRX9MqHEv8tiKHyrziVuNdmTPf523,bitcoin
129yLqVoqcWWiWrYvXfxoKkSYoC3fxLeEb,bitcoin
129yQPTARYvfBR6G44mEZrdnJXSNvwdRNX,bitcoin
129yhX47BrM9kGmhJUxRzp5iRzSrr2pwWV,bitcoin
129yuAJFThAXvJfVRpnPmLKp7kAjAS3N9J,bitcoin
129yufqJdNvBbB2AxtDSkr4tGo62e5V2yH,bitcoin
129yvo3AvvgjDHjmGk2LQR4hak2Z3RmfwZ,bitcoin
129ywxtxeJ66iRNM7jDxsbWdcRyRWQfqga,bitcoin
129yzSe6t676dnVP3HNxyfxL1tNGtYawEY,bitcoin
129z15N8qw7U3H3kiUctsnwT5PA5VqrFeH,bitcoin
129zCM9LFsooh24uDYqP5CBDNYFGtERKPo,bitcoin
129zGoSSXWUbv1Kdo7p14Qcp9CxFp1bYbE,bitcoin
129zKwWYLEN7Spw6ceMmzyE39Peazqsthe,bitcoin
129zSMTLc1V4xpu44oPMdPvA5qE1JwtGSe,bitcoin
129zSPQvKvRAAg9Hs2NkHn6miQPsr633GW,bitcoin
129zdYjkHDHwXsTVbvACvf6BPXVKcugB88,bitcoin
129zeTLjm7QHNyQBqtwcSiSHaxQwmTo6Vo,bitcoin
129zfaQKbSFsUMPU8MQgbyCQshRBAbSQ8F,bitcoin
12A14H6LCsRJJDRZSem5JMWhsEr3Ma9Via,bitcoin
12A19pxQ7rTGrUVKgEvPwx9wxVKzqEue9d,bitcoin
12A1BcGrpMs1HBrcFrC2QQCn9GsJxgsmht,bitcoin
12A1HW7ZD6dRVxPvp5JV2VFwacaDqYsakQ,bitcoin
12A1NpqvyuQ5Gg1mx3kCdXGD9kZsJMpwYn,bitcoin
12A1NtYJ3npgUewQsRyaby5EL9Q9tjf9rP,bitcoin
12A1ei1Ljn92MW471aXcRdcT5DLpLTZWN5,bitcoin
12A23o7aerWjo9oU8XitRHv8q6ZjPs1hTp,bitcoin
12A25u4GLMk4ZD63uDLQoVeTyvoDfYWvqz,bitcoin
12A2PRqgMEtQZwAE7XqkxJGBnFyaHHogBg,bitcoin
12A2RZGpFxRvqomw1XWgxEMEVT2reK4K64,bitcoin
12A2efqKFZatXqMFov34eLF34UaT3T1z17,bitcoin
12A2qc7rpdaGYBz1xmuLWUxYhAfqU36657,bitcoin
12A36ZrSj3vdYyqmSG1WCZjakoDLCnoXWK,bitcoin
12A3CvnC3x2yRj58Zi6MiPn94dvzxx6XMo,bitcoin
12A3T9q4AyY7boFe3QXBgnGEVQ1LD3iddW,bitcoin
12A3X7v3G91Tfn2qvX5X1pro7ERTozoEhf,bitcoin
12A3dorr6hNFT7zhwMaWrmq9euKqAWNLCe,bitcoin
12A3fB7iRGQ9uhy2nLNWtNUUY32bWEYyhf,bitcoin
12A3kqGJ7v6YFnzUamsRgQd8BGvLrVGnY8,bitcoin
12A3ndXHDyqc1CUWzqzBcYFC6dbSFMtD6a,bitcoin
12A3ppsYGtNKMfKPFdgdRYgEiYFUGr2RnU,bitcoin
12A3sPzE6HYTqbmDn4HLwf9jtgoPYNg7cc,bitcoin
12A3vtCtTpVJddJt7AEYjrSM6SwBmTK2y9,bitcoin
12A3wRhYFgmzQ716PtPp2RchLYUtRcvQW6,bitcoin
12A43PK4LyQy1a8Ga3bb5uBGx2ppqaFJs3,bitcoin
12A4DXBKwpqoWnLp5SFUvijD64WuGZBGWj,bitcoin
12A4DrvvFiLD4MyptNfEMqPHV8ZpSg57un,bitcoin
12A4J6ZXR3YHJ46oP7YXPhmBGzNR6bo7yE,bitcoin
12A4LQFRWPPqnwQ7BLc5jeXjyuf6n5zn7b,bitcoin
12A4imajTSTLdJwEhcg8WKKfazdbWAR9YT,bitcoin
12A4kLu5REygFPCkWrChtvvtKF5KHp8wbf,bitcoin
12A4wvZL9VWVdorc6dzfv9sWMuhMmw26Eo,bitcoin
12A5g6BmwwenK6sXnyR7LR8iBB74yDzjBR,bitcoin
12A5on8hWhJ51HUCkHJ4oiSGxmTDKPJsCp,bitcoin
12A5tT3B9CtCEgZrtTX2rnLzgXJx5BZ4by,bitcoin
12A615nCWvCBrDJu7WSHPYnGVZS56Ph6LF,bitcoin
12A62WNNvnkZ36zRj1Bei6z9ptDkXFrrvc,bitcoin
12A67NA8ZrY2GuoaufoCcbNij11R7yUzCV,bitcoin
12A6AoYR97fwpu2uv5BCmfCU4E2iJMyTJM,bitcoin
12A6BTEYEroicNgTYuorBNmUofwUKiuzbT,bitcoin
12A6GH9vPBqvTMyLkfFWzEUXwx3xAu92Mt,bitcoin
12A6HuUnsQYkRKB6fK8DrMdUprxH4kMYBT,bitcoin
12A6PUMWZE2fQAbTgz6bQmNa2Tn2fcnAiL,bitcoin
12A6SsKRkLiLSRKhbiGWQHBhsKJrC2cRww,bitcoin
12A6YMgkFCEFzKgz3y6HTewqHDRssNaJWM,bitcoin
12A6ZyEA957VAvcfJ2QzL6DzjXsZHBUQGE,bitcoin
12A6drn59BB9p8i823PErh9zhpfgKv9cNz,bitcoin
12A6mEBCApMUqjxTrjUSwqv5pZUmGGQb6m,bitcoin
12A6qz1DHUvVjy92UK8j9VjjVTBs5ijG7a,bitcoin
12A6xKW87KhsLzNf2LQj9u8xbkpt9RDdLv,bitcoin
12A76R4Sn88ryZQKQJVziLgTZ6C9pbkxRu,bitcoin
12A7CzsAqX9Zgs9QTyLiLtzGkVVu78BuoC,bitcoin
12A7PSKHP6SxC722R3M1dMuu8bKYmfnbie,bitcoin
12A7QqFVrYt945mnn5pT9aYP42AUZimXk3,bitcoin
12A7Qut3AZ3QFouSEnwkDYWfakbbKBcLN5,bitcoin
12A7Z3UFSH4VP68H5GcqpiS6AR6tJuQEdL,bitcoin
12A7dAkh3b1ArgREUUKZMaFHQsXDAqdqok,bitcoin
12A7gamtyfYtAsqaNiSNuk2zDQmtbQWJdx,bitcoin
12A7iywZPBmMe4MRisrGR7fu7xvF5Nw9Dw,bitcoin
12A7uLwGE5HL6H7aNymFTgSz5UcpttCLcq,bitcoin
12A7zgLKHrwCMLpvEaekaWfbjkkWN2rfBu,bitcoin
12A863mpbxJwwxZ2zBMGwnn51uobkURypb,bitcoin
12A86yNExdU8sbEbLMF53tMvnVu13tjbVE,bitcoin
12A894xgMvebJJbTpLy8MSW7Na2DKZNL1b,bitcoin
12A8Hatki8oVskmtdomqGHg36ZSai4CJyP,bitcoin
12A8K6EZffky36gYKbWvS1ACvhjAoUorAQ,bitcoin
12A8SdbGAfpF7SPZFy1LHxbRYHzf1qNo3F,bitcoin
12A8suPb61LN1dKzfMAKLBBmkwVdNMT3xj,bitcoin
12A9BsctTQEVrL6Kj9biAkUqxUQUWFRNo9,bitcoin
12A9JPsdpdHa3ppuFRpxJBUh7r1egAhZKg,bitcoin
12A9Q4pLyv8bB1nqLe8MggkLm3SR4sqkc8,bitcoin
12A9SAYaZ4Uw4GpTHEwJpyLd3qW5gh9CvU,bitcoin
12A9awDBv1xuwbub4VXq9V6JxD31GMx1C9,bitcoin
12A9keyimYbKXZncs7vb6J4fk6QzEMaEAd,bitcoin
12A9orNvLw8eSWniSGjUEyp7tUawLd6cHV,bitcoin
12A9pN12MUg1TMSaJMZNdmthWjSYrTyQGc,bitcoin
12A9rx3onoPr884d2WT1VwnetVMMPasp3G,bitcoin
12AA1LgDJopmcRdFWyMF3sYbXWtCsLmvmj,bitcoin
12AA3pDPpy7uJp7boRsxgGU8k2My9LkhaA,bitcoin
12AABPn4dYx4gm4uJfndysw4JKQnTBuLZs,bitcoin
12AAEtkmNLRaZCTnbiAsNses5ReSMjGwMY,bitcoin
12AAQi6pvFgXReXPnfpfSri5VnXaP5vf7p,bitcoin
12AATL7hLAWdpfLVUt2Jgm2ZuzvSDwSftf,bitcoin
12AAZC7dQo7rYyfxDZ8dZyamqbJc6E1Qsx,bitcoin
12AAaooF8yaUNbCqtrctpbVj458ohGeB3t,bitcoin
12AAfEKh91cX3wt9fsWUkembufGazGPEdY,bitcoin
12AAo1y52Pgv8cX9yJfoBTzDoKoNeWSJrJ,bitcoin
12AApauwxNirFZvjca7VWio9xCTJgkDTmr,bitcoin
12AApvVfK8fgDnHERvZ9Uty3pZtRC2tMxH,bitcoin
12AAtJsESVJfZefkYDZnVXP7D56pTRXRvB,bitcoin
12AAxvEQrSfrWVL36t2dMUPZV7nVmyG1wp,bitcoin
12AAzjpaa2BM3vtT1xuqE3k9AcL5LMsRa3,bitcoin
12AB3HGRKUSem8xGwaCFuyivqL1xjHEQ7t,bitcoin
12ABGnE21YuidhJvTy8beDWWEdRD8cy1aU,bitcoin
12ABHoy3djPrRBkGLxMwsMqazxqv5hPdhC,bitcoin
12ABeaybW9GzAbTn5a1tpPxjZ2YjjTVsLd,bitcoin
12ABecXgKMoPkHpNAEE4pzYLmjJ34LHc32,bitcoin
12ABevayB3j9RJ8twokG3diyYAKqRTHEFu,bitcoin
12ABtm2ZN5N5o1ArEfLkdj8BvQBsAze1Zf,bitcoin
12ABv7DDwnLpHjNty9bpbSPrFgAu8f4zZw,bitcoin
12ACBSXcyBn4XMHuugGXRoo4L1THqPcPyK,bitcoin
12ACCmW86CduqdfmauMvieDEi7rEoDUtSA,bitcoin
12ACEpNCCkqvZDPYiNrD3auRE1RG5675W1,bitcoin
12ACK3rdRuWRa7yaabJHniaeXbrrurov53,bitcoin
12ACNM2d4HSR2wTsu6tzYeAgHLNLJsvQys,bitcoin
12ACe1MWnhXuQcadM3s3atpNE4ZrQTJeDw,bitcoin
12ACfS88MJjzb4BgtomACWEKFQJMZWvoaK,bitcoin
12AD6eq5E5ZnrNza1Jpk9E7DSBrsTWHwy4,bitcoin
12AD8Ni6VyszwBqNKXqyQvCoKmUxWuxUp6,bitcoin
12ADBaqpL4GPK5JikRW1qH8QJLu1xnsYyK,bitcoin
12ADExhoyvidvA4K7j7VN8VeqhfyPDewGp,bitcoin
12ADMTxMKFjHjDqmTvNv4PgQZprWQ92Mnv,bitcoin
12ADNx351baZwRhYZihagpFL9dJ7jcf5nt,bitcoin
12ADZcqHqovgLiiP8MCNnuiF7VRLsQrBXF,bitcoin
12ADZmfaMYmy1GNUV2FtTuYEPXezgNqv5g,bitcoin
12ADcaeYAaEbpBMx4j9egBeB5xjqme73NH,bitcoin
12ADkKoTbBusCSPz3Hj21nQysZcgHwdN44,bitcoin
12ADmcYsTskL95xT9enc86tE8zGX7YHaVL,bitcoin
12ADnqTR4wWthRtmJnciVWYxoQbwZy7DDZ,bitcoin
12ADt4JNridHiVv5dSBC6XSoyCrfTbYPNp,bitcoin
12ADxYBD1mxpR7YRsvx7qXPAzaj8WSngWv,bitcoin
12AE3fQj1CsSGL9c3aZpkSDz991KUxntvB,bitcoin
12AE4kUXkSitKansYKoEJbgTVQjARNfWhL,bitcoin
12AE9UpiMTxCKZ2u123Ffq5fJ8fBcQJL5C,bitcoin
12AENicEdmtUvXGZEzLiRgok63AEFuMjwd,bitcoin
12AEcTP9YNNKJtYoA9Au6PGLeeeDpqGCue,bitcoin
12AF3XJHEE3enrPwJymao5WVqgDeJqqTs5,bitcoin
12AF3dfNVW6pwgyGrLo5Y1myn8wc4sUmJp,bitcoin
12AFLz5VNLL5NdWnGVidoAz52JAd8tKM4M,bitcoin
12AFQGZN4c6nhFQJ1oVXYMt8VFU5fSqsbM,bitcoin
12AFWK2afQ6NLiLWRPEeShvjHErwkrDtFt,bitcoin
12AFama572H7J2fpeBovZfKiYFZgXBEXam,bitcoin
12AFdxmtq8m8FsstYMwYzyaj6uyzzCmubB,bitcoin
12AFmssKY1k1y8cQ1eaJp9pz7LasRgGSST,bitcoin
12AFmxdbWMet1ndnjyio8ZNWG7bmiMN1Ht,bitcoin
12AFqnnkqSQQ7QZjhpziKa5Pw1yTYR3CLn,bitcoin
12AFvzmaeopDyATqCvzhEspYnCvLaaKvYE,bitcoin
12AGH2JitwBAcqCa9971swgJDTngGUr8NS,bitcoin
12AGVJXq7HwvCi8krhRJKdKXDp8kbcpinL,bitcoin
12AGbJF1tCaaemk8VuU1zQkLgRWV2tRYqe,bitcoin
12AGp6GpW3n1PtfpBRWXR1mRrdpCcbNdY2,bitcoin
12AH4zXa8zrwXFWWqj5vvHmd1AQ6CAtydK,bitcoin
12AHMJnaW6GSjwAZQAWWRZV34HSeFMgyyx,bitcoin
12AHN7uKjBpV2ciAgDFTMuEGJN5BA7eSN2,bitcoin
12AHVeU5AUY6vdjKrdzti4JqGz3op1hNce,bitcoin
12AHiAxPhcG7TSiZonP32TTPS6BRJ5GJp8,bitcoin
12AHkXoKb6sjRieSxK7aKTJ8PNrSarnf8b,bitcoin
12AHpc4e2zieFHEffGH9cbQMEHHtPzfD2N,bitcoin
12AHwea7CvBeAw81vcF5n6qXHSCeFKt9B7,bitcoin
12AJ1w7wJys1PpWFokjfPwMArDy6d955Jo,bitcoin
12AJ4gJeTPK5pFgnfaeA2oZ1SBqj4nr2hn,bitcoin
12AJ4zHhoV4wgBcqjtZJgXV19AuGP193TC,bitcoin
12AJFR3yyeo8L32Vw9pFfuCxZWtK3hJxsv,bitcoin
12AJWJMEMezbxMfs6VALxqyTe5BdngqcoG,bitcoin
12AJdh2K7uRDGAMzTAtsV6czurEZtBtoQK,bitcoin
12AJf8evmqNdANjTJ5VG7pPADPnoNK4HwV,bitcoin
12AJhXePXh69rzPs23dPbLcTGrEKv8L1tb,bitcoin
12AJtvuJoWMTg2jffd7h7ezUYX5JmzMjig,bitcoin
12AJvfbySw3iNQZNwZBRveZ6iXxHaCMewP,bitcoin
12AK8tFbT95GtGDkF44Shupovxk1pN6PzV,bitcoin
12AKKTse7a2et42a43bXMfmZcrUBzAh7op,bitcoin
12AKPcyQKCT6jvP13GzWNhLT9pewt1AFaT,bitcoin
12AKPo5Lh92a98Ko5XrWosd14ycbYFm1Rw,bitcoin
12AKPscHgz4Y4cuvdiytLZZnudtK8mDX4X,bitcoin
12AKdrjWULaSudT7xC9ykNEu6QMvHoLMwt,bitcoin
12AKk78zPuoMRKTAsts7SYxpKXgcZGy3KY,bitcoin
12AKkUfMfab1WeJRWZ74xZ4eRojVihBTM5,bitcoin
12AKkdT3TwM3joqd2K2SpBcGaHxUMqBTjp,bitcoin
12AL1t4UgUnUVpQADvheqv3zB7jUgjpzHY,bitcoin
12ALSXG5FKS2y4Bu3Quw1VwyHiWMsRk57C,bitcoin
12ALyyo6xadLJqxVZgh7btab3dd1BH4W5M,bitcoin
12AMG8aSnoRuS9Dno68Ny6WpLSZRwhPD9v,bitcoin
12AMP243oiqzRfD3pMHzzmJYsLPHDe2sry,bitcoin
12AMSwvANCDJxjiexbtE5N9Yks8Hf7sEVi,bitcoin
12AMZvMdi39TEuBuUi37ix58JB8pzAgXWM,bitcoin
12AMgezDinE4Uj2uSs4HXEXUiR1sroGugp,bitcoin
12AMheaarTQKKMH7cWfWuhgcNpzGhYopKs,bitcoin
12AMjw69yZUzD6eJB4CiiTY9LWVctb1s27,bitcoin
12AMqzLrSq3eaiqBSDA8RnR5idfHUY9U1f,bitcoin
12AMttBGvkAkx1RWNzzL7kqo3XMPu9trAm,bitcoin
12AMxDDBWeaiW6SbtxabHHJmRXPSDyDwo9,bitcoin
12AN3fmiFZp4GV96PaR3jYkQ41na5XVkr9,bitcoin
12AN3s561mBmGwWNQHr9WDMNSxuKMVFLXm,bitcoin
12ANAx4rJsphD1RvnVUMXT8Pku4FAjoS2w,bitcoin
12ANNrpiM9VX9Z7imfhiefKSyUGPN4mxY1,bitcoin
12ANWsMbXyxQv5nxj6abstSrEYapREnadT,bitcoin
12ANaM1n5S2rCLqGjt46nwHDGhxs6Nf6in,bitcoin
12ANj8r53gAPf9xjB1SVdJQLWiENC5Uqyr,bitcoin
12ANmUqdvshMwR95R76xMgxC9LAVaqf3sd,bitcoin
12ANmhrmQTxAruubaTxL45EAyVHcZNEn4G,bitcoin
12ANwCN5dYRuzQbvUPoMP3cZn11eCzGG4M,bitcoin
12ANxzTkGFPpiYvMedtoYUAnHPWMv7RKqq,bitcoin
12ANyUPKWLya1UB8CPy9Fi2TM4wdRejd2U,bitcoin
12ANz2Ys6eS7oi7XzFqYRRdrh8sPoNvy1c,bitcoin
12AP12HNo79exHAAtfTdhNKaktSC1FMBEM,bitcoin
12AP5jhGiGDkLMKN4QZucAaVsxbubhaHRs,bitcoin
12APBwGXAzyURdwmjWArbYWs9dLfJmw6ZC,bitcoin
12APM5McvHF9Vqqb4rxYvPXQWWHe7aB7ms,bitcoin
12APNvMStGyWukxTY7GrJY17aBhEfigxTZ,bitcoin
12APbpQZWdjPSEHGN13aAgFSp1bRz6sU4c,bitcoin
12APcybUfQLCXUQJ7W1zY31uU2zbiHJSpq,bitcoin
12APe7s7qbZEBZLfNSqTeR2wrAhDfC3EXw,bitcoin
12APtdmsb6EgKkWFXVMzwAexU8zGw2HDAH,bitcoin
12APvthpsjQZuPtTVC6k19EhQQ1K5S6Ygq,bitcoin
12APws4mJzk4778MPbFqCPPZZtNMx55MHr,bitcoin
12AQAAsnuam2XuSixxA7gkGNtrpxs7uM8Q,bitcoin
12AQBDHoKRu3iS6f2gwMKNSDXyXhpNqAcB,bitcoin
12AQHrSCXjjZbACdfQfg37gH5FVSzMYK1g,bitcoin
12AQNZEtV5q6bfhJUxf3jZpVkU4YDTGjHD,bitcoin
12AQSJkTkPVJPJioLeTEQkkg4TgQpJsxk8,bitcoin
12AR3eHaS4AzM2SEVTFxrFeWThFfEhXg7p,bitcoin
12AR8gFRV1X5SogMGoRMgq1VN5QXDmS3aH,bitcoin
12ARRbgQAEndTbMjPGEPiYXwddEDJuJax7,bitcoin
12ARUqW5WxeDa4oG66ctqieujY1kgZsM7W,bitcoin
12ARjwMhUnYqXSTHPxPdU5JHj9SyRpZLyi,bitcoin
12ARksLZmiwZ9NVqy1UrqvfN23b54AEBAc,bitcoin
12ARqFefmvrz3QYZsPXtAJ3MzhdSBWGkRS,bitcoin
12ARugsMjwVzNTfNCgkWYq8uJsHTN1YvKu,bitcoin
12ARxMFGzDvppAXmsPgDeTDpnZoAd78Box,bitcoin
12ASCPR57Hkti6RufSHixTqxSWMf7yJ4x8,bitcoin
12ASHe87DTDKghJvQpanT4rmYvtJm3NauF,bitcoin
12ASJhQe6DP56XefXC8NA1JMxVJGTw3deF,bitcoin
12ASLy96zQjgCha6sqgNwmHQAwoRCPbgdo,bitcoin
12ASke6H7XN6U6CYJZDizheofPBM5Do4EQ,bitcoin
12ASomRvA32qaXec88MwHL58EGbqDYgKi9,bitcoin
12ASs7erj8vrb6ZNNL2aJCMvAXQc85zCaB,bitcoin
12ASsyDyqAGFE7ewVrCdKD1TWdTeFkLU21,bitcoin
12ASwe2dJHGghPUXBGyYFToGq1EtdEdphc,bitcoin
12AT12jZaRYnijNG8MQU2mtG49DbvfsfnK,bitcoin
12AT2iENxrPxz9E9k9Dx5tUhfSEv4C7doe,bitcoin
12AT4KyaCTwUkxLA6zwCXwFMS9VBqw2Tv5,bitcoin
12AT64tkEE96y3JpxbjYohEeohnKR2wL9J,bitcoin
12AT6QbTSwMhTEwkjnUhmAcF2NbHBDyDPM,bitcoin
12AT8mPYzr6jSd5Hpt9UN5judboxniZF37,bitcoin
12ATALyyrh6uP3RxYNg43Hebczy3Vhbw4V,bitcoin
12ATFXLSx7oMiH1XSLkM9spp464uPhJ1ia,bitcoin
12ATddMJ8xVptakcVNqztovRaWLWmHwA1S,bitcoin
12ATfHePkXS8MH1RaKx5KNjBNj9EBc1sCn,bitcoin
12ATfiYQDKL9zfQTY4D97yWsFvCL1Aeids,bitcoin
12ATnu6ikparzfke7Ze6qS97rNMzb2hHfV,bitcoin
12ATpDSBsyPgi4HTBXojm7ZPeMHD2X9MXA,bitcoin
12ATpGH22b8oX6rsKCLUNoujptGRp6SceX,bitcoin
12ATuqU1Ay6nS7dow2K4jeaga1gN578UNN,bitcoin
12ATwp7qpZDthkLHgLdRw4uBt5p9H5Zr1s,bitcoin
12AUDWHVJnuaQ7gxwtHvcesYRkvWhVTd7x,bitcoin
12AULMxu8NpL91iiJEy81tuLX5jPLxxPZp,bitcoin
12AULrdwRHgvsuZz5ZsJCG6wMaMMXv7CFy,bitcoin
12AUbSfPo9FrnMu4dcwGwmJmw4N4sbpvHN,bitcoin
12AUjhRbjgiPMuiSVfR9jNCnFAi27AqHqm,bitcoin
12AUoHesga3mgFjsSZRDqqVDV3dwybRez4,bitcoin
12AUqRy3Wkkm47YXiLkqfj8eTrjB4iwAK4,bitcoin
12AV1WdaYnuj1a1WzoXUq2rH2GxdPgJhKS,bitcoin
12AV9PVhsube7zkBpgzH2s6va6AKA8kWvg,bitcoin
12AVBwTsVb2wcK1ERnh7y6wSSdwDYme3Qn,bitcoin
12AVCnuxgyQEYGMQg1WFFXvFfqKYVCXC6R,bitcoin
12AVEkGfdSstexCdb1eeishcJdzgz8ed9e,bitcoin
12AVMhoNCS5NBcEhbgJvASzZ9oUobWkyif,bitcoin
12AVQf56ksjZGMCPkcaTjGW8gzmrJz1asg,bitcoin
12AVbdSyqSMjueCU4UCygVc8vJ4pxuugzW,bitcoin
12AVdjztPP6mYAp1YBMFCN19if4woJG7nc,bitcoin
12AVwNdovd7tNe7jMdvrMjUMtSo9hXarzo,bitcoin
12AVze18hS6ME3WPfgik4RbS92Ettn7YRA,bitcoin
12AVzwqKcekjhu13AKqfz5bRCjvjD73Ns8,bitcoin
12AW7VB2GhZiZvefcM4rYz8tw4XYrRKbH9,bitcoin
12AWEJfika1fwcsGoENE2x5Tk3VD8q8Dzd,bitcoin
12AWHvuKr2a8UCxfRGrLLiRH4h6wQrqo4J,bitcoin
12AWSrnvtYSUrZSFRhou4gyZvjCrviS5af,bitcoin
12AWeCqBBGQJZ5nNzqSyjQNE6sHTQQLvx3,bitcoin
12AWgRREgKd7k5JZVgaFfTN2PPtixjRK4k,bitcoin
12AWogU612RhQXTisX5wBJFdhGnnd2sDLe,bitcoin
12AWs8F7SGHJKjevpJBRJWpbCYQBNHhrsF,bitcoin
12AWwRBtbS5JWQfkvkFiD8yJAToKjWNSdb,bitcoin
12AWyaT7qfDXdVwPvvFYYEVVKnE8kPR2GH,bitcoin
12AWz5QBZfv6dEyJFjDfq24e545r9RtgGJ,bitcoin
12AX2ePeE1vgcuvq8v451144X9WhDbkAqp,bitcoin
12AX3frogUX2RuUTEYXw24dCxumHHYNMwX,bitcoin
12AX4RhfQ29rybSNGKkhSaVF7evV9bY7fM,bitcoin
12AX635HiaoGNWwEonWsWbCBSB3Yq9uS6E,bitcoin
12AXKy49xPvM1EX8tRUDdShiM58RPr2wzV,bitcoin
12AXQft5BkhU81b12xsJDDgMAUtk8jGPjG,bitcoin
12AXZhhnpPwjGSuraBxyuDWXit4x1EMaFE,bitcoin
12AXgc3XjqtiGfbRCcQBnYMqaF7VJrBCio,bitcoin
12AXiZj1hsmkLEG1i7yYUW1PL3RyGMfGRx,bitcoin
12AXm29DwZrkHs6JcJh35Qo8Dq4DQmPg2V,bitcoin
12AXrqY34tpyJomQfPneXz8zoJGMoCb82H,bitcoin
12AXsJqeMiLKiZqmorKTEdx5J9HuDubV43,bitcoin
12AXv3TBxiK4zkumU5deUM8YqDsFwjh1XG,bitcoin
12AY3yrW9tFTpvLjRYEYaQEcHdw9JWbJnH,bitcoin
12AYBrpDTWBcchzmiV2dJfThGX4gUNffvs,bitcoin
12AYD6BV1Dhc4evMdHSfpP71sZ3Xomo9XR,bitcoin
12AYT9nh6GpuGmtV3tDkMzXt8Wz97noacA,bitcoin
12AYVXpeWghRWgxbAQwP8i4fVH1Fe1F458,bitcoin
12AYVgd2rQNr3oZVhaSFsup56da3edHJnY,bitcoin
12AYk8fUAWpBvND7YgQG4JbHi91Z4Na5zi,bitcoin
12AZAz233oF9fbFa7KRbc5wJ71KNALUrUe,bitcoin
12AZEZkxkGULhzHvjjxgUe3k1rRd6eEYHL,bitcoin
12AZK8KumzXjhE2TAo2np4wVv26L3pBUik,bitcoin
12AZWpQGT6456uvnEAMgsAMHUAUcxaNdXe,bitcoin
12AZncLqYHL5djXVtonYASLWYJmk5tMwS4,bitcoin
12AZvoRCKKfqZRU95YoUeq5XxUyHFEYTrn,bitcoin
12AaCJ9Yv8W2DdPCLkqy44qzJJ1197GsxV,bitcoin
12AaKHfEPzvVZQzf8BF9q6r4pMSYKFeJw5,bitcoin
12AaPXcRGj1SYxJioy7iL5TQcPYXchQsXU,bitcoin
12AaUQGZvP9gVRv8ALPvSdqdu9kegg3GF5,bitcoin
12AaforF4Xtptp24Umj3nDUhvMbiSDi1nE,bitcoin
12Aahc6WS6mNtZz4uWfmTKZpwNrtzjrmNq,bitcoin
12Aax744CFLzVCbwfYgYHcsiJuRUv3sCeQ,bitcoin
12AbEgXYLHd8hSHf6iYCnkcXHRwMiHbBtE,bitcoin
12AbSpM8gNGrV2UhaseU169jYgikeC2qBx,bitcoin
12AbXi6k7mc6rW24GA3PweGrHpQxfYSQjP,bitcoin
12Abad893PM6XTT4dfzoLebEJJ9nFZmgwK,bitcoin
12Abfi6B7ByoTXYmALaxpy7YD85xzrdyQh,bitcoin
12AbkcpVaY6Q4WpFLk7UHcCq6a4rHSwvdd,bitcoin
12AbvBZh6n2RXgZ6E782Ypo2JQ1kC5Huf7,bitcoin
12AbxNeSdXRtkYtbhkXUtccVaq1sV9XuCU,bitcoin
12AbzCpcBS7nA8eyQNrh9iRvrKoAMefHxT,bitcoin
12Ac6kNTQMQ3cCUTEVD33NT2duVBRTdUCY,bitcoin
12Ac8JfosVju1mqHqoY5FQeSAfeaxa6ncL,bitcoin
12AcDfNhGULoE1dJZe6B3vhsnF4JsZdfYL,bitcoin
12AcL4GiSzazP6NYovP2qMxcUHSWDygeSk,bitcoin
12AcVZvg6m6mRPX87r6X39rjXU1Eqv1Kbw,bitcoin
12AcVjcEYovmr7LzpJ7C7bpLBsMeHZjqn5,bitcoin
12AcaJoBnzQGbCejj9CCR1BqNZFTqpvZNk,bitcoin
12AccH2XbLLJ1TBzvLw3YK2gV6foQdx1uc,bitcoin
12Ace5miyvdSvxh5PQSY6XeDodArUbTCip,bitcoin
12Ach4hNyu2ViLgQ5DgBF47qXTKU7Btpvf,bitcoin
12AcjMMVEGibNUxQtc9LHLMdpMfhRVX6NL,bitcoin
12AcjP2uuYvANTM4ChWRGaSQBri2WB2m7X,bitcoin
12AcvEBWWXUuxHUibyMmn51n51p9VVd3KZ,bitcoin
12Acyporzqfnkf7ZPXxUpzTDTgCWsCwnAV,bitcoin
12AdP6jxhLiTCaQ8zJ6tZW66HpfAyShXKZ,bitcoin
12AdVdjcmtGCDQ2ecxL3mxPkNcs3TMnZN5,bitcoin
12AdZ7Wa3nDoZb8Lvoh6vkUo1WQ9AiC7dG,bitcoin
12AdkDFbZLfTdispKaiwnxUWDc7Rjh5XNa,bitcoin
12AdmM6kfwx9WJ2LeHD22ChfMnDTTVs8Lh,bitcoin
12Adqk5n5tLTbE449Eqt2FQNSbZnwpLdmM,bitcoin
12AeAg4aPQwBaXg361vwRx39VbwzUSeJFQ,bitcoin
12AeGw9CZwWJpjbMMiGRLr2ZvhpbExnSwB,bitcoin
12AeHfHKSDfJC8MTr3G1MJ6kuQZPcg1GLt,bitcoin
12AePGuvkcX3PvkHbAF31hhJHP3Yc6QLut,bitcoin
12AeRiSVhC66pFwqaaT9gGymQRL9FLSBeV,bitcoin
12AeaWQ5NKwaWuY8CUzaQMLm1CK5ZJ4Uyr,bitcoin
12AebSkr5sjtr4b1FnNxbNBUhTVChpfkui,bitcoin
12Aej1eDQeDFzfLsQaU8PRRHM2a3A84J3L,bitcoin
12AenAan5dbboBs6CuMQT6MmAQcYfS93eQ,bitcoin
12AeusButnfAEDXiLERQDfZSM156ZLRJQU,bitcoin
12AeyQVPAd4PPSF83fnNBPCK1BsQfv5D5V,bitcoin
12Aez9grkCYBc8xaaBC5LwytNeQwKi3d3W,bitcoin
12AfBQ3UqherpqDw8qgoqgpVYHkLcLwuf3,bitcoin
12AfWG24JV1itS7ByhtnwmQrT28admNX2g,bitcoin
12Afh2CoMFWuSFdt8Rztz1Qq2HfDbuKP8o,bitcoin
12AfjYT9wk5mHaH9wvC2ifd1cGLKscLMGX,bitcoin
12Afn9Q4K4sVD31ASHZhSXowUjLL2WbezA,bitcoin
12AfozuTW9K3fiPL6Cc3bghQKHyZUuhTjx,bitcoin
12AgE7CQzQtFLo36w8Aaom3U4TmNWhQLJR,bitcoin
12AgKyLmVM8XLkPUT6pet7FZeqo8FPNnaS,bitcoin
12AgLNA7L9GMbYUKnkZfegv2xKgbSdbA7w,bitcoin
12AgLPHidgfgd56YeUtPFE2365WfaYprik,bitcoin
12AgMqK7seuT9HifQ2yThGLXCVRRqtD8yM,bitcoin
12AgRAMpjF7Jo4BzaK6F18KJvQLYmtTebK,bitcoin
12AgSecoaM4nFYHPfUAnE46iWmWvFYGw7K,bitcoin
12AgUFrMzQJw79tH33yi9xGJ22TbbPYmf8,bitcoin
12AgUNKFdxJttrfBvYgvLbHuc4qa8PFBoq,bitcoin
12Agij7mSZkb2Z5kb2KRaopuwujDqEffAM,bitcoin
12AgmLMBG6KENVWoYh6Ni3K2kJuCGkE3GH,bitcoin
12AgpS6NW2pibCwhuebL7Paexvd5JGPwsf,bitcoin
12AgzDUJ7e1CH73zNrcxE7UvXv5YPnievP,bitcoin
12Agzq5BPufxevH4cKy1YvrJaqFPKMFY2h,bitcoin
12Ah2dGgYdWZiY4MdMw4o15VYbVCxsd3K9,bitcoin
12Ah98x8Z9dZaBMx1i78NgoF2NGZc8XVJW,bitcoin
12Ah9nuaBw96J4wENz7sA6cBPmrnHFL7r8,bitcoin
12AhApCtuXd4yeNPoq3phk4K1VbycJTx62,bitcoin
12AhNNZpD7yWmeSKLwoscfVF9M1p2uQoCz,bitcoin
12AhNqt4YceWP18qnNoVZt25yfrp3gRoy2,bitcoin
12AhcGWjafujTZ3iJmkZMG32ZsLQeCErpd,bitcoin
12AhgtmpfE2rhJfmkT3R8MCNiFUMf87KbA,bitcoin
12AhjCaJFWQJvDg5xjBPCAGRMLN2QeXjpo,bitcoin
12Ai3WLVRkQX87yAKS8itT9vR151oj5YS3,bitcoin
12AiDHcP78oVWomJy4kN1Cs7snEuhzg3Lw,bitcoin
12AiNFANgGo62R61JKv6Ybj2NVXsbsL36k,bitcoin
12AiVjrbPJGN6ZwXBJY2mWALxK6YV96wX4,bitcoin
12AikmPbnLn337pveaZdcqrbK9cbK7GQGp,bitcoin
12AinXBmbJ7nHreGS3nRS2EjCywk7U26mu,bitcoin
12AirpZJJdQs3ARFiQGRh2oxKiqUYmUS1w,bitcoin
12Aiy8ekhuUW58A5GM4WTv87uFc4L58hc9,bitcoin
12Aj1xAaiaVhYioE1ZvJ6d65bc8zg4AJ5N,bitcoin
12Aj7aQnRdjkrsbX6UvRd5FhRKJqtkFrSz,bitcoin
12Aj8y48ZG6M94gUfH5AdyhAs1Dz97fEv8,bitcoin
12AjAGUevFt4MgfidBzVY51bPxqcZqsTaZ,bitcoin
12AjD9Yzf8uuVy5GtsCB62rzK5esRwtdJy,bitcoin
12AjFcxjBANf6sPHLMsB7Mgw577nJeUk7m,bitcoin
12AjYgRfPLgquNnGzt5QzLgnFnoKKfXYZG,bitcoin
12AjfUrPKnyGgmUpXRZLYPsHonCyt3pwk5,bitcoin
12AjuS2Von9q3u8Aw6XPwvA7TK73RiYvPi,bitcoin
12Ak9i31ZmKxjZjbeBTqCDUgCHKyovNa31,bitcoin
12AkDJuW2712jqVYtmGzr2aMPGFZ7rXMuL,bitcoin
12AkR3ELDkkrrwxPESsh3L3wK3o6VeSHMK,bitcoin
12Akd4aAyXmo5f3na9wgYZJTSsVJCSJyXB,bitcoin
12Akkh9YkHtimhpjoYzho6xvHjeXX3aTkS,bitcoin
12Akz85P7eYtqpj6c7tWfLYkewDZNXuTnb,bitcoin
12Am55eixaftdMg1GzGaR4rUXveGUqnTks,bitcoin
12AmBi9uh1PJSAsD3rWBBRjwy4FHxBhS9J,bitcoin
12AmLrBGd8d48HdbVNCiVtX7NrdDkB854E,bitcoin
12AmWMyWrcYJc5mdt8rNsKZc7KkjKSHqWd,bitcoin
12Amfi294JiDx5oN5QUZVzmUmtG2njK2p6,bitcoin
12AmiGJ4gYzsGF5ARv4AGJpPqv3PvdgkXy,bitcoin
12AmqdJZFcrULsVmfSRbDhup7J3xWsk4En,bitcoin
12Amx8nbzBpvrSzurPbySJuw3wrAusfNvn,bitcoin
12AmysEZzpiQXRLoAfK1C1edqgKDjP8mrC,bitcoin
12An3Rg2Aue6wmWzKKg4TECiDUvJTfZLqB,bitcoin
12AnA5wHQJH5DipJQnXNzeWQ3qMFBttKM6,bitcoin
12AnMoXFa3XhncrsYdaiHDUvPwwj4oDc36,bitcoin
12AnYUXj9Lrod71cStunMMABpb3rcUm5Bs,bitcoin
12AnYomUsvTcx4fzZZhb9thn54MJBqoqia,bitcoin
12Aninn8yPHhs8ua31uwU1H1QzaPnRmNcY,bitcoin
12Anj2fpJgjo673oa6F4DGRP6ndpgwaBN7,bitcoin
12Ank9L6sFcpmw8MyWP6VJg4G6wjxZxyQR,bitcoin
12AnsVnjbPDwoX5jmERzSc6cXu6H5fz63R,bitcoin
12Anti1V4cLi6sr1UEqGGATcnFhFsxWvhc,bitcoin
12Anw7yGMusBwdne7ksAeSE8tPZVob9NAX,bitcoin
12AnxXCN7rzBRLuw8PVMFvK1MAHF1ad3av,bitcoin
12Ao56LaQxT2tCMJbcB18Yf27MNHKAdnWt,bitcoin
12AoFehCSg7WjrJM8KPaYth6cKZA229sCZ,bitcoin
12AoFuUK5NSuuqPFmXALjkef8JSqMca96h,bitcoin
12AoFxfGsNDW1vbcvZ6qG8bNni4M2vcmYC,bitcoin
12AoXQ28voYDhrTikgjQ4x9BN1xT4JJxZb,bitcoin
12AoejkTBUnvyS8chiqM5UoNb5abNMEkus,bitcoin
12AokXNCmjEpJE1kuisDLJvGPa4sVdQxWi,bitcoin
12AoynTxnDNF9giwavEnqW34MoCSdbQ1Wm,bitcoin
12Ap2eEtikp86W3qJWuokUxswkro41UmBP,bitcoin
12Ap3GxPNLewNJFnCbjocYR9FimA2L2HJB,bitcoin
12Ap8GJntsMyktf53KsWTBayj5XenULsTx,bitcoin
12ApDLmRbaKmCxXFnyhrGMrH5BDWHypP2C,bitcoin
12ApEZh156pRBkHpbCTBA2JzVHdfJ7FLbo,bitcoin
12ApNmRig23SJwMVNAES7gxoyQjHBkH1e1,bitcoin
12ApRzwGG17MZ7rMHpKy4rBreLKZD7mqP6,bitcoin
12ApScJkNWcD66aTLSckJ2515SD8FEn6ZQ,bitcoin
12ApTPf5rngm5ASHPsY6cYrU6Yc9TPMVEj,bitcoin
12ApYwnk2LpKkH9iHfXUUUHhcAR5QtyaCb,bitcoin
12ApakmVudfefTozz1gF2X6mWSVmPsKzEw,bitcoin
12ApbimFV7kbYahBRZYP7scfNDGrUFtRaF,bitcoin
12Apgc2Nbw6so1KnZtVrWkDLG5F2znvUPg,bitcoin
12Api3w8was2gjJt5zgcZ3Tk3LhdACpFoy,bitcoin
12Apka4zgEN6qYovx3yBhdXyyiFbySeTQM,bitcoin
12ApomZSNVAatZQgjGaEJ1ZPHm1F2TQYSM,bitcoin
12Apz7cAYVbTpmYx9bJwdDRPDfUQbyD85u,bitcoin
12AqEbx8BfXj6QFaPPKe825SDLohapizvG,bitcoin
12AqFoXpAGCEs5oeg712Hxgem24GohnQs7,bitcoin
12AqLEVtfMJhHvZYv71q1yfojgu4wCs692,bitcoin
12AqRpRHgFVviLVpCjvxKSgnzXdXqR5WUf,bitcoin
12AqaY8hZCmxC1Rk6SVgrEzfTd7qt77obu,bitcoin
12Aqawc29RGJLgM3arpCZtiyzPXLSvXX6i,bitcoin
12Aqc9nED2u5FrDpPek9PE8dHpkkcPidzE,bitcoin
12AqocXcMncNX2PZiuhhfVLqWj2nmPKG1f,bitcoin
12ArEty8n8k7h3xqrfTYzrnBbrGQ3gpXEr,bitcoin
12ArHoVG8ech4x9ErV8xNj4N9zoJvToWk5,bitcoin
12ArKa9hPLmC7XH4xceEVRMDbDA9PewZFp,bitcoin
12ArTTbYadnesv9JvMm19W5vNvMKqsfrjJ,bitcoin
12ArfWJrgCSXkpJPgCXJX9VAuPmoHtLBM3,bitcoin
12ArgCeJYYPCuM2iuDVZ9K25zW8gw3zekR,bitcoin
12ArhMcP24D5NxgQZZoNuga62jxdUuLLRy,bitcoin
12Arj4qKbHEEksNsRLjHz9EBnUQ7pcm53Q,bitcoin
12ArjDh2Re8zMzVeErFTWwW4bpqhPUsFfd,bitcoin
12ArzQEpUuprsKBfW9mftAEQ9y8FgDLSdN,bitcoin
12As1Nm55xAnHWpG1BTvuKu5g5y1hLR6WY,bitcoin
12AsCvqLoe2qAPXBzooB6jXVpQbHpPrEdE,bitcoin
12AsHBvVetNL34xyiTk2urZTFnaNJgFbzG,bitcoin
12AsVCstHXHPrVcbGYZAwr8MHnqUZMuuwn,bitcoin
12AsVHP5QJe2PWV75shfnE9ynFhwR9pjJM,bitcoin
12Asb3SmqXEM79f5NSihCjvmzMVg44jZXV,bitcoin
12AsbxuvH8chwVb5NU2TFG1NAKuZXHBAHc,bitcoin
12AskB7XmyHq32bnio5isSdAZHdrMk8CjG,bitcoin
12AstrMfmWUGneBcU6XoVuvoiPaSSqHTNm,bitcoin
12At5xwxgukiNZPvFXeRVeZz9Rrtw35CLg,bitcoin
12AtLph5LfcBEMfqkJo7MmtVHGFYd3Zcp5,bitcoin
12AtW9fJHSDaV9tVjtheLGpY8g9AwWYtP6,bitcoin
12AtY6kiYzoJn3yDt6xxHymJmcmtAFRsbV,bitcoin
12AtfiiXrPoV9NsKhVPHztiXzUhLzGzvYw,bitcoin
12AtjVijTEJ3YP77VnnStVHo8PqMk472ne,bitcoin
12Atn9DiwCy7jNUKhKJeDKvPPiTBy9RpxJ,bitcoin
12Atpw36S6E6djgfJSohsdfBnncv4Btenn,bitcoin
12Au1Ehpzf8HV5exB1E5w6PXHWcAG7c8gP,bitcoin
12AuAcZEr5xgi5QrH9LnQj2zuGbf9HTUqo,bitcoin
12AuChxaP9Yg1nPXVzXnm6A6EZLcM3wYwQ,bitcoin
12AuF6MaBJinR3k3gGUdk1CqB1piiqMErL,bitcoin
12AuFvrxMreQp1zeg21oKQjWubns4gyJH8,bitcoin
12AuGqJvnXwBXVu3FpGbv5mWjEZYXk9pQC,bitcoin
12AuPGQJ53CkTRHS3QnTX5osRtT9sUWHWt,bitcoin
12AudqzSdbtdUEHvEs9pe9yjDs3gqfTSr7,bitcoin
12AuhbGW5N5rBsoNCiiNfBhprNLrCcgcDA,bitcoin
12AuoieMUVQ4yWCXVrjQqi7uV4vg65KSEq,bitcoin
12AuxuNWcMkvUPog6zxhFBY2yEsttW8hSm,bitcoin
12AuyPPcrA1iFCF5tWZ5YLshUoEhivmM8K,bitcoin
12Av6JsUGmEzCkBCkA3PmW4mBjaeJF6crR,bitcoin
12AvETzCg3kb1HsgXbmbUqWhuH4763cskz,bitcoin
12AvFZWyRuQ16pDQYhHKZxHfTi1TFiWhyZ,bitcoin
12AvNKBUZL7CEHVewyQrCTxuShhzNkpUzq,bitcoin
12AvebsZFKUHVVEQLwt6AhfJwRaHGqY678,bitcoin
12AvfrxC3xWAqvwkTz2tp44MoPJeU95ZcF,bitcoin
12AvmcQXHjKgjWUSqFw4ChsNzc3y4WqvLJ,bitcoin
12Aw5fSLvFjR3Fvw4KqRBQKz4se3cRSxJq,bitcoin
12Aw75pntgMc8EBRzzVnGpHYim1jziSNE9,bitcoin
12Aw8r7Rdf9KfKzpBTZWaaWzv6Nth2cBeJ,bitcoin
12AwDUo8hxYwoJTh1DeG7LpxgD9AcUekWU,bitcoin
12AwJWsJntDBhUpAUEnBQdCs1wL47W9NCS,bitcoin
12AwJo9VJ52DsokjV4kpTBGQZ6A1JUGMcA,bitcoin
12AwTCcuNjmZZxPXxyUZYdQ3M4PP1EKaEJ,bitcoin
12Awq7fEkTUH9RrYpRVFJPtLprwLeKMGoR,bitcoin
12Awv4tYvkzbTEiXJhBGYu2ybxCXGeBTUu,bitcoin
12AwvWrGaEf2xFHw2cNumnPojgdVDXsxr5,bitcoin
12Aww84aLnjEsJJ2PNEY81gpoPohSQU9CH,bitcoin
12Ax7VraBEvQYsqLkkepmeG3NHniVLxr8z,bitcoin
12AxY9Rywx4YMKo2wTQRBXqCgJ4TJAFziB,bitcoin
12AxYR4SGg38ASKHvSMEXgr2AfijxFFvTY,bitcoin
12AxxWsXJfPaG7CFF6P9Eot3kFdbpewAxe,bitcoin
12Ay1qoNCoS8moTtDnBbcaSDXjWx656Jwz,bitcoin
12Ay4a387h4s9jZHAMN6Wq7dXzU1Djr389,bitcoin
12Ay5zL2ZuurV2SAW27t6kYhavTZYMgbvz,bitcoin
12AyCFJ5Ea9pbhtixra4acoyhqLJ23jYTV,bitcoin
12AyCuukiPZnuz6nqHnh8YZzEYXzV7DSDM,bitcoin
12AybGRZicv983cvgNxTVNKg1SN7VXrzPW,bitcoin
12AykxafyQeTxNRSK52g5Qh11oty8E74wm,bitcoin
12Az3Ty9Yd1VUSPZRm9qQqW9H1iBPW3CCL,bitcoin
12AzKwSbqKHMdWQK2zsHnef8F48rEHGgEZ,bitcoin
12AzNzx6Q1L9yMZWkTFSmWYLT1bJp5qZj4,bitcoin
12AzZono8DHUEkqXhV6Yq2ev8hvcANpJyD,bitcoin
12AzctetWyNavpHZoZXUmF5aizfjbQ2WxM,bitcoin
12Azk5fUWm2WiCcGnA7QAhGBo9KrkUM16G,bitcoin
12B1AGrYugaiBAGx1hvuUioEiEwLsaSwr5,bitcoin
12B1AwTnwGuSp8kUhSktEtahX88Qg6tx8t,bitcoin
12B1MeLESAz9ATS4FDNLrenA7uAmzq1C9x,bitcoin
12B1VSM3WAMhdYnSbWnc6CiwpFnBb5yWQh,bitcoin
12B1VwafojJEbQfQ9Ln1MiJHDQSaguhx6n,bitcoin
12B1azQrGqHw6uE5zUjNDJzKZLPrNE3QdC,bitcoin
12B1h1wN3rjyLp2DvvAWBKNKCANHLaaSSW,bitcoin
12B1hV3AnS6etsMKXFPVNuFsJeEx4BU3rN,bitcoin
12B1vStxqa8XwYrHaFZRKKzYHUiQgPvxzm,bitcoin
12B24iTXUnoXRVc4rtnEjmaoehFVQVj8Zm,bitcoin
12B2EgYwv7wTysudMpLmxFHMnYVX1Bu3TC,bitcoin
12B2L5XKxV3SX2CtXcEj777NM5PpKJTiKn,bitcoin
12B2LoVQKMiyudokBShpnPinktEwLaCzZP,bitcoin
12B2WVZF1Rw2joUPdvhDoQkEqNNh84RmYD,bitcoin
12B2iQz4XEdyp2Fg1MTkS2S7kksuATJ4gw,bitcoin
12B39sZ99MZWhsPbnCbXYos3EhjJhdWcCU,bitcoin
12B3FFRtyM8dEaegDCvfNkLLZK4SphzUqZ,bitcoin
12B3GVwkUEjPWDviyNLKHkYzhLnappTwDC,bitcoin
12B3HhkigB8WKKLn9M5vGZgEVP5scWEXun,bitcoin
12B3amjNX3L7YoCvvnphsLtX1vnYA3sdaT,bitcoin
12B3apssJcYJCkPYr1ZGnDsdr5WcrPypRq,bitcoin
12B3wdeFH9qPJ7b9MbJpPT3SZFHAbKzxSH,bitcoin
12B3zZzxMab7wRBCAcn63Hz24tMgE8wgJ8,bitcoin
12B41FbG3Z9x37imSDVYneZTmmzeLWDzhU,bitcoin
12B441RCWxohGEijLaS4iAZBar4bBzmHmf,bitcoin
12B44C7q8YVMDNWiEEgX4toBvvFuXmEZMT,bitcoin
12B44sfHqMAEAJ3Fq6EPuyWDYtZjB4pJb3,bitcoin
12B4MF7w7fMTtwBfsroMnqBg2fMHZd7nmd,bitcoin
12B4Uv61DySqKizvHQyRjGGPySV46bjHyw,bitcoin
12B4i9GzYALqpHQ1LBUV1nKu7GsCzTqjDN,bitcoin
12B4xrVowREnT9tGRGtzPpJovraYvy3DyL,bitcoin
12B58Y7Z1XBxck8Bkkea7PhTF6ZA8gxwzY,bitcoin
12B5AV745suE7bt1mfTNquyfRZ7Z9Lvsuv,bitcoin
12B5FgxVE5Un3DvtAA7KrB4ANQYvBo2H99,bitcoin
12B5LdEnNgsE1q8YWBjCXqJquubGEziAKT,bitcoin
12B5W2N4EyNpy3viy9NHNVWd4K3MnEokyG,bitcoin
12B5ev78hBTnUe4jdUofQXcunj4qbxDTck,bitcoin
12B5hmhQHSoHhz7R62N28wPFT8qgr7e3Pk,bitcoin
12B5ncrYs41uYgXbFdoLLq1oCQ76ASa91c,bitcoin
12B5rbV3YofUF3wEznQugGFD6fZw8G61oa,bitcoin
12B5tkENYvKaGoedjuG7jkZFPUPAfoK4FA,bitcoin
12B62kkFXT2eNTdnV4WmH8125Ae8XiufYs,bitcoin
12B64MU4sgkGPdsYpWYjBeeBRnTnNVd2YY,bitcoin
12B64XakBpYwcSbZgQrhoZAre4aN16ekdq,bitcoin
12B6LkrkyvY5YzHGZG1zwwF4Ce9GSAuDiZ,bitcoin
12B6X3NbwCgErNq1S31gkxFWMLnE49xjma,bitcoin
12B6Zg2hyJztE2pHYD74URvcmKgbL1PDM8,bitcoin
12B6czNwmKWHSDa2J3hH1i5t15teQnw99V,bitcoin
12B6h6g2JyT5r23WeXoMFjtA9yRHouLi8P,bitcoin
12B71AN1ChaKs3JbUg3H88zHBEAgYbWd3V,bitcoin
12B7EFybZVUJJKxH7TC9mkBi6WE3NDRRF5,bitcoin
12B7EZVMwRaMdiAJbv3PCSc3u1nR9ddeGG,bitcoin
12B7EcnCcgzc4ccQdaBU8KBuGkJShBHJCg,bitcoin
12B7QRqNoSDrsdkENS8REcgZWaZnff8CHk,bitcoin
12B7fJXGNmF1eKRwAeZNFHQS6TzVitHe5P,bitcoin
12B7fWXfj58Uu3t4ERjGjGRJbPPNazUTHA,bitcoin
12B7tCfi2ZYfA5G1VH6dVhU6r2hZ949KVY,bitcoin
12B7uGBy5CM8aZtC8cSGqmFgYCAhNyvyTv,bitcoin
12B87fT7dPCG1HSZgUgxN513n1XHBxqfJt,bitcoin
12B8RfosDBBWfkfPERGgysxV2a45FL379p,bitcoin
12B8UDzg9gYc9ZeJkNvrC6zS7rz7fu1j3p,bitcoin
12B8fvYZm2vjNx65iUaYoSauPRaFkQoPCv,bitcoin
12B8jSPmiL7RcgCoHShME3BAgnRjubF7ds,bitcoin
12B8tr4f8YW4Q7vCoiwWbVFJjNaAc3wMXy,bitcoin
12B8zS9Jkni6wDXowVMuG9otjtxNkWz6SA,bitcoin
12B93Rk5MiMVMK2Xp7q1Gy5YYz3za4yEYj,bitcoin
12B9AbuHN1bT1xVYuw9bRBfNep8s7PML8H,bitcoin
12B9Gk1ML9dPA7AiGvKr2yPZ8xYTFM7rDn,bitcoin
12B9LeYv2GWhD7Dvy6FwUwYhedvbgp68MB,bitcoin
12B9SWAtoEpbREpQ7xt1TLaqQ8pZAJ18k3,bitcoin
12B9Xrrtb4qLB2y29kM1YubWveWyDqLYht,bitcoin
12B9cC8EuPk3CHC6YRqfsSZDJt8hXf5N3P,bitcoin
12B9n4ST2vqfYbdr7YxTRXbUbsMXrgZRCP,bitcoin
12B9qkCw2nU3TXXfEVJugHFPiCiY6skuDv,bitcoin
12BA3qjdFTKDJsjXh7boNVLr5AnaNF4zV8,bitcoin
12BAF7k7VxPfdsUkjBFd9WsyLaFGZHMtv6,bitcoin
12BALEakpfGSizdh75Q6AQF8J77ZMfkqzS,bitcoin
12BAW7VXHU5ABBKu3G6WxJcPjDuG7gS9i4,bitcoin
12BAkwabX5J7P6yuTaeUkd5XFL9fXaD43u,bitcoin
12BAnEYvQW16sBtgRk2gMpbxaAsp2q8G2V,bitcoin
12BBa8QqVH3m5zhucC6oK1cwDSw52E2HQC,bitcoin
12BBdgHJZYpSqSTLVXz6zz4LR6j8MuSwNq,bitcoin
12BBgp5d78WKMfTJWoqWeexgnCbBMDYVr3,bitcoin
12BBigTz8MgHWLndkuaC5wm1xJ9y5VzUCq,bitcoin
12BBkhw3KBau984tf2JSSYbYcuswNbwa8y,bitcoin
12BBmjm5VJy8SQBjGtV8kv4bdCCGTTAPNd,bitcoin
12BBsaWo3jhD69h3cTmnFz5qcPkKET7LDY,bitcoin
12BBwgMAwoc5JYENYicBLMCZrb6mFX8gcw,bitcoin
12BC6wwUMmJJmuUtFefEKCRSdUNgoaJY7p,bitcoin
12BCCpJrd7oYZUxtGN34p6buwJhgtLeFGU,bitcoin
12BCFRxQfpZ1WvGZPv3QWNo9rzSnQ8m7KE,bitcoin
12BCNCahJRfZ39d6fGZ7QdJjLSy12VRzmE,bitcoin
12BCRKT2pBSs1UrHaamrsAc2b8fgUTQm2g,bitcoin
12BCbsNUMytd6SBGiiRY7miVTP2Q1c5jAJ,bitcoin
12BCdk7LrJtT49zBisp5UL6kY9NgefFLC1,bitcoin
12BCeXHwFjUdAotHLbQ3s2BZwkw3uLgNAb,bitcoin
12BCnMY9LWCXmopUsN6zn9G5Y7LazSNi3q,bitcoin
12BCoFMfrz8t2CUKwxeQB6Q3qKZ9Bh2n8s,bitcoin
12BCobbHkdYPSVsRjRfGCPKRwGT5uMwKWG,bitcoin
12BCsFK2Kha1Ev9z8DwQWUtU65z4khmsaP,bitcoin
12BD5jpnnes88KNNjjZZwmTjxYAva6UBk5,bitcoin
12BD7cKq31AnWrRkA2bC1EbK4X9QEHTBi8,bitcoin
12BDfyDs5pGsECV4bHNUchrhJK4LcTZEss,bitcoin
12BDoMfLnojQfmBZzimkQE8U7uN4LavKSR,bitcoin
12BDqv4VExyu2aovTJJTYNwF2XUt81KHtw,bitcoin
12BDwXKkLyLUgrpHB2cweRXcgEBvkq37Bi,bitcoin
12BE6UHMCRP4NLYxQkzTTFkh5EY7XtEArj,bitcoin
12BER7tuw5oYQVc7ZKqqUcGzxGuYazKXmK,bitcoin
12BEWgdRrokVPoR7arU9Yaxbv3BQNBcdtk,bitcoin
12BEX6PtCFV3SCFwYhqtpkLiVSR7oL67vy,bitcoin
12BEXKvW87FyVFmsUCUS2boLYEN19oWQCz,bitcoin
12BF1256jGZQqZDnZRZBoFem2V5jLvKe6y,bitcoin
12BF2BGnPrwF1QzZQt52PeLhc3kg8Gp5EC,bitcoin
12BF47KC5uzyXtXvRqf7mJYd2RTZAXgRd2,bitcoin
12BF9kRn6VGUMb4ApDe6qHeLMi9Mkedmuw,bitcoin
12BFFGJc9GJWmNbq9ZGjwcKzXwWiz8AtCc,bitcoin
12BFYLkAU4UVcdQCZb3zWTGZN3K6WjNea2,bitcoin
12BG3hpLwiEVcmaQ8qPGLP4HgNAvMzc1Wb,bitcoin
12BG4BPDrjhZfYiB4yFao9C1zBZavxfF8K,bitcoin
12BG9rPyecawPqCopiwLdHTjF53kwwdSRM,bitcoin
12BGP8YBhj9E6VLQm7JDGJEHongzREikDt,bitcoin
12BGYpMDRYHSBmaSVCYCY4WPUnudnmzvZ5,bitcoin
12BGjm5q5KjvjBjKwCV6C8UmWGjL3A62rc,bitcoin
12BGmFsaVVVYARnvzyBBJ2bNxJefihvhkT,bitcoin
12BGqcZki4TVMHunS4Hs81jS9vPsPCR2Af,bitcoin
12BGsL2Xm1paz977PEfcmr91PkLMBsq6tv,bitcoin
12BGtUsncNhFiK3qi7p77chvUyA54xzCs2,bitcoin
12BH13sGWWxwSKkCriupAmwXETf8apGXiC,bitcoin
12BHGW9WRGBzEoGGdyYjeMtivHtKbT2YEC,bitcoin
12BHUcGPhQDeJqnannNtZowGhwsDNozXxr,bitcoin
12BHb9HPmrA7kZwsiY86UpeN8rjNHdsu8k,bitcoin
12BHwz1QGBPD9Ckn24gYpKEdUdEDXkqk8h,bitcoin
12BJBUpEBF44TM5h2Jz5eWFKbkHq5zSgGg,bitcoin
12BJCDqHv7KvkYBQqLgzLAGt1pWNgfAdHV,bitcoin
12BJDcrc2qiYvXwgnP362idguAKAnd722V,bitcoin
12BJJNvRSoGPzN5kchL7n5WKGNaqVH3yCJ,bitcoin
12BJXXEHoyHC8PpKhbmhJHQQLcixagdtaF,bitcoin
12BJfWypMD4gkpkjfmv2ohhHbPMuGcwD2c,bitcoin
12BJiTeMpW1y9t8CjM7ZmkEdDUE4ndrHmp,bitcoin
12BJkdx8ybpDpRoPK1M3zC1Yv4EZud6ToS,bitcoin
12BJkrYMQEsq9U2DvEXRrZWowne79CKA5H,bitcoin
12BJmJAao4fAx8rSm2LnEn8JTtz5rVxmAh,bitcoin
12BJzLnpCHhhH46Sb2Yg9TvPaV1sx9BjmK,bitcoin
12BK2V1vzLkQuJgKfJ3h2KpQHcK8CsJ5CE,bitcoin
12BK9n7djpVnt7sJGQszPxTij7T2FEHRU2,bitcoin
12BKMYXdgMYjufxKsGP5YQoybNnX8uWDUz,bitcoin
12BKmjHBVFqPqY2zSU13Qv2Lj2ei7CnkPo,bitcoin
12BKnpY5nRwF7bfwAWRVoWxY62ST2XGVgQ,bitcoin
12BKoNwypsaosJ9PTh8pZa8iCXyhv5jmKu,bitcoin
12BKsJmbLsJGrC7Upb6kjLPi9PZYxWVe7f,bitcoin
12BKtVSWStwwAgmaDjuZQt7DVEbBPM3H7x,bitcoin
12BL1hgfd5zcHY1DSFh8AqUqJcNWXFViyS,bitcoin
12BL4FrbtX9tWAvu8QdQ6oVLEVRcQxdjxn,bitcoin
12BL8QfcUWWHhMUr7nLuu5A58WD1AXL9GJ,bitcoin
12BLMGwS5WjsKguHVbxJCUZsgHrCx1oJPN,bitcoin
12BLPu7vpA5Hm7ubmhvrJwMkVGDNNSShUa,bitcoin
12BLUhKRGgbKY8SNaZk28DdJ91w55b5msi,bitcoin
12BLg5iWMmB5Mh7YQii5TGKAiKfiUiXeEM,bitcoin
12BLnkvRYpQxnBEQ9AZWddTShsvha5GGPk,bitcoin
12BLqgTNNUPSj6hoi65gzAfVb6o66WKAC5,bitcoin
12BLsKqp2wDpAtpVgmDQq7aA813th3UquU,bitcoin
12BLsoHsK3QC4gLAnw2HxFKxFqNHqgGaVD,bitcoin
12BLunq4QVErrMxEnJ314CZTE8sf19fiWZ,bitcoin
12BMCqwXLggVQnZNwYjK9uyQ2AasKzVw1x,bitcoin
12BMHruiuS1BFTvKENRpFSFbfhPpgPNdro,bitcoin
12BMStYUuT7qvSQWziit3Cd6hG47wVdtXz,bitcoin
12BMW1wFJAVaJS6qbXjraUEGX4rPPcrBxp,bitcoin
12BMqVwjc2pGLXDPiCB9LUSC4YuKhqutNp,bitcoin
12BMr1r4zw1X4GD9iTifoJQLQMB5yHozGo,bitcoin
12BMzE3zfByN5KKAEHAwzRuMQToyfqau59,bitcoin
12BMza8C3cWzyHPnLQeMJTnKFQGdeGfyH4,bitcoin
12BNLLc6t9WnYSUtmc54XgWXkGgwwtWbsB,bitcoin
12BNP3EUszSY1pXoksPkE3EuZH1dQiLwwL,bitcoin
12BNRoRoSE9JQU3vvaFQxqVmw8Ce2VLTBm,bitcoin
12BNWzBq4VaBSQuTnvC1KGPBD1Q1iXaixK,bitcoin
12BNeYNULz2epp86zGCR84XsCT5NiPm9DP,bitcoin
12BNw4F9Wo7fvP5va8oVzRoNWoZzjdrLH5,bitcoin
12BP1ho97MsB5fUZ9BNCAsqgJKH7j2PbfB,bitcoin
12BP9m3PjbgmfAjGHmeGHCQcf6gggm2tKL,bitcoin
12BPB9ZjSjedYeN3XgcfkE2471Tn9UA5xz,bitcoin
12BPPXrTBEdNDJip5LpAy8LuURE9MRGXiq,bitcoin
12BPQCMTQNNbQ9XxaXrGqzvL8CVKd7Pfyn,bitcoin
12BPWZKSRGBFYuf899P4WuMoPpQYJ36ECc,bitcoin
12BPZF42K5tcRV3kZwUXmiQXHTnjHzwFuU,bitcoin
12BPfWmpw9fjrUwfhi6SnVvLUMQr2TLehg,bitcoin
12BPn3jKumZVN4byFXVk1acaHSubD5ou5B,bitcoin
12BPpsWArcaR6WjzZo3rEc8VKrEQ6AzyXD,bitcoin
12BPvebGPAXccaxgt6PEtUEFZPwLN4XdcW,bitcoin
12BPxevXXoeW9uviS5ZLi8FzCFSZs3r5n5,bitcoin
12BQ7c1jhbUeX3nH8BVsTBBkNrfFv91jEb,bitcoin
12BQ9SnRkw4NCNTvFrThzEmxPZJmnQrWYL,bitcoin
12BQLYmJhaf84JJJtnhhqUTEC636kVXGxU,bitcoin
12BQiX51oviss6VEhfE1Fmx5k9Ce2Q58gG,bitcoin
12BQvvf4nE61AnVF4PqCgLRkwKcQL2KKRQ,bitcoin
12BR3fJsTTsuwcPMwKJPNyMphrnWRhYvVP,bitcoin
12BR7xgDF6r16r7NtjdCSe6PFZ4tmxi84e,bitcoin
12BR9iM5q4hpdW2fiZ92fhShByTS22aJjn,bitcoin
12BRKdk4qv9VaHxUnXVc6fZ6GnZuCgHoeS,bitcoin
12BRLJJui7L56CfEQCiSqYQvmBBCV6An8m,bitcoin
12BRPT5WtkTACBpNZCMTgPfDiGd3xwbeoK,bitcoin
12BRRK9n6xzWsLNCHhD5dc2K68VyJnEuRs,bitcoin
12BRddkpm2osApUJJ73vCEDigKC64b5sZE,bitcoin
12BRiG2j2Wt2JAmdY6TfVyBGZ9oGfMAuaD,bitcoin
12BRizVQ9BCb3b3AEaYrJbJtHymVaAd5Rn,bitcoin
12BRjA3xWGzzmb3wrqmxdwe9drG6E9o3dM,bitcoin
12BRjdLdUAvmfyoRzuZo6mC5yGWnaVPCSL,bitcoin
12BRkJGB3jN4VYRdhXya2AEXN5XGmn1NPZ,bitcoin
12BRmcyixkjH6gc9zeSCa4caiR9ZhDcETG,bitcoin
12BRz5eiYKuTfmdHiezaMf9Zb54bfbKwMh,bitcoin
12BRzqQkkN3LnGdfrX8Z9FV2LuEok9X9rD,bitcoin
12BRzxqqRxukZicqauXMnsDTqXhmgFxtRC,bitcoin
12BS1jubDtZsTqSDfsc5AnTo9pgtmwhKJm,bitcoin
12BS7LbLcqtTxvFomg25g9BVDTr2inKV85,bitcoin
12BSTiCfAf7znrfc1ivxQowfNfmUm7MAwe,bitcoin
12BSXMGAiBa99KNwMwDekdjXJVECqMLBwF,bitcoin
12BScf77T5fDPb2mLVDEcNG6FEuGCL6JcJ,bitcoin
12BSmkVz6iKpEjPDjjztGUBiWQnLTvBhcM,bitcoin
12BT1zRkCZzV3ZedPrmduZkyRYDf9QESUJ,bitcoin
12BT4HYkYy3xAyRuM68an86S3597wpRDhB,bitcoin
12BTHiUfSDLn9YGFb6c23qC9NnG339dAvQ,bitcoin
12BTM2Horow9DDa97sSZ6TVLWC7aE7RwcC,bitcoin
12BTQuGhgoKZK6KNd9szN9KRodnBACdAyY,bitcoin
12BTRSgcz8FCDJgmeCaT81t7DpoLMnejYV,bitcoin
12BTccCXHSDWzzNm26UmaBRNkdj1c3viGj,bitcoin
12BTdsD1qta4tLMFUikWkJKQ6kY3nF2yGv,bitcoin
12BTfNwuNZZA2skD3m8nTRwiEZBA5FA8cw,bitcoin
12BTgqVeehm3CGkFx7kM4wFmhkQiUatUcy,bitcoin
12BTh4k6p7kGypw49Ex5pFeXVVnUAKWF9K,bitcoin
12BTnF64ZMvL8uXQ4dsN9fZWqkc8K3eDsZ,bitcoin
12BTp6e6VpJ1FMJ3poFUCofFUjPiWZQ56f,bitcoin
12BTu36YUMubqAfg9JH3bWXJHQFiW26qGM,bitcoin
12BU4KvwYjYWaHxfuh24KC8bQT37bjitVV,bitcoin
12BURU4QUnyvZJn92QbpjrA5vgknG62gTk,bitcoin
12BUSZEzxaXJpMYkFomNQVCA9rw6tAWt78,bitcoin
12BUTjsXi7akaYAhQUAz3ugu9hVaob76Cd,bitcoin
12BUVPtsB79F8uLray245VTB53GQKDhDZR,bitcoin
12BUViYk2jrPgmCBBpkgF6vGeWMJACh2tp,bitcoin
12BUXR379pLBLVE5pJ2ZwHK3fZ9i1xXwDb,bitcoin
12BUbEDvxc4K82tS3VNx1UMABKhZdHeszf,bitcoin
12BUp7sg5j8QaS9ihECzpMTfRbZvSchyp9,bitcoin
12BUpP2cfg7pttmAeJbq5kRKU1G7exNttw,bitcoin
12BUrFWjNMV14ie6yScWbXawycEES4MUQ9,bitcoin
12BUzLLRnNxQ4xNXiJ3GaRfyKFK635Bq5S,bitcoin
12BV2gifXZCHFZ8PPytREL4jcYWqyUJsMD,bitcoin
12BV82RFTnLbt6mMdtBcrhSP6ErRU8myv2,bitcoin
12BVBCheEWWpfq1JkiDw7tYqQVEF7DtQzS,bitcoin
12BVHH5YiBWh7ZUUE8mkmWYjW8qdQpVKzP,bitcoin
12BVMG2XEEuJb8gHPBdHWnYz8kADK4ecRa,bitcoin
12BVMN7znpmfMpkhhyYbdZ8GwYAbKG1KcK,bitcoin
12BVTK1whfSRakziyx2De9fwBJTxG6efNx,bitcoin
12BVVjrpSGrQaUUzcnYBZSkbuUB2QPpoUm,bitcoin
12BVtMrVdXtQQHJpqUbpAHiQ2KBdJB8Zgb,bitcoin
12BVuZwahPqr3R7ASPX7VVT4xv89a45zb6,bitcoin
12BVwaQ8qt4Y5n6JXhfvh5XDqQkXhb4PTZ,bitcoin
12BVyKtKyRaS2QjCWQiRoHyyW9crzeqnnw,bitcoin
12BVydxoXSowhDVwtYHu6U8xU5UtQKcDy4,bitcoin
12BVyzWPwDUS4ikNoBSCbf3jEA7n681ebu,bitcoin
12BWG5BM9XKehkEBbyhNfEkwPzJGkcN161,bitcoin
12BWQvZGEEoHo2qjpcRGsyqQYQVxHmMCDq,bitcoin
12BWRBn4iRSJK1zy2KQ4YfuSv19ebjVYQc,bitcoin
12BWSYdXHW1w1APE3yj3GHJAmtqDGV6Lev,bitcoin
12BWUk3EuueP95Kxfx5Y3a92rQnAbB8HXj,bitcoin
12BWW6HHZC3vwCakhFMFemrasMUKwAHdkY,bitcoin
12BXAHPEKdUUugwXmTcge8SVw2TdtVwHsG,bitcoin
12BXUJsrcVynG3Ln1Ju7B7aFx62AuPjMoa,bitcoin
12BXfMHytLNi1KUXadYGyshS22HQhQPQhD,bitcoin
12BXpyoj1rDhfx4Yr2s6do3HPdzRajCBnQ,bitcoin
12BXstgpjAFMbwmt1EzWhPxvk6Sw85BtHx,bitcoin
12BXzroSebd4vJSjo5USBGBKboqzUnYcvk,bitcoin
12BY1iPYU49oCHhxTbSGhnhYHW8AMGMuUx,bitcoin
12BYDxDDzbsSSrzVzEQHuQfxBZiSUQP3bx,bitcoin
12BYTLifbweDBLtLM6iJdAx2LrvDq1nNXQ,bitcoin
12BYgRvF2FVms5cPBwKX5FNcRTDs7Csgu7,bitcoin
12BYz2W2o7V4kcrZKNhjxVhxqtZtHtDT3Z,bitcoin
12BYzBPq1hv9zqapyen24vCi9oGffEQdUR,bitcoin
12BZ4NrSd9Hs4QPy6pGyjYf96GfeGqFMr7,bitcoin
12BZ4WwvZodwsjxwTkHg4TLQvHKXgunA4U,bitcoin
12BZ5EprhLbu53G3q37rbMGh8YMR7413FR,bitcoin
12BZCjaVdtq2pAU3bBtWJL26RYSDv5sqdf,bitcoin
12BZEFybPHu46KRFZwSECyPrdywMzVSUnY,bitcoin
12BZWSiZH9LHANFjCP7iBAzj15jEoPTi25,bitcoin
12BZmianAw1NTKq9tbUn5XMK5BTNz8L6s8,bitcoin
12BZoTvW7R8czkfgqt7qUX2T8Ue3KukMNK,bitcoin
12BZofSKV3gdnMrPAk7CcxZeWGukQ9Chxn,bitcoin
12BZu5cFLt6DznDGWS2jD6M1HQyysBGFAC,bitcoin
12BZy9UebcFRXoiaFaio2BnaBqsSebgTVP,bitcoin
12Ba6K5WSJT2jbwXSJwZi6KtiA6DuXFNsY,bitcoin
12BaHDuWnhSSs8xEtTi2V9wamzgSmZoSAa,bitcoin
12BaN6MtBs1RWuKkBPWbYn4HHCK4QBxyE7,bitcoin
12BaPxtRf4xcHE2HsjJpVnp14xaz6cVjLQ,bitcoin
12BaRdx3vqoviZWPWNsw2qBnGA7nugWyNB,bitcoin
12BaY1G98mCeu1gRDiDyZUHJ2M6YpcCpwq,bitcoin
12BaqP9WTjMicMZebjoRDoJdYJSmsJWXDz,bitcoin
12BassbK57mRzAwY4S9RvHYaaTXiT8KHcy,bitcoin
12BaxdMWrcChkG3naabnyxsvBAaw5ZrE5T,bitcoin
12Bayi96xjPpHBWkzr19RPuz3vQH3WZm3i,bitcoin
12Bb1epra4b8VyEqwMHguUoKvHBjdmLeyk,bitcoin
12BbFCWya5DonNiXqYTaeCzvdvMFRs77W7,bitcoin
12BbNbqJDJUUqEBuZkvCTzjPnjQ4RXPQ3L,bitcoin
12BbXSvnsZWMXnfWg5Y6gCRisZbZnGjANs,bitcoin
12Bbb5agum4g1mp4x4SfRvDhiXW31hg4eY,bitcoin
12BbdA7KRU8GB164tU8rEQAjA975Laeyfk,bitcoin
12BbjuGSC1JpczSuc6JqfPc8DoS4b2tn6c,bitcoin
12BbxpiXycu3ERYPdiKXYUXjzwkzqsThh8,bitcoin
12BbyZi6NKfqJ3wbESJxBRcFrhgnqxykEq,bitcoin
12Bc3PhntssSY2tebSbpkw83emqDAncuX2,bitcoin
12Bc6cTWD2DYafY8jEBPC9hgKBK3v9ZR52,bitcoin
12BcPdF1FmErbvqv55MrusVhH58wcEYEAc,bitcoin
12BcUBPuu11Y3HvK1VSSsrAt9DZrKNYHT6,bitcoin
12BcjBARJyBgmgWbADyXr4PcTZ1DYbqVCh,bitcoin
12BcnEVDG454BYVvTYJYBfFNk3bj5kkWoS,bitcoin
12Bcnx43ti7Th9fJdSLSvqM3etHL65cuuV,bitcoin
12BcpRkoZjSwCMPZnc7J82aeeZeqkJCqba,bitcoin
12Bct1fbgioFGwFYo6w5dzWj4ncFgkiTSW,bitcoin
12Bcvr3YCC4R7BAg5n7asekVA4epVwNdGm,bitcoin
12BcxbZnJBenq96NfhgHnCxu2xnp6ayrRE,bitcoin
12Bd1TiWQAUysfNgEWLXceZHvMytUW7X79,bitcoin
12BdHXag46w4LJ1A9Pz1QidJDe7bBM7Wfm,bitcoin
12Bdrt3a2qeStdxbmXg6vs1ksydPVqZa6j,bitcoin
12Be1LWejUSqeR1dcvkg39X3wjeuzt6Q24,bitcoin
12Be1RxNn2JXQAnr1DYupWUrbLJSXuWu9N,bitcoin
12BeEApsNd6HYWBuf2jvSGu9BKq3xQ4b6k,bitcoin
12BeNX8t4Cz6cXcP3MG3PavQP1box64YYJ,bitcoin
12BeWp6cY3mJiYoBugSxJR3XDNwVkoYiG1,bitcoin
12BebwCSw6jMDhDAZabhDRVuBsgpBfpFwM,bitcoin
12Beq19kH9hfGWN96pi8rVFyXRnLmT5KWA,bitcoin
12Beu3cVpAK6KvqLkrdeq1V7448WddrTf6,bitcoin
12Bf2rUQUHBUp6FCgtkTVJeVcuBzeLpLmP,bitcoin
12Bf4t6ZQ7ihdpViL4Wf8QWeREamGLA9Dz,bitcoin
12BfVtPQsMzQeUCtA1rw1FuSRfX6X7hu1P,bitcoin
12BfZZDsdXus6oSnW3kYUWXcH5CsCiuGEq,bitcoin
12BfteSn7dZfwFe7AerCbxkhUC2EUM2GSj,bitcoin
12Bfvk9xz8FvJwt82RSiVbKakrMEkFaeef,bitcoin
12BgE6BQjBtKAGifEt4sAakC24PUuH8Sk4,bitcoin
12BgNrRPwaXGCEybjpS8yM51S7Vrakuu9d,bitcoin
12BgUGjUdwt4qfweodq6cpc2RAkjaECtFG,bitcoin
12BgcSxTdFrHQ5sZ1peQUbHQKTb4YFhuK9,bitcoin
12BgeuRruUD66hLKYyCxnvkaxwwcrMo25a,bitcoin
12BgpYyKwjiKWgkrFSLWwiiVpLYWarq4gg,bitcoin
12Bgyh5gmJxRR51BTQrtSPQ7CRvhE141Yd,bitcoin
12Bh79HwZ5s3WVHw8DGZFfNEvYfzUyej9U,bitcoin
12BhEraRLadAMejyTuZGxY1CBgYKpb9G66,bitcoin
12BhH2YrBrjTGuL8Ws1M9pyBkjgLpSb9pd,bitcoin
12BhKHEjG2gjRFeFYfoQ6emzpNYi3oQU9e,bitcoin
12BhaxPmJZyGpcYmBuZbrG3Y788mah7gVH,bitcoin
12BhgJJPGMWU2wJtzoza6TTGzoNoWf1tj2,bitcoin
12BhgnxXjEb1Qf7ZKgS8Nz2AGnc74JP8QH,bitcoin
12Bhtoq72qR2RR2yzt7Jp8u31n86oHDg6T,bitcoin
12Bhvo6wt1GJzYbdjNBVzwYVhcDXxGmzj1,bitcoin
12BiEQezXkXwhLJYn4JfvVX2fuHknSdBMa,bitcoin
12BiEZgHpXwGNGzAYVY8BMhvTzGcsnX34i,bitcoin
12BiFdmWFVTgqw3i2HpSXRWDrC9xmKUcY4,bitcoin
12BiGSR5xfjG9rGC3xo1TfqbKdNHqXzpui,bitcoin
12BiM8vsYQg9YhwBeX1KEv4Z3b8juDLgbT,bitcoin
12BiS6yG6d12XoE8i77Fq9iN4LA3HTbnkV,bitcoin
12BiSteQt2YAsCav6vvwMDfpuT6akHwp5q,bitcoin
12BiVNvKK7KEaMBbDbga34C7dZnmuYZyiD,bitcoin
12BiVtiUJS4AWmcfhhzmNe9ACWoJDnEhzd,bitcoin
12BiXtNy6EN6wdXT5aitSp1nLae4pLvuKs,bitcoin
12BiYYs4xQHoaFS4NUsGj1miqx7RSraheC,bitcoin
12BiobpbJrawQyf3d4pQLpG5cqCfnCPwTs,bitcoin
12Bj1tQQGen7mEjGvRTAgJTBEMEKE8pZeg,bitcoin
12BjG4pqwyjh4vAsUX9zC5xqTLbGpoSDLD,bitcoin
12BjNPXqJ8Y4Wc19KhhEs27pt1S6dSsAmW,bitcoin
12BjPhZvGuBEbxucfgviEuDCPaidLF27WU,bitcoin
12BjSaPCQbRQhssWmafNzXehwxdtY9VVJR,bitcoin
12BjWgso6q9FWEvRh4j2qTLD7Qg19Hvg6M,bitcoin
12BjXQvx7Fi7cyG9HKPdzLr8YNzy52wyDm,bitcoin
12BjbhQHHLn8JHDUoy9NBodWe6mv6GGCs9,bitcoin
12BjcnA1oscHune133rVYR9dEf6aAxCCmV,bitcoin
12BjhdkRP2Z8E47NNgQuEL8LG9ojvpyUP2,bitcoin
12BjuZ1h8S327Auf8F4ZzQSnnrrKndwAQK,bitcoin
12Bk6m3jA4nAbSeyGcgEZyW29bgYVWq4Fp,bitcoin
12BkM5jzxjjKtLQwefHdGXobr2n48vwa8o,bitcoin
12BkPayDyiER2LwjBqaA66SD5n4BwYKZ2G,bitcoin
12BkjHCYXHRwud6evDZcpGTmhUbPC7D7mK,bitcoin
12BkptJQNRzAnFA51jf5vU7feVCfCxoGM9,bitcoin
12Bm1Vqt5NVL2sYeD5mF3p3bjoguEFk3a2,bitcoin
12BmNArwtabAbrPnDik5t58sxVBxquoXK9,bitcoin
12BmZRq1dvuo3iRzUF27BbopjfvLrdsKVw,bitcoin
12Bmc5NtKvybL6BNSV4nuZpCYJyZU548q6,bitcoin
12BmffK5gHLMBGfPNALAVsW491RhRZwtKT,bitcoin
12BmwQi6pFiWh1UL8TcbkQCn2RsaGiVg57,bitcoin
12Bn27e2zQQLv8gR9Kw8KrgtmwgteXE93L,bitcoin
12Bn3HQ3LX8RyAj267Byey5KcdwYxf46yx,bitcoin
12Bn3rGhtsRu1HmR3rieznCDf5tcLtpGxM,bitcoin
12Bn4egZ9E3miCWQdaGPjn69PgjE36hk1v,bitcoin
12Bn66iBmGftZ4tkMLYnSqGxhqTkAFxkPU,bitcoin
12BnF4QLsUHUxawjMKnpGFKHS52N2hyMVW,bitcoin
12BnHTsE9qQWBgSoG3LWGnokKJtS6A1CKE,bitcoin
12BnJNuBV5WfjrpnDXDDCSRVZWMENSpy5m,bitcoin
12Bnag8CN2jyPja4iZEGFNZPcJEnm4ij77,bitcoin
12BnneYcvdFSLHuhFsnBSZ6N95W71g3hwm,bitcoin
12BnumxDYAGVAtmsNmWon9hC9CpeYoVQ8n,bitcoin
12BnvkuSTAcgLv3SraRJausUvH3t5HDn7N,bitcoin
12BnweD2SSMhJxzQjWdvYZGXVKPjpPU8ib,bitcoin
12Bo6hyWfekxC5hGo58ntZfTUkJEATAAHy,bitcoin
12Bo6nmQWk4gpNA5ABSF5DtBHqhbJw2uic,bitcoin
12BoAM4jiWD1z346TE1VVhNDJpwaizf9w4,bitcoin
12BoMyxjuUiUPJicRtmmU5Tty11F5c1PYK,bitcoin
12BoN7mU2kygdsj5XHP2znjfETLn2dRigt,bitcoin
12BoVnkiQucQu8ExLjv3iiWxPbyznr83FR,bitcoin
12BoiNrFkemG9k3fnTCKvYeP968JDWrKX4,bitcoin
12Boon7na4QBudthfweJ7HneRi8JVGtmUg,bitcoin
12Bp1MmhnGRZzRpQeMW4gp3DsQHwh6QJvy,bitcoin
12Bp5vKPfcpwAhnKAYebEkbKfgqvQdpnKM,bitcoin
12Bp9Y1zroNZVkY9dRE4XGdwsxTEjTamUk,bitcoin
12BpEdP4ynaFPFDJFpEpouugmVk3zFhYkz,bitcoin
12BpZrJ5FgAxuvF5nvLYQsdXNAnSF7Qp3D,bitcoin
12BpagMTMSmj114Y2GrsiYefAzeX4X9nWQ,bitcoin
12BpdNyQiYkJp3A3zhFBW984G2mUB7NnJR,bitcoin
12BpdfJQr2ewJpMchDp47rRFBvJkCKBv52,bitcoin
12BpppAd4e9oLYE3sgcVmFGb4GustwZGmv,bitcoin
12BpwT6DHeebDQTVVN1wzBgDPDy2ih5syb,bitcoin
12Bq1aVGFxXR6SPM8X99Qnn2RHAmtZn2q6,bitcoin
12Bq8Q4twEDtipMC4i5aL8wMJLone61wfS,bitcoin
12BqBffViF1fR181Tv45EaCw3xxE7jwLDZ,bitcoin
12BqSPAVkrFXH4QTwPEB4kL67GKnFCYgaH,bitcoin
12BqUtCuJ7TGp1gZ1TGjd2PvhZ6LVrdDvK,bitcoin
12Br2dbBtyDFzKSm4KbdGfVD7e9FgQB9zF,bitcoin
12Br5o9dU8he14j5D4kUKveuFMWwiBENjG,bitcoin
12BrJUgqe2CiZSDtT44Huo4rzfwNTtcQWh,bitcoin
12BrPg6ZDbkHEwu8wZ65fajQS5RXPLpAKi,bitcoin
12BraftbThvL8fXSXLYa9tui1ibFdv14ta,bitcoin
12BrbbKQSheMjvVrqBbn2RFyqSi3v6nmKM,bitcoin
12Brgabm823WZmkzXRtQJycgYvFEcFhupr,bitcoin
12BrmEr4SAuCs7vyBd1xxVgDeqQouNStDP,bitcoin
12BrnxGxHAV62zVd9gHjjksVTgC3G6gsow,bitcoin
12BsG6Xap3fUw9r2qNE4BxezggpdeeM416,bitcoin
12Bsd5TGJBcGWdvGGA9ets8uKPacsR6z2M,bitcoin
12Bsm2Yg5FpS1h7vpDgKyjETN4oUfjQQFk,bitcoin
12BsqKJEhaw9rnGsYrMWaksXHo4EvNhc7N,bitcoin
12Bsvc1aLSpKtvCtUELT7SxSotu8qUrhXe,bitcoin
12Bt1vQWTcKoFWnm2dz9tGcyEYSejsNEQy,bitcoin
12Bt4bKsQRrsjks35aVK2X347krBtRuuhw,bitcoin
12Bt7JYDgFHwXMbeayr3xSeaWgZEpGXHR6,bitcoin
12Bte5HJdLPtjwB61nd8eo8nWZik8iFuUs,bitcoin
12Btg5urAACRwXPdv5yAKYUgG3RvP9eRFR,bitcoin
12BthnyRxqiBgVTY1uRWfhN2cG9udygV9L,bitcoin
12BtjjPS3NZHY5onz87uf9b8MTLrKHE3Ji,bitcoin
12BtmHbtM6HLjmmbn2UaQru8XaSMwiQueq,bitcoin
12BtmVaVCc2rrjkzQWUxXE9xhXEJQkkLVc,bitcoin
12BtrCkA6TQ8NPFCsQzEg7HpQWSZtPWA7S,bitcoin
12Bu2MPhHRZKd2XA3gJ861Yp6HDF8iteqN,bitcoin
12Bu51XCt4rm7CPhSmrbMFTVSV3Ftu5Gxu,bitcoin
12Bu5eNgcKCpv6ZAkSCkzSjrCMbmWS2KPF,bitcoin
12Bu7RuuoH2gKWb5TcTAUTqXFDE1zG9V11,bitcoin
12BuADmJywe9rpURCi6Bq4CTdT2X8cDDgq,bitcoin
12BuC2fnR4MT3AAVc79fDMaCeL3kV41WuW,bitcoin
12BuDb1k1FqvWNSUiPxq1Dr58JesH84kH2,bitcoin
12BuKmMYf1rY9y9a1k1e7sVthmVzh5vKBo,bitcoin
12BuMHAPxMvZJcAsQrb729R6oDyBZKkqgf,bitcoin
12BuSHVquK3cZxgriouRWDMn2LVcvEjcxW,bitcoin
12BuaRD8v3vm7QHEeeStKtGcuB4Gteiism,bitcoin
12BuigQxXDiu2zrrqSi89ey7qAU8d6hFwX,bitcoin
12Buw17XeYwhMBpXqVmhPURVypnh4uqFUH,bitcoin
12Bv1SeiuZcscDaYXKnkJKqQapzuTCmwpv,bitcoin
12Bv51TGCySXVSHaRnR5cwKb6248runJf2,bitcoin
12Bv6hyxCH6vfWXjPGSh315ACeaEcyFXEh,bitcoin
12Bv7QKmWZqWwbTb8ZV6EhyYAjGuMtnXau,bitcoin
12BvADPg9TJsDNmDrroGRZZ5aeEo8kajW6,bitcoin
12BvBYkNvYKrSU2de3pPQ7ziiGs4ePpF5Q,bitcoin
12BvJhjeG7rdhtemmbpe5ckP4eComCtgjC,bitcoin
12BveaW664sJQKsrzXK6hPQfywT2qBMS8v,bitcoin
12BvhFAQ1HV3i6YpyDHzp4uHH79DvPUQvt,bitcoin
12Bvhdw9DFQEr6tYxQdyfkBWuHMbaGsWKf,bitcoin
12BviqXRrupj5qfzkVeZ2dwWsH5Sazu2ba,bitcoin
12BvsDtzqQfwsgSJUgPZs6oxiZdUyUUNeN,bitcoin
12BwCitdnz3FybQYBGKq2zAMGUvdACJTee,bitcoin
12BwDEc9Zv8Uo1KAHVZYXgpqnE53urJUap,bitcoin
12BwNE5kEu1p21Qqqwc85Lp8XMqusis4P6,bitcoin
12BwNo9CpzCcRCmYFbAzAPXRy68C16qqk8,bitcoin
12BwSZBFmnRpH69q25krQZb63MQ87Vd7wZ,bitcoin
12BwXU6QbWsZRAEqFPhuj8bGLzWozvjFby,bitcoin
12BwXhGcwWJgysJcCKAxGS7iuX9b1xwYq2,bitcoin
12BwbTMbbSsYbGvzbcgJLebCoQ4esNHPEv,bitcoin
12BwjEDiQYQpin1Z9Lb1gV1FuYJV44FZgK,bitcoin
12BwqQMmJkbZKjRrajBAnpUFtFJSfaV6qq,bitcoin
12BwxrCH7pnKG21J9JTBeCF5qNK34BVyWa,bitcoin
12Bx9XVuLfYVptEXf2XP63Eny9cKjxeHnu,bitcoin
12BxGUhoY3TF37z4cTcNdDSXxkDehfQwQc,bitcoin
12BxHygt5SGW1UPMVVQdyLa28UG9i4fhHm,bitcoin
12BxXTh1NP3v6NQVrqLke4T7y1R76CWbKD,bitcoin
12By111kzhhA8P4EraoXhMsWo5ZCxxaBtT,bitcoin
12By46Y7dSYiHTSTSrW8EbYy6E1UYSQbWG,bitcoin
12ByGJxB2BKUoeyDYq3DotJMS72HAJ1kk2,bitcoin
12ByP6mJrbtExC75D4rKyLDnQXTiMT77gS,bitcoin
12ByPF1T4tfAHvBnWdr2N92qkV7GLAw1Fr,bitcoin
12ByUxbYGmsbZNutCiApnUGKR8oWLH6RYk,bitcoin
12BybD2rtzkDFWtJBBPzoyf77URDugjFc9,bitcoin
12BycAUUjYrxwseSZZ5DyrgFDFBWKseMVj,bitcoin
12BycbaCVqqEVfqMrpuzgt6PoXEieqSZCm,bitcoin
12ByomCBbkFhkxFFZr94itvV1EWG5dEhYA,bitcoin
12BytYdqHag43arFoUv9iDST5G239QpCBT,bitcoin
12ByydzqX3xwq4xKBh5P2QTcU2g9Xe2ciB,bitcoin
12Bz3cCZ6gssLq44Gv9Vz2619JcsZ6L3Rz,bitcoin
12Bz4LV7LtFkstv6BCFxpyqon72WWTqn7g,bitcoin
12Bz5AN9QrwytBtSSwEj4MGYTcif9Ej64J,bitcoin
12BzAoiw7AHcJMNDkNmH1KrpSer9Pmrw6L,bitcoin
12BzBpFkkaATYYfhFpoxT9nyb774EXnXRn,bitcoin
12BzFKC4eNQTNgPfNrJmpnt3M8ZUEPFgUK,bitcoin
12BzQpUq7SnSvWiQnnpxoEYnGgiEziWTSN,bitcoin
12BzVTeedYLBhh35wRTWZZGqaNGnXjiCnC,bitcoin
12BzVcQJsXoyEPBVj9H8p6xZGiNqVe6BR4,bitcoin
12BzZ22UfM77A9yHWhJrbfjzRTm2AzwtoV,bitcoin
12BzfzoEyWte1Yk2YhajcvgyyNhNH9fyc7,bitcoin
12Bzhons4HVrEvkymm2DgX2UXMEKMEYspY,bitcoin
12BzqSNfcBaQvymRdb4aRjbppNAZvMDPAt,bitcoin
12BzwQMyUcRP95mW6s9izL6VoDVUFEPtkZ,bitcoin
12Bzzx3KAHXqQ3zUtqW1tjBBP7bwJRCuro,bitcoin
12C18owYN64gdUp1Vcs18QaVpavUdKtLif,bitcoin
12C1CcgoaPMrAB1veJ1P54dt5KJGk37XBV,bitcoin
12C1QGpJVsbBVAFESjQaXv45B6mxLGKrw5,bitcoin
12C1UUocz8enuoeqA9Pz4CMmE8TthFYEu1,bitcoin
12C1ZKpFBmqzTUNavnDGZFBsgjch8hgWWM,bitcoin
12C2DZXcnELN3bwW4jd3wqTFsHXtyprSsd,bitcoin
12C2Fpcp5SaTaQboZJkwigUWBucY4tB9NY,bitcoin
12C2YoDTnEyqEJ8GQrhEEo4P9H8vejdEBV,bitcoin
12C2ppBsVq7JSFs1o9Pi5ftnVbboE5Qw9t,bitcoin
12C363uEfExJwJDodXgqMb3KdnDez4JRQ1,bitcoin
12C3MZFvqi5vG1oB7rtXTUVNZmFxrY8Lfz,bitcoin
12C3PADMwbdNA7Rdqti9gruckrGMDzyCf5,bitcoin
12C3PUbdgtsxnXRNgRo349Y1jsmtDrtjtG,bitcoin
12C3QQ5YXPs6QMuMiczN3Sw42P2mz1EAyi,bitcoin
12C3XwAFby6KPktSRca8ZSKPj8yCKwVniQ,bitcoin
12C3bh86Q7frUbz5NUZzFP9V2gmKeeiuij,bitcoin
12C3jT151stK5Hn7jxpR23e7Cbnur6iyaB,bitcoin
12C3jXGewPMJyFQehmvwdSa4s9JiUnCZ4G,bitcoin
12C3mK8LQ4t2e8EcrnkuVi4txwvo1dpJXA,bitcoin
12C3t67g5u4YwFWBs5C2Qpf3HMDwSHAStE,bitcoin
12C3zcpBMN3k5sotsCRiACpQyhZByW4Dr2,bitcoin
12C45NphMEQJCZrGpnK91thTiGH9hACc5A,bitcoin
12C48GxTh6NdJfLL45ASRRa28VGi9rL8op,bitcoin
12C4Bs6LTCiUCjPjfvnwdGANWCc9HsDkMg,bitcoin
12C4FNHwkNYsfHvGMiX9TNJsbZjte77RgJ,bitcoin
12C4Ro2dmknW276YcysSeLVRtvZJeMRDpq,bitcoin
12C4eZyoQGWx3NMCcgLjJ3kX8CJ9mipFn2,bitcoin
12C4p7ZewBzLMVDpkaZ3xRtZJtYjvvmepY,bitcoin
12C56H5XJam92feGfXQBBQnp49uP8H23BU,bitcoin
12C5SxqPCLdsiyxUaXUFypQdMpcLmZvUhx,bitcoin
12C5U5rJh83PqxUQpBPj9mRwsF8jmBbthP,bitcoin
12C5YumNKczLmExnfJGaYs2Z35jXXiHdej,bitcoin
12C5bRVRUcnzxN6U517WZy7AvcxLBZPLx7,bitcoin
12C5ck7rF3Ji47rt98vDd7jCVfN6ugocqR,bitcoin
12C5u22Kn1X2j9H3pFk5wD3MpCUzuY4jvF,bitcoin
12C5zzURHsGGoy4JNR9XYrEpQpTNVF7NFn,bitcoin
12C62rZTVSiDC5FdMopZr6cE7DQ8TL1WNa,bitcoin
12C6JvQ2TE5uwfsSQatkPgA14Tv7i9mx8k,bitcoin
12C6MFVen5bN8D3K99vYg8KLDqwTn4KKvX,bitcoin
12C6ga2ew6C6WFpQjg7PT6JQ5ArVw21g1p,bitcoin
12C6iGuiK9rpnytaVoqWv1fTfQ92o426xQ,bitcoin
12C6os8gtqzZ6gEtHa7qWdqb6E1Mb9kbPE,bitcoin
12C6tw7imcXabydLZWz8pfbq2oZ4vbYFeA,bitcoin
12C6ynULo5so7y7vAvPerqTCNUjBRA9HxZ,bitcoin
12C7EQPfbSn3jWJRrEdzFiDAdjUVQCyRSt,bitcoin
12C7H5sg8KjqgrJ3tkvH8y4JNvcthGXe3u,bitcoin
12C7R85baiXVpQ1iZ7YaywBfUuobLbQD7s,bitcoin
12C7cdSHz1GcUruiBZ9aMovmCBsPAfkebT,bitcoin
12C7eQFmQxAwkjgTXp2XarYe9tuwAdBcoN,bitcoin
12C7pQwBEgLS29rDMrzukDBtV5mm27uXyd,bitcoin
12C7qa1Gq49ZNoqiCnSN3Ra3Fn9QrQqPZ8,bitcoin
12C7xvNPv8LthVqnLom2dPn8RzynoT3pKr,bitcoin
12C81Me2DWya6Agbi3xCYdBiB6hC5GKePF,bitcoin
12C88HQKW8pXacS5XTNf7Wt3LkMsouHg2E,bitcoin
12C8Eb8b7pfrbqQYdAAbK86BFyLgL86ior,bitcoin
12C8HhV1u2xw8TD6aFxdh5PNzY3bzSijcv,bitcoin
12C8RUSPXgFai8FgbqzefmSz7ZTCY1i264,bitcoin
12C8TE7r4tTjDWPhqFeQad9XRGSZe7z2xg,bitcoin
12C8Wufmwpjkq16yZJXtnUH2CjqdJCSwTS,bitcoin
12C8aw1HsQr48CyZ65pzjLZct34mQdbU8m,bitcoin
12C8dywyahEdUwxVqjCv9z9ZRzkqcgDkSC,bitcoin
12C8et136vGSRSW4rLkoWDu7zHgQsPxpmK,bitcoin
12C8j9WuVK6x98waUPgkJJmZSmf36fKwFP,bitcoin
12C8rHLXH1yBJTHm8LJ4UA2YmhaFJ4TiVL,bitcoin
12C8vWENn3YhLaBdeNyADPAHEz8MUv3MFE,bitcoin
12C92Pv4w4tVKku9nB3thniBwyM7vUmTjY,bitcoin
12C99egXf9kZbxghXK8YMST4QpmUo6hYTQ,bitcoin
12C9HUAqebWyeCn3YGtbfYNLghSQagAak2,bitcoin
12C9MNZKXEjDqRhmyamjijTmNW7awbsnTQ,bitcoin
12C9S3xV8sy6cbBDiRggcfW4fyuFmHtB1W,bitcoin
12C9STQuyGhfM7BruG4MNUeWaSR4TXUGr1,bitcoin
12C9Zt8dxQ7gj1HsE9QFsvMP4UvNQ23oWd,bitcoin
12C9hDdptqVLn9jY7QjUVw4TeG4yMtRunL,bitcoin
12C9qWhvdxuzAyoitYHmosoEJwGDhQnsG3,bitcoin
12CA1h6sRhTYVAXfSkbZ9ZLCF7CFyCDKiP,bitcoin
12CA2aSCQH1e69Aa25NnY6ch4fVhvyKYXw,bitcoin
12CA3YyVn6LBtkTnisT861LXtBLEUzrVYK,bitcoin
12CA7G5TgorpCNE71ba7Y1wH9bSK6uHDw2,bitcoin
12CA8QcHxa9T5v3kjMab8wngSzuPHjJRjW,bitcoin
12CA8tDvBz1PGKU7Ydqx4duhC78fe77XEH,bitcoin
12CAACQExKfduvoRxA7bZ3xbmUPpQw53fP,bitcoin
12CAAtfUwyWWj6fRohqKFXdJET9BypbZ18,bitcoin
12CABVZsgFuaQ1QMXFbPrAE8tpK5poHyBy,bitcoin
12CARRfFpepCS6Qz7qNg2TwF6HYPhyfRKC,bitcoin
12CAmAyreS9UzFJTKWSXN5nu46F37mwSA7,bitcoin
12CAomEJbUC4z1JdncEjZtFdupJmYhLvQy,bitcoin
12CApbJAhgeBMzcuxyJN7fpCcvgTLiCRt4,bitcoin
12CAswpRRCtpR9mpL6qv8jo6TAcgfTJ65D,bitcoin
12CAtz64NFGr715jLm6fkck5viahCfnQTc,bitcoin
12CB3Wg56k6j76j6FUgNUExiZ8CZ1TXjWt,bitcoin
12CB67ZCUu8wztdf6ZGeWLihj6XcKqi83t,bitcoin
12CBKHtXxhgeUhtfmvPDkMcCHg7fkcb3w3,bitcoin
12CBNGmZDcfRZJfjXNzi3antwi5xG21nMQ,bitcoin
12CBPSdZnmCprfqjLrFpp5FNveGFhaQZrf,bitcoin
12CBWQCaoxirYnGaikossbeQFZeZ12PM4D,bitcoin
12CBZWsK2RNNDW4HXtuwAuWL23nwdT4uYw,bitcoin
12CBxiwF5RYeQgY4HQNBFT163jVjVHszG2,bitcoin
12CC2GuRRHZLTHuSsZ3dwuuoTzSuPLQsFq,bitcoin
12CC3hUpbnf2M3EbtSoVVqTs9L2XgYquCK,bitcoin
12CCKWDijUAYjaaYMsJy6kg9u9DbCKoFsQ,bitcoin
12CCPVvh5V2YNW4GM7gaYWfo2UZmx6EQMp,bitcoin
12CCUDTZu6HFQUypxkZRfApk7QAqqz7Pvv,bitcoin
12CCVcEYs28hg4Kmx87AaWY3yFcKhsuqKv,bitcoin
12CCkvpdrhDVjjUCTHqJtpANxt7ADG2rT5,bitcoin
12CCnau1pHVQy4FkXZQGtsUVCc5Y5bCeL6,bitcoin
12CCrY1x5tZmgcttiJRntMh5kbaSD6rcXJ,bitcoin
12CCsX7LZtcjwy2HRKMdv3s9yJ8xvWweUS,bitcoin
12CCxECgE1KbYTH8ibBv8CSJXSRkLHaTL3,bitcoin
12CD84meSFMjc9jB6VGtXWgRw5N6TiVvQV,bitcoin
12CDHMZgu8hvvzM1hd858FSbmieThsEmf7,bitcoin
12CDL7AP6EVzhoozHhemiLgV43YAtPjJov,bitcoin
12CDUhysvjnpta4fniaFE5ZARHgqTVY3o9,bitcoin
12CDXLfQhoqLGqjZwRNYyvJzSm6J3R3oyT,bitcoin
12CDqC2oNPpwWjSnmk9R3UvKYa4Eare6wH,bitcoin
12CDvRT86CRVbq6E9U95QFenHKWizXDaHj,bitcoin
12CEMfx9yySEKpQtqYoHjC5WoukKzpkVmB,bitcoin
12CEMo19Uyo1BKQN7egLXc24Lf6tUqfwLR,bitcoin
12CEQ4HysCg1ZEixzbRtP7FDDLzTpN2oQN,bitcoin
12CEVp8ZnzhagqKMKCYF6CSuEsFtUQpFoR,bitcoin
12CEYGK5conBqiYHsDMMEMZxmhJcELknkF,bitcoin
12CEajxx613Bknx4RyiWEEFHb1GiEmELV5,bitcoin
12CEgN5BG9rqEC69ApGZVt6cmEdR9emHa8,bitcoin
12CEkUyBPUUtuyMzoBHWfLuCvpjLLofjx4,bitcoin
12CEoXgCbZde7ZqPqtejuzgiUDXJw5Xqv9,bitcoin
12CEqN4xynEWc2TxHgi4iJQWApeFh1yZGX,bitcoin
12CF3WJEc2Gaku4QsGM5uiXNHQHM6kB1ZH,bitcoin
12CF8woycB1DpoC4XzQo1x5GPTJ91Tm8Qo,bitcoin
12CFEmFh8kZEvpB7dmShaqZa4v8enEY8VH,bitcoin
12CFGRqCBu1FgeNQsVEsxN5kvBocJbASjj,bitcoin
12CFH2qEySjFcicd4XpPP44YixG1GtJMJj,bitcoin
12CFRbrGBMUBWr6k1u479a1pdE5xxfkt1U,bitcoin
12CFrmqfaMabnwvuQhQnVYQRcA9jpKpLbV,bitcoin
12CFt9XwQFuwhFaFJ31Rv99qrpmx82GUbj,bitcoin
12CG2gZBJxQ5JwpKhDgp8dg6Q9Fc6wpeG7,bitcoin
12CGCasNM9s3LoescqK4GW6ZLivRGBoNy9,bitcoin
12CGNzfokA4K6Bmr2VFyH9t6BeJekT7uB7,bitcoin
12CGUewUf5Sxnt2mMNtegdtB8tNFxodUQd,bitcoin
12CGV1ScsKFkGKr2y5MAZfiwfr1wV1Kc6H,bitcoin
12CH61XbqbegzYTNst8C9gzwCRxkZ5tM3D,bitcoin
12CHHfrJGoTNAXfLcwce5MJuZYG67FSw83,bitcoin
12CHVYi95Aq8k3yqcHpsEHNa8a7Xh23utF,bitcoin
12CHZ4pBwPFX5RQDeQztPAMemrmr5Nsz36,bitcoin
12CHbhvkiy1iWkvmLrL332xysyaLyRA9io,bitcoin
12CHi4hsempFzztL3Mt2ieuvjtNES9feTx,bitcoin
12CHoQgEKpSrJqAmW9XxPqtTLPECHXfJLi,bitcoin
12CJ5MvXtdxJss8e3ed7VxfEd7cuyCEkYc,bitcoin
12CJERkC2DguqHGefF7TNupTLH5qoQ14JS,bitcoin
12CJJsduPDrQdrAXpTKgC5uucTDPDQS7Yw,bitcoin
12CJKdZioN8NzBjiLPqkNTdS4Lh7YbBVo1,bitcoin
12CJTUqH2FKPf6RLKBs1dJg5V6VKdmqGGF,bitcoin
12CJdVCKsVfDboo6HJ5zyyFfZx9ybCV1VG,bitcoin
12CJePTNQAMSXb53KcyPB4WNZ2Hgqb3UXQ,bitcoin
12CJmWxDNrGQAJ9WXWXKPahyRrLV4XmZ62,bitcoin
12CJqnyY7kn2W3n3VE8Jft6TQpfRUfda9P,bitcoin
12CJws9tgj4HGgMDSo5bg444mSkHzG2s2o,bitcoin
12CK2V8CcLmRBk4c9RDN9s7dDZEUTgrzwY,bitcoin
12CK7atLt4hNwF5QaWmMPQJzJA222Sex5q,bitcoin
12CK9gmCvZSzMqLNNNJYQUuFrvL5XUb53r,bitcoin
12CKFhHUUtZCLjx4gWBg8puwHWFUmREyTY,bitcoin
12CKRFWDSKfMk3zMfb7zKs67wAUeVWtFX1,bitcoin
12CKTrAdkJQXSyHXiDfuwrkVy583x2SWYF,bitcoin
12CKUZyvrk8KqSaZxwPMPRhHgSJJQovrdG,bitcoin
12CKWScaf5dZEPnUNrFi7y7UE2HcpgwcLc,bitcoin
12CKYcxUeCp4MRNoXkw5onp3i8sKJS7AYw,bitcoin
12CKr3mcjcfmco5PfCu3k5UWDQwsC2wPMZ,bitcoin
12CKvDRtNWtmQdWqBJFyjHvDn5WvuvnfPS,bitcoin
12CKvTdj6c4CSGsbrSXmooA42ncktbHuLv,bitcoin
12CKySvHo3uSizq3q3JzHtDyCCWqBskLSU,bitcoin
12CL6o5VtQT5xzCvgs9hTSBuMdVk7jUpZ7,bitcoin
12CLEnAsmuNGZ5nC8ieM3z96xNkFus1X6c,bitcoin
12CLHtYv2yLZRaQMfnpCEnZCYbJL6jTCy1,bitcoin
12CLJZod95cgZ96FfnAmnPVRW2m1xpynN3,bitcoin
12CLk4pg63ykg78dHdx7ZBoM51f7KP97yF,bitcoin
12CM1SnsSSFDY7vB6paMjrNaF9QnsVtaJ2,bitcoin
12CM5jcko5DAAomdfQ9RcLM9FhVd2Y53YW,bitcoin
12CMArN3u5SCdRvUxa1ZERHMHsAPY2T8cq,bitcoin
12CMBr3ajz5D3saCMFp5PSLNr8QSFPtetH,bitcoin
12CMBvuidjaopcEcX2V5thghrCtCLv7Vh7,bitcoin
12CMC25mn9mfB7XznJV4tnvDp4RCJfLvih,bitcoin
12CMFKcA784g3id3844kfe7tg5q8RdGhy8,bitcoin
12CMNpmr89Kqx7wNsYi4mRUbKV5bZHyHX8,bitcoin
12CMfRgzPWy81utXqdNL1XnuaoaijFNgin,bitcoin
12CMgbQLT2pYWyrXiWUwbQHAEdmEAx5DJr,bitcoin
12CMiJJCQFqa2U44ZjhA8Yh6yKVNL5qfAr,bitcoin
12CMnBYo2wFqJD9H9Svq9p2WXdKNWneypZ,bitcoin
12CMp1bCtcGGJDRaiVWB9cpim6KDwsejiW,bitcoin
12CMpj1zoDZe2WSS6CQy678S6ofHDC92MP,bitcoin
12CMwBFpoZAoKaGv1araQ7cCTac7zcGZ2H,bitcoin
12CN26C4DLscWYRxSrgpNXwCFpWE5nK7ZY,bitcoin
12CNA9fJ5uKdgbfhGxQVUtwZ5HAzvgmY4v,bitcoin
12CNHESqMhrHwGKWGVLcFmysRGZKPBSwHi,bitcoin
12CNJ6eZbgnDqpMMhSPfm4eYPzgEicmUHu,bitcoin
12CNQM4BPEgTPMpgidgTyNJesDAzrWSmCK,bitcoin
12CNSNXGkkLKq89vNNEqYFsDuEXFSAb4HQ,bitcoin
12CNVSKcGJsJ58bQswHxEMm5QXKPDbmXhc,bitcoin
12CNX8G1qLE9eDbpGkmHzLHkHZSrHsF3iM,bitcoin
12CNY3Pfner39UkuYMRf4yCpECXokY93aL,bitcoin
12CP71YPZhvUyoEyXsbaH1RHvMHPrZNVD7,bitcoin
12CP8PxZZpJ5YyKKfb82aH3iPssuetcfay,bitcoin
12CPDpcgto5ha7roUkG2es3tUWtDtBtDUd,bitcoin
12CPHMNwc5ohspXFGaqPYqyZab3qgzGkrm,bitcoin
12CPP2NgByFowYNKkdq78dr8uE6J3HNYaJ,bitcoin
12CPP9fE8EmiWo6uikYxud4orBrL8hxxpE,bitcoin
12CPUL9mug7pLYayKyAvikBFuxJKYVAo9p,bitcoin
12CPVu6Lpd6KDPkrWJE6uyzsoySFSyNJBx,bitcoin
12CPcqqgausBgyBVfJKWCrCxpVfwg9v5UK,bitcoin
12CQJHkT1n3kAXux3Zbf8m8LhSqotti4nG,bitcoin
12CQJmBweJv17AN8yd2iFysniJTtgYEdRc,bitcoin
12CQP1wQ41mQPA7xzHvxQtR8Lh6LhkYkRN,bitcoin
12CQRhMRnj8Ufpoi3uav95PHa67f2CAYkL,bitcoin
12CQdgJb7hAWhVDPGKqurQ5V8m57zihHej,bitcoin
12CRDwtCNnSPEiGYiiE6vJtFUNHKa8CTw4,bitcoin
12CReouMK9tsVikCjdLTYwX2rUmBV2Pnp7,bitcoin
12CRg3mw1VfC3eM4hd2Syr1R7cWGmy21aY,bitcoin
12CRgFvB9FzGHQ2Ye53ConUKZ2fu8RwceA,bitcoin
12CRnoY4xTTGUd1vEWTS2EKwGJ6AWAhQkn,bitcoin
12CRpZXCi38QpBCdhduGfjwNzpUzSd99qs,bitcoin
12CS23XWZeavTbSQPvGu8EssFq6iQ1yXqf,bitcoin
12CS6qJa2tr2crWqQYAuErqYA3fTs8KYsS,bitcoin
12CSEorT8iDzoUiZAXT8u3iZSh3BQDQ1Te,bitcoin
12CSGT514HjwP8GQ7W7xAERbAEiEt6pwqE,bitcoin
12CSQAttPmcz2NSH8XkKG5dcFL185dN4DP,bitcoin
12CSbnYypo96yYKa1CqJS9CGaZ41iRKT3d,bitcoin
12CSkVDLanY1AYMSZDV8oroY8dwh9Sa7pP,bitcoin
12CSninFx8TVtfAJigcEhszrk3gbpWaixM,bitcoin
12CSxNv5bX41F5b3KNNL2pPFgNFQcri6m2,bitcoin
12CSzF2S3361qnsLM6VaiiTmMwAjomcSnb,bitcoin
12CT94UsSEm4M3Wwx8vVrtLQLhmEZrM6v8,bitcoin
12CTEyDWmVn6atzPy76X3tf2e4GwJsK4k6,bitcoin
12CTFd3gXuVqYff21D1kVhpbUj5hdTX1Ci,bitcoin
12CTLDgTkPUsaRSTLPpcj8t9LLhJ3yv6Gf,bitcoin
12CTcAxvfa2at2TQevwTGBj38utAsi4kwc,bitcoin
12CTgdeQVGTS13DSFYzoaAmASh4jFfYamn,bitcoin
12CTo9caMNvR7yvMJsFqEFX8aPaLmaL2xf,bitcoin
12CU24STsbm7mr6bWVDABeGUgbPiZMakzW,bitcoin
12CUFGEafb5FhY7kBihHXCfMQt41F6ovif,bitcoin
12CUM9CANGctXGHqVhrrbo4QqCrxVCMhYH,bitcoin
12CUP1rcaoGNXyZHJg9jGoNhnt4UqWtwHy,bitcoin
12CUQFbLdwDDKJNanxyUYHTKWJjzBnhWeU,bitcoin
12CURXQxTvrPH2RRDq3ei5wcSmKgUUbEbs,bitcoin
12CURa76J9PaJJZycunaahC1uW6qabVTd8,bitcoin
12CUUz7787uFuzyvJPD1Nim5ZDkC9wzgpT,bitcoin
12CUZ7wTkMx549jA7WGu5Wp2pEzPZk6h8B,bitcoin
12CUdfeBGQTquncJbX24FdncNtaVLfvd4a,bitcoin
12CUmPJx2jBVgJqUqAakWtawQAVgaJNiWY,bitcoin
12CUuECHNBcWeiiJwAuxsdESdWoDajgzpw,bitcoin
12CUutt94Zhu7TNQRbJV1AmePG5mWahPpN,bitcoin
12CUvpr9mXcppBUvzjZ8DKQ9nnTaWxjciK,bitcoin
12CUx39PvKtx1kbA3f3TT7gbueTEik4UVw,bitcoin
12CV31kx6TxTVGPSs1Ni7cFWgkXNw6erHG,bitcoin
12CV53r47fuFBrjTPwJLqnLv9aXo69Z1bw,bitcoin
12CV5js5iBA3viX5SmLukcwa67tS65wbuT,bitcoin
12CV9S4iktnU1f79Lz3X5C9534F1mjNTX7,bitcoin
12CV9iaXZj9qgDEgjZaX7vkh87331T2pt6,bitcoin
12CVBCMnKwXS46P82g92X4LaFkkS5opU42,bitcoin
12CVC4E5NBuLoM4yam8Cn5fbLpLEZZxoaT,bitcoin
12CVM932oMivQWSkvkPJV5cVMDt4ThqZev,bitcoin
12CVVDbc5JEE3iJ7HtYrC83secDwgMB9au,bitcoin
12CVVvNcPTZedDP3JCH1yBrN6GqSEKndnF,bitcoin
12CVguNX6DCcgwGmsqpmpCDs8dMPy6nFUG,bitcoin
12CVk7vUj5TJbY2YtFUABeQsCUp6d3Vkye,bitcoin
12CVpbcAPXC8kKAEJrxY6CCQszJgoZLjJD,bitcoin
12CVye5wTaVJgEhKEh7f7rxHjLANgKapph,bitcoin
12CW5qKjHhi23L2KqLLXdDHJ9qmpKFTb5d,bitcoin
12CW6HorhjztCzWjDCoTyVhzZwjNC3xLmc,bitcoin
12CWB98y6mkfHiuYRRJ9SsJgATjDdgj5Pe,bitcoin
12CWGhqc64FJ5NTquPnXVuz8Kny2WnF1SZ,bitcoin
12CWJ9uoa5Uv5keoc8cB4nfwvya8frPvUL,bitcoin
12CWMDLWiMLyUxHFxaFawkqTwPAniUMRnQ,bitcoin
12CWVr9eoE7MmqcK9uhzwVLEJtTWUUiPWV,bitcoin
12CWcrMC4Ea9wfdfcwFeZMUU5sRks2xxJE,bitcoin
12CWcv7bnkbwHcSu95sVRxnAfUdp7PU5Mm,bitcoin
12CWpVMtnXALXe4iJA6KuG2TT5DzJwSpGs,bitcoin
12CWrYEHD9RWwsWbxmAkvDNQRQE9M3qhaL,bitcoin
12CWsxScA7VsDNciMuehGRon1NNuwhAu4z,bitcoin
12CXH5QouQJmNx1krsfCeVrdv19ca1n3DB,bitcoin
12CXJFtnMy6cjjXL6hXP7pHM5aD7Wk91dY,bitcoin
12CXoaqHcx7bsE5QtGVvjm7rF2RGgfyFbD,bitcoin
12CXtpkeXqyHW5JhPdh6inACbw4q3tpumF,bitcoin
12CXvsnWe5Vqz8rueuaH5ccE2doAUVgcvY,bitcoin
12CXwTkawemAp72V8k3DvG2cbqUBy9nTpD,bitcoin
12CY2W768DAj2mt6TBrj2GcRC5K35atDQQ,bitcoin
12CY5MAj3X3kGG48kXCjtHVCP8eg4uWtxS,bitcoin
12CY7WYn7KAXCYejXPfyTLtXkcQRJG5Emm,bitcoin
12CYQTZiZFVtryFAKS9bPxCyMi2kQeL7LK,bitcoin
12CYWGAr1vJuUd5sN6B6mbgDiqFNVipnAy,bitcoin
12CYhmoh8LLVJRqccehwKp8LpnRHm2qrmf,bitcoin
12CYwHMN3f6Li2SBnezntUVuvFwRoo4DJc,bitcoin
12CYxPFVZQVreKvLJSDq5MvSNamRWxMciX,bitcoin
12CZ77RjVNbEtBzLMnLQi517kCbUmewpPD,bitcoin
12CZ7az4J2PVg9H5NZxUkNe65GFdmoxALk,bitcoin
12CZ9mPnyyBHaGVvKQz9nz1aQmX2fvwGHr,bitcoin
12CZGqjFAt4AfcmmTGamMFBEgitbeeQ4xh,bitcoin
12CZHXXykVDuWYBezSCFa2Y3tfaD1pzh5D,bitcoin
12CZJasKirecLZB4mciggejKDwMcQDUELy,bitcoin
12CZSkgmmRMHXZqxVHmpWQgnot3fF4rNvH,bitcoin
12CZiKsbfh8kDqdikGnDQbvpbpNScikNX2,bitcoin
12CZjivEoWxgKky2LUUPMUC4tEwRBHYLkY,bitcoin
12CZkEEzgP9YBohzSTiHijo4qwumhZRMSf,bitcoin
12CZoVPMGqyZsRQmyUKd7DejFUe7UgSCsG,bitcoin
12CZquhu4iqgxYV6GmtMB7zWaNj4tx6ZkN,bitcoin
12CZsPZmGrGWxhXwnwaLKkuLLM47JneEhu,bitcoin
12CZuimYnJtawFkGcAxnrE5EZ2Qb8PgLUB,bitcoin
12CZvzgAyDVRyn1rQwvRsn62okZTPqqHzk,bitcoin
12CaAu7QyGE1yqfukugseY89ET3UjUsj7w,bitcoin
12CaCsmDkvujbADvJJpt88zHkth581X22H,bitcoin
12CapT8AShVxGAf2cTgk5oZ5gJwCHF4W5m,bitcoin
12CapbbWbE6ssNgjcE8qVixzwQA93kV9VN,bitcoin
12CaqHSzveGkTRhC7M44nRxPGRrV6FS3Dc,bitcoin
12CasmM3q3QUgGtzQgPr6i25KD8mPvinKC,bitcoin
12CazNNbS3kWZtBCeZ1DXphdNbBAxrpr6x,bitcoin
12Cb5NQXbNWDKHTKd9nCGBrR8TyzNMuNHD,bitcoin
12CbDuUDb4EQwXySB88fEixKTukcYRQq6C,bitcoin
12CbTxxadKShXrwyXiyfWP1xwXCak4Nv8U,bitcoin
12CbVNys8nzBk4vgw2h3YfqJqdugAWKXLj,bitcoin
12CbWDfySJiYiDk8iw6L3Yt32ni6KpNP28,bitcoin
12Cbgq8Fj8NBEMePpLpY7kN3Dq9Miq1oam,bitcoin
12Cbh6qYuDhFkRf8MJtVQXqRo2JPUMCZCC,bitcoin
12CbkDYxcmZUECbw8UKDf1cLBY8CLro3pS,bitcoin
12CbnfiK2nQKsamsFrNBBhcAruwRPuyV9B,bitcoin
12Cbp9F3hW4DKtbfoVrxkAq1TmX7GUnwQ9,bitcoin
12Cbq5gyjdxKNjuwwb2EBEV7YC3rugrTUw,bitcoin
12CbqDjKRU8RX5Jmjn7qJEgkandBTvCGcN,bitcoin
12CbuFm1b2DQaKsyUEoe5uYYrqKdq1ktJs,bitcoin
12CbwhHRYZhWof8oyyqd975ypjd6tVrjpj,bitcoin
12Cbx7s4RH7qn8sgCLpz3kpTmdh3yZmy4W,bitcoin
12CbyLuRZQQz7G3drj5wxGzb9RTRg89D2D,bitcoin
12CcFDveZ3Xtw8A8UZNTMuNZ8YtWzZkxbz,bitcoin
12CcPx9RUPQuhJtCncBYkk7hThqmZzamnk,bitcoin
12Ccd2AuZdxTdgD4cKSg8bBdzjH8dCpHDW,bitcoin
12CckDvQ5Ayvx6UR2kdQpqR5JrpveBCNNd,bitcoin
12Cd2w4v4JRXbCLZoPw44vg2nHnjhoNoCe,bitcoin
12Cd4QbHkgGUU9SeNmrGkbDjsn3Ude5PdX,bitcoin
12Cd6HdTaaHB49VyiQj1SV7g9jHPgjpuCP,bitcoin
12Cd9WH6RqJT14pzTrxU8hx9UKEDecnJsE,bitcoin
12CdWbvGeteRP5jErTufGTVjq4ECFgh4M5,bitcoin
12CdhmCJQ891Xoar6F4no66YUnxGhjupgX,bitcoin
12CdnwzdGN6sL2mYakJ8hHmWRD68KTJGR3,bitcoin
12CdpJCSMwnFxqem35M6nP5a1ZHPx1Aeju,bitcoin
12Cdsn27JWUsJfPMdkQthZvJmFukTtdFrd,bitcoin
12CdtzGua6M1jiK3KDnvAuJ7hEN83heV8L,bitcoin
12CduWJ8AEwTXV7kjg76Sg6YuBZYqXTNnU,bitcoin
12CdwZszhha5mwXSVLTFqJj1oThNnhyNhF,bitcoin
12Ce65m1453yyFJXSCzXMizD4hARUuqRKB,bitcoin
12CeDfKQc4BuUUCxCroK2cWxEQEW2tPiTd,bitcoin
12CeFa7RNMqvKZBediHYP7nQfpfdtUDLsj,bitcoin
12CeHPuGzxdWxYMVUMRjp5wYBebYYmVMxj,bitcoin
12CeLa9YpbU74euXK6jzZFdmr8YAbG5xX3,bitcoin
12CeLrKGBfru74BBAf1GLRugPDzK88P1Zk,bitcoin
12CeXUZXS4nJ9ajjjhUyTU9g9yQpdtvCrS,bitcoin
12CefWy7nEmc2hmKF9ximQGZ1ykXTC9B2p,bitcoin
12Ceka3AUArGCijiZQ6teCJ9tvPWoA4tTH,bitcoin
12CfBpA1cv2zRfMnMEv8FBM6UKa5dGm8wv,bitcoin
12CfCYhBaWtphZoXSovFZ3wQtQprft1sFk,bitcoin
12CfKEEpssNMp9PZE87RA2tfuNviCi3zRk,bitcoin
12CfZrh7roNF1prxA6w9GhRaXoLgVbvUZC,bitcoin
12CfdvfmDdEpv4zkNQauqqjnBtfr4EHz4a,bitcoin
12CfjjAPLwZAQZ3aEfn39ygGi5jV3abiyi,bitcoin
12CfmZqvQjA1AdzGSUMbsVu8MLfLCGU45b,bitcoin
12Cgfzh8LUDGoVPjV2zhLoLx4UD1jhsg8e,bitcoin
12Cgom3DGCHAHtroCzLSuuqcBhb1NBa9nQ,bitcoin
12CguoJ2gT5YMp6fhXgZUZUQG4Hk6AdBPz,bitcoin
12CgxBzHQC1ZyghKVU1SoZb2XNBrKg4ZQG,bitcoin
12CgxL3Srs5pecy2WEUG8TiBJtxgK3qPnX,bitcoin
12CgyogXLfPJmbJCKar7ue4dyPTGb7coCQ,bitcoin
12Ch5tXrL6NSpy92ZEytR1f5rpKFTwvb1m,bitcoin
12ChA895VbfK2vfnE7ouJnbF4dczsUtfLt,bitcoin
12ChWdKPCXALoKqmPTGVQXZRL8oWpev9qb,bitcoin
12ChXhE78R9CvbAmpd4qCHAMq7YVzmm58W,bitcoin
12Chax8EuQuNjngWtd5bw3wNXe2vntTrN6,bitcoin
12ChbhjCU4y9LwjwxRK4n2mBR4hzouFRVK,bitcoin
12CiFPPUd2g3zAjvy5EgsbFCCHGnUExsCW,bitcoin
12CiFhPEPSL4f5S8H9F4msLSLi6fRXjwX8,bitcoin
12CiGscWbL9FydKCtdBRUgsykketLoc2uw,bitcoin
12CiJKi8UYjzj1SNPp4Xkpszsm1yhWH1YM,bitcoin
12CiNtn67mNxGdfPzbFPT1phNWnKQe3QUx,bitcoin
12CibF2GFP2gt7PCtBg9mMtDc3x5y1KbYE,bitcoin
12CifGzpS78gLB2psMNewYRDiyma3MySca,bitcoin
12CijmdGsYGAdmbke4vzT7Bv2Tj19Ex1uN,bitcoin
12CinECNeeMjxbaxL9MxRnGd6dQLS7ZTNZ,bitcoin
12CjEq8tULoqagfFi4mF1XX6vL6eBQRNnt,bitcoin
12CjKhsnVcQge4zLJvZ8eHqZ5RiaknXxTD,bitcoin
12CjMMx8ULr5pyVFYyag7kSVqVJcAhyMt2,bitcoin
12CjQJhPHjyUaQNPBkrnAm2bkbJ5NW9KRq,bitcoin
12CjcvbPJxagSXzUo9F5d6XdL19E3yvo4B,bitcoin
12CjhRzZnFyw6uvUpwUagiG6miypdqdoFP,bitcoin
12Ck8jHD3JnFuJCB7UptRQfLkFETDou2Wr,bitcoin
12CkSZuoYi7Jv2RzvqDwsW47g4q5yd6Ukc,bitcoin
12CkUZV68cFT53y5ePdZbwF6snBLPCsju1,bitcoin
12CkixUd4C7Vc2Z951RnZ4smQDWn5an8BU,bitcoin
12CksjvesKVje9Yey1KRJ8kQcXj8HgRx7s,bitcoin
12Cm57hmbr7R9KHs9nFjWVT8RhaXwdQEf3,bitcoin
12CmBRpUdc3EmLQvK2PH4S5VrywRUfeZii,bitcoin
12CmD5CcS3J7vrzBrDzvdpcpagK3i3Qi3v,bitcoin
12CmFTi7dy9HiAqyWkXX14yEq16jn48gsp,bitcoin
12CmFYsbncqXNukhhoYcLvamfbj1G3mWjg,bitcoin
12CmJ2uK6aFTaEwcybjozYS5M5aGTtCF6Q,bitcoin
12CmK715q5UDVUiUaWgfPqnM1Rk97RxA7S,bitcoin
12CmUgWAYHvWxMUwU8LZRy5JjzjsP4xj3W,bitcoin
12CmdneELQ1widKKAJzmfbLsjH8uRqQcZq,bitcoin
12CmgFoynosJ9GjWXqJugnLLaME2TxKwEr,bitcoin
12CmgXuHAhxnptwy7d9r18eHtWvyyrjywn,bitcoin
12CmmsmAJsG2chkEpsRu4v5uyx5yVc6ibg,bitcoin
12CmrUMEnqefZPx6veQAfmw9HqCNkPkkMu,bitcoin
12CmxbtfrpE8cCz69cX9ed29jfCzJARvou,bitcoin
12CnFPmweUMzovSeAgrnL6jLZnqt3WdAuu,bitcoin
12CnFeuuKHDtKR36FKBfvX18Jvti1kfA2r,bitcoin
12CnJC6QxCB2Vt9s1964sVwjm7vTUgS4Tf,bitcoin
12CnSb5mcaJiJWRJeAaCxVQfvhXtoE3oDq,bitcoin
12CnZ6YJUbPLGcUJjLjMetfviY85oXvFkw,bitcoin
12CncvxT6n8dbnVKDf9JzuUk8fhsSixAAp,bitcoin
12CnjLvNdToddNyx7Fw6P4NBEW6eiAKNiF,bitcoin
12Cnn2YU8oVmcLK6JmDyb42Z92w1GD4Cnf,bitcoin
12CnyFjEZPKvCBCP25xto4oXXinMWG8i1R,bitcoin
12CnyohhBtMgymjiwg69pzGWWNGvYwAq5K,bitcoin
12Co4aBascJg6xwTEGNPrgWPZrqn7hhCEL,bitcoin
12CoDMbXvFBkBGpLEeF7gg5FNWuQUiXMHk,bitcoin
12CoF3L9XnW2cprYUY8JCPf4QRsPjBZsYj,bitcoin
12CoNJ9PkX3pJKVkuaW7446XyqS1KUhSxS,bitcoin
12CoQCXWYm1NAE3AJqmSG86AQHqqsEae7d,bitcoin
12CokTeZgRqZSssgZaD9X5nPCx2cgMJnLS,bitcoin
12Con5Diwg1k8PAAEBoQizpS9RHCyuj8BB,bitcoin
12CpYiRkvN8AkCYt9pxTNTiHDF9rWJZR2j,bitcoin
12Cq1G5dat4vxdNg2kKbtTCumKdYbwiGpR,bitcoin
12Cq3fowA2JMwvHCPbuSuCHvbK2djLAW9Q,bitcoin
12CqJko4mApPR5G4Gs9jkuvqb2kXudgjkJ,bitcoin
12CqLxHxVcfp2Z4CRC4Q3z9hm72qYXddTc,bitcoin
12CqM1j4zdhC6nTweoSnQu2iDeFvHfr99C,bitcoin
12CqMc3YMs52HAQAvDEv6AbXRgQd6in188,bitcoin
12CqQrgNgD7XiyYRDT2XbYUdRjg5NJvkCK,bitcoin
12CqUPaRb4YAvP3a6Ui9qtRuZxmH4iWPBU,bitcoin
12CqcgFQsyMPwK79L4RrYdLhocz6YWEBcK,bitcoin
12Cqh5PSitTJgrXmHCgzeUe1CZge66jyKJ,bitcoin
12CquKbiEinV7RqTffVCsCvipvQng5mpc9,bitcoin
12Cr2nSFqNamfRcQtC7cLCcjJdBb8yyiXJ,bitcoin
12CrKfgs2TifaNL8HTNH5GmcEmKrTms6tP,bitcoin
12CrMAkePeDFGb3fisuaYQtQUq5ySekHWz,bitcoin
12CrNmCsH3ufqYpzdnfBqS66tLMzuejHu7,bitcoin
12CrVt7iKsV8JJVisQNDvvDJK2NSA4LNk4,bitcoin
12CrfHpLKwRYsXWf2GLqvEu6KAtFiqeDyG,bitcoin
12Crw89HEN8nSBkKRCbdrSH1ee8AJ7EgGU,bitcoin
12CrxHeRFMLjk9fjWQJ7tuWesNy87iJcgL,bitcoin
12CsFn1Xs3C3EZN2UfVd31AGGbWiHsjnqz,bitcoin
12CsHmxbpTScdEjqHRH9vpcC1FW1tFoxWg,bitcoin
12CsWb4hgB7N8Q932vhBrScgSdZxo8WENz,bitcoin
12CsdYHjB5QJCedMogwoCn8ovPzn1VQLhr,bitcoin
12Csjgtwu1KCkH2RYtWHHnyqMHxBGC7gxX,bitcoin
12CsrxnWm2FnmfXj1k87QPYuTmbFaX28fN,bitcoin
12CssGpu1LeP5XF33dHjfbo8juRDAocWx6,bitcoin
12Ct4dVD8eGLho1QLXa2qEDnTjxjXZBAtd,bitcoin
12CtBiahMqYqQ9XXcJaMSa7qhnfRZFL8Up,bitcoin
12CtUvcGuZpSS16HpE81bareFZjJCmUub9,bitcoin
12CtVYX4YH7MxkuZLF5mbtANYhWesRw6FK,bitcoin
12CtZZynXj7QgW9yc7XNVkZ1VQ4NtTGp7a,bitcoin
12CtfQmPWT7pMm3rJbyx7Smb5oK8KCKm6G,bitcoin
12CtxzrdpVEgz2Zx5LkmpFsSd9XdWgNAdU,bitcoin
12Cty3ynpZhvL6oz8aieLfoWznwHW6HPw6,bitcoin
12CtzB2UgcbTA12yHjYX7V6d1vGAW4dW6E,bitcoin
12Cu1qLyeJ81Zzetd3HyCnbCvnB3yJX7Qt,bitcoin
12Cu1rJCibVhbQ2WUHuPdWJZ2Qofx5gPt3,bitcoin
12Cu8zErwQ3juG4NpCoX2Ja8W3fygLFM9Y,bitcoin
12Cu9Kty9Qe66SygZ5WXJjowAee2rLaLk5,bitcoin
12CuDK2bhoCHAXwiTqrwo6Y6otRH4fiuky,bitcoin
12CuDVZnb8L8FoLUWeut9oEXsGD7sRSHu5,bitcoin
12CuDhaxGD3qx8BpLBQggDfanrpCsXHXDa,bitcoin
12CuDyHwPj4HTMqDd52Fi4hoiNrhJqzTha,bitcoin
12CueyvPKPsUmbPF6DvMn7jK1KBnRG6AmS,bitcoin
12Cv3n6A47dS5hgG62kmdFCz8dmxBcUeAS,bitcoin
12CvS8SQwXsVcFyniMKnq7kg7ARknwCe5a,bitcoin
12CvUwLnsftZw2MQfyqRyXfuowpCgsEYPb,bitcoin
12CvXXwV87dZAt3C9mA7RDi25HBYZKUW6y,bitcoin
12Cvi6GfTCtKYNw5EtxhDUA4z23H1LVEpC,bitcoin
12Cvv9d1rtTmspFKdv5DgoJ7Uw3HTJEidz,bitcoin
12Cw3EFBVoHeC183tVXdzyGhbXjzCBV7nc,bitcoin
12CwBYDdSemVNgYGYvZwDcHK9QmgJipGZ7,bitcoin
12CwMEnYkKkGfoRifAxnNF43mK3hNhvLgv,bitcoin
12CwPLa9TXGLaGv3LW5pypCvZdnrExUsVS,bitcoin
12CwYdx7HN5Yt6Uc8baEAfY3c9j5X6rKCr,bitcoin
12Cwi3w6j4eNV8r7tTBarguJD5qJuW3Rqk,bitcoin
12Cwpove1yiKkdou5s7aGzHWLaBrsq6mWf,bitcoin
12CwsAg2yzHXuJgXaSkqyECcWhcPmmcURM,bitcoin
12CxFVUz3222FCEdBtYFF3cp8t6JMhCK1v,bitcoin
12CxL3kkAJizeMeeHGE43XT3eBtVKEkLs8,bitcoin
12CxP2NuGUujevFybvUojCmiCmrqD2K76G,bitcoin
12CxXNVqXeBvZXc6ATMF4ctwdqwpKB2MWa,bitcoin
12Cxi8rzj7rgqr5Ko6SFyJycaQuWDwHM3g,bitcoin
12CxsxnkTGxRQzPendCD6EuKqAXNk4nwxW,bitcoin
12Cy4pZG8JW25PmepKxueihQTqt3e14zVG,bitcoin
12Cy5sN83u1ZgZkAs3W4WooHtoEUU5REkK,bitcoin
12CyD5TUb6YgxEhth3R9TCs5jdqaeuYbXC,bitcoin
12CyMRqW1hAE6XqtdCJWarCiE9rDCDLsmw,bitcoin
12CyNo6SJnG76gwM4CEsxDJijSmdrzgbLP,bitcoin
12CyVuG266if4aYNmEY6HcwvE2Huih6EQD,bitcoin
12CyWXfyZVkU9PyXudrV2versrQP8LD3Gh,bitcoin
12Cyad81Vf2A6hfVE1QqrTRNFXEDZGHjmL,bitcoin
12CybvanpXqUySoTxQweX48J9sBdJfffDc,bitcoin
12CzDtzL1dq2i8ZkAaSpxsRcncsryMS6ar,bitcoin
12CzM2b3Ui4LaT5xLS5LNThW5FEm7o9Jnw,bitcoin
12CzN6EeqXQt1Fwyn7EsSnFtSqdzMj7zLm,bitcoin
12CzNdFewPamaRBkAVhbbkis8uH3sfHUYH,bitcoin
12CzSv8b4H7uEJBxqDcMqJkqZeeLaV8Krs,bitcoin
12CzTPeiF4R43sVQZwxwZqmepsTKLeS721,bitcoin
12CzUukWd3fav1KF5YoqeF8J5bhaTiWBW2,bitcoin
12CzWfxMuFaEujiUGNoYUeGnqCW4mWP9gR,bitcoin
12CzXvvuqqzm454shAjdBh3FAiLWBGQHo8,bitcoin
12CzczmPdjRPEpd6nm8ksLnyKzbRghBqFf,bitcoin
12CzfGdSzSGYzpWpnAZVeAcnw7AvbkDFwV,bitcoin
12D12J2TTqN9MMHhjAB33VVsmJCrEGMSe3,bitcoin
12D12bGeCMW8p5TKaH7eYv4QeouS1WLK5Q,bitcoin
12D14D7eGxHU6yskE1zJU5uov91h9sr9ke,bitcoin
12D1ACnqtEQjMNLAQ4vkjUUkRitgD1QoVZ,bitcoin
12D1c5b4TsPaF9LFqQKwNBZCW5Z2p7pSYn,bitcoin
12D1eDMgQDEJjCukKhq6CE53ouQ45FrRw7,bitcoin
12D214yBKwSzLKvDUECE5F9REBVoo9Kht8,bitcoin
12D22s2PUnev6j1gmu4C6njSE12zwxhysZ,bitcoin
12D25Z5bRQJXBbSJbFZbmhY3Kzrz5sbGkw,bitcoin
12D2MLEiZBNgtubHwcCZRS942YtN9qvAD8,bitcoin
12D2W673nVvhZyXeBvGpSbdGTvkyWcr8mz,bitcoin
12D2ZCtCEReuhsVBfBy8eAU5KSdJjbMc3P,bitcoin
12D2mVYFT9PqjjSi2fehwwYjqcVx9WCx8F,bitcoin
12D2r1ZsqEQR6xtxmMbdhs7EHLoivfvZyz,bitcoin
12D2t1KUbEbdef7Hdk76b8qmgpvyrZFYN4,bitcoin
12D37Dsz4ioFTZyu31TeCW9hEBd5tmQx8T,bitcoin
12D3HyVhgPc4vkMDXh7ZwV5GERtBFPRQQY,bitcoin
12D3drVq3gryi1syTb7bCZVY7K6qnNcYBM,bitcoin
12D3f6Ez63NhUfvMdhVSmiXqxhJ6d3wAee,bitcoin
12D3ocByQVaxz4cVQa7wVNWZBL9r3p1qet,bitcoin
12D429sYidXonGpiRf5hsQxXY22C4ocUK2,bitcoin
12D4Cm9M8pRSBViY4e7ySaUCtWNqkXRvtx,bitcoin
12D4GVfNoRLQSJfZTR5aBR2nwp47nEKVP8,bitcoin
12D4NigTCDsgzzA5UECYNPqNNryGipugLV,bitcoin
12D4UjTULKV8s9TgRAYxVVYEZAxydKEsrs,bitcoin
12D4WTdPzBfBxBhfxtM7imAGFE74ryhvds,bitcoin
12D4XkuJnPreihhSj39o7urXuuQPZtFBUt,bitcoin
12D4ZwycXdWbpLohWhGZXaqUBZvePFoMb6,bitcoin
12D4geoWxeMch2g5P8XKASQLKTx2EcaFAg,bitcoin
12D4raJVxJUSs7VrgQHihVuKQTeWPf3Hih,bitcoin
12D4y2hGEgv19532DszPeD3NGsQExijctZ,bitcoin
12D5DVyWuHKgqnmnR8SpiqBzvjdqoc1VpL,bitcoin
12D5FvMCEaQ2onUtPFRtFjgtRWu7F4vJeq,bitcoin
12D5PkmZEQju4Vro4UKvAzXXvezm5miy2i,bitcoin
12D5XzFTkYjC2RL4VLha5WZ27S9vtvsAtW,bitcoin
12D5iN5W2F7PCMyDMY6i5aPWyiLwEvgvW2,bitcoin
12D5jrQm9a2dJTZAtecYZtknmTK41zgQL8,bitcoin
12D5kMqxBwBLhiEavxKqFDSCyEMFoQuMCA,bitcoin
12D5ss5HuEEqQiyZdhMBWB7sQ6PFKkmrrX,bitcoin
12D63XMG2qfc8V2m1rTSPjqQYogtZGmq8B,bitcoin
12D68RYXwjvDzWmpbeFjYy46CwuAKLuxEu,bitcoin
12D69mo3ft42MpVCkjZ4EdNtbE6Hrew5n6,bitcoin
12D6DqMHzEVCNG9NxnrDBDe43gvkrTUdwr,bitcoin
12D6HN1iM6y3NS2rubKzZCmjW7ezY5rs72,bitcoin
12D6JRP8xaH8WRU1gtcNwjhB7d2hVrjzyH,bitcoin
12D6VQ2KQw5UoVZdQd45gWpUBsJuA4PayL,bitcoin
12D6gw6qiCftXWiZFH4G4GmoDBUJaiRjdw,bitcoin
12D6iixVYc5m4KcWJohV1tqpYu1hMpWWG9,bitcoin
12D6mFedDLydeW13VkqziKvBckQqt7xVg3,bitcoin
12D7Wjyuv4gv8gyuxvar8rZV4YXBz2Xikw,bitcoin
12D7XZZ6fGmGNDdqveZZ1hpi9hSkPyoKmU,bitcoin
12D7oKic3UtTWG3HmpsZbwXXosQW826LjZ,bitcoin
12D8BURYBcM26n5EZaN8JxpCZ93fXS9PHg,bitcoin
12D8HX6NDUhufEtaMJGutRYBKqjkBUPfrV,bitcoin
12D8NSCSDNyUMUJQ4GJZFMcGy6SVA59KNe,bitcoin
12D8Y2ZisDcv2AiWLhqHXLDSHuk2jD6Ye4,bitcoin
12D8xyYugy9KzhGdhV2rfPbYhCEdY6nDoW,bitcoin
12D92oYJ2qiqmoi8pCXsdVNhNFNm9121u8,bitcoin
12D9HwBQdMjdFvuBEiMTdaYTY8kbYS58Um,bitcoin
12D9dR84vGzDZcJH5evFZbQHhZS9mUZmGB,bitcoin
12D9diu8DGKDkFjyQJcGW8cdPJPAUtJSLM,bitcoin
12DA4ycyGfTPeuJwWWLDX8EVVi58eNx59x,bitcoin
12DA5HJVUwHaVRgKmwBpxYj79H49MxWVjd,bitcoin
12DA5VeH8DJgcnToXm9ByfkMNB4o84zgai,bitcoin
12DADRLYSqTzqcJSvZJs4vrwE5wrnng6eu,bitcoin
12DAGtq7CXSrwTk4qdYRi1FWh99bUaHDxA,bitcoin
12DAH2FSsKk3qsturkXZJjgczePASGtBi4,bitcoin
12DAKVThXVjkGqrm8HmbNgnZLTiwfQdvea,bitcoin
12DAM5MGZ7uuAxAjLiFQcSppKhSWzt7WkL,bitcoin
12DAVagxGZuf3NruKi6GAMvPpBukN79jHi,bitcoin
12DAWEs5PaVKuDX5Fkdej1AXgKQUp3GXMz,bitcoin
12DAeXH9GrBVWN97hjpES68rKgwWnkVwmg,bitcoin
12DAkSDFfrQsgaFGynixKLxMPgrWoqRgRb,bitcoin
12DAqDTMJgcyL8fDca9dXaLitgsaJjjw1G,bitcoin
12DB3EkC5c45S9RDHvZGs8cSNWVSK3uxyN,bitcoin
12DBHBFcBVH3C7S7aoWzupk9TFeWRcfZFw,bitcoin
12DBPsgETbdRAgNu2ndYdR9nWTYYT2rSvd,bitcoin
12DBSTSTKvREVePmotK7NhVL8F3uJcAFcm,bitcoin
12DBT3MCz2BxZ5N5FaHSFYo27i1aknatDQ,bitcoin
12DBdokg22cUvTBtCfsjUmYVJ6HHCjXvDi,bitcoin
12DBkXixrg8irtJuQWnZ81fGEiDfXdhxCE,bitcoin
12DBpypoQcnJ8ypqsKiR2nHrYg1HHPmsdx,bitcoin
12DBuhV5xv4GTSEsygADm9LqDuVVAKMNRK,bitcoin
12DBwvGYYvzShgPT2U882zwvCe8NstYmta,bitcoin
12DC8fs3LGjGyJWFrSsbjYKSkNZzEEvwaZ,bitcoin
12DCAbXYtV2mGJmzFBtBvfna3bhNGaCrA8,bitcoin
12DCGkmKiNWAYCsrcgZLEjbCZJmp8h1Sir,bitcoin
12DCLUkosoMmKGRSJ98K9ED3gRmyR8hCk8,bitcoin
12DCQJTZ4GLAacFsRMyvBasdyHPzngMuDW,bitcoin
12DCSCYTe7inPw3zpUQGoLEKZ1oAWQdWGr,bitcoin
12DCVL8QPaJyV6Jse5d59zxQvoDpKhigrZ,bitcoin
12DCYEDiKqQ1TVkRYpnC4PhhhRujeVa598,bitcoin
12DCc65UHFj2MBvnbz5k4Xf5XvPcJRfsFL,bitcoin
12DCdp2PtgZLTdrUd4eku8KUbgzpR2oxvM,bitcoin
12DCkWYVcTx1jiXZctQVWXAW3wPZcRVaoA,bitcoin
12DD6cvoNcasS7D146emyNjar5MMzoeszs,bitcoin
12DDasRXPv7HF3kGJV8rcZPVViatBQJR4e,bitcoin
12DDcMes6c7JfPB43EZLmiqrqsYSaGyxcC,bitcoin
12DDigAPWqyMgMC5w8KgKeB38w4FZHUcLG,bitcoin
12DE2yRWTdDeoYVXtbiXgLsyNP9Eiz8EC3,bitcoin
12DE478dfksciQt7JUTUyJt1WdUWtfCZXc,bitcoin
12DEUfqBNbD2kLFhCQjcif4uSW7F9izvxE,bitcoin
12DEgZi33WeXPiZDAHQ2xgZCc9Z3wbH62N,bitcoin
12DEs9uqaZqkmJns6KkqbcVgAm8iMmkoNk,bitcoin
12DF2LHfWfLFNQZvg9uYBoUBZqNeBgoEkH,bitcoin
12DF5zB5z4BWyTtXjB7bQMU7739naZQXXT,bitcoin
12DFGE247u4PUuq5mrNuvtm6gH6inZJzoJ,bitcoin
12DFM7G4j6Zr3J5DisGnAFZf5yvUKo8tRf,bitcoin
12DFTFqHZQ1Cg4VQXNMLLSwLqEvSd7gQeZ,bitcoin
12DFgBGxZVMXD53PmWW8VrA74MuR4hTHJp,bitcoin
12DFx7Hh5s2FuCgP9DXhzxjut7AhognjHJ,bitcoin
12DFzKbHMvSqaWpFnGXtSGevHw3pBfbVBb,bitcoin
12DG1SZDxn4iBVuUVnBrDs5eUVSBNt6xep,bitcoin
12DG21bTm4GgWKFbQak9FQFdHRgkypBGYc,bitcoin
12DG7QgDMQUom4jvBNHX1f8BU4Ks9wpZ7U,bitcoin
12DG8H17SQf3xq37gkgC8yaT6jVxWu85yX,bitcoin
12DG8XtixpHaQvAJ2C5JiZrfSaeTc3XT28,bitcoin
12DGWpyy7xBfR63ZvYgZUcC3MtPsqAz68a,bitcoin
12DGcTCkhZ8pdfAnjoyGm5XDBp8E8JteGr,bitcoin
12DGeSXVwGJtZhE7BPtcEdCSMYuVzs9Dhw,bitcoin
12DGnAwVsYJ4ZiyzZWJAcN2eyr3DfhvFKr,bitcoin
12DGyFwVLsH4mAZJfUacQtoFnedP5hbAhk,bitcoin
12DH1keJpaxLdYAYPrPPCRnXw1rmBgTS6c,bitcoin
12DHANsbDG3h2DrEodhVMcuaqC6bXsgwRC,bitcoin
12DHGWTfhts216vam3qwPsomaGoxYdfVHW,bitcoin
12DHJbEEvMDDsB51esbByKFFqg9TePw6ze,bitcoin
12DHN43MtM52B7H4U3pgNp6QxqHnShMQqG,bitcoin
12DHUWAwG5J6YKsKDwBrXv4WQ6nwQJKxLB,bitcoin
12DHfm6T3kWTHFq8PApKVrG5cUTPNpo7Mm,bitcoin
12DHh9ugAuqKJn9BShpvKArmQZLfdVxGdD,bitcoin
12DHmXU2kzNWg9Ey9LRVcPTnBZyDQPPnZi,bitcoin
12DHrnSs148YJ6FueBs8cmSk2gzqBk5AYa,bitcoin
12DJDFdFekx2yy8xbrcXuEwGX9RtKCpveq,bitcoin
12DJHNNE6hECqa7FYETMckfHFPf25m5PTw,bitcoin
12DJMjNC9pjKNTFiY3VjvjDHQnC6yiFMAg,bitcoin
12DJTr5Cwrp4FmXjG7aXimPzY5sxjr9MqU,bitcoin
12DJZZbTrbV8p3yMokvkk955YwEtFXpWQH,bitcoin
12DJeV1eTpF1BW3qxHMK8GohvwXfY4QamU,bitcoin
12DK2sCnWp7HqBRUBoA9wtvKsswTyJ5M31,bitcoin
12DK4DeRK6Y4dsZPkRW5B1p6X2J9NLH2Jn,bitcoin
12DK4udqBL8MrwoJowJ1RMhGJqKbxsdgbf,bitcoin
12DK76obundhnnbGKcaKEn3BcMNNH5SVU4,bitcoin
12DK7w3skzCzqeq184xr6Gsq8f1hq7me8c,bitcoin
12DKMYWqR4dWongC9o6uHbYRtnwtqEZUTR,bitcoin
12DKUXoXKX1sd5WJspX25nCBcpfgCaX6ry,bitcoin
12DKi42nskBF6kqNsyrXwxBbhnDViY57fY,bitcoin
12DL1vZrJVphm8PXcV9GNCtBYo3PCMn2No,bitcoin
12DLMU21agMWjhWUw4MnB7LZM5Sbf6voyd,bitcoin
12DLXZe1tY5uuAt7rJFTGKcQ6LApNCDbYp,bitcoin
12DLdhwGtzRkQ3Qb9v5qfWQZcSu4MDyD19,bitcoin
12DLj4DoqSuvdfSDCUFMkyBhQqTscA9rsZ,bitcoin
12DLojJUyt3xyG79r5n6oa9QR8drmkfH6M,bitcoin
12DMDWRT7VmEmJnG4sKnqPCE2frH3BCEhn,bitcoin
12DMZgwy4LX6Kfv2TZuo9xDd1aTRxNnxVg,bitcoin
12DMf7e1YVWbYH15rwYYhdu8MxeoQxsPo4,bitcoin
12DMgCDKPqLan8hCbDJ6oz1rnwUL8SUR3F,bitcoin
12DMnCdiW15yvPaTTLdCLCcNSx5sJeisse,bitcoin
12DMtrHfUVvP266nBPZFykraVun9SFnCRJ,bitcoin
12DMuTDzVxUQqzaZh5mS8LVL79hujf547e,bitcoin
12DMx97UPihbNduR8TK77bzZVA5mAmzvJy,bitcoin
12DNBJh55Hbnnhu1npB6qNbq7cPLjiYij7,bitcoin
12DNBo4ok2PqLqNjszsmTFnp98m1F1Tn9D,bitcoin
12DNGx2xEVi5Voc4bw1ZK2VrTwAAzDrVeN,bitcoin
12DNRLKDL21eoiH3qDmzdYS64wYKvgrBo2,bitcoin
12DNRnejuTguV9WDhknj8DyWKP8dfEsgJV,bitcoin
12DNZgAyt5jr4HRpgMhdhehN82LZmXxJjP,bitcoin
12DNo87ChKPdr9DAY6BgcDfmNtzRVxdPaF,bitcoin
12DNvF1TzsZ2fDau4mqdnNqrj8SkrYVdTV,bitcoin
12DPAw91A3revh84e8hrRr3hZgSPz4gN9N,bitcoin
12DPDhEC3inHhjyoo7iwc6hqsE2ir5Qrjz,bitcoin
12DPT2cw3mSrGovtcw683mxYfexkjtSLPX,bitcoin
12DPayd8tRCUf8CeELHDo3uxQKnACgT4C5,bitcoin
12DPe1Ksb6wsKNePWbtBs2gyJqE4Q2uUd4,bitcoin
12DPfhwS8pN3Ei3g3pHAb9fBWM4N2njUig,bitcoin
12DPfviZ9otpZCjnjrNQURmX1ykPeQs9Qw,bitcoin
12DPqs6CbAxz47zHgw9uuYWgg5xgR37pKm,bitcoin
12DQ3h5SLeufL5fr8acnW8nxtbP9ff9ygQ,bitcoin
12DQ5ohFp18mShL77UU4X7hRByiERJ6oxq,bitcoin
12DQ8eDU7SoWFv8yz8VxbW5f5UAZ5JNfaj,bitcoin
12DQDvgZSymLRRAAVv7PfkJxsdU7J6nyhw,bitcoin
12DQUYWmd1woNTN82zCPDfvTQuKBkgAKia,bitcoin
12DQYvUFt2zKw6M2XTn4Foxb2SMhDnkFuR,bitcoin
12DQb6j3vecpsRjNCNJBAeuEBGUW5Mdf54,bitcoin
12DQfEqtZG5FYGMyUxTG3JrtoBcU6ZnnQb,bitcoin
12DQpdzKjHzCXay7DUyWJ15vmzUt3vHC6y,bitcoin
12DR3P5ZPMoZZg6CZKbVW6bHDY4FDEs4Vu,bitcoin
12DRFwaWGBnH1jdBJJnEHDP5Heh1LR4T72,bitcoin
12DRarQp3zUZLhkBWdtNppZtXbvxYLJEZ1,bitcoin
12DRb3uUsEyzjaS43nbRAp6GJGWaJK7pGw,bitcoin
12DRjfKs3tL6f31PGzXSXm2TTd1iD7rrjc,bitcoin
12DRoaaC2kT6pME7jM6BsYiLvLw9kDNg1T,bitcoin
12DRs7TkxRE4tt6cuC5r5s2W3AAZNcu4X7,bitcoin
12DRubnsyi38qHdYJTD9vAhtwgTvgoG1gQ,bitcoin
12DSH8utAy79tfQEWPYRzTgZLVXXeWKTGE,bitcoin
12DSHarZGfZpujT2N1QU7FVwbu4gyA5gHG,bitcoin
12DSYhn39kKh4E9mJKFxTh7KxYKqXLB8AE,bitcoin
12DStizRoJufsK5zm2BcbmNjDvf98m7nLG,bitcoin
12DSux6sww5VsgJzgtXiRLwUxdL5am5irr,bitcoin
12DSzYsrXdNE7ff8NiYWTfuP65trS6LDSt,bitcoin
12DT63jSg7h6GEz7chDsarToDfQaQhnjpv,bitcoin
12DT99pCuTQUy5sfXS93QjX2Y6QEkYRkdn,bitcoin
12DTCVepKuSJdLzRPyvURrWPFmSmMjwcE3,bitcoin
12DTTm4L1nm4tVTMHo3Pd8CgXUYMZTyJVn,bitcoin
12DTdA8sLAV8iAQRPbz4qbFHbFFNaJBwUh,bitcoin
12DTggW9aJNb2KjcYCPaAZ1RMeEatxyLGB,bitcoin
12DTkhetx7JaApjjh8baXTpuYdupWfRMLb,bitcoin
12DU7D68xxvm1V5biLfBL5HhoPasFpqWPi,bitcoin
12DUB9sYY4NHfEZZkHVKeE2en1VDwwh1AB,bitcoin
12DUCVRMqXfZZuT8JF3kSMvB7B9Fi2CqfZ,bitcoin
12DUJqSh4j1PfqxsVnNMFBNKeZL2AFZR8Z,bitcoin
12DUNQshXinAwjz7JTW2paJu2GhSPo9JFL,bitcoin
12DUa8gYScXPuqXE2DSmTenmn2Kr7ZPNjF,bitcoin
12DUbAMdBVS1utsJ67aj5YYtUJW86ue3Xy,bitcoin
12DUgrtHsgyfLdo1SqTvzLQwDMUL3a3nbT,bitcoin
12DUmYHUAj1GhSDxXccb4nr6uHER3Sh6nc,bitcoin
12DUwFPzjDCRHmWsuB4PLq4APsNJukstiq,bitcoin
12DV21qBpyns2QnNjPg2Q155JLUShULHTJ,bitcoin
12DVAhWbA9Ac8HvJuf5HAgfWJoUMraiPA1,bitcoin
12DVGcKzmhLrU5BhwMmUnGFEcoEsp5dTRm,bitcoin
12DVWnBUfkP4BxADq7ibzgp8HTKAXzesMs,bitcoin
12DVaLPrDRhEYHScvbx1Y44ZDBKmzJtQLU,bitcoin
12DVafqGsurwZ8mUdEv1yvfRZvanpdRiBu,bitcoin
12DVbTufvTpabpMckyRZmYQG59Ag57jdVw,bitcoin
12DVjPquEbQ9p9Wubr94CWd95T7z7qcSJC,bitcoin
12DVkjKBFvTgpQ4cgNsdfqgKEotMa6qeof,bitcoin
12DVs5WoXTxREHYecJqyp1sdHGSm8x1Hnb,bitcoin
12DW5HhWSmDQuq4j9HuvWuKJYqwiQSsfW9,bitcoin
12DWCKaM8j6QSbac4cHbQAU4YBQVFQhR7i,bitcoin
12DWJqe9PTKN2canEfCyeJwV3M6x1bbSLy,bitcoin
12DWaFMotpbkb5oaFSiNQaV48mU6gov7hv,bitcoin
12DWcMhBejdJNcMjMPR5ZnucFGYAF5wGAQ,bitcoin
12DWjrNYmXwfik6W9EDwkRUKor65paPXjR,bitcoin
12DWqApzMmWwsBZmJHvgPvPGtTkAqmz8wK,bitcoin
12DWrD9Sd1d25WYrncojPAYEVWrJq6vReF,bitcoin
12DWyZNtgiGrLkmkDakLMyjsaYZg64GEVg,bitcoin
12DXB26VUhnYGUkGKxXzUrYXkm5psq4wrK,bitcoin
12DXBc2qaE5TTufKEKUkpPxcjGgzcFXAjZ,bitcoin
12DXC1AmJxKrPdcwKSg7G5DmvbhSW3ejVa,bitcoin
12DXST3CuhnaLFos2u1fKneoSYQymXL4PM,bitcoin
12DXSa4kvu1rMdNpeaT6fq3z56eL9D75on,bitcoin
12DXTXzK464MaDBQMS5bLfyzqErwctcmr3,bitcoin
12DXeTNdCjM6cAcWZMjUinXSAs84DUmrPy,bitcoin
12DXkMJP9LRQAsPxHtd5WLZ6Lk4hbRPJ3Z,bitcoin
12DXndVBbimPPM6aKhuxJnj3Z8qXwNLej7,bitcoin
12DY8EwYn2JDApirXFudVTXKUarAwBf1RD,bitcoin
12DYF5PkeeNon37gQ1cK6C7iaRZbT9zMd4,bitcoin
12DYKiaPVnBaGaoahWLKY8if7vvRF5o8WP,bitcoin
12DYPhK2sR8J2CoDcQ2m1RWoLLU1LfndH8,bitcoin
12DYXf6EeNseRCh1PfJHZPVon8VUF7ZLPU,bitcoin
12DYZKzFT2Jrg6LSpwWrf1rxiSrHnWTFjD,bitcoin
12DYd8tAhDGKWCr4uJPXYweBxCGhpF4fFN,bitcoin
12DYfWSZd7bjGqbCJec36kQr1qizqEp2Rp,bitcoin
12DYhezvA4baDUoj4zdxTYEkMRQ51iyKqh,bitcoin
12DYo62eULJuP5D3JTdkacqaMLW8eWYHor,bitcoin
12DYss5Zain3wDvpEp6JFpRqvc5pi6v3yg,bitcoin
12DZ8fZKfR11P1gPH1t42zZvj6Ebwt5wfK,bitcoin
12DZL5RBks1b56xkP4q8dHgbxz5Vvw7Ag2,bitcoin
12DZWE8cFE4gskN3B1QZkzaCWa48ft8GFY,bitcoin
12DZjH2tF93pJ82p8Eh9T7NXkfJRt17F9P,bitcoin
12DZqYGCSLsznTv4HWCAhGYFnQ4yzAHTjX,bitcoin
12DZyzeammeA4qxFGsdR6zjx4PmZ4diNHk,bitcoin
12Da1YbYagbbJK2DfhxgSXfb8PfBfCVaat,bitcoin
12Da7w4Z7V8fSrpYRsjVvLQMnGn8C2g8yH,bitcoin
12DaEKUiYyMzKabQJrNNmwfKD1nrArbUYx,bitcoin
12DaY1fxktJ5HshBK51bvNvaD4BPGd1DEQ,bitcoin
12DaiTXmiQgZHmvUkTrNFP6o9dQRWrRaBb,bitcoin
12DaioyaTQ3KtkAyc6zhJYKj8xT2n1Z36W,bitcoin
12DajM1raVy1o7E37bm2LWFmdP3BqW55op,bitcoin
12DamGV9koQTqbiCKxX9bJt3252qRyPvpP,bitcoin
12DawtU5yEym7bKu4RjYnVfeohdb5jK23k,bitcoin
12Db63vxdVshArZXmchVU7iUTHeEdBPQg2,bitcoin
12DbCypu65EdzF1ZUNh6u8m9S7juSD8nNM,bitcoin
12DbH3RsujgdoseBLjmYVr1dSDNPkGSoYc,bitcoin
12DbJru94mvegtHSAhXPRsU5h1512Lo2tF,bitcoin
12DbZ9SXqfGHwCZGZ9H1QuBtWUQDndAN8H,bitcoin
12DbbFfn5ytskTyqFLEDNsrhjNiEgxML3r,bitcoin
12DbdVDDBgrJH4ZRUpwYB6JritTdsJYoh9,bitcoin
12Dbdy5yjV393AMviE9ESxccfaLbiEUu5F,bitcoin
12DbmwndzcTqZC5QDG8kebPvLiH7FLkYWn,bitcoin
12Dbs3CbNU3stY1oYWkLMza1pnEqX98eB9,bitcoin
12Dbtynnvu85e1NceME5xy2UnFKQWu6TUw,bitcoin
12Dbw1QM45UBP5UGztX9PiTf4Vhvmh4s1Y,bitcoin
12DbxKN3oYwe4zaATvZkANCSkMSApW1yd2,bitcoin
12Dc2DiiFk27dRMwmf2QcZgetrHBFXkSjp,bitcoin
12Dc9tn12Ry5KYwqCNgv8Yzfm5vqJiyMzZ,bitcoin
12DcAB9BLdCT6en21TUpwZuomUBoioXVj6,bitcoin
12DcEhKZC6XN4xBcizGoTssxP966jCxZkB,bitcoin
12DcNC3jteZGu8KaqTFzxBzJ3tQx5pWP6N,bitcoin
12DcWQ1QG2MkaprfP3wZrrjRGuGRpiKXoe,bitcoin
12DcaLBKnGJZbE212EDURSD1M537CPtxQR,bitcoin
12DcaqF3i6LLE9HcXGgiR2BTqJvRgq3rgH,bitcoin
12DceXveCxMBh3reA6FaXg2w8VaKy7pdrK,bitcoin
12DcfX6sdsYpUfJ1eMxq7jNLbgLCyq3eSj,bitcoin
12DcvEgz2XtqQjXtRLswD4Qr7B7DyQQ1BF,bitcoin
12DczZRkkuB5m68gX99YNkXFrj7UeDfdwV,bitcoin
12DdBqeP1xzazkHskM1QHM1kbdeRdK5LuX,bitcoin
12DdQAGEJo8HXCd9sxAtUzRxKzeH6KhLWF,bitcoin
12DdXMuk7VZRRK7x7Lmpq634hfRXqjv8Zy,bitcoin
12Ddcrcpvo51fA2891BqwNdtS4TCBNagQ8,bitcoin
12DdmN1y5enL72sN93sisUWQdT1gfF24qj,bitcoin
12Ddt6gJrrKon2rMwV1daff7iubu5LjMyg,bitcoin
12De7YJKo7hpMhdhjhZEiaodBxh7S3131c,bitcoin
12DeJFADbN3F7ro1ZGz5bXEcne9AGtnumS,bitcoin
12DeLFymZPrwsvsFnb8cDTFSfKLdpo51x4,bitcoin
12DeLy51nErs8emUa5aQBJ4Luv7tUrhGKE,bitcoin
12DeVeJcTzPpDKk4nPGm8YALK9LGnMJGWm,bitcoin
12DeaSpjZ29ApoZmBYXChSrHSCL2DG8cLH,bitcoin
12DepcwtFdVqw5q99dri3Dr1c2dDMuXbQZ,bitcoin
12DerRptvXt2VDwQK4ujuAUtN8gvxnMSFw,bitcoin
12Det9ypSHhQtRFhnEi9zJcdjHTK1PN1WF,bitcoin
12DewjPnRMrsTHkQrBGuE1n2jsvM6vsYEW,bitcoin
12DexJY28r3cgiDVQEbX91uxJf3Q7Fehfj,bitcoin
12Dey9GDBke8iB61MPKaxKg3Ku1pwqGmjk,bitcoin
12DfAGyBEA2PdvW9d7rSw96qLXMcqxnsBJ,bitcoin
12DfCH86wBpSJTAYa9y4u5UBswAzq6LodB,bitcoin
12DfYsEnyZeEqdNjyDpHJuad2bDPqgMWNs,bitcoin
12DfoyK4u2p37VbiY5q5pWivZLezs4c27T,bitcoin
12DfqUsdmQZeZkAG8haUxwp5gG4LcDRbua,bitcoin
12Dfqo4Dr12wWd8nbLe89k3p831zoxCQV5,bitcoin
12DftA6Mr2pEBj3Z5oQhWkHcxGfX5wtKPa,bitcoin
12DfwhKCzzk3NPQDtgZuhc4rm5pwzgKGmG,bitcoin
12Dg2UYKX1yFCBcYwgVYehtVMasdKWNmfz,bitcoin
12DgNLZXvF5pabf35Xkj6VZFrR1BqXFGSj,bitcoin
12DgQTLvtwc8Mp3HKiRHih22FZKdQ9LJx7,bitcoin
12DgXLuuGoXSQajvib5ndWd7MWN8FjooF1,bitcoin
12DgdA4AviMW74ct4G2gJbLys1xUbRp4WU,bitcoin
12DgfFqkkBePg5xCB2G4A92aZZZREPfY3r,bitcoin
12DghpBpKc3WqPs6GQ7MgCCnVwdAwPA92b,bitcoin
12DgifANAmkiqgiY4L7zpHBR4Cbo8xWcXJ,bitcoin
12DgwZYaDzperc4nfXUeBsdGW18ebx1w7i,bitcoin
12DgywhsYP8pGgW2DsBvEtrwEzD9zrwVqz,bitcoin
12Dh7MHkdofUC3sBfhh6tYx2vMMruWAHyY,bitcoin
12DhC3VDgoTA3PZ9LnrCzrkYfKEfBCmQ27,bitcoin
12DhJgvwdh5KzjSvvNouekctJT1kuJgk7s,bitcoin
12DhMG7rqMhrTs2k3usNeh8t6Y5EC76prt,bitcoin
12DhY1Cgxfc5Ck7kgMAh8oy2XXv1FuhoMc,bitcoin
12DhaE8zGy1QAUGKkLATujDw38p4brp2LN,bitcoin
12DhaS9REYiKovhcPWANXe4tnCRcFkUkJZ,bitcoin
12DhbZ5BGTWLeSqjrY7ifRNp9ATU6fq2tv,bitcoin
12DhcRq563m8MAf7Bfw2FyVubArtPqLYNo,bitcoin
12DheU4t1ak1VuCUxZuzjg4FhSqNmERoNY,bitcoin
12Dhg7K77eNFpYteonyasT4cqhgMKEYYMN,bitcoin
12DhgdJyjXG3o3krcB8AqNgsAbm5LyebNx,bitcoin
12Dhi8eSFQKbPSKCp3zpRMqjWFLeHaMqGz,bitcoin
12Dhiiprd3ozJEe5dMkeH35j2siHbA6Mfd,bitcoin
12Dhj3Q7hc52qAyJwkKeX8UUgLE2JnjjF1,bitcoin
12DhmztFST7vVEr6UQQpucfRwFH2g1AQEb,bitcoin
12DhoYUccow6DXGLAquh5A5nCtsWPk1rNB,bitcoin
12Dhqbu9x8qprxnrYKBHh2TNyzGkTkvq5W,bitcoin
12DhttuS4zh325PvR8mhs4E8YUNaoTn6DD,bitcoin
12DiCj8jogTaodVbjJzwq55MKMzjj5LWrj,bitcoin
12DiPLSJMRUry3hwXqMqHJ3YVowcaXJ4iw,bitcoin
12DiUXzWTkFKsV3iMg6NenjnNQshM5iVzY,bitcoin
12DiXdWxzHdcXsgYFDHZvqjac3jFicdSPT,bitcoin
12Dic1Wb1aZquVUS5MpQ4joM3xYJP5Lv1k,bitcoin
12DifJoZDSReHqJYhMG5Z7ugJ4L3cZjdC2,bitcoin
12DigV4eYQ8ExbhvQ4aY6cz8rxLCGxamBd,bitcoin
12Dii4r9hXdVcFx6Sicqt84XcNQwXwaFL8,bitcoin
12Dikjs4n3HFuQ7ytrVfyZjzXqk741j5N6,bitcoin
12Din1fDdf1UL8uQW1YAbfxjcPUQNbGpXx,bitcoin
12DixrbCz11sCJ3roxdW6UkynQ8jKjDiXu,bitcoin
12DizsoiVsGY2ibSXjg2MERzYitPSATe28,bitcoin
12Dj4jPumsC24agZAA8DNmJQc5UnEzDoJK,bitcoin
12DjKYN4zygqHpP6Q8A7Z9pkvQGVbnL35D,bitcoin
12DjMYKDyDRg9uLuhqfKT7ToE6LJKT4NB1,bitcoin
12DjSQRjeSLxbugiSsycaKQvuCSHfF4cNw,bitcoin
12Djagg7FSA4EBv8zDoGWxW6G7ZtArBEmJ,bitcoin
12Dk3Lvq6T5C6nPmUrYqsEGsYLWJYdiE4K,bitcoin
12Dk4U2hSVAKySzoZGDyuLSrE2JTdiyDWu,bitcoin
12DkGkyaU5BZmiWaxFjZ7gN6tq1RNhWJFZ,bitcoin
12DkdcWPtFkwoNKNJkMMngzebFnxccZixi,bitcoin
12Dkj7xfDJkGbkAr4SXpQoyJtm1hK4SA65,bitcoin
12DksTSU9nMdcvMX1jLzjQChtucG2GTB2p,bitcoin
12Dm92nvbv3GJey2zv4FwzhignYRenBFP7,bitcoin
12DmRT5PkLcM6HSrKqv26z3kjLVRWR438Q,bitcoin
12DmSQWs47RWyZSjYjMLehUrADwkX455cX,bitcoin
12DmUYtEQjghsHF56Jx1Si3cg2P3uTJQMC,bitcoin
12Dmape5jGcx2gXKrFmedudwwuGutTABT2,bitcoin
12Dmczf4YKUwCUs4CPd6d7FHdbbkU79jj4,bitcoin
12Dmk7QSTixSS4URLBvvQ9po1vgANdFp9K,bitcoin
12Dmok9d862AtrwfEQ2aqgjB85RDbozqS8,bitcoin
12Dmr4xqVTPzRzoC7fiDQawjtQLysMdGyn,bitcoin
12DmtRH8stcZgApmu9V2cKUj8mtqBZ21nh,bitcoin
12DmvS37oXBB5vNfGxuMgmYJPu9LuH7EAn,bitcoin
12Dn65mFeeAU56GYpGReqsYakQ1qgwnjAY,bitcoin
12Dn7YxnesSzb4QJKoGzw5PdwgdqaL9mXe,bitcoin
12DnCH1YL7PpwCP6L4VAA92BGtUycUaFXW,bitcoin
12DnCT6nubXcawg7cu1SJRUSZXhJdBdFca,bitcoin
12DnFXfxXKoPFk2GAwqFRA3Fg8yHXUnH3N,bitcoin
12DnGSMcLRSttoL2Ao1j99Xk4AH29DYH4J,bitcoin
12DnMyMFoU9jmk5WKVE1NkjYk7c5pVy6Cd,bitcoin
12DnT79eosM7TZzXPkUFWq1dUfRoajo1Lq,bitcoin
12DnbALrMqjgucrd2YYhgX1xNc5pzMMhvZ,bitcoin
12DoJY6VngkewshSh9j9y2exCNGdT99c2B,bitcoin
12Doibi2Ts1NdPBgJsWwWGBxC1UzaBBYop,bitcoin
12Done9gfXv5NVdCsFpNSinwBVRGA2LgjF,bitcoin
12Donf3hSKPWdxgQkPbxeUz3kza5Q7Rmzc,bitcoin
12DoweSHM2drS8ugVSWfuJrAM1B129z3wX,bitcoin
12Dp5jVecAgu8Mx9HhoKKNAKpVcZ4ZJ9jU,bitcoin
12Dp7VPvUAvJtZvPyLyGfax36UiAPosiRv,bitcoin
12Dp7vdXqmd8yswGuQKq3iH79YNJFd1eY9,bitcoin
12Dp9AvstGg8W8cQMb4rqYLrfVMVKjtxDX,bitcoin
12DpHYcLgzF6cuQcvHZkj5PdMgd8nCtHaK,bitcoin
12DpaWkdwVm9bGUdpYWkwyTkfVEB61LuGb,bitcoin
12DpfGgTRwtZmXr5Q5TiN9JSnH8Uo8pzww,bitcoin
12Dpt3N5U1CJo6UMHkaLsQ4BztXTRyGtfa,bitcoin
12DptDHXLHw9cc2xzFSCEiaE88sjdg4see,bitcoin
12DptGrqUjXvc1AAscHDDUiVuFtTe3L7dZ,bitcoin
12Dq2ft6mC2m9yYsfTDJ4rF5GfiMCg2x4V,bitcoin
12Dq7Hr2DJ7WMQDRfQ5KNyixC1PjK32hQC,bitcoin
12DqF8x4Rvh93qhxPzqnCt7oxEodSFoo8r,bitcoin
12DqHwCMxVExdugf4WQop7jos78jstNNK5,bitcoin
12DqNAirRKRHyrw4vpFvSSsRATjaw7yDP9,bitcoin
12DqNrjrcVcN1w6SsXNTYJbb7NbCeLo5sr,bitcoin
12DqQG9mTpx6cNt5xU2zqYWfMNc66uZj75,bitcoin
12DqSwMrs9phKEqHw6doFvFhbHWD8q8TEB,bitcoin
12DqgqRPT4xmsCsxqFo6kBDdzJwguNix8t,bitcoin
12DqwYPBhLRBqLU87EkNv7E3YCorPwZM1N,bitcoin
12Dr1sEN6R9gRM382ZEeTWYBe88zdCcz9N,bitcoin
12DrBqXUkTTGK5Re5B59hB6rLFFUUoSprR,bitcoin
12DrC6NGQkVjnYFCRmqeU3U1DfyviHgfCy,bitcoin
12DrLApf9nvtrjKHkvpgpFDp6piAkUkQq4,bitcoin
12DrM458LR2jnpmNc2KXgdEVxbVdgttyWp,bitcoin
12DrdFw4NAYVFZnAg16bEtGQDEhWZMvfKv,bitcoin
12Drf8zBC3UGHmqwUXrBW6NUCF4mTVo1MM,bitcoin
12DrgfhXtMVx9n8RJoC7aECA1uNvVqjxto,bitcoin
12DrhsVu89LHYfydTLh9BYSpBruDu4pWjX,bitcoin
12Ds9g64gRmgJES6qrTa8UZG3hxSQPmVf6,bitcoin
12Dsdj7bpLqPhSdGt8AZfnRR6aK1ofZdxz,bitcoin
12DtAjo54Cuejnk8e3X74StAct8mGRgVBM,bitcoin
12DtB8qm3b5NQHNMRJhceMraqNUxjdP7MZ,bitcoin
12DtF4ARGoaX5o3XqH2WswkA9uk2JTcp34,bitcoin
12DtPAGQvirGd4Jvs7Q33WG6qChBEDsm55,bitcoin
12DtTJio8Q4UquVnEHYhR3xhHRU7cB5UFA,bitcoin
12DtV4DZJmgsBMjDDzdCRFMV3x6dbpYhhg,bitcoin
12DtfMQgYfRY9uCHrnSzsV5WyY98uJQzQx,bitcoin
12DtkNUhnxzSojpRS4rdNTn5EDAzmmYcNm,bitcoin
12Dtm2LtsjumGoT8uLHUHt6aVm7ED8zHf3,bitcoin
12Du9eixhEs2Zcx4dkCb7B5YUxhHcf3aqM,bitcoin
12DuA3fPrZrEoQuUSTjYpCESK6MApsTRct,bitcoin
12DuLEo3sFzJKh45n5SL54Bo5E9pqy9MUs,bitcoin
12DuNUjdvcrDCndqLVRtXpf9xHjpw8QzJ2,bitcoin
12DuW353mYCo1DWq3kUjpyxW1mhNobt77K,bitcoin
12Duodx3am1gVRRovjFpcsEjFkhg61Vfbf,bitcoin
12Dup8HtFnQzLzVMkw5tJFD8HsuwJQPuye,bitcoin
12Duy3NywysDkUHVmThPYMmCvvAQLSHiuG,bitcoin
12Duz8ogSQqhHMhJSSuGau3vj4Lmgm2sEx,bitcoin
12Dv4DueXN5RXPBnuXfpe1djFh8xfJhM98,bitcoin
12Dv95S22H3ZU2bx12ReD4xACmv93Z5QyH,bitcoin
12DvDNSPexXpyiU4rE4GYXSGEwSrJN1g9U,bitcoin
12DvGDNfzyc5XHJVkRN7GuhPbGm2qsU57a,bitcoin
12DvMvBUUQzEbGzskLBcVE5nZUoUZ5emgm,bitcoin
12DvSdX2thtgdkB3TLb6RdsWaqUj8seL7K,bitcoin
12DviHnzkobmM7uJyWjwKSjPi8sawcoNPz,bitcoin
12DvkZBn9EmxAPbuUBF7j6kaW2d26TX4tB,bitcoin
12DvqLNsbt1ZktHoZkZrJgY7kLL2WwF34Y,bitcoin
12Dvteqmd3U8kaywXyhoGgYLdX7t9Dm6yN,bitcoin
12Dw5ifJTd7QXrZS39eJsqnhfzJ9ttn5QK,bitcoin
12Dw6znmVZi7HYYjhk5SvkvrQ4H9gmdzhw,bitcoin
12DwDL3jgy4vJVF6ZbxGKgJkwZHZTKTEFE,bitcoin
12DwERLttzwbKDU3JmTWszV4XtupPy8DNH,bitcoin
12DwPW9eVwFMfzyt3vPAHvkzWTD8hTxCTq,bitcoin
12DwPzNgHqxyzCWmwD5Xkwh6GLM39kVKqo,bitcoin
12DwXRMHkn7MiFHuRyqouMwLJdfWVuxrph,bitcoin
12DwcsBLvobb3vopN3K8bN7C7JPmVUSodq,bitcoin
12DwdW3PdoM5b2pv6YawRBp8HQfPhsPGBD,bitcoin
12DwodvpMD6TKt4cox4QBUd6sWfd6uzHqh,bitcoin
12DwpwJpAP213RJVUsiv8XvTDpCVw4VwCS,bitcoin
12Dwvbx7xsuFawjYN6TEACriauMR9WGaTJ,bitcoin
12Dwvhrwen3zR3di5Hwgric5jXQap8VwUj,bitcoin
12Dx27snfZH9ha17eSMVhGcXAyCmAGf8fm,bitcoin
12Dx3FCb9ndtcww1DXR9wrZSsAfyB1QyVF,bitcoin
12Dx8RkM2LPbpgjjYpLi8ZmUWpEqzpeWq4,bitcoin
12Dx9cGCrmeQ7dtyjk5UKfVcvGu6m3VDgv,bitcoin
12DxDoyBGgTPWFsWwDaBNJ7P1pE4AyyLC4,bitcoin
12DxJuxEc9ZzkuUypEKVsrDhCLk1aUgT7G,bitcoin
12DxNRvGBQyjsKo8Si7yaMC4JDhf1iSErg,bitcoin
12DxPeBRyjtknqmYKSs7nkAxLVgnJRV6MW,bitcoin
12DxWLbRsp1e3S3M1d7pFQuxBSNwfmxHBn,bitcoin
12DxWMDqsnaptWuPnEycNxMrBSuqiznfRq,bitcoin
12DxWTi5w5LokaeChSkLwcu6wfmnMzqat1,bitcoin
12DxZ5H7qkS7YuFmwCscPQXtzaStx5aVaj,bitcoin
12DxevyP1mUzVApAmg3zMvnu8bYaj61M22,bitcoin
12DxgzxyqhW2uo5rqvS8VVSztp6qoc9dUN,bitcoin
12DxjS4KsFjkYpmeyH7jR5daXBN7NR7v6s,bitcoin
12DxqFXw9Qse4cHUNxmzWnvbL5gzHgi9Ft,bitcoin
12Dy7oLERvnY78x2SXqzcTaM5B75DGKFrZ,bitcoin
12Dy8FoezhdQ71LnTx3nPZDoFQS1eXZQdw,bitcoin
12DyMUDdgJRB2DQfKJnNBMvbvyoa6o5e16,bitcoin
12DyMneKL2eq1xxWf6HNbMNTTMNQiNNpRW,bitcoin
12DySMi7MXpUpbfzCqH5xpzKGqJUgqECHk,bitcoin
12DySoz5MTLkJfnbXAeMjbw7d6ZAwPzt7U,bitcoin
12DyTXFEFNMeHsdy52NDjCrmLyB5mEmNXD,bitcoin
12DyWa3yGU7cyiajYVFK7Gu4GzMtbCUfTT,bitcoin
12DybCyJNatquK5RKataDLLdrc3cwra9co,bitcoin
12DyfMu3iJbpsSvQTwbz2GTVavLX4qfEfV,bitcoin
12DyfdtR6JzfiEvpTYrPfgQXtebLeKVdFz,bitcoin
12Dyfzf6dUohiav8sHUDYHnDZCepjDv4u9,bitcoin
12DyjG3H29QkVRrqrjAYt8eVNFBxQgBVdS,bitcoin
12DyjS3zXzt7SaMaR6rY56tcbgVmaefwrN,bitcoin
12DyrijukwDg9edDJ61U7EDpVpQVUnaw79,bitcoin
12Dyrwk2obp1RhHZKMG4BC3ZhPwjyWeoRS,bitcoin
12Dz36C1T4YcTUKfFu6KRxhbAabFYTxtZV,bitcoin
12Dz5WbEf4VNwduoRNqJ3b2N7fk6EKcZNW,bitcoin
12Dz93dNGfufW1BYQEdZLkWE6r8NE3UMV3,bitcoin
12DzCBnR6LQ3gUh7Y9EFniDURmgFNNzKuC,bitcoin
12DzEXzJywCKEJqiZCDqGqvM6e2rGTkw2C,bitcoin
12DzKdUCq7N4HxJo8Ps62jgKxguDbmLee8,bitcoin
12DzLVAfttnarWSXs7tTTWuZbpP3BL1Btn,bitcoin
12DzQ7TAoZcEukv3bqKYxY7tnL1sYzqS2P,bitcoin
12DzX42YZr8gLcqra5TQviFaCsruLD5EBd,bitcoin
12DzZ4w8oFEAsoaDNfkWmhQ2C9x2mygCup,bitcoin
12DzfNgHJsjV2tQb6LKpABHs6tLmofdwYX,bitcoin
12DzmVFJhVJavc11wXx9DL4QaGYJqMzNDQ,bitcoin
12DzoZGfEtx988UZSm7AXrqUm9GckdRxBY,bitcoin
12DzpzUZhKvRXAnZuiur3EZCuLBsvPi8uK,bitcoin
12DzxDHawzDYdaFKFw34cbZGb5fEjE3PJP,bitcoin
12E19tPukQ13XSpGxfjuSpFYd98XcHw8v9,bitcoin
12E1BCKr4bHJB455x5v4HM1J96QWHyv97v,bitcoin
12E1HACu9DtYq5TSk3DsWKQA4qgCCMDGta,bitcoin
12E1Zwx676gRQJKMtCA53YuYuHoQnre28h,bitcoin
12E1gutzU9AJaWvtvwZ5d6LneMbGVBHmTR,bitcoin
12E1hjH8vq5XNnL9jtQtNWSXmCEPp2sRhJ,bitcoin
12E1mpn937BYr3rR5zg5S7MmKzbwfSUMMp,bitcoin
12E1sBRTu826BGFFCmtFB1RPRingaUnLv2,bitcoin
12E2FWmmpocnycyrbQojpowww1iBikiT4V,bitcoin
12E2PN4xJ1iA512SPHZQK9izn3Ri8hc5pG,bitcoin
12E2ZPdXGcQB573Xua5MXgBx341wk7iKPG,bitcoin
12E2brMxyNC7vsuEYvXpDcZDuoicKGgmm2,bitcoin
12E2dM7FpLjFBEhjEn1tZ7x1yaxvPjdbCQ,bitcoin
12E2ejYY3J3GyMzx3r5TExw88y7UqWBaut,bitcoin
12E2k5Y1baw7n7RHj2M39rSb3DR4DsTvDJ,bitcoin
12E39tuENw6eXrardmscPUh74PJy8vHyKr,bitcoin
12E3DDC1SXHWFWxGpJREkS4AxF7xKXB8DU,bitcoin
12E3KzzXZfkNwGYRLBQu8B16Uw2eRkVod9,bitcoin
12E3Y5cHk8vFWmxX1WtPaGQRnZViAsTvAP,bitcoin
12E3dWDTgz14acjFuLfGeoZAEgo7nsgg4h,bitcoin
12E3faZrfiBnjmtemr4NcrRnitSfdmwoGa,bitcoin
12E3jSdNUcDPHtTjrMCzDmnMSuUryQXnpg,bitcoin
12E3kyKvco5WLoppi92tV5xkecYz1tVrCh,bitcoin
12E3tYCEPZH6r1F4oAWawrNzo9FFbeQCmb,bitcoin
12E3zqRCtFZa6C88TNQg6RcnmhV5Qcedb6,bitcoin
12E4274mmx4St6g6AducUadHpPP91YLken,bitcoin
12E47taDjFx7avvAmLRUWpgxQQSYrmMWw6,bitcoin
12E48wh79LAmvtiHj2xvgHUqW7VnXjdEH3,bitcoin
12E4BSEXMmRArgzbT1HLMrqVZpsn3QvsCT,bitcoin
12E4H5RMyK9nqmiJgn31ijR7WZQKiMRUVM,bitcoin
12E4Qiwyb4tBYf7kjMi3X1dbS8hg3QqvAp,bitcoin
12E4W6QcRjxVaBBMiYwKA1qj9yYH9c7Mq4,bitcoin
12E4b25aCZz3aiA8U4yFS72sdzHcY6uwhK,bitcoin
12E4kugHnA8YRvwarbfpTpk4a7Ah7pY4sZ,bitcoin
12E4rAayK5wuuyiyyBEMAjiMqHbNAq7obB,bitcoin
12E548XbpCeZYyBTfcuut9H27sc5XcZ5A8,bitcoin
12E55TmNaHHu2mjX9gWVUJdQjHgvQZea2H,bitcoin
12E5C6vo3EdjMgdVNdKycmWBy6iRm9t9Fr,bitcoin
12E5NfiVHF7W2cW3vyTCkqMGJ5tXWfMFEX,bitcoin
12E5QL1b7cphHrBemiBcaBawY43wZ4aUvU,bitcoin
12E5VTQpKZqH35rPSQ6kCYRUtdC8xpJb4J,bitcoin
12E5XP4ABiGA9rCLroM5P2uaoTvPCSVdGY,bitcoin
12E5bVdx6xLrYwkdvNvU4Md2aWYEUxwfpE,bitcoin
12E5cEjjHeqstDCY85F1wZdr7fA6ucDyab,bitcoin
12E5cYYVu9eTtf5hYoZNecFNvAK2XNSwLR,bitcoin
12E5eJkB7RS3qGwyKHZfbhr3bHdNTWtaW1,bitcoin
12E5ocED9THpjHErLh3aBt9YXT1q1dBLr4,bitcoin
12E5uKYK5qaUhdPkVPQf2wP9NWVkbN73wa,bitcoin
12E63qMt9VVyqJT1ghPjDhHp2FUm1sGBbJ,bitcoin
12E6Cp2ZopJ8pkFxRwRVVrN2TCCzPf9fvM,bitcoin
12E6D55digwnc1zX7NdMjRA4udb4Urq7Em,bitcoin
12E6K194ExeuHNNScHZc5Bppu8X6nXwKXy,bitcoin
12E6UsR6s1AnLj42uvEFJiJjk28cS3GNQc,bitcoin
12E6VgCVbqwnF4CZaXpNB8taQouUjbnb5T,bitcoin
12E6ZyX8MzgQf63eWCLTmrATT1kVRLUsZ8,bitcoin
12E6aUc1ZJQhrEuweWa4DJEznw8DgbeFLY,bitcoin
12E6dAFxqKPAfq4E6bqjSaP2XPEfp2b4kd,bitcoin
12E6dXydqvfQ2t7EDheTZJpdvyabrkDvkc,bitcoin
12E6punteMJEbEZBgTEoL9sussUXqRUpsW,bitcoin
12E6udpXHaLjshDwCEtTBHLEbrWWo3PfeY,bitcoin
12E6ztt6225ijd8T3cEpiBeLmHcdRouzaT,bitcoin
12E73wL2UqS1hXW9b9rrRiyvwUDyofmsVL,bitcoin
12E73zFKAQUiuFRtdELmvrcyLujZGZxX6L,bitcoin
12E77oenS2hjV2Lm8c7hpJ3cAWDYcEJHQe,bitcoin
12E797EtWPywcnFQJU1kRyprsJ56URtVxM,bitcoin
12E797sGVoMD45jCCCabxJRWeL1tkYr9px,bitcoin
12E7Sf9Jhrnst4Y1kjp5YHewLWrecuYDgX,bitcoin
12E7ZKDDHnWTjBavfzdqTJYKJzRV4qSHVw,bitcoin
12E7dqtqg2xL6uN8inzSHXbqdhFTqQZ49v,bitcoin
12E7wbb4z48rGF46pPhHkE4MV2WJ5ncLHM,bitcoin
12E83mgPQH172VMGZZ7sPzFQZd1SyyWv1e,bitcoin
12E899hC352ci1pgUyTEGizKBYE4hCmDEh,bitcoin
12E8kA7qHirUci5JqT5obVgkWvxYxQWfRf,bitcoin
12E8rQRC5mF8mGZqxvVfvHBwtu1FstNRUr,bitcoin
12E92nEdKCKSkAfvfTrbVJBTsm1xnbZmEp,bitcoin
12E94r1sYXdqXDBpp8NC8vNsKsa9ZqsGp6,bitcoin
12E99DM2JJTgMtuqnoCzTSAPnqTZuqmcLi,bitcoin
12E9BuqQhv9Kg6o8bAPEqwam7CM86iwMLe,bitcoin
12E9HtE3KuQQWza7Wov82CQqvFSefX3zHn,bitcoin
12E9WoxoHkAmHEuivYRoEqCMY398dSkfFz,bitcoin
12E9uXjmS2BryBQc2mjEYK2FXdoL2E5LoT,bitcoin
12EA2QgKiAXGy1xrUspbjvAtbWfQnQir2a,bitcoin
12EA2bgAW9NxHcyeuJRWpEKGzKBnXm5Wav,bitcoin
12EAV2u6Td6GXRo2g3ARWJgzvs7yKeZKF2,bitcoin
12EAXdwiBb3bJfzQbbd4B3EuKzp78yFpYR,bitcoin
12EAkXbVhrVyNiBQqnTBBGstx9CHSEm4ct,bitcoin
12EAnaZuhpXxWSkF59xvfX2g25KL6Wcd5B,bitcoin
12EAowwKPvxJfLPRqdQfo7Kknt2QVexB6i,bitcoin
12EAps8ahrVtKTpHT5mbHqYzRCnYFktD6w,bitcoin
12EB7qmqXXeg5yVD6CCeC9PvteQKGtG8NS,bitcoin
12EBApTBXFSKfYMTTugP5oaEvMtzfccixz,bitcoin
12EBZL8hKm1MAe14E5U6xFYkpuaTFDmAej,bitcoin
12EBZch45vYXTHYn6oUTx1xpHHo1UiKWR2,bitcoin
12EBfnxtzHyRBLmeQogud8fnmLJB8qrnjK,bitcoin
12EBg3rhGousveMVhjLSjePpmCw5dwqZ5y,bitcoin
12EBoq94ova9bQtK22kVxnqBk94jZHSHZb,bitcoin
12EBwtrC74ZXgWqRdQpN5QNLKtU4tnmrPk,bitcoin
12EBxWuoB45bp1meYqLSXHgpb4mJAB9327,bitcoin
12ECHwzpnMLP4eZjLBxuYh2A2ru6vJ6Gb2,bitcoin
12ECKxX972RfVwWFvVZBH44afaLvcuieMF,bitcoin
12ECRsMiqPtr7pWHxoyC9ATkKVXR3GLSVh,bitcoin
12ECUcDzswBW7XWUxV4pNzT8GoGzKPz3mk,bitcoin
12ECWo6RPfTErSe6J8TiGmsik3KfamTNhk,bitcoin
12ECe5AyvN9Zms3DPbmeXbsAYbhfWgqg4K,bitcoin
12ECm7GC4FBkgq4ufHJ4TNXHQGDUZsPu2x,bitcoin
12ED18RkxMKtbgPicFKuqmBzFfTQzW5WYv,bitcoin
12ED3yNooh9wdUhtbuFsefXXZxmDVNBGUZ,bitcoin
12EDJxkiZ5yMezpCt52GHbkSntHQh5Wq8s,bitcoin
12EDK7cJjU2u44JwuxYNoFV1FHs231QD2U,bitcoin
12EDKS5VzffcgCv1fuZaKhFHezZSBELEdS,bitcoin
12EDjrmPX6HTzMUCTrMdU7zRYGCiTDs7ag,bitcoin
12EDsHtrCxQ4RF3X4DUaZa5GaS6xAb5HDp,bitcoin
12EE5Fbm6PN2So5rhbd4Up5W2nt47N7vYy,bitcoin
12EEAxT7KhRmaYo6KknhCXsCSKxyov199Q,bitcoin
12EEMPZnf59X19mBoCDkydrCndKHw4zear,bitcoin
12EEMyy8WMgP3jnCdmhxF3H1yHEg5J6bsa,bitcoin
12EEP2jzmLEUxZhHD5ZHwvti6joug2WTgq,bitcoin
12EES3adCaZoycKjjkvzUPdRCVTK8bGcuS,bitcoin
12EEZt9WBSuwiHYeZyNirLZv6ZB58BkWdZ,bitcoin
12EEca5NCgMeJYgJDJfQNhKGDmJA1yVdRY,bitcoin
12EF2xyYEaioTmsijs8q2Z4oAxz6Vvisr3,bitcoin
12EF6T42kSzB9NznbAvshK6yAs5X8p3vkx,bitcoin
12EFCbT2wHedQdakuDYadUoUqn8xU8GHJ5,bitcoin
12EFKKu1K7evyxLtcnPoorALHWjDhh1u9W,bitcoin
12EFLWRvGYPv3vfWx83nnFzgGuCuKePJX5,bitcoin
12EFN7vBz8UH8Zjh266NswQqcBLfy6SoeD,bitcoin
12EFVviNHkZGS1JW3R23n8sLQoCAJRJbMt,bitcoin
12EFz92nxP4hWmwAKEFKRNSZKenztnBx1f,bitcoin
12EG3n5z6GxYMugBmtAetGASsXNRcAnv48,bitcoin
12EGKdCmscmAmaBaV3W9qDWxCpsdUycSSP,bitcoin
12EGP2mmxstyeSB2QLPDZzhVJSmMXu5AUt,bitcoin
12EGRp92awfFTdqX96RahaDJ5hvvo1XyNV,bitcoin
12EGTxzXcDaU3vhv2E4iBD84CopMFyc2ug,bitcoin
12EGaTfWY9WRErqF3DeunGoBH1PRX2UBE7,bitcoin
12EGckeq88MZwRaQtnYPJRc4n3qpMoTsa3,bitcoin
12EGjfEmLwZo5qea2TByb2bhhuHLKCAuNF,bitcoin
12EGjqbvaACT3z8oCAJwMstWg7CVCLk9Nb,bitcoin
12EGsckNAZjniafUb6RZyQAp2f9TNqpfMk,bitcoin
12EGv3Ag8G7WssRBKMSvZ7m7CD3T4PXyF6,bitcoin
12EH4J1M7QRsKuUT5dSqBjzCox1kmYbSYQ,bitcoin
12EHFSftT7k77UMbYt3sQjZpSyKditT4ST,bitcoin
12EHFtP4iR1mkZkT2PdmCdEgeAQ3ESHy4X,bitcoin
12EHHLJnpffPY3rJWsfCPNe25J8cXPHsBH,bitcoin
12EHMaetvV2AaZsRiThA3nwUJTecDsBb3T,bitcoin
12EHfevNSfRAv7BRx1ZasJbScfk5p69w9n,bitcoin
12EHhxkFooMedrdRJ65BLSwr5i1scvBF1n,bitcoin
12EHjUH8tPesPHyow1vuWhJzaqqiVpJPCz,bitcoin
12EHktMCFz1weneW8HXwLmFhUfmGHZk8Mh,bitcoin
12EHt5UEZA9qHdjYYszsk8txNT7hVMmW68,bitcoin
12EJ5Z3Z9H5ZttrrDnocjMMaRvQFh9tKaJ,bitcoin
12EJBfQDAA9SHzPVG1xueXpZrxB5VXf5eu,bitcoin
12EJDHbEcnLe3nWKquwZtyZj6WKMEqoAXN,bitcoin
12EJLnyybdzJwBuLHJKPBApDFWpFgLqxXd,bitcoin
12EJNo3DFtRpEkwSJaoidP1SFZUX7FY1uc,bitcoin
12EJPRaLSiK84f5XvzopePaNu1XA1pwCFE,bitcoin
12EJRRYYSgzTnWmpnW1tKArGF2ERRwVYUk,bitcoin
12EJTVLgHtctFFzX7XZVFgPAK4NdxR27Ub,bitcoin
12EJeEpGF45UqSNPPtXyv6uRTwp35kouVU,bitcoin
12EJgyagjmq2rPJBxmNMBMAgRXAHpByzys,bitcoin
12EJtwqnqS9BCCA7KixubNxVszhzZgwpkA,bitcoin
12EJy3UD94BNXsv92sfSD8jf2tEPioVuc1,bitcoin
12EKCA1fqYLaJVwcwTrEpJ4Dbeo334xosS,bitcoin
12EKFRavC6vVqCKCNeirKZzA7THq9srFMx,bitcoin
12EKGbejSTzAq5nzkvGvh9A5d9siWQKZdM,bitcoin
12EKJdHrkPaYTQkfXsa7p6cRzhrmw29auK,bitcoin
12EKSGMxND26B9JSFSNnGYhhjWa9VTuLnK,bitcoin
12EKXi8KPSJzm44YzrtfFrLbdTmzrWgXHt,bitcoin
12EKZLnK8NajmdpCN1oaDSWQDPHWBBrRhv,bitcoin
12EKaYYpPsvHMoaVjSAJYofNuqz7CGcsih,bitcoin
12EKapme9qWpQPDLidyEgPbkJtQ5MCsi2w,bitcoin
12EKdQXtbpZrEvmPN1wdNiF2z1YWRk7Gcu,bitcoin
12EKfZjAhZHHpc5EZ28n9y1NY43Ga3UFtA,bitcoin
12EKriZuyDJSPeAxfxgr8Dz5pyFdNumC4L,bitcoin
12EL359nx1gAhooh8zm13eTGwf8F47eTih,bitcoin
12EL9A6c3cLy1qsvyMxW5CcXSwyEtytK38,bitcoin
12ELAHUD4bYVZ7sCz6hKYeWxNJeGcBdV21,bitcoin
12ELK7QSFd4N5pKVrSAkfeWtoCig1RE4mw,bitcoin
12ELN7Uni1KnuBNc3PY2TCgYjhZbcvB2CE,bitcoin
12ELQhwwjd84kRiHqm72WetUQqsqRuDFZw,bitcoin
12ELTQNoSpDmnuYj5f226r3TMJVUbn8oJF,bitcoin
12ELUyhthWYzyA6RPSAgBR39FopMHyh6pg,bitcoin
12ELd7wTJajDcT2xp8SHrDzPhrQJaHndP3,bitcoin
12ELdUkAd1woERWHT8Yx2a88uMQan1Mikk,bitcoin
12ELe5WqHyYMBaCegvrwB13JuokkCH3aD5,bitcoin
12ELn46LqXT8oFw5mNY4jEdRvJg2y5vucy,bitcoin
12ELs92PfMBsVE9dcKyv3XJ4Z5rU2grnws,bitcoin
12EMQBE3GPxSXMeCAbMYb9KRsttZ1rYKFz,bitcoin
12EMa4kfhyubxH6hd5Rt5irVUCDQy13UXx,bitcoin
12EMbkMKLiVLbyr5RU7VHXUGbbGbGtoPbv,bitcoin
12EMfDWkViEq1mUkx9HJdmwvN3WLsZU8QQ,bitcoin
12EMkAbwbXtFWHKeE1e6c3ZVtyBs7Z5ve9,bitcoin
12ENRBmaqGDwYGZH8GQfqXK9KRXpmcdsB8,bitcoin
12ENXgpv19SU8e2Tc1Tb6WV1NW1zDQ8to5,bitcoin
12ENZT1p9bzax6Uv57qLjG3FDoXPGzNss2,bitcoin
12ENdUYFXozNudkM7qjoe3MDV2xrm7kB7m,bitcoin
12ENi6cCrcrgQ1tY4Qt7Shp297B3qTvFUm,bitcoin
12ENm1JbB2vownT2k2m1mwTWQewjQJhyAi,bitcoin
12ENn1ZTKztRaPxo5HtW4LiCREkMbkymVX,bitcoin
12ENnj6RfnbnZBGr4EDGjH62fVUXeELGtf,bitcoin
12ENoreRjUMPkQVoqe4zzXoJpoyoKDd5jd,bitcoin
12ENrybbXoVH6BdUjXRAG2PRXFYyK4SNvf,bitcoin
12EPDXC5CNShjKZbN3eJ2zqCJzqvRw6q7A,bitcoin
12EPJ6bFVB28JFHBtPWpw4fnSofGZMV9NR,bitcoin
12EPKV4cukWZW1cphEBydgadq8oh3N2jac,bitcoin
12EPMYNTx9BB1spCiqHa9CoSqHdxbD2U1R,bitcoin
12EPSureM6wr7CeqYJUCNyABQi3V9y8Nn5,bitcoin
12EPU8z3Q7dcjF1dFKMkRk7X5thmr4jSRS,bitcoin
12EPmsDEyu8nuXoq9oqGkL1fsM63reeQNm,bitcoin
12EPsaiAt2SkPCGpmDxZmhvBEvZTmd3jia,bitcoin
12EQ8BnmkBQ6JRyAUSLKMeKdGUjiS2ZH1m,bitcoin
12EQA8UeWv9MqoFwKT7jRopf5HDkeYPL74,bitcoin
12EQMDktZdho4vgvi1CxkXs87XnGUMXztf,bitcoin
12EQS3EzGCxuwAMHk2jVGhfmALfbs8zBXb,bitcoin
12EQyTCsLYanua2iM2rqSHN1tWGKckUnNc,bitcoin
12ERAHvEns6pG1tQcca58rV3CaotXFsyzm,bitcoin
12ERMRnG7SDZbk12kTikfzwK2odhnTe4Vd,bitcoin
12ERNCw22zXqUjtorM685ndNQxciFqSux9,bitcoin
12ERPiYPMYc8tVAPc7vhTydx7yEu8qzeda,bitcoin
12ERSxgR8fvY8S4z58HdxpwaiHDzBtyPsY,bitcoin
12ERYHCMNp99Yq7eYUUk93ETwM9q8kUJr8,bitcoin
12ERytV7SmtwRn2zVeWsGd59NZsJiFZBhP,bitcoin
12ES8svZK8pUZJoQ2qEKTR3yEgbM3kBfiL,bitcoin
12ESEnwEgGXy3SDGXFL2YJ5JX5bnvguF1q,bitcoin
12ESHRhV2DMLHoJqJK7mkEjB6niHuFznwy,bitcoin
12ESRoLmy6CYJEcay7ENwxjQFfWSMYnwtX,bitcoin
12ESUaHAM7yDv7CrpJFJZFHvb81Kh3MWp3,bitcoin
12ESV8TmQwrDQ19gyZ11HuABTeQCh4BrjY,bitcoin
12ESYcok8ksaKphDh5GCXAWj2KbP8pHVq1,bitcoin
12ESctibkmU3kjkEmjMiyZ8femyDQiTFTx,bitcoin
12EShE2z6Dy3aBJsFsVqTwD3JqshNLnzcX,bitcoin
12ESr8Lg3qCBF1F2rfWC7yeV3BL7fV3eBq,bitcoin
12ESsZQFPi7gY8ASSH1gZDoskWwEQnjNy1,bitcoin
12ESyTjYrh3hecpe7Dh19s3HsZQXihvFXC,bitcoin
12ET41RN9mGB5Ryo3QgH6rkUvfLgjZCJGE,bitcoin
12ET8V7Xqz4W5Ba9pJRchHNm25Riv6ndTe,bitcoin
12ETAyqMa9y4n2eJhrGkixURx8PrDrhzM2,bitcoin
12ETB3Tj92wgmbscqUp3fPUo9QCJGVCJ25,bitcoin
12ETJJafRp1esaUr2yXky9ZEPqxfwLJm2W,bitcoin
12ETRPYCB7W1yZgMqiiz8HZvDVGhUf94Cp,bitcoin
12ETXuk5ZPziYQpVMMabqTtDfEhW84ZyQD,bitcoin
12ETftNHPpdPdKQDw4Cpj3xQoJYfqnX6xr,bitcoin
12ETgU8ovCE9MmqTyPwqbrGR84A8DZJJWE,bitcoin
12EU5nMs4tMiuhARtwTkR4zGmwE6GmDVPg,bitcoin
12EU7C2D1xcE9DAfcd1ALguyBD4AadjTsN,bitcoin
12EUfYvHz1zXCHSUetu93Jb3yFFv6UftKp,bitcoin
12EUrNi3WUgG1Qoic5CvUyJnm4MMAbHoPy,bitcoin
12EUz85rzacd4EzJMCY7PfLMJ1N3Ct4f31,bitcoin
12EV2FoyxJh8ZhkMQTNZBjZ3FUddfYT1KR,bitcoin
12EV8jxaRMQ2TjvE4uAeBksyFVSx4wLd8N,bitcoin
12EV8kxMA7Edh6hxZEH2ZQeDfcjJBLhhPA,bitcoin
12EVAHDGHYVByE8wNtDY3qgjWvqkXZrHQa,bitcoin
12EVQ5yv2D3R5TtYFeoqKnHYatEQVUGEzT,bitcoin
12EVXnypwzFQiAF1fMFbVpufD6NgEJsz23,bitcoin
12EVariKcg4eF6djMFAaPvFjwLv7fphfuy,bitcoin
12EVduYSjW5Sv3pq5nhYLikzbfLFpDgD4C,bitcoin
12EVfnvKTxCEJYytKWBNn8QnkZrrdFzoXH,bitcoin
12EVsGM8eCzT6iZyhb6PYGZXgQWxb5zvz2,bitcoin
12EW2YgA4UVxdtyd8s5r6iupYiGqHhCVmy,bitcoin
12EW5ozTJ85BxxoZVbmN6Tid8L5XsuiTpQ,bitcoin
12EW9Wrmx9Tpc2Zdcv6oTrCdML1myDrpS8,bitcoin
12EWC8n75D7bdQ3em6GXK8MAiA46qFswH4,bitcoin
12EWCMFWwZPELCJtKRjoov5VQ6fd9DDvXR,bitcoin
12EWLo7rw3RN2SQv2pirV7juzdJBNCB6Fm,bitcoin
12EWYMeYM4JmJYGc3Si6KWNNHu3zdiB76g,bitcoin
12EWadZgvBKEQfDpAKXSukFUuJuoGbdStj,bitcoin
12EWirmrD6BWtX2KEjXJZyyxvpkQpcfUBb,bitcoin
12EX2hFVUwsRnkTQk6tdVy36MvGEewcpqm,bitcoin
12EX7Rhc5NorvVdcZdCci3mDDNPu4b7FB8,bitcoin
12EXFuB1p84U6Ht1SaHeu4BnyJshTHDu6U,bitcoin
12EXHBcDStEaffsAvuwKbZUzH2zcxEuABr,bitcoin
12EXK1vgqmjXjJrSaqJxy7P8naZhjRvUrK,bitcoin
12EXKoDW5i6MzoX5AyyJ3HS4ZugtwL1AmQ,bitcoin
12EXVop55pf8ekZymyM3t6mXPUQxrY1UoW,bitcoin
12EXhpJC4fFvFZMDNEoCLdf1ZSftoD6dM4,bitcoin
12EXjQ4ASaw6rgcVrJizXzNtKXrJ9heuD4,bitcoin
12EXkiFCymnSHWHgHonyyZwjz2feGUmsCY,bitcoin
12EXu9ccJmFkrdUzuaKChPmXMTWNdXoirE,bitcoin
12EYD3RiHXfehRPPCCF9QRisqrxT8LMCPJ,bitcoin
12EYJCYrQVmWAGeH6baHn1gc96BMdHCxf8,bitcoin
12EYRBR29t1i6UDgw7WpchbVWtV3n6bZKg,bitcoin
12EYdi1VE7fGzwHYVceoS3HaPveQcdxnzB,bitcoin
12EYfiwqCZALXYvJE36GTnBVTy35wCYSwv,bitcoin
12EYnbLqZQ5sxGrfTtiqn9gToVKJCFY9uT,bitcoin
12EYpr5CY4rgDzRa8Ajeeaia5Nt3ymi5z5,bitcoin
12EYsBdZ7sMiETt3tER9kRp9yixHrdJNDH,bitcoin
12EZK2Us45zxxfVLsg49i47rQkciMrxXoe,bitcoin
12EZPDzf8mHBTwxFGWGQ7yvJwMXzyDbcoC,bitcoin
12EZUH76fqxi8g4ZcVkm65HrxddJwrTfzr,bitcoin
12EZV3ee1ADEqc3UsUendUkuy17y2B9yHu,bitcoin
12EZV9WNTwpU86MSNDEPHNfRYMJxB9JkPQ,bitcoin
12EZYCngLjUAxo7rfDdNqY27xDi6idnyU1,bitcoin
12EZr5x8mFpxS6ypNobhPXmyj4BbRkm6GW,bitcoin
12EZyUCF6WP9rege8RAEybCVrh8NdTgyYP,bitcoin
12EZzHWke5qi76xmtpsFFE6Q4GXi3d5xK7,bitcoin
12EaCtEbA6TKKfsZk5wF5spvt7SBDzvDUL,bitcoin
12EaFRHJsu9QgCBQmh5TWnr2vc8j96cJys,bitcoin
12EaGWWdqfrxFDKDxef8xpvssm11DxANAS,bitcoin
12EaHm8pNvXARduYmPU74QUSTr1GhVgdLi,bitcoin
12EabgLs9gbeq9MXYUzBFTEZ8Kpp7vK8ii,bitcoin
12EahU9FyT747zk2itQ5rwb1ywQ7nSUsBv,bitcoin
12EaibGasdvGP24MfxmWSWE688XZcFXhSF,bitcoin
12EanDVxfpjRmkg4uBVHiAjTgKNHhZpy1M,bitcoin
12Eap9ejxDKkbE18H92zttPBU474Jm5E9t,bitcoin
12EauxaApr48zm87x6YXo16Mcs3ZzkSdZG,bitcoin
12Eb9A1cgkfEFJx7Hj7CgzS2GUetC5cKsm,bitcoin
12Eb9FLAYPkHe82BVYQn2oLDSPaYMKk1ey,bitcoin
12EbCP7iNZZB3i1F27Q5CH4f7z84tUaLf3,bitcoin
12EbDZZ4rzGubqWrQLnqDE1KF5t3snxcaX,bitcoin
12EbLzZLA7SPtR6yfbCFbcmjtyZ9cms4MK,bitcoin
12EbPBP2L8aC2MVGpWo7phgEhhFnW2SLf4,bitcoin
12EbRrQAMNnXsYXRDU41DrxiUaYo4WYzfu,bitcoin
12EbSusy3SVNvfniicayWJ7DSHCcGu8nrg,bitcoin
12EbTaQmbtNWVzixJKsCMeryr7nveKMx1L,bitcoin
12EbYQokPLPey9q9Fkt5CjW9rZD4d6jsSU,bitcoin
12Eba4zM7Dggas6SSpwi9vVJKXDDGR86Tm,bitcoin
12Ebg2cp64wm3BQ3vDd3oV1jdcHyYY83da,bitcoin
12EcAA883wpQ3pYbGYU9ZU9Dtc9sB5Fj2g,bitcoin
12EcFJ4LncAa6xwVeFN5VydMfnbeSK1auR,bitcoin
12EcJY58oREHMnkzNLuvwmMVXNi8a7QS7B,bitcoin
12EcKZrD1p7du9pLFXnSdFjTsYRrtdvB6w,bitcoin
12EcPbMpEBVpi6vrdc9qts1FMm8c3F4ERz,bitcoin
12EcScKkcxjsno3xjzaoNs9gAbvbDp8sBa,bitcoin
12EcWFrdJEcREq4xoAko6GU8zjFQirYeUA,bitcoin
12EcXPt1A4Dzt2oUpoV3HXHdy9JVwKcExX,bitcoin
12EcdieYe7199TJHkpM7FwBBL5aSoqbmuy,bitcoin
12EcdjdYpAYJoPvJJjaAh7umFneA3GJ2ku,bitcoin
12EcetWrDDBnAvDz4cPK2rYfrwNRPKWoZu,bitcoin
12EciJ27CubYwBX79g4jtjBvJTWDUzttBj,bitcoin
12EcjHE4DQCpbr1gMqG3y3rNK9PrHeTe1A,bitcoin
12EcoqGSwzpujeS2zosUMG3TsmiZBz3mHs,bitcoin
12EctsfTig5U9CPE2rQSwWy2ZWzAosDAoS,bitcoin
12EcwKDzNwxZESRAMsnGaxvaKoZdMweV2A,bitcoin
12Ed4StQubkEDdKvo1n6oNEgfdouSk9vCn,bitcoin
12Ed8ZwQgWGX59JpgMpVxeViFQBeRW15mK,bitcoin
12EdEhXpbq1ioq98YnuWF4sCeSqZMUcgwp,bitcoin
12EdFy6v1C3dBmCdC4uDDLKeCQaq2QXH74,bitcoin
12EdMV7nCAjch8i41V4L79EKiUe5ZKmQVc,bitcoin
12EdRSdfczNiGhMdSgumvb1mFp4r5jxPSn,bitcoin
12EdTPHACt81vbP1bP3iWGLjs4rvvoTrv3,bitcoin
12Ede8byrtFDbahLp7nQF69aZf93Ts3JdQ,bitcoin
12Edmv5WsRGP5QZB1wvSm4wefBC63iMmKg,bitcoin
12EeATuTPeCuHXcYjaPBHPWRzgUiL4Mcix,bitcoin
12EeFMrmXdTaBAmrmYbZJjY9sw1a8S1vXA,bitcoin
12EeP2SRVvoYyf65GKmKShww5R69Yvkdae,bitcoin
12EePVZ9V62A8bbNV8yJr3BNpHYaJ2zfX8,bitcoin
12EeRkDGEaiLGeayiqTr7Ai5iYGBbaCVmf,bitcoin
12EeeeND7P5h8AsxbkjXj9dUuGMJr8zVaU,bitcoin
12EemkZaRg4bEx6DSsobURiAovyDSW76fn,bitcoin
12EesWxmRFu1ZwLErR4a9FjijdKZATbvvC,bitcoin
12EeyKji2LCpjTydeqyAZh3AC4DeZMFcog,bitcoin
12EfEtbgyj6T888SfHhUYsDx24Sm231k9P,bitcoin
12EfFvgneD2DbQWF8jPbca329ZweqB92Fr,bitcoin
12EfK7wVD7uYm8fEeevMdPCcvaXdvGLxmz,bitcoin
12EfUXZJcTWR6MCPxxgq7ZWLh1X8HgiwyE,bitcoin
12EfWSP2YPEGVLnznYEbKqmaFXJJJ4jHWW,bitcoin
12EfWx1c2j1finFWFYqS9mYUFbecg823bg,bitcoin
12EffX38a1bDBVNiNQYEh5Tgnr9ZjGwXAi,bitcoin
12EffhUSWXQ3SRkZZ8b13kzmDscBgdp7yR,bitcoin
12EfoZqgXevrhwynHoG9wBcwiduAdhBR9b,bitcoin
12Eg7eTTaWFf6KWE77i5dGiAX6rZrfj5iU,bitcoin
12Eg9Wx1mPC5S6PoKdkseUqz2qvYFFQw62,bitcoin
12EgA2cB2twyX1ocWfZagZyZtguGPSzpkT,bitcoin
12EgDM9MqCKmXqofYPRF818rFdBBsY8NKH,bitcoin
12EgE3BhvYE7vMPazMvgYmbkpfVFxyHLtE,bitcoin
12EgETJ84pQK4ky5gT8PXVp3476ASP5RCj,bitcoin
12EgG925rEx4tXJwJVfHm5m1JpJvGVBfNW,bitcoin
12Egd4FTqMAEdjSHXhzFN4CrtLNBmP26wW,bitcoin
12EggkWjBos4NR63QkqGEU9Pyh8CyLv4fE,bitcoin
12EguXu42qY2staebSFSjJ22XDfsXfKmmc,bitcoin
12EhKCYNoNyhfdoL8R3Y9aQf8BuE5eriWy,bitcoin
12EhLmFEKivDn4qt42tHDC3SvciqzALdGw,bitcoin
12EhNyghudVz8jAkYZS3f4QUTVq7NLfGvG,bitcoin
12EhWdUG1s9muNJM8cDVN57DBEhAE29RDi,bitcoin
12EhdPav37kgbr6ZD5fWYaGheEYZ5fZJhh,bitcoin
12EhgnmCYbDLDUv8Gn4DCrX82w9UuRbpjp,bitcoin
12EhjtdrxrL2BKqCSakvPQeaGNqLj5G4AJ,bitcoin
12EhrBiDQP8WwPXwzjgQobzVdrfTSHFJ2t,bitcoin
12EhrzLFxbioWTEmX7akm65VTAg6SCSUcU,bitcoin
12EhvdGnW8zGs16VHoQQWniipWscgrRrpi,bitcoin
12Ei8MNwfSzR1wrzVpRVQBJWP15kKb41b7,bitcoin
12EiGWPjmAu4R2d9Xm5N7P4DfiNFLwvhB7,bitcoin
12EiMY2m9SRzHNUTi2NNgy666p1Y6dboLY,bitcoin
12EiMto8rVnjZYAtUa8MUZgbmCPCQZkf4P,bitcoin
12EinqGEH2Po84gDX74frZYSK7a1vYb4uG,bitcoin
12EixvVZXqkSRexKM3mW28QLuVu4oYMEYc,bitcoin
12Ej6QnByfzAYsDrjqCMUca56KUirwabcC,bitcoin
12EjSNJHs6is6MgYhUEVUBprgp6VUjcd33,bitcoin
12EjSddpoChDH6Y3WE2xGGNFTKobssEEeB,bitcoin
12EjcgaW4o39afxybXthHRnNj3Lgsxb8WQ,bitcoin
12EjqdCaVXosQWZ5LssPwm2aM3hW84KqVd,bitcoin
12EjydKBi2VBCUQKXX7kekcHvQR5VVKJNs,bitcoin
12Ek46zo2FpFHzU6t23QbbdHHDoG3Q8tGC,bitcoin
12Ek4wex6iqDXnY2Ko9eegwaYB7ocJVYpP,bitcoin
12Ek5wLfytKdg53sCJgWy7h6kwDpYXF6iu,bitcoin
12Ek9eRAukPraSCT57QYTCQV3bHtuUP7yd,bitcoin
12EkGmxTv6eAjHxGZzDERuSLGKDucnNU6K,bitcoin
12EkTeJrEhkMYc3j8gH8yju8YYGmv8vHXX,bitcoin
12EkYfEKs61sKMZAUC6xpVrnnU3HW8GFuG,bitcoin
12EkczKDZwaYFRDHCEuQQo51WYc5cGv9qH,bitcoin
12EknpfxsaUTgWAJERsmsNA3pwxshSAfu6,bitcoin
12EksYfRa6o5eieLwEd92nfeo4dhWEDPVx,bitcoin
12Em92fTqZrtHDmzU1xkRM45VwysWWPGbB,bitcoin
12Em9RKwRkBJMGnUEnGEbNk2n4ZEJPYxrV,bitcoin
12Em9yANLhHJxSLDTvnToxQJCUsdbyeRj3,bitcoin
12EmE2acXTW8ppCaCMN6UE84cD4qFGkd4w,bitcoin
12EmEmywVvTYwnqP6snSa5pAkxT2qYrCyP,bitcoin
12EmF7rveCkwxS6c1ogiYAv6PGtBdUjWs2,bitcoin
12EmpUUJaUGt8XdA7RmMDCa4ZD4FeURHZ5,bitcoin
12EmqSHsrhtbo8DcA4fR4rCg6eAemNBohP,bitcoin
12EmyygwbpP2RFaCubDGG9ULuGubS5ZPxm,bitcoin
12En7sFcimRdfQWn22Yuq63g6biMifSkkb,bitcoin
12EnC7Xo1MVPyJuQfZM1oPvtmjwTxwaU4p,bitcoin
12EnFBpVJfCFHwKD2u2VXf5CP6zYcSHJaP,bitcoin
12EnKhNmRkttcWBLERzyEwJfmK4rtYueaa,bitcoin
12EnSRQZRzumZcY9LSBHwiUvHSPSBV7BSi,bitcoin
12EnWzjAJeygziD6iZox81L2mFeeWooJTu,bitcoin
12EnZTXiCSFg74bnCmGRrsuvXmx5jXeSe1,bitcoin
12EnbZx4QtiWVt1ujdBqXfW6Ud9rbypegB,bitcoin
12Ennvb1QAMnUAY9gEJ7U1ZVJLJUaqtpLn,bitcoin
12Eo4Ds1hHXw1o2n415fnSRiqSNDPJ7BiA,bitcoin
12Eo6nAFaAw3TgF1QBkkMogDK58yW3va2T,bitcoin
12Eo96mg8nMUua9FTQ25rM4VLFknELZhhs,bitcoin
12EoBN8PQzdj8hVN7d822WHpCp3EEk7Gxp,bitcoin
12EoErGNzY4vwrS4ACZue1W46W1TgTGzGi,bitcoin
12Eop1PLVs44J2dA5k8uX3ouTU74urv7Cy,bitcoin
3R2bm6iqbzcVpEeFCSFarS56b56QfjyiSW,bitcoin