network,address
solana,25rVpmfXqrXfSzwDBdb7yWrBvJtLPHQ4sK9yR4f8zS7J
solana,AsbDKYfhqHAeL2b44LbBfXjJ1jbwPu3pJL6RP6cyaMz7
solana,9UFmpyS28rYXgjzpzUHpzBRthRJjCWnVmWDcPfeXaaf2
solana,5yrMAZSrweFBRKXTKx1J4bxjgXXAUUGVK4BLytu2cQqE
solana,2fgaetjbwV6m2Ebs81VuNgF9Cg1yFs9mY7nESRWmJ4t8
solana,4aUGLMWvCe4RqkFamh5LuGzmoeiaXxtMDSLWL72TstZ8
solana,9az1XvMaYEEq1t9JRpW2gSi2MVS28gCrXyMpvGSPH4Ef
solana,CyVP7zQsfosrwS99GGgAAN3NQmHyuu4d7ajqFsSUVytb
solana,Vw6BtfK7ajiELGtAgGtJjqczdWwrji1w4sfoMp9h7d2
solana,Hx93S2FH1usMMturyt29v36dj6Qzi3d8QEuEH8HyjuyR
solana,C7nWXnHLU7C18cBc8KstJXHfAqzWCiNEwbQc3sBFHcj4
solana,CGKWNxjD4URWm5uaaChRunQZtfsHv5jkFdShQb57HSAH
solana,9gZqbkWLvn3fR7nYR9aahKzBYNP5crr8ngJFBzd8aiek
solana,4CfjQBA3UcFEd4fZD4fz1A3DRasZpsWmz4PFUfQoYNTK
solana,J88s9YZyeKJqKXQVieXCr3P5apeHR7PZf2Un2f37uYgx
solana,CpzgEneTuf4B3mY1RbWjCHxmPHxrMhRWpSmuah7K5Wdh
solana,Hb7Ba7dSz14GBJGnf43UHj7tbmXQwwFiGsMzuaygiBZx
solana,5NtjEdc25hWWTbqJ1kNg83mgqYHygeZ2BssJx5zc48RZ
solana,6mRgdDQ8tHT4cwzYYuSv6fhVmdTupwHr4JAnNEoSE4Jx
solana,A1sFdV1ecpoS1xKgsTism7vKwBjAe9mwDKk3cVU77hyZ
solana,HHY3MqjqcHxxEShpyBdYLrTJZ7fLi1s5hykyT6TXW5qP
solana,3uzSj75Nq43dZnC46uGReeZ3mWjHStkxWBCwT3bUsQTx
solana,E2vGfumD4HMAWcXckEh8VCXH4rEN7s6wYeCaYz2YRtUg
solana,AbZowJLk4yVu4obnCpTYKz78DvByMxdYXJ2KY8Mfz69c
solana,4aBBudjJc1LVJau74kNUFEF4nXYEDi6pAS7rE7TmrWVi
solana,8o4weuycZXGJxqsrTdoojkmzgVT5sCujtJxbQ1vMtrnk
solana,FpRUwnjkVM2rccoDMudPAZSEKjJJLwGrD5PnSfFjwpUf
solana,8McMQLDf5av1yhTh6hKYDXCYHLAAwxttPpjFyeFBPz7a
solana,FnGTQEuxNhKhQWv2gnYN7q3kPMmkQGBNySSU8Gtav6Zn
solana,9quZ2iTxjsRfxZQQp1UNHWcrkAM3TX1hga9VFY9PC2ZH
solana,MZrwuX8UcY2iUUGv473XneEpv9NAfD34TJ5NS3K8NEf
solana,H6Nw4uUgcv2C3uBVdrm91QmFkXaDT924S4cG2KNjrRuE
solana,8MjxNYsb6xdfLDtsptraYtiiEM1ooTrrARDExF7T1E7Q
solana,CdZ36ZYwEiJGPxCj6aghSM5bAQ7DhDJ3ntsRJXiXAf4q
solana,CocHWCSUHBsKdaTHEzyWk328sAnmqE6LT1Dnsy3QNLo8
solana,9nGfs8em3tZGbjJA9dyZPBZmLQk4VVy61Bq6QYvXgL5r
solana,8TeHpqA5Wq8qwkMJfqj2aksMPfudxDwMrVvCu1m2PLcQ
solana,2NXnmgCz7uLMtGRpTehtCWbvDNoB6QHcAWVTquZadDgq
solana,CgbX9FXEiirPvcLqaPQg7bQ3Dt2CT3iMaC9WzFikxRgA
solana,3Mg45udmSABc7njtDvjarZY2FKxeH4Gu9Lx6vuFCGMY4
solana,31zWU67kbGfPrUNkDi3xwVEphPfZFkLdJnf3LkyN1hdD
solana,Apr3wxsuCEpzFCEDLxVscNphJFmZcbrvLX1Kg9CdBupM
solana,FHMM5Bk3yRnGv5wR1J9WCjbvJydcNc9VkgER2tFggDHE
solana,J8WnQv36bUcGUGSK766e7fZcXRrZoWfifBmag7rQC5F3
solana,D8c4BT329RSgzLzyBAQPd325GEoUzyFypMs7JSv41qSL
solana,Dy4tojbKCmfqyceoE7qe7NnuxatEzsQLixY1EJYDcRgq
solana,98HE2RNw2WbspzDcX8UvUy1sWx3dcjPVTjrJ1ug82FPV
solana,HC7D42ASxRHpJLGxZhriioGER5dNKWJVaHvnLc2vz1dc
solana,B86n147MuN7rfRkTk2AfJwyLch2P9p9ASMLF2C3QJ6BQ
solana,DwMXDK3AcB68Y5Av8G683PjSyyNiL9i1eQA2aJJ7xcyX
solana,Ah7SxbRpbXN84ekcRP1L5QNkerhEuSFAsjSf37jCNsWf
solana,8AQZsrQ3r9kvKHnny9B7KptsB7rKuj9JxyfA8sMeyRBh
solana,dnsPibAhfLxoZBXM7kSpka4hAXDrgNUJGWCRCWEY8bH
solana,58WTo1GDeF3A9eUAGFxrZ529iMxBCBd43qHHu6dgLEoX
solana,6UYa2rkD8kY6GinXvvmeqW2q1MmbAoH292gXmeec2PYK
solana,DkpyN8ZkBN4omQUwahowB7GRpfWa2FUdZDGFBrWugbQd
solana,8tL86FtRToK44AvzJdg9uWMEvn4LnfsmybPAo5DzaZgY
solana,DXpe3VAvy2K1jnbv1mXtL4Thmv2QhdBiGrLNagQ8NGJh
solana,7gACCknJByWsZLMLdPgyQAPJebd9BBJMJaKDajN1ytNv
solana,CXae5yqxaorc594AhTBqgWAAtjDyYZAJ5yES7U6kE4dB
solana,4rJxCVz4VqYsLiCv4ySVZ7U3xvwax93fHfEePRCeT2Zi
solana,C7KH2iE6hUK22fiFZ4R4YfGfp8g41sEsrdxVbqYyYPtB
solana,4NhdeF7ao5z5gxYiKbsdv1CDzdUSMRMAfbvFTmErg4fo
solana,HRcgfFoZU2nZufFYVJcUPtchfckCzAxhp1TNHfjivr3R
solana,EWC2Bn6xBjazCuVzv9ZwAh8MVYwvkHRvwujR9yUWoQDW
solana,3hseWdRcewwLEFiEdSGrggzKkxBMJ2Fp2vxDV97jCWVZ
solana,BbJmE7GBja5JyASdqeAaXb8Uv8FJQwoifg7m8H9Jyega
solana,FognvDnAcndENs28Mrr2tCWeRWk1eXf9nHyMwMkK6ioC
solana,CszqTqDH91Rk7nvgRuQqQjPx5JkVpGgktPAGT4mDF5Yo
solana,CrmcQ932F1PVtuDVHHpkpLxb4vgXKVh9wdG6jhY4Tysm
solana,GvFe6qRJvkNxv1Z2gtHkr8fTA8HnqSsBXEGjopCC6f8A
solana,7euzGoMmkFdmNkGPSE4SiJG3dhpWULPCAGVKdyYwCj4h
solana,GfapVMFxkPojQ69ieDSQcQVTURrUSPeg4kNvbVKxLA7G
solana,C17GUsj43aZqzeW1pXiwV8AjrMi6qCSeHQnCnjyhXHuZ
solana,7JahP2a2FXvqu1ivzWSToix24m6RbmRG3LS2wDH2PEiJ
solana,Aj3JTYBEC6EqSp56F4wfhba8fJGAk9DeJkwbwiDspSxc
solana,FTA2RCQQ9irSG7to51Nshat8hZ6AvXnUJHHkkPF7k7Ds
solana,2HcXGb8Wa6P7wzk9mHjgYwQWBVHxqYEzXuYXRU78VAou
solana,2TUMHFpMogxbB71wQB62BJV8kfHhDUqq55GTUKg38z9S
solana,9XdwCKhWD9KjFfFenyju5MEzy17Zvto6tcrZCqpEvPn
solana,J4JXP7uQEF8U8on6PMPvqowfoTPBicydjA44VjbHEZCZ
solana,9afrs8a12Gj6r3i75LW7mxX1KeFf483wHgEo9nqGbhbL
solana,FawT1NiTiYgGVFNHPPyuUZ4FxSXGv5wrNEDjPAkZR3HQ
solana,7FLEruBp84SkAfuEx9RDz9L1HS4sv7aiRC1xe1Q6i6jb
solana,DTz9ERGVHCi67uuuxgbAv7paXGPPK1fby813deaM4c5F
solana,75vgUqY412niJge2PKiBfiitcaWW1p3tHS6VyryEGspz
solana,CWajPNUd9cxWbLvxPLkjy6SHzHxA6PbDrgLRF2xToS7o
solana,GGH6btLqxLGpbENVPrp9LtAAyoyFJeJZQNVH7g848CCJ
solana,6NuCddbLU4hyKgXuf3fHyPqoXdXQXkhLG9iraU72frqL
solana,98XG7PEPnyyY99GQ48JSCYF95Tjk26bE8osLKG1wg7NW
solana,BqDzJbv669qufG2syznxtfB7rdBk2a7MLj5GSePi7PNW
solana,7y7Fhte626S6rQKRXtvfjDz9c3kSVCWxjkQyhYhqSSKJ
solana,BeSDuPZNY8V8syLW2Epb9vzbsjZHQokQtJqssiKvhUqq
solana,FvxyLeRQ9xqn8onWpohzUrX2PXfguWGmStF3ynV9wjys
solana,6TKpLcayX8KDL1ZoBhQc2RmhCr1nW5VGLwizYK7Sgm7X
solana,FDPy1VX9WARn2Tw7sVvDjsqw6tZBBw3LuQ2i3ZjK2aXi
solana,DGK3N8m5Zsirn7QxSyDH5rHobQkJXL7btipGXNBxrkwu
solana,Fce3YK4wtptEBBygUcbfKUwt3BLbkhsSD5WptGTLsDK8
solana,4KCkdfVvpvM56R78LToevS3Atgz3nYTPQdLDvZvxhyz7
solana,ZaapzpHJ3QibboNMYdZYFHkfXWsdAKehgzRHBrzAbmi
solana,D3mWKNc9CraA9yngFhzmnYC7CHWcxoefYqGKGGrfk1oJ
solana,DK8DgqVe5wLpmnEaNzz5eS3zuoZrNJ2hLzNwxctgDpfW
solana,7skerPd2fFFoqnm1BzuzDvgW5qzFufk6dxGaEGLUs4BS
solana,F15g3mF5egCoyuSDVrA55HszyEBLkzhMZfdSXv1cVFJC
solana,4nZ9xBTcYHNs2YmWsJrpUyuYkvT7ZAYVo8QRp8LPWwFB
solana,1ueVGcRwmMi91DjAeqzYyUBA8T9sqHi8ZqCvi7PMdPb
solana,EJQqosfR4GTaY65TRELFC4Ab21KXsytmVkZhJnembrs2
solana,6XbWduUKYyCuQDwXgQDNuZLEQWQZdi6e8i2yNnh7Xw94
solana,Ht5CdDSq2xj6RiVvQ8gHYCErbkaBqcrAx8HQ6yLqS7CX
solana,89Lu1YYha7T5wy9d1qYLLreBxVn3N6bAJD8yYUeSGytH
solana,8Vc9b92DMCP9Ph1e1AkDr4u3yEGbit19nWAddz4ZAGUR
solana,Czz5PPHvV9BbmspxD2dm2QXwkY27FkXenQxMNHDfdQtd
solana,Bwk8QVvVCW8dBUaA7VWHGgQAya6eEbzQvCRtL9ycn3ez
solana,4jAKHoiBKbU3BKkD4mnqfkBRC28oW1F5Sn8CmZnr6S3P
solana,ENR8YMoLkdMVXwM37bZAFuXnAYRowBau76yxuhuGQQQK
solana,AqF1rq9hU9Ry1s5t72UMwYZmaVXjnKExpwwengtQLWvT
solana,J4PEsXdUHgHXkUYPSWJZhTfb38QuDbqogGbaNwLTb6MR
solana,5KdhtW4x87fVCspSZtesZbqWVGaQNiKK8m3Heiy1eTff
solana,Cc77dFUyQEuzdv7ppqW9PoiVzrnNvtXubWngCvGYr4iP
solana,51B5MQ5kHAk2gtA3eGvx1UGpzHQnBp65hDGBjWLxQaJX
solana,43WUJGGmqeZq2i7pAo843Y7SZRRNVyxdqnciC6kRMxsZ
solana,A8bxEuS3WVZsupEtyDQfPQoQh4R2KddjmGidmPoa8Upv
solana,CKx4MFsyYVQP7xswaNUMCPUtSnhzyYQVarfZgjrktafs
solana,8QwURqbj4YFWJaUnn2wX7dKYaj1UJ2HMGVRJkQURTAP5
solana,AUNiXR8SYJKJZNtJHaM6P3Krv9fmkWzPDtHUrLGKprv8
solana,4NND19MEdJRNZYXrT4K24moGqmYZt2UDsWtZGUdKiaXD
solana,7iSfvj3uuQ9TKR3mXyBcU1xKZAgb9qntN5zTKyvtwJK3
solana,BQVMdmbf4ay7RYJpqtSo9CwF41yA8xeDwDcDL8cLErJ8
solana,B6zGTF49FLp8JLbZo4Y1k16gBR7RVdhetVghNo2Hudgb
solana,2iNA3pRx1hrs1gMsSbCYPbiZ3qKUwSyE16SGVxqoVsBa
solana,EEscHKv6fiPLSvC6gzLj2ohW38NK1coijr9f677jBEPw
solana,HCkjePNZYANxntWpVoxB1EQhoiDcCNMYVfPHRNCu5hqm
solana,21sZeT9Hrma4cK8Dmxnc2HVadrBZajvmJT4YQfrjHsU9
solana,6CXXyhR5JUWHKQfs7arbK3cEqQNw4Fe9gX1f1qDyrp7u
solana,g6g3o9KogdCKQfjMwRLKNSoXecm5WEjCj27P1x9Z9Qn
solana,BaELAzndbVXf9mPStrQpmzFWHGtyEuFwuoc8crTeNthF
solana,NbSiL34m3qx6A9K1UQj5FnDKyCFBq1irSKsgvVHk7TV
solana,6UyZaNrp4onp6337ewPTpizGtgwtYxSj5RyBe12e1vXu
solana,GCzFH3uUbMB5SwuEUY4TSAvQNjRpJ2vtj1EfWecHJtQk
solana,2ZoTo4wNT7KvHjhcDeqdve9Xxac3JnfjBWfuMgFpBqdQ
solana,EmdC4b2bDodmfhLUA3ZzbsNvbF9bd9hArrmuyeWx5dif
solana,CLJMgaYiySFNGuAaVG7ZWq7yc8b82pcKm94Xiti8rCSW
solana,2zsAEaf36MZ3wLC62k7m5FAiStmNKifAfUwyMm6TQeXz
solana,DN92Qo1iwZFNJkbwHE7z9YeownAiSC8WbmTSCbhJyfyg
solana,EotSBurugAoadPajbSx6gCCdtjdwioRprMuRfhXkw3zH
solana,DDS6Pxd8BuJiDqjw2two4jRw1TJZt6vmeBqRqS2C3chd
solana,CbxABXZNf8zJ1b3VVhJA8H6SW9KPiuo7sT3zEkVGvWzX
solana,3vp6R7Fbu9qe8rJcaHf44eJQT1APUic1iJPNPEDdvVhv
solana,BKDn4teSMDHXdDuQNJoMzD37cWBxkYPug2pPzUBXqjWN
solana,2K7UiThQcRw7vLBykMptGvbA82x8hyQGAosR24pZrczM
solana,BfncBATsmswHf1JJMcrZAX3PtDnHiaea7523n5UTKbr1
solana,DtVFCdLwhtrp17EJKCLCL6yRZk3vY7BvNQGd7SPrDjrp
solana,2yz8x1fB8KsbizFUMfQkR4KRoGd3ky16sNPXkHXiHa25
solana,HxFoELJ3ixXVMFRMuj8jqPpWQsbA3k6nLov9o7qwx7sR
solana,7TReAP8sUqNYkhvfZauJxZcoJsMn8ytm6rpiMvfSssmF
solana,HwshwrBcQJaU5Px1WApS7iNKrDi21ai4q8x4gdEN2Phw
solana,7chWVf4vEhHZQ1vJLPyjyJgUvcKjg412KohxUEiHuoLu
solana,581UCMi3j7KHD3LbpPB3vBF6uRskr5bwAVxd6CGk459o
solana,9f6m1tZeGRuRGbVgVnnyMU1L6miUQXVtpwTUvxo7NFXF
solana,2CVFi31HJsK2o1AXvQixZZhD22KThDrVVN3JMMi22S2i
solana,2caHCg16cxKNkh3vf4rH5tFD2JLAxEbL3oMyroLCjwwc
solana,EUbq3binVAtWDFUz1rCh4Co9pNUPcUpKVd1GpftZR57c
solana,JCCF1G1Aq6rC1tah6RV98xuTp1dMpqsjzZE1sYKHmVXF
solana,6Sp6zrFsSijovZYxiKKjk3XcR1XGr7nLEDkJMdfUsDYL
solana,8ZJSm97hEa3eb6d8SfKLaX96UMLifBWCQKxKsQnimUeX
solana,EKpPW73Bbe3z3c4bowmvHm4LRGmYB5mY7fqksXfoGiML
solana,5bckTEZtEJHgTNHCAwQFAVBSAC2yjBb2X4QJBYTYf8hB
solana,Mt1RiEdMxJh9GJwzp3cPbVH9SYUrHagXiR92DRzJFch
solana,7wQuwXpnLPE9mnBtzjRGi99bzGtekVbiJJymmTdvfhdq
solana,GAAH9JFF3EEsgzUBdQKaK4a3DWt3onNZbbrKTimkmoV6
solana,9hoYRytp1FznyciKo3ZmRJHBBCbk6LcJFJnkSoLkfyk4
solana,5sXH2RoRaRhhAdy5iqVS5u2XyFHRUhskzggimhTE28nS
solana,2ar4tEuFJWSqTbr9qyCZWeacGtbgcVnqujuMQWGXT2Zp
solana,EWM7EVnu6Kn8EfN8xeHa6wzVkKTA2P4YNDLQY8xLLXts
solana,2J72x3CT9vV1qsCMEyZLrBnbynKyxZ3JCxKLcxiwQQzC
solana,BcNVDdGKzkGYP6PEJHGm5pbD1XcHymREWtLnmuLeWbUp
solana,CQa9BnXX5nNTX81w7Bdkps5wmnxhpsBpoZGrdPzQ2x6L
solana,Cz773sZ87dwT9Mg7MRP7BGNVm1DPVKUTKSdBSyTmkMMK
solana,BoAU5tXpcEKUteEokxnScKbtMaFSWny9uxaGJFFcR5fC
solana,EBALvXfLHYCUsEeeLUzvCipevHwYjSiVs9y85oHGnYez
solana,4kHKtEL7fPLDA6SGSNArFMPNKabqS7wSezan6NWHMoPU
solana,HmS82oAhnDB3bjwJZ3u9KJNg3RrZjkphQ9UjJfR29prs
solana,BC1Kd9ZEnJfvHrKS9Bhii75uEoFg1dhzmfvX2qYj1QQR
solana,AFsrfSiK8caapo3jJfGbU65EKLVjiDNyfoY8VT2mQTKF
solana,9YUptK3f2v4bLiosfmyDPZ893Nenp1uBtixU7JKh7KbW
solana,9et54H7Jjj3i52fouXBmECcEDXAcmS1FDKRPCJcTMeUR
solana,6rx9EK7zWKfi4AytMW4pMqsgaN8qkj98RefiWAUsCT3U
solana,2uGjBjAmMqx7FVn1nxebmmq9E9m7a6ZfB44UxHZo9HKP
solana,u8ogpLqsR4WsMHChYNfXdyzMXuiMFNXH4S3EsdzA4TD
solana,2G6PM9j8miMowT7GWGQQ84qLsZM4e4gPQ7c8pS3LYXBL
solana,BrmkKRcsRfbz9S1J5Ky46pEFEjerjUoeMKZWKkFNFK5c
solana,AkYkcBEjAXYETUCK3Vnv1qZ4xqR3VbRKW6DSQJ9cxr5C
solana,HPaity1KTeDkYmDX9Jz2zDcHjBNeiXqtX1PMkZxGM2HC
solana,2Y9debGdw4PrEu6w8pMeTxTHBrkW7GUBzPTMS812YpfY
solana,Q3ceebPCCGczb2BmJDpF3ZtScpniGBZwfmpojzg6TVo
solana,6MJRwLwDPYmiVFRXKBwi51YubDjthhpqcjsZkJnhDkjw
solana,8gdfL8uvcxyjoccECqaB6TFa3e8Uv9UREdcsRAdUQSuC
solana,D1W7TxeRSXj6T6jLyKopbVoaaFDPZ9DN9PKR9s5g76Km
solana,2Jp2UckmjpTecehps6z7PuVkCEFjmatXAL4BP2qjPmJC
solana,9Y9wvjJsVBwj8rb99wc79H8Y46TxGiScm8qd7S4zBzC9
solana,6GTURTcSB1oMBGfcxNobLrJos9J8DBiqpejaMmAspqUG
solana,7FMMiZffe8eZBhwJADNfaLg1qrBiKnFqFKynpnTirCDz
solana,rcCZemehBhfFpP5gNd7okycMjkga4Er8kNWVHX2X9Fw
solana,B2NJ2KKu3pDNMrWuw9xe8vju27MqiPq3UVEDAJ5zQFmb
solana,6xBLXNwXcxEfri9RdQPMdSRyFG59dpChdJ4BgA9hQzoN
solana,Aa29HvCCATvyR7YDMvN5wrDbHMjPvkCHgad31E6nSfq5
solana,6qaz7dnf2cwWVKqR1nxVRYTPh1x3BPbhuhXuzjhWnw6i
solana,AsX74yaURqoH7wgFaw2vJrfVTMzfSVtAjNy9jq3s1euU
solana,HgrZAEiWDF7QgizJKCrK5LKjVZGXFWNBq5be8Ut1hKki
solana,5isB5MzS5eFYeMmU3SrVucFpYLG9nG5JYzuCFaLtUzuU
solana,B79sWYuFth3RUZALtdNbkL7DWsfJhb4kkMtbQ6cBA6AG
solana,AsCa9SbwQrzyeFAFpEpQtDizEh1KEVrrwcMZgXFoQf7v
solana,8pmp3wGZkF2BHAzPge5sK1qYcPYaSyE1cuUxN4DXPCLW
solana,GKWDhaFutNTCujM3NQi2H2jhLDTfi9uKEkNtKNyNpxQZ
solana,Ead2FJxBzxo2TRPBbDgWAaHsh86qjWQiyeNdJYMz58rq
solana,6wfyjNakuHK764EtvXDZ1VS8x4tsDcdsw42pMgZhry9q
solana,DJ9sEfhpYhCsm4UeM4G7PV8pJoxVXiJkgaku1Wq4bTWg
solana,4CfaRFs5JrMPGitui5VjHv3eFpZ4ThEe2T6mA2nbibjW
solana,87Kqzbqv4JkE6UwdFiY2tdKUZfufKXkDoGA6FqQrS4ho
solana,CEexr312cvtabZ4UXnCtQvfaFEJHGYezm136KBhRR77a
solana,6anXmEF6zYpfT47R6SSrXKHkkAw6LqoHFbtRVHGvyWyU
solana,GTCGfL1UoGsM1cwQj5cLHRBovcecHhg66xLhB59q2WP
solana,88uoZ3ehVZRff3VeFo6Xgihkx4qzjiQk4m3hLK79BffH
solana,27NJQtdkEJTWEhCG7ARyecSRMyco5mfBPrUxcb6YpA8F
solana,7fvL8o6cMZDSjK2Ci6p9D2dEdDsNAxMR2ZTaCdQp4fQ4
solana,HRxkoZSt1iTqdK4cRw3NAmn8pa32LjnYHvdKCdJCAkoh
solana,GZfRygDHAztH2ncAaJq5HJEcS5br4TTr2YWwtdhVPAed
solana,49EvEW6FU6H8AE5HH8gmabPN5CL1nn5NjvbFopNoYaCN
solana,HKJd2ebMNQEG6ud6eQdpiQoyh5kxNBHm9LumSE57EtM7
solana,EiaaLGHSCR4JqpGkJ4CKLhRoXFpomJsKgteNLxmYun8j
solana,2wbGFqJWkHeJTS3XB9cozri82QBjssN2gTaYE1X7y6zD
solana,GT9vnWis8QrQzMavnKaAcbbZMZnkJ91QGtFBJXhZrft6
solana,6qHJ7zPD7fhMhS4s5mCAtB3AETEWg9mjRdtAFKSARA8y
solana,4uf7PqRWq91w9TXKbi1ZSesWEmxUjReaDhNyRyNMaJo6
solana,9CToTD65AXCYyiEZbCR7iZaFSXtZuPZ79x1E8zNM3Zqm
solana,CWr4FoJW9VZZC3Udw6nAA28hg7yLurqEyC2z3BCn1L8C
solana,CamQbtzapBL8ffQ67v338Ca8K2kLJtKKWNkqhA9kw2Xt
solana,9QVWxQKZU4FK2wan5HqJZSqssumYqrjvLw38VBAVMx3o
solana,3V2T2z5t1ysqrgqekmGdgKvtZakWkxNBRoXBYzjTfrVr
solana,25HcmF7kCdXsneiGkjdBwGV8nkZpxV3d1C5Twcr3cpAZ
solana,8E6hhAzdiK7EaKjXRi5Ga4D9n7DbHtQ87Q8JuEuTXdjC
solana,Boud6hzYGhGEbMXDNiw36mPfyfupqQvNst2R8bqBG5UK
solana,AgzbsAzLzLngNtVJ41qkaRwUci9DeDhkTvaFNx8MDf5m
solana,3298fP3Ni1XqXU5AuEkRgdQ4EBuXkM7SCLCYDBsKFZDQ
solana,5ZDvkpC6kbNNoc2szn92KSe52gKViMoHxGihekrbhuib
solana,22pzvdrrL4MxuuhngDyVap9id6vNtTw3ZxVcBM3S5LMQ
solana,ERtq6kB6s3BWr2vqhnxHTDEDPqeZrVsCQm8eC1FkwpHY
solana,8UY34cqSYFDUjrxHnG8CkRRgdL7VeMrRJC9Wq6FqRxBY
solana,Gz9Gk7VqivecSQHcGoPwLBFinobHTN6u5qWmQmz7Na83
solana,4XgDynyGrHmHbQJXxCooEKsCnH2GoZjV5RaM8B4e3Hr8
solana,J4ZQryVhzX5v5WmJnsrgPusaBzPkAfEutG8ofZBEr1fH
solana,DDTdw2iftEttgqJ4keSC49iYE9RfpTMCVXogPCESNkRX
solana,HSMVE5nKJHzL4Mh7gPGMdPMjfYSA8DhWWaFZL13577FJ
solana,2xrSr3vb5LzXnYBRn2hEGdzFtunxvnCULfU4sbfh38D3
solana,FonndyEbpudR1jArmA1euHnE1zTMkkLShG9dj5L2vR8Z
solana,ALj4gfFUWcd4D4neesiGrAevFEQ2MreQ2y2bYXdpQyi9
solana,ApmYSAFeJyn2xrKNJbjd7yQZAgjpx6pY3WSdgZJCUP53
solana,G7EHLUCepP1pQ2uyU6rSazPRoVEaDX1gmvF86H5HvXFC
solana,7rghK86QqHqvUw4VVHikvC5k7EJLnWuCrr23uTwkCZZM
solana,6U3m3zXAvZni3SMPUFqScjVEgnLXRV7kvcibTMdwwscH
solana,ANhzM4tFXVdrxDDAmBFX4yPXxZJTFvDo54wqRxnJpN6V
solana,HP4gmZbgWyaAqSzoU7WuPsdCSTYDjtKaAFzYkAgACczB
solana,7o5Q2iwbKKdDJzy1i9XSyrSbs8D9fV3VG5rLBYhWvAMi
solana,8gLbz4rdaMEtgbqiAr1vcvvZ6fuFsthAo7PbzaPfarJr
solana,EcP6vhpPSKYcGid9aFSY2YPMB4DDcVEPFddF2xQoiQ5u
solana,Ft36L8WncnEHy8KotQpkBCYJyMgvywvAUvWXHywBsoGD
solana,KNhmSBG17r8LHHoGbeeBCfKiA7G4qCT845UY57DvHKx
solana,7QWdJb16L6Z4hr7mzgEuPrpXu4G15kwmyF6BS3ewpd18
solana,DuWeofP8yMWWAGCADAwd9WKU8ymxdP6ma9dE1a6WVUzk
solana,DR2GD56PNBwgJ1smAqHKzUZMGo1mJzphnNbz9L9NBKTn
solana,DovxBXZiooorszMxGqH2TtyQ5ipw5YE5abkgkVTAZppY
solana,3Hgr1xbMyH4KqWve7wCUemNXezzXVqizPfiKe2vWvGsi
solana,7UJzk4LHFxJc1QjUWvUnzaBxN7DtpRN7QahzXZEkXck7
solana,G1NCnXPXFRivjifoQWPc2jERWps6G9kPBiJ9tGyWcJyZ
solana,DvdbXkNKgrDktZRZ3kKir5ucomoeQF11RyFQDitRrUTV
solana,BW7myxvKZQjisgoi5gVk3AsFFbbXVXRzppzP3Q4PUi7P
solana,G1tNZ6TSBYSQkwHerGD3cLiiXQjbWLtrjFxjL26gKqVU
solana,6mZ1WD47htr3QE7BmvVMcm7Thpb3jFr7R2Du2QEYXtpk
solana,7MB5bWncxUnYXLAkizPGW7N7EY2ugjMa7cQZzUzCh6N2
solana,7vhZovdiG5XjhGhdikf5ZfqAri1NrYGuNU2CStB5DCP1
solana,DGBUBjXAbeE7fDeSEpjw33dZtJ7vYTzjm2Uisb58RxGL
solana,ax4kMZMof3vYpmYSFXyVbDHhXzCeEoJrAroXANfWBLU
solana,GWjDZpcpRCu3Addw5kffwQT8WSNUQfgNkVHv97gq5r3u
solana,G2mYgCAYdvXmGXofY1Fi8U8pTe5qztPuSoeRJTdQoFCX
solana,4r8DygFuy9TaSL32Vrr3gPec2n3gqbFhCWf3Z5BMhsbN
solana,5w1nDUwsajeLVgVNPWVrWSMAwVWrkY6SYcrUhw9JwBsi
solana,EY4iNz2yCJ1iyKKS49ijkvJYF5jBFGtxUj2ucC5egKKv
solana,HWTkL5wk8rPKFtKjJucd6H4uGEbCaSCCZnuBRfmW12FV
solana,hkAKt8Hr6QaUCyNQE1KicmhN4Avi8ixiw8R2ENBaf9J
solana,HK9i5bWr8UjPj7jLrSd7X5ew7JifdkNap1RPhByhq8Dy
solana,BeNN5iDT6HzWvHtjcpTARZCh3xwJV8NzeD3kRGMTEchS
solana,5QFEDe21CNQvHoCiwfDbiRSyCZ4AhVaL1UokaQsG2BQc
solana,3nXFtHPcWqyApPNurx21Bgk4wzLeF1YgeUmHXBN2tBDH
solana,QHPJGJH2mJvfHXehTFmtsLjhARRAEoPWZuz2rV3D5on
solana,Yueci6ihtfaQWp2gMspFvqyQ85XmEXfuRZoAjdVsiz6
solana,2xP3dsRx3rRWTwgjZvFKEu9E1mftR9QRSsgxcBKWiEoe
solana,EU68GRnyNWktWWhK6TEU7V2LLX9uPc2NVSCbuqgA4meA
solana,Cr9eUPZPH7XaErzdkoAEiHLWRkQkQBGQPvCyKKHb6gps
solana,H7CKEEibhWC3g2nQrVykseM8YvXQAR5MRWWMA8BDE36T
solana,4tH9SiTH6XCV9a12nnu3YQJk4DuzycBSSDBfYWviCm3s
solana,Lq9GbcH7Qiv4dCeZNoiNCtLyEk2K7atLcdTWKRtHTzT
solana,6Ne9CSgg7yYRFzp2nZUBYMdPpxjFnCGyvWzhMZDE6nFq
solana,8nBPib5YK14UhfxhfaYctnobonBLZiwxv9BVMiSrV6d
solana,7t7DSG7si2xHtgCX9KsBukZZTJe1qg8hgULmMj6ESsuT
solana,AsginPZzCe1PRCSua83xc8FQz3QfX1CQZF5w7v29jqat
solana,9R1FiSNBjzc2R6uyHrYJPEaPk3xDCxGsCw1cXHsWkHJh
solana,CuSbB1h5rnRXNdKp1nYbQGCsGS1SmumXeQu8jc7UwMnC
solana,Gr6YMg7kaZnm1qjQQw2JcMU7hphza29KcvZvv8SBcRB4
solana,DhmpoiXw6cBmhUX4rTABZdYmKfnG44eBzh5o3P96U69S
solana,HWV6ZdKUTU8fqPfhSkqWXJTwDGHNeXJbFWEn6LeKkBnQ
solana,Ekrwq1XkYre2UQU9EYS917SMkjHf9hoWGeVDWwNLjh99
solana,Bj3Uk7Gu7X9CsM28F4grFgfJpn6SJy75JyUBPbEfExwF
solana,BqduZmm8MhYe7KTTqs3doM1hjeqhyMziwuU6xsqo2tBu
solana,DUGMj4XKnKu7kfUi2XxMDSCw6qYXZ9bsxw95Pkmizcmz
solana,BXhVGGXFzekxqnofQLGh3csUrmhH315yDbmNhVpjAKdk
solana,6jhF1irzyXz5uzCyWEqYfdUptGbUL4oMBD2AErUPgqKa
solana,GR4eXHQxYwyVD98NsnjSVjXjPfZCwPF4zU1J2DYL2N65
solana,9s2bVZ3mH9XTBTFLTDCa52Vtfio6z91ZEipq96NMGnG1
solana,HReaREFv5hRVmWgKcVv6iFbZRgBWL785AKgUAVKzunuo
solana,AzcqUXWpXLJhdzHjYR5SWm35HSPw5HrMvpegWCYDjFwn
solana,8AdFY9s7SZFzMWrxP9o5GTtXbqBASjaQ8tT93HCUVpyL
solana,5W56XtTKYWxigfNt9ajkPwpVWe8M7r6tqAW21GhNvL5y
solana,D67V17r3eVEozJgo7ntHaZyDrzKntbZv5v9cJMdXz8sM
solana,DST1aTPGx11M1aneh1VEpZ7ttXukixkR3wGnvGqYwvMz
solana,GCDkyxRwyPitLGBcjNnge29NiMzKyDJSSo5sPGkqYVq3
solana,7KR28dyNMXFcwFA68byxGVRYGNcb4bprMJpf13of9KL3
solana,FcEZ5EtMhHt1SLwq7H8rpM6KAKBXGQXgr1fa88dGWeRh
solana,2tUGSF9AepJCEH9rsq2FaaNz7FAUEpM7QzhPJnyx4UeS
solana,CZVFc6asZt7NERMcsRgmZwHeGtEMQ8gxQyzRAjyGiBng
solana,CTjp2fdWxLVApgEeCvxYumDDmQjXKZMRQt2W4Y5NFVsq
solana,Gh34sLAkFU3vvpqeKcUXmFjQpNg1tNbktomNqtLph8pS
solana,DGAesN3fppiw3CJQ4pkX1Qa3dfWGbZgHH1k8PryvWpn3
solana,94yfF9DeDr2NNK912Vo577ZSzpD3DV2wFJp2uA2YzWca
solana,75SpLFD7opRS8w2v3YX1QHTAzv6SKuJ6JxFrnv8WC8NT
solana,53zoLQCTrDNn6ykTjF9ujWFHwrbEB4baQ8ZmB9DJnGgH
solana,8x4s5t2Wmvg52nvKFDiTqddC8c3DS9sGZP7oHccjfm5w
solana,JC2wt6heTW88VSYQZVuRULCCkGDGTK5JyvWCUoWaFCy2
solana,83gRjrU7So2TFQuz7h9GeTTnLGGWHmR7XBpE4wpStHFU
solana,HRoRe2ptGZMkJmxF54BkzqsU653ssE9C3xTwQtr2MXhz
solana,9V282LQiBE3chkzikC2uKN7Xj59Xh9iT7urLZSu2oGeP
solana,Gmm1htysdpGLLTtzAKjsB4KoravKyqunLxnfkF7m8U8d
solana,ENtQYqn9LUFTxMENsrwyihHane7mjmtyinvg58XAkcCf
solana,HQYncHCX3yVeRsXjgdfsfQRUhwvJ1yVLzCfaLcJG8Mv7
solana,3NNMhb2JazJJkbF6uhaxpMgPbdiVwGWb6R3ykPVRNwfo
solana,9uX46dxnpjtbeMCet3sKVPj7WgeKE6pT2Wp4y8CMcZnE
solana,22YWCXkeyEgFGZx2xStmGfGmLs9a92hZFuDkqQSLjx8g
solana,5KmJYfrfaz6x5786Gd11sLYdZHNcj1GffL6xspf3Tvvu
solana,iyR8CGfn3DyUWdCnfjpDqibGUvSiAWgiuktm88LNjdi
solana,BQCJGKd4cRFZNwyk3rvK15xP8Asjnva7ntgpT97ThWiG
solana,2ZPUiEomHM1gMXeeKFSM6ty1sCa4Gb2Xi5P4sXA7fUtU
solana,6Fvwi3YVjRSJo9CqxULHstAyLxGnDejuDNKHkH8KMXbX
solana,Frhc7no1LQ436Z6b6igvCzd4cDJGAr4UNvKUGrgHUD8c
solana,6heK8puhTxu2PAGQSApUYujKuKcoG8naECT8sESq4ebA
solana,77YTdXByRtkbFcLQGPpiixgt2GKD8KuWr6sWQ2yPMpTz
solana,9HC4EP19fxAsTFsA98BDquBzPbHZRpp4qyrEsadYEJCC
solana,Am2hUeJ8tDeLGriAwRGY2ZA7h9T9HhQ6jaRZaSCRr6yh
solana,6jR1VMKUCaKuEB888BKJ7UyiBSfa5MrzDUYgkEpPR2qQ
solana,4zAq7VTSvb1wwCj9BzgGy1BfRmWReGzHs8T3SYTtPUPx
solana,4byuZQysKjzFX98HvDec1Wm8PZZAUAnybWw1jvApGMEe
solana,FK6U9tyvfiYuv5g6B4ic9rbydjzrBKkueGG2baD6N1U2
solana,DMB35fLCx9VR99AVye7RBFiT2dH7u6K78Fc7Wu9C5jWZ
solana,AiMzkbgEFu6yh3kKUb3Gv3vGB49dmRoZsGoBdCwhcmbe
solana,BaK3keqvjfdVyDaJUbkgdp87FBMifotKrhBhVtFiAzDQ
solana,5z68g51C6fH1Kicn4hNGcLwC2jEyUHyB2jpGrzfoH2Vd
solana,6qd4ZXHftTSp12jPmMRv5aKxxphxLA3qMEaw3ovsDzop
solana,8gajq4S5CA8aSbDEGRFKCzJSY6ek7q8bXsPmkD8bkviZ
solana,9oLXYThG5ERyMNMG3qkEsYo3Vws81zFAqhJeANZ863Ra
solana,A3FKYfqqHeLkzq8RDzWHZgRzHzHL3AfLD3LUZ3zmVZt5
solana,3vqYLKN71rMAXgbUJ3rJMGpmoGFwd74SzcMrt6xVGqye
solana,MbrAuToQMEaTg8zYAE4tGRUDDZ8Go6f3uFeTKBGGVGh
solana,3AkfrxyaM3ESpjmTmCZMK1S2NYa8qqEvMCMeGtzaXuVN
solana,9no4NPLqJ9vCBsT24KRdmZowBmiSWmPfLkhCtrXtmszr
solana,8xCRuvXy5NDJU7RxVsAKExzxg8bS7vmuGZ8uWUXSDsu6
solana,BABjogyUKkQjuwh6n6crp8sLMVT4NMbqdrALTZphD4eJ
solana,6z8V3WVeA8Fjtfofwsgzb5VrhKK6cs1eS7YSsM77Lsp6
solana,69WyAiDv3ifoBBtCo8xMhHPoZPXuVWkY7afdLV8MEVNj
solana,7tnw1kzCy2Np922GXgsYpQVEsEFkwstsTBaJ97deRF91
solana,GL3ZMe2uUBgCN9tCyHogHzcmEAEMaUZjdbPA31K1AbsV
solana,DzeUuRXCeJDqqd2LdX83Jc6TbqjDg5Loys6dfCa9oLm1
solana,CJXqgmCtP4Fff3NikhW3SQWAJWYfmCzDhVjUMzSrmMCk
solana,AbwnEPD5mHBwP8SAfSvJvNJbhGidrWLvBmVWFS9MrQEz
solana,J6JTvs8L31B9ycntXu9yQbcArGnGvsdDT5Hjd9zvYZUA
solana,duu9rBwUFK2fMtnU3M14Lx8LTmm69sMEYkzCoujWzxv
solana,paeyaXKaxs98q1oBXk9SUxZcEZTfBe12erhDBH8NqSL
solana,8wabyLAB5fZ4UDXXwWu44CideF35gEiEW63z8mSNrnkm
solana,9JHpgVtwStCefAzeEkyJKfmC9wPMzKEN6mDM7i9Jw2AF
solana,BJQ3hSkZznoX4F4YduZwKEtdnYAtFzvsxsvmgCc9D3Nr
solana,DhimFgepj88ExvZzQciYkTtU2gB51uhbhXb1DVA2iFUX
solana,EFptKH1w4FEQiHNUt6Z61Ts9nk4LCCokmbotxqrwDqRL
solana,D63BTmkCnDrYuXNCRqGJuJB4DLR7gvs8G7aWUjwmyxJD
solana,8DHnRNmCntAQrK8AT798NVaypZBUpM9MUaxwmZDHRAo5
solana,8HMCGMQqEJq61b28gTzhdXTopqpBy8rGXX5h9GWaQP5g
solana,9Zg9J6FV59kcXJrtVtMRxkqdUyAXUzzHZWKj877iResn
solana,CeYoGTUA29R3shiMMF1MbAZMkouLNvACiMEcZBBQNSFS
solana,24QQhzBA7k3ZzJ6C19djtReedYwVnHoWd6qMdTRfezB1
solana,C9etR1RifnPCyy6ZZJMBip6grYZsgcjZxMRCVKa2cJpV
solana,D8GYPGhy3NF35YmZyuLNEN2kQdBvWuGBAwLrdQcdMiUS
solana,9KHkTfBpwNhy2vYmZyVetmJpujjSK46DW1Q8ZA7t54QG
solana,EFoZ1dGhUp4GbGVKgvFFdjAunanFQDaU4AsQ7tVFGqbB
solana,A4nofip92nd3uExui49jPr29rJxCCyw3V1yXnssLQz9a
solana,9PPS2SjqY2TNVz7amErP4QdAyYrssfAuXQsvRHyeni6V
solana,8nqnAeXwybJGaihiGb3hPALvv6CRSMtHR4KBAjodPhh7
solana,7sGteUeZeeybYPDM3ndpNCRRcTVfQH556BaMVwTDXMiw
solana,C33EFAqPFTDCeB8kNdpGh6TWchZyRQHD6QTyZNVXgXrB
solana,8ijw2r6sp2tt7s5bhMpt6cQAnAicGqM7hM9RLRWypUCF
solana,8NebUEVYJCW3D756L9uh4XhjgnTW9VuJgeWmk4KdarTq
solana,5cnmCGS7kyqch2dKXY2mW2Nn2J5Wsepik4tG2gi3mRW3
solana,DXW4urXbSvQsBgqbe6RRRyZG857NfpdsXE5rqcEWFqQy
solana,5fDt5uGtDw2EdnnkhyNniGFzUakrDVo9cSTZstD3RhK6
solana,F97gYFdJpoffrRLh9SJ4RDgrMe6qoPdeun2h41APD3g6
solana,FjmJ5VGLEs9ncrS9Hab2x6Vepjrt3f6iS8gSsyKcudiR
solana,CJEPLzcFt681Kk2mcgEKpVPJPhBmrss3QgV2AG9mCuQ3
solana,BKUu2ZQdzbih5MNkanPYSXG88XW1qL5dcDCcrwnpEG4j
solana,CUbiJfjeL4eNfqKQ9YKx3HcVQ9Cw7u8WQtaa6dxgEohe
solana,2isR7paGjkCdpmZcBkvayicqhT2msFB1qiGxWQbCnUoi
solana,Cv9nruVBRte7NbEiJ2nBmw771Ef5htYtbiZ34MiyEmds
solana,5tR5ZF2qsFPDi32q8HBKnpCG8fL232EpiR94uK5mTLwn
solana,5uvn6DQJUBuT7zcUjpnfy1q9KftAeGXEnzUiRG8z4Vyn
solana,3X9LaXGjbrRdMny22hn71yYPQJXnZA88c1Ei3H6BK5pu
solana,9wDUpxUPrJjJvPrV8vyWxyJsqJHeZ6f81g6uuYFvzaaZ
solana,BNLzVEaSBFXTiwFuvwAbDAhvSGYLBwZYiVYyKetWGHxo
solana,7MkUW4MzJ5zfmNGmWhV6hEcRN349zCojfWk6HWzpLrm
solana,2noMaHudAcskZLkD1Pmek353USiEPsdcTMo7DTMTWhP1
solana,D79hTF89uWGwE8BWBesvrvRHnp3S8EUSdv6VWVqKbPw5
solana,Bnyuj4n2aoLPc331Ph52tzQofitMCC99w5oX5YXNyS6F
solana,CPNYKEL7juNrMGpdkFR9NeuzNBwLPV268MDrnctuajH2
solana,7PesKGgXcJn2tKVWSz2dTJWe1pZkqYuf9LMUKxjKAW5w
solana,NNNiGozbJW819wULj1jsFLmN2ryLSsyoY9nseuySout
solana,2bHnQBpWvxDvTo8pKwoLhD1ZMJoVJWTEDx1K51AZsUap
solana,37BwCZNyXkdCwtijfPa7WhtdexVYTanb4nWU1fJNcEBh
solana,F5PoXjePdgxGLnBAiMC6Q2MiCZUZZGAnQdUJFQo8eny3
solana,Co3yCZxdjX8V65AeA7iy39hCAqWNtdpWkaXjSvTAYRrN
solana,GpwadL34Y2JoaZ9bonUoEASYTSjavgiaCRCyYimL2GVb
solana,FsFbDtnXVqPxS4pJexQLQegwqv2swtaNUZStLXJmKyLe
solana,Ai4UMVXkA43TKhTxSxHqP14sX5HiWPSmethAjYPR4Uta
solana,G9KmqQbyoQazvc2gQW1DBngwU5Lyqvd9cAzSrZss3mFi
solana,GhPYuXAc3rgJQgvZPxa8sErKvqScnG1f1eS4ZA79hQrC
solana,2Lcb1e3DAZNtA7V4pYwKeQ4ZsmJkAs3pxHxrVfFHsVUr
solana,EwnrvXuPmnmhMPZAbU3seYuNykas2PPJ1jiyBiVtM7GF
solana,AatYjEuFv7qHwraH5nWTEX6uqAoLXNS31pB5xo1rhtb9
solana,6y5jhtYEDSCvQxpx5UitiNr41huHUCcZ1U1s2QS9qLiA
solana,H9hr7aPua1dXKpv724zssVUy2ysZe6826DXVy82bfcCB
solana,A5eT2hdt2xDwqtN1U8xrjDNHvMKoyDHQVYY66MXcFS6G
solana,6Jzo3RvsfVtXbFJ9SgtVwmkZ53A4NJFhyn2jFCGvSDkw
solana,2rPJrPkgMUVkAtQKeRAFotiktiDFoQdSUHPPwbbcaG2o
solana,8isB34KXhyiJdgSUpHJDZaDN2oEj6Ue595MSKjVzyUUJ
solana,FUkbgHZv6nGwim9YYSu8DiqKYHE8fMddvoxRKjFE5oAq
solana,AXx3hXnPM3WiLJHyakPrKkBsJa2YDfQaozCNo7q5S7A1
solana,3T5cJqyc3wFgY1vrm2hqQtHbgmYqLy8GPk6pYoXRev6s
solana,3mEU1G5XEpuRFVj8qckNQkMhEkDoj3kXXJL3ZHaYiHFB
solana,A7KmPxe2HXTJRTjE6bGBqPBoswkh9sWGrpejWnzRzuSy
solana,FpmvScUzSWAGQMpZiSGnCmQAfn4yYgGzEf7dMDAu8UP
solana,2ZCEiczhXsvGsVND5hvGi5TssM4jQaSnPTyQ1JzaQAqy
solana,EapXpo256m8cjCNdjvPWNKUMj8f9DpuTz1c6mCKbLsQR
solana,s5WPix1er8ECrNTnrPy1FG1uY1vQWopCnxUvR9URtm4
solana,DmGVooLMKbBmFFzcdkaifZSgN5VwGbJwCutEbEHfbvJV
solana,9VfxW5fJZDrZGa6eQkJycakGMWdu5vJA7hcPXXQEp1c4
solana,6jPTvkokRTPCpM9kHNbDFCbwgzexYhVbCq6MrTLmmuXM
solana,5c3cEMB9JNzfhVwy7TMC6vSBreQWATw2QkgKJop8ybbK
solana,4JmFkyHsZa8BB5Sj2KEBCDJezp87d3DVSwiTABkE2pYv
solana,3rcJ5u3VnsgpL2otXjrhvCce4KBaPuUukoK3fqGXS1ZQ
solana,Gwt5dNniN1HpbExGvbAsq68YZTkmySwBiRX8VwmHYXd6
solana,EZhWXs4fSFA5wKUznTjX3p9oZ7wQPTKtiYyEoetQK45T
solana,2ZqSgqhYsEZQJEhXNvafLPYfdCyV7wXkJVmpQg34mFr6
solana,DKe478HSEABhXvx6jysjn5UMDCNCY81XxiT8ZHmjseCQ
solana,Afe1BGSdYBV7Vh2bLHuwqmmHPUsV1Hgs8yUKikjGYGV6
solana,HhBF1MpwEsLtsY1ZN21S8NLnPaf3WM7HQzWbwkP4sAb7
solana,HPm8gW9bjGfvhKNWY5y1DMFe2VKdo73n6yu82j7AUF3o
solana,5zjLukuLFeafa2AzJfsyGRJYKqXKKsFcXWAJpZWyuHRZ
solana,GrJFicXHFkusjEWWhNrN6ki9ZEaqTLj1t53HQFDg7nQT
solana,fMiNJsqyQkhRY4Agb5Hgym7tng4kkmuyD1nTTrKN2yi
solana,7Z8uyGaM1huoakQcogHa7Ht4nq4cUtAB8uMhFhgGqZKd
solana,D7yGKCmncBrVLxeRGokzwvdYXF8u9QDMorDwWtWSin2P
solana,GUCsFn6dNDSCs6ogqBgvGh6WjfyRZtfNhY6MvW3nsmtZ
solana,Hast5NqJfqD9gem72bpbFNaGE17WKHPZQMEPRB7mgSGj
solana,7tskcjZmnJSVhsD23AW6bycmCZ4hqpnoPvB6DHRAnPiC
solana,FoTH1b5s6kJJKcTjYgkVoGyJacacaWbmcGdjRXWMZz17
solana,8UVDbQHFY1vsSg117UaYz6RhYovvCuXioycbodATY6Zz
solana,7BSCDXaLnTjTqmDSGuwLvvz4JXbieXw94pyL5omQTPut
solana,2rQC4Ckm2mvWP6jSpwws9KrX7Nx3X25Crstp3EhoiQCb
solana,9u3WeQaBtvAUj6Hq4QasBojUFPFPmqbmARo5jhfWg8VX
solana,EQhViQyXuoHhSmrX2vvzjfmjcumKBmSMGAWTFTYoVTHp
solana,6S8q1K7D9vjeyZdC3UPAGGs3YHD7XQKMqXigQCFcUBDF
solana,2MH6K4PA9tj3wtUZv8hDXUQrZrRoKxtuddaAGGv2hogY
solana,3MHvFsDHL6Hy2Xu53hf4HWj6xXXMQ4pvzTbRm4nSQAYM
solana,J8ePumaNYJwR2V54HTQ4tcrMvDkvaZToytbbiyEHBz3d
solana,FtZs4EEgMgM2Mf6LDi8zWpsEb8ycf2XD9zfsAM2dntUD
solana,76xn6KkFPxPu6Pc4F5JE6ZWg6NRUWrV6JBtq1yW9jkri
solana,geHQssvXVYkKoWEkDYbSt6Vkp8iuyHAG5KVD7dyvxa5
solana,E88679xULLsEfWL99z7Cr136nm25cDkJVWqTYqEx7sNo
solana,D5WzuCKw6TueBAdpiSSsTMd7SvPw8qBhuGMY4K8vusgk
solana,9BBPEy7KvBKSfswunzQ67z78qHmPphqGnWdLS7P3cfW
solana,7pwssDk8eHbDDiEM8ZRFupyZBwsUJ9c2AXTZsEYwGCAV
solana,4QEKzbhSPMoZP4T7pXYsyfqYN9P4dtwKgMFETCswKURA
solana,FKRZXHgKXFQcKgzV86kXHzdbXyGFBjV1RpVStxDAdb6K
solana,2qvyGYWv1f4zEfD86cxvGd4q5BDdsznKn8Dn9E95jmGs
solana,2S7XrVDJhFqpTmx8JM4NFRUkKnzYFFdfsTiHrtY4i8dW
solana,BCNejfxbZsbzfHZaXPw4J8QcrTYH4W8qqb56r4e2RbZS
solana,AM4iEvwUYyYF9oNFUCn2o1B8EhyomG8PYJ8ZpM6KP5cH
solana,HL8a7T2MiARPPGVUU9yruvKT9yzJMk75SuA1iYSV9hj7
solana,86Lif47YPVFwdwaxe9Phu5Y8CHJ2MekJULKARyRVy7Ct
solana,BtDhJYaBBMgn4BUXuqfWF3bVXuGJobeUYVUtCnBxJwdX
solana,2vYkiVA6YT6yaE54DUnw9AoGLHKJhArekJDnuzNJZUPA
solana,Dzw8BZDvfHw6i9vPkay9NQ3D7d7J3LwJVKx1N8sxe1aK
solana,Bqj7NUew31JBV72ZDVxGuYGqBqj8K3VBmCc5ZwnV9rbg
solana,3zqQJjenLM5wq9QqA9bZUDuBzey3DdMaYVZq738G2Lt5
solana,DTSYwCWKZm1kzKnjTxDJ7jKgx7YSnE1FHEC7LtbrTekF
solana,7pkRvM78xNZA1h1EBAzHhfhiCpLdBiRTz2ETtyEuVnDe
solana,5Rm9wmdjzaYuVTnMS3fkrfY3rnZ5dZTQeGF92tYQWjYN
solana,AWujPrtvSN5Czb6FWYja2ePjGM5QupDjYNsZdYb5sJYv
solana,AybA8quWPH7FQoNE2Zus1Y7C4KGBQwrx7RuJxGFTPeA
solana,DdBgMhf2g3km88T9HQqWFEDhKRBfXV7NzLMp5dEorFEm
solana,Bop6CvmB9FHy1tFwDjQwryGDvhy5VHFrmyeZ2fEUsvPD
solana,FjQsjeeWEAA5jnhCz1AdP6KMPhAAhpZPtWTH88QuMgiM
solana,FJfG3a9y92mWoeNiw1QU71LRPri5nCBokxCqHGiorhMR
solana,CvRKtfUjdcmVUR6DWxt8rzcjxLskY1usGZRXxo4in1xH
solana,FJ9VDjrvGXQRZyjcgtcvz5EfVHaSsoYtsrK6ttdVfR8X
solana,9LUmQ3CbYiTbd8ktwoWH8fs7VkPwxzm1eLMkmy29z9Mg
solana,7esJNVgqzLbthzY2PHqfDHyosCXsVNmgbcsmZXgCk9UD
solana,8EWyFqwgo8hwLNTKhfPkVtKwKDjyTMFkS9aLABqKzd1X
solana,H965z18QPtWviC2BsVVWeTJehh9H3y5oXdjLaV8QuU8i
solana,FxKEgghgiy9V7hnuomrPVEEnzhmvzs2B4tjr4pDHXSPm
solana,35EZep6KVb29HacYApkrm6HS92wRukbkp85DrZs2pWiV
solana,45aB2cRruzEGckmCrvAMEitPtwGKmu3KaPj4zQKb9ixG
solana,HuHv5cbK3i88b7PbPRiQAB3JgPmz5nQaZjBmxKuBFe9q
solana,6oDk5SDCasuxbht8zUi3QhTGi8oKZMhHcuMGqcJ6hKSi
solana,4dmu1DHxMdQAvMUznZyxjKCRmAbN3kCzR55cexG34v6m
solana,4VBA2MomsgZd6HUt3Y25PZvnMB3BT1hawjjqetjJqJno
solana,8YWBmU4L1BnKGRqwEPLCndHco6MqJcfVRFpgkSiaieFK
solana,DNNmf1Q7doKjkrg6QeeZc8nNJosYisfHm8jaWGjEHYgt
solana,2VLPrECrPrkaMedo9QvJhYUBFJ6R6p9eSrtWfYFqFbus
solana,A26xi1VV7DJ4xZHp1Rkm3er5MPuis1HWtczMxJyAcgWP
solana,5iyYLJim8gkXFCpdRwosQuTACCF4CkACBNfF4m6Qq1Ut
solana,F28Eqxbx8evQ6vg2WQfMjE1nh3gNYkU9aCH7Bxmim32r
solana,H8hCXAsQj5Ui5HmVYf9vLonzPcynQ4L7QRQBdMMpJxYz
solana,GcvsoHVgTNPPjXjKsbawkvSCSeWtmYqtKJsVBaEUSWaA
solana,4dbwijmS4xymdiEAKmDjYbkgTTApzXuuRcXgW9fZo2d5
solana,FJNGQmaFsKGfK23sMRv5MVZtD96qW92ksRZ44swDR7Y7
solana,HxChHEvnKDvDzDDueyLXFhvnNYxzCTsPGPF3Mb3gAdMk
solana,3pGFiLb8b17Yw7eMxkY3ZPzCrZexgxZBbMyPEZCmsSun
solana,GMHLjhYwUiWgByppE8kFHckLhRGtkHXTiAsHYSJGsmZF
solana,8645rVrQ3HhjxhzwmHZp68o8FiD2KQ7iYvuYxt65BXr3
solana,2Gj8TcLt8QBVbuAxpsQni6BmqxzySYJ3qqT9BRYnzsWS
solana,AjkJbpWsvzdZGCGUWrSL8UvbbgguXakPGXRdoQSEag5E
solana,DCXUfDXYmiLWfT2K1jipAXaheyrHxGRcHYryiwy9ttz1
solana,BEJwrfXVPuNFSZbxBoTJJtb99HgriozTWAanK85tqwYv
solana,5artjai8m4AmWaUm3jYwe2TVpU67g5KZAoSmKEEjpDE9
solana,6VULmwmvjDq2HvjCUrsoSH6g2GqeFadAnNmDEgbS1vNx
solana,4WiHnuaLzhkMwW7XJBeuAWG8GcbetZWSEneY67H83UUK
solana,ADbuP3dWqbWkQpD4TwGdVJwtMRBXpTbUNDUsudkupzak
solana,6jwbynbu3QBa9e6c2TdEeBYxqW18CUMaYCS4kK5zCDGb
solana,4v6fVhFQm5caZfpzug1h74ssjeCNovZ1uxVDFj3V8ZWb
solana,5juru4nPJ8GcYJMo3kDDZGT4WyErCSD8gQFpXLNZb7gw
solana,4xopaSeTKGhVswMckhnEYdsB8nuu6pviH87Yg7A8Fv5C
solana,4jKsEEhiE8hypVq5yQvc3KCcFGcVziY87Bq59ppVuqD5
solana,7WUopvRgrSdRdKCcfFkUc1dR5TqVtoJUwXYGB1X2Ew6Y
solana,63x7NLcKCSDyuNpMYAXH7afR8FuYX4ZEJE8n96apy3ky
solana,BuSGvqQEFTT6XiAahetD2isBteJtgUUDLwr5zECvhqDa
solana,6YCqwehks9RrudcqVZoMwTtGY7QXfRHZn6cXH27HaxP1
solana,3eVpBf2egy1y2qZVHb6mMeHTGuDrmtuLsYrY8G5rgoKX
solana,3YKzJu2oxM5fqz91NEnDBPahPUSHD3HTzm7eP2ghQmiX
solana,AqY8SkEGSnN75wAXkPBiDXFt4kSHDwFrA7XPkh1is4da
solana,2uiDX8b3NwhewXMvkv3opSPGBZ3gd8HLVCmzoTofqUBg
solana,GY6c9id6yd8S8H6rEhTsjHBn7WpfX4qTmkYYL2PdxtBN
solana,E2sPJrv9AbswAzrFPR2UJ3uLrBQgckPyVj1rCTEiecaR
solana,9o6bJhwSBdd5HMNVGHbFJmmTHvrno2p23hu8W1ugfrBc
solana,3yTRkBQMHLF4x5BTp17B3EVYJocz6TXhgEzaEwUXrggS
solana,8fPiefYipdLsswDGEMYXFe6SmDdnFMpd51wQZLH1fZ6W
solana,7QE9GmFYvUg8UgDDEwXVdP5Nmh44p9RJqdGXB1ZK2jV6
solana,DUb3YoS1L9T7rX8mSEszLPAYYVcMhaSH5WUyu5yPbUef
solana,3B4mMG863D2wFJkkf4Us9ZUBpbWw5AZgYw2WotCgbnok
solana,BfUakE5xxxiB437tnxFCCEKQZ8QTZzLkNmgBoBtnWLJ6
solana,3z6BR5JhFJdbgUsFFgknNEYEamMJHzYeN2n77ByoW8Kr
solana,G8US8kz25rgFmrAWXvPASnhQGhQmAJFiqC8vdWSdEG4B
solana,1qe5jeFNky5Dy4NMyEACDpPsu3MRJoFusR2JSXyxpsE
solana,EYwRYYqwtRAEhewXJpQC9MHMmHYmEiJqDVBdiKfkho1e
solana,HUMg1XhJM5AS9ocvVdU6fUoUMeYkSqoNtrMGWCisbQg3
solana,4t8ra4NdaCLoRJg2PDw7RVKgQRQ7pTi5J51YaHDgNo8Q
solana,Fkjssb39f61PxmRJEzZdtXfKvpuzh7hnVuBPEdFctB1x
solana,FXCfVGnASeGswaAVbYiV65ZRfdCXR6w3N3PVvdw7v9pE
solana,7EZhPQWM5gntScjZCBKgw5zPypcG3kBsjs6YPBGY9PqM
solana,473AFbfLkjnmx2g5QV32t2MaWPqrQHoC7wjBrjBNj9hp
solana,EpZdCdvFT8jjBjBDR5RvNc1ddUqi2QC9wPay6cjqaLiF
solana,9sHYmESKRmSfFNgqMBs7SFiJpiqjxGn4ukdVAqApUH3B
solana,5juk2YqpN3wx9j7nuq3DFRB32R326ard4pCf4PJi5Axn
solana,22SpH52bByLgXVb91aoHE7BZgd5UCGRENUhoDHeLG83H
solana,CwHX84zREDJxj1cBWpHyJDKjVgsgz36qjVX6xG7w7hke
solana,FKEwZ79UFZvPVmyNXyMSRNQTqkj9L4zjSjZJKx5zCsEu
solana,HW6WWen29mVWaBr96KBbZSfggBEvFDEjDivG53wiosoZ
solana,AS6FfH55bBbHHNmDdg9f11oAnP5E1wybiNnVW1igFbXm
solana,3PBhVii7B46BNWEwdb6xdf4P1goj3R7BK6CWYJAc9NLp
solana,BgnL5z3zidYg9kbQzVkxu66YUtzV8tHNNstMXAq3xDm1
solana,4rbh8WfADii7PD5Do9XyeWTTQQtYpQqVnaEeaUtuARjD
solana,ForCYvYb7eJ6aYLVNsqkTNgfKPiEm71QFvdUmmp42NB
solana,DTGUi4Z9wCLYL7ytCYhRLUqFezd1U4xauQFHrS5gpR3d
solana,3xrrgHGsXNfydki7iUPFgQECT3iNSY7U4JkFPSNtsbBw
solana,A3w9c2QtqxEU7Jfs7i7NVXc8uZfk8NLDY9jfMcbBdMxJ
solana,99tzaNSFYcyDpA8jRdwVofFo6n7phbTuHKKYYuXbGyCw
solana,ERKxvpNzSLjcbMWMRmMd2PhpfHbXQVoiHoMiUWGaDDpE
solana,kP4uainoD4J898ezHyaKZCDWdHQub9ptuWivWfhETCu
solana,8wsH61kqTJx5111PuoUpFpU26e7zSpAumng9hgwh5j1L
solana,3xEHSBt9QVbRx2TvDHGt3nU3NHzEBBE1NzhQi9oRCWRg
solana,rpyu2pVVNqoZcdTLveADaeDNJSjPC9bFVs8hwJP4DNv
solana,J87vjtvkXJVE47ey6nu27fbBHfmaA21p6XzopRSbUHez
solana,dSdTw52osT23vzRXiWQEGwRbW9x4YvhaYHxZXQ1Ttza
solana,7njmF44pF2oJ5eNkTc7cApf4Bzvtpa7qaK3xAvgJWqp2
solana,9eGt6xnen37hLK3VdaA1Rp6VyNvrencyxgjJEeKqoWTY
solana,GmR3xxHHukLesP1Uf2QBSK9zmqAayarSfwM7vwrheBE3
solana,2CKWiwuk9oHvfhXWk8WetTXhDxddYh28GbUQudhQ7oMS
solana,8m5JtJGVYBpt9cSD1w8KpTZeHTqdGo8UKRMH5q6Rn1kf
solana,6cEBhzMZg5xGXRFSDk6VttXWpWyRUan5whfCVfXW9Qqi
solana,zGnLu8tkPdLkxdc2TCMHaScDqfpnXiNyndfyT7fCY7z
solana,FeWQBNnhZuZumYCQsfgTqWJxqmvTLjgCgzE1marbrbag
solana,5KmfuA8HmqH5WcfRKJdsvB519UDLBLFt2pAaY4qxcxZ9
solana,GGjPw3jBjiH1gWJKDWpxD2NY8rNYr9ciXL36KcGG5nzc
solana,2KPrbhbagv8FFgLjtPTRSZbv9P9gzzN9q1BGPXsYCayJ
solana,FsUQYYCmKvKJUdGqZ6YeyimteqtZ81jnKmCUAaAeCisK
solana,AY4sNkhp1oMifGbEF4jSKWxt1geNsbYkbQuzHAeRkN8Q
solana,ADy8hpfb75MeyvaTj7zX91WRz6Rx9EWcZsWZ3LefSqsg
solana,E6H8iPdRvN8FHyqm47NR7fub3UidHhaqcW9aMgFd5MFE
solana,BDMBFQRyy4anRF3wL8w5CQ8G5V2XsL2meSH8BDA7g8AF
solana,AjxoshLt7aB5sg3KhR3gkQUmY7mBiWvnmXeMB1pksXKd
solana,3b2qhKKyVS9R1Ypx8dyaiXUCMp3y3vBexjeTn5nSFCgD
solana,5Eoovt5Tq1NTCr5D3pJPxy7oXebksz6thFon6mLUj2PC
solana,8DmpXezf6f9D1WNT7m5HTNpBumVaWMecyhcpGo9jDmMC
solana,AdHXHnu5VU1x79DAtVUD2nbhrALc6h7NmQMjBBLyaWkK
solana,CZSUex5EGrWwPMryqr86q7jxkztYFjgBD1AAuuSEmKcw
solana,2cfrt2bu12WkW4YxZcVk9w5UTqfsRJso9pBa2YZLaCCw
solana,7kP7GV8NStJt7aatyTEQ9QsAKmumHDDaz8xmPRWdCMmk
solana,AmA8brkVmDcAnBbfSrSu671Tjm8jngA35bXp4RtSC6VQ
solana,6zEp5PGAusbxCzM6qtiqgo9yAXtaf5MjiGMAXzePTkiq
solana,C86d2fUvdkBbqHkNjhH8ZnETZqPdyh3pvGesJRpmSYpe
solana,Fp9vtz8VaVHTDjFZSvWPs9YSpwxErEmX181qMUHW8HdM
solana,GDZZxnbENVEuQJikFExGUVPvGeMZpGSrfnSnRMdifdAn
solana,2DAsEZQcxKVayudzL4sJehkewq2C6fUe2KhmHouRo2iH
solana,3AAQtwAoAXFDntFxsSSsUqTikWtacX21X9zAwKsoa5QB
solana,2SSx3ZaneM9X88nQBZVmn5QMZbp4s5TJt51FYd62GxmP
solana,FSakhScv7nc2p6o55VNfpf1uUKAENu6AgEC8zygHRgE3
solana,GXe79mXqpyJiKwtqa56MeRBKT6gy71WZH8sUyzsqjsFR
solana,54cxYVwRT23qjFfZuvPoMkJKA8G4gBSD2uHmVUTvvZdC
solana,HHazgnis85jCS8tQWiPSFdsbya6HEZwZo9NWy2gss4wg
solana,AMp8UZmUAk9RaHWqmwu9b3g7qRM3KJJHdz18hgZ6az1e
solana,q92XsuNnCcrunxozVCS74oeMYtLdiVUaMw7XZNbNDmV
solana,42Uas4MftfJEYV1wF9416T3xL74KikUywhvsEbejWp7x
solana,GqrLuJ7x4Kj4oNb24DvCroGeies6Kq1t5TQhT3jgkeps
solana,8DPXftGBtHQcx9z3LGGRn3uUBFjUqf7uBVujYoJr9Jq5
solana,FanRiEHjnSxZW7m7v1WT3Xdx13xZZ3HYSsMicXGYTr5K
solana,8BeUx2tphnw4kG5CMSFDdXhRuCB9jUtbj3wUztYaA3Nc
solana,389NQp3zxGmFVmhfdg9JvdCgjv4ZsUxcFih8MAZmQKmn
solana,DVmqMFi43ygEuArzKjzW4dvy14xYmL6CvkormtEZTsT3
solana,59Cu2fzCyeDrWhyEcvRZYdx3TXqnES8nShRH477TGYNR
solana,9V7RM9HMj3mkjLvtUbS3v9QjsW7PNsM267J3dXfbQd2z
solana,aW9UoN9ULtS81PYZv952mXkQsAYJyV4S4YXRD5UP1bD
solana,J7b78KYf2E1sKGwTw62i7PdZVhP7CNnmWiuviaa9sr9H
solana,Exu4hnjx8pDrLKtARDsEEx7F2EKz86tS9WuvEAeMiiUK
solana,DGHLWbYP2cetCJpNjthGaBqfX1GZXduNDjdMJzjQrjEJ
solana,4atLij3HCBZar3sRhJfo5qx4dy76YuxhCq1qqF9DncKZ
solana,37wDHvTjqMxHEBD4482xGYbwuApMp3TV7xEQ12UibdKw
solana,7edxVpZF1TzFbVAsJbKFPzDFKz2DLytDrXKLdRp4M3Ji
solana,GfGN2fJNXmDYE6g58sL9eVQfLujhT8HGzdpSeDGxCctW
solana,F2eV8XjLLNY6ZKQmbnYQHbcnnec1XjgiqSo6yXqu4RTf
solana,459mkcoSrbWEAr6BRPRPaZi4182fVb8PQc6Gj8F4j3yk
solana,B8ya31NK7FpEYYgyeTrvJv9qCKXNN12iDHXHkv5NhXzu
solana,Ej2THfoaNDbLsYs5p47iPjktAjQGLUaBiuM9TUAcfW5R
solana,945V4nYVj3wJrsnzxoXY5JCrsLhTYsXrMci3aTimt6Zb
solana,FNWvx61ERzSK7ihjRKUQk7mkCSvhXbr22MSdXhS6MBd3
solana,BorebFK51TA7hLYRrSXXf28JqK7K3AHFwWLUhYbErKTP
solana,BEHTXK9GXm8aAbgdcLa2GK3CAytxKEd3ooa1onzH85pv
solana,DyRt9NKwyTpn5i6GUX3MM7yRoWUCJjth3bAtUc978ckK
solana,7PH2fHpQ6Kx5SJJPzHEjkMmxu3Qvz8J9sJ2XGN7cv4A1
solana,ADCFgayszRzTVJJ9HrYTDw3CcZphFkuK3QQtExUFSyJ6
solana,A8hia7ejxUQbF1YfL8r4BrzQDQJX1pgRd4mHKBKd8fRS
solana,AV5DEuMHTv87sBu6p2JhFhjZiwSZSciCFxsvCtbEvn9x
solana,G8Z4Z8YqNVS629h2rpiJ4FJaFdJWmSHpmgMkjyZkd9wM
solana,3WB14H7R5igfdjCKu6RfB553CvKhARURPaWgB4Rx4JAs
solana,Fm3iJxxtv9EQEw8Sf7EzWN7Vaac44G2zcpj1yRt2a2Ks
solana,6uBJDWHKdCAPGCMttM45JWKU8PU8r5JSLv3r39xHnvqs
solana,6meGVo9ce2JpZFJZFJ1KXw2mQyDoYofu2NJG2XsGccug
solana,CzxgBVf2eaMi42gJyYN9Q5dmEy9q8mLL2KvmqsxSjWt1
solana,HWV814p6qkffXzKaLDXK9DJqwsYL4BM7iisqAqLTpFrS
solana,27XLnP8ppmZ7XjvnWFv63cuPoUJPU38bJ198QoPHtsGz
solana,2jBcoZ5UgZwVqQB28FHbB4vJTwGbbh3MQybev23Xc5gX
solana,EPKxyRetFKTwRhzqgbNbwMUfmPaCEnmMJKrFQqfgMp2W
solana,B36pFS6nVTvS1CwFZCexVZ8zd9HK78viNkqQ4yzV3iHd
solana,BhrBRRvan61hMPFgU4Do1s6LFU2WmT9eY9ZFm4w83jjM
solana,8LjVK6kzPN6bMtd7EfbukcnTkQEJb2cb7D5wvBgkuDuR
solana,rWzidzRGS2rgPki5toH3iFdjrnpox4S1aXF3vJcbbty
solana,5Dcu31oyT5B7syuJ2gQeVZsTCoJSp2BdtnAo5jkuSM7c
solana,BdceZtapTkdJ7YDpnPUvCsx2BJXwBtTXi4BQg4zdzSk7
solana,CgJesuJTDQCahXqGye1Ud5KwUC9WcR5fBr5a5k4S1aFn
solana,5jZwoikE56wkVmGuYrE8S97iET3RdWgGmBPXafMyBdVD
solana,6w3ivBdewFSG9bHQvHvWyryrxRpTeKMtBLbVKcRJC2MH
solana,7v9Kq5pYw2LKzuv5Z16hr3CFzqHxnRyL6D4xpVNoDMet
solana,3dYcuf9etoL2pfb5VL5DxLHRqQ6kv7NqZap8ynVoHJgY
solana,79ejfd42Cx4M9L3ePdE5A5TLSTasmabW4UaPPRFdqv25
solana,D1SAwhNkYtdyEwLSGXkMXqnaaFeu5xND7aFunHRsjCJe
solana,G6Z291sb66CsnMC1SGFajmiPyThrJPy9VCk3VSuz4FZE
solana,FxybKb1zoRFWVFpauCw2rNbgvhSY4a6ow8qAFWtKPyZj
solana,Bvjk7MPJQjKAqrdYYQSjQZaU2JiCwTHQiwGvadG8wT2d
solana,6uocoM4H3CdEf1uR72p8YqcbGnx3Z4131RFh1tLWJGAR
solana,9anZTwVuX3ozRaLrYyFWfzLiSXwugu8ffSyxgpkUgwqD
solana,CRLcfhDy5RviP7YogX3gNR6FoNZN836NcjaYvobckuJa
solana,HcqsZvFdQbGxv6hfStbdMCazhXArvG417zH2tPw9pycr
solana,9Rvb853Gj516Z7jjq1zGFVosT9h9F9tDQytyQfKL86Ac
solana,wuAjDcWUzyATPVjzSJQJ3ayF2DAAqMTMwWucQw9i3y2
solana,2j2KVtGUZ8KY3E52o5Gg6FhyMzfcqxVPo5Tq5yQoZ6LY
solana,43r45TXpmUHqR6P9GMVMgHuomHhyhPLHcEwHGiN37itK
solana,DGkuqtK8S4qyTsXUVaogFMyAkX1AoLijLgZJ1WsAhWWZ
solana,GuUBY2PHnAyYt45AE1WVfnFUM3SHTtrobiFKT1gP56Eo
solana,495WWCmu2asr7kD6TscfrQLEP1dwVCYDu3pC5go15KYt
solana,DTJau8vzWcRZiQNLWrUMr86q3ZfDraypfNJcN5Ef9cqS
solana,FXg4jEzAnQboofxEY9HpVgN54gJZHLGg2Bghwzoy4xut
solana,EVo24ikzAwHL6njWF5zUirdQ4xSX3VFgFTz5TXXUZmUT
solana,GZhntj1F2scKkUsP33gmbfZpe9eaatXNqQbhFy23WEsg
solana,C37L9t5X2Astdq6o4NtDuhzTCgk2vqfnhmvjrUszuFCm
solana,8EJVftubdwYSio7dxkSNSErXYBNym3YcH8og2Cx92HYC
solana,BMmUxzVAVmmdYd52CyeQwYbsmGevQKgASeN2yuNDufc6
solana,23nEcDroEcjdNWr2T5oXenVL2qwuN7cVgJb6DFqn8mrS
solana,2BVtXdib46MWq7Ky5F8cMvkkjDR2YS9yVRk8iBhrcBaR
solana,Gq2NteZPMuVqRHKpTdb4F5af7qENLdZi5pibhYR9ThUE
solana,44YLZK47cXSrjzePsvx7nd3DonWuzAMY33uprhThB9h3
solana,G825KB4oGpzSshurezNYfDd5dJEbwB8w9xdKUPnntA9h
solana,A8bH5kg57sigzmm368W32HchzghgkVUxB6p4ijU1BWRD
solana,4QoqhXzFibiGb22yz2fT9HHqjhpm8R17xdR43wpu2CQ9
solana,2cvDGQJi1D2ugzXHxyR7CGnDibHTbuRBxB4WG87P4YoC
solana,AKD5ZSHL4teVAykkRVvB9PZ7Ys8ao2PHX1jQ6SHnWkdg
solana,C4oCFaFBuHwwcbFAWgAxre3ufTCozQnZjwqGyLhToWWK
solana,mfUrYwNToqQnR2sTzuASyiffaLkooZouzTRPQGcZkXF
solana,HFuxhSH7z5no4eLcfQmCrnz62Mn9KYR6fy232UTozFPg
solana,CNjj75pieoriGCoAQQJox6hyud9ygw6En4hYmpA5doJv
solana,84FvmfFRCExMMVgyVvFmc2RS3JtGB9NuBNbtqHxdkr6u
solana,9W48tB1o3SRqmNM7w68QncLFLWvx2vY4zrRTApg4YfWJ
solana,A9eZW9zaN57S9eKvpLYyGpZwqRgrnFHry9UeA4q9x54w
solana,36DQcSKv8P2riCtngCK8pHBSaHbuuxNwDA96uSzkTny6
solana,F99C3BRqtHR8koG9FzWZdgVPegJ7wJxgE41a9SmQW6h7
solana,AGZ8DtvW6uPVzQPvwEUw15FY4xNPnitrE2gkRs3PcATk
solana,G7M1oX4qSNUoHdew8Rmu52vTKttUBgsX3sQiTzxaMxDz
solana,7UYWqQNtDFeQLPNtMSkReBjntsdfxy5WeSk3uhg4oish
solana,9Nf27meKEqdRRhGkoe8bDQZZVtfV9iaP331VLsibhWe9
solana,68VsmEKBrpWT1iLZyceVmVxWW4iCZUJ2vnpfvqUGB5b6
solana,GytzqZSTww8NCW3DNeM947vmQCXBgKReucVQY8FQNx1D
solana,Fg86NV6xeUtCEUbt9jSGckwVftf1cwN4qSTMbUmbm663
solana,5W9pBo4LqmGN2L6nfXqqD8EcARb8hu6Rda89QfagdGt8
solana,9H8uK4kKtdUz5QDKHhu7nxTBJNZDQjYvSW6N8rVSJSP1
solana,38nM2tWYpMoXdGXq3x8dfkCmdHuDPcchU2mSgMPtW4Bd
solana,3LGFJ7m4pcQCZ9msM5fyTQyRGBZHie6oRM665fJzga3E
solana,7SjNEgQcWXAJ2ddrBVPQabLPqktd8cttvR4x7JHFNiwE
solana,HBVTZfrejPrjnGGZveJsc9XxMSDtvsZJjwmAjJTYKNQK
solana,ByrHSk4cRXQn5p5eLncE3SjKVmeTQ2MKagNkStxGfru8
solana,GyGYR1wrUZ8LXDwJLZeXaJyjqEXMHt8ZaMkkXrsCao62
solana,iUrnVbdePD1SdXt3VeZpfn3PRRYXj8qMuw46D6mNgys
solana,8jH91CgdvUC4nTcBot3onja9o8PtbdhgfkUJnJRWdGcE
solana,2jRY5jLkgMdvqkHftXP4udhB6ZECtcfSmzKfTHFyTdxb
solana,BSytKg6nE4YiXvrqXnrAuFesoPpWyp9LpA45Sh5Amw3W
solana,2j8ZNNP2o4UgkB1wqmScKSqC1JxAZPYbNP1QgZFViMP4
solana,J9uRTY729vJ8FWcPg2SnSg3qjRC1DoLHcKrZx4LQNDcA
solana,4vaQvfvSwX3b7AbkaSqCJpvden8w6hQJsSr3vAX7GNp4
solana,2psiLmjD5ERvEnkTjdQ47WtGEmpSu2XQa35DNhrvd72c
solana,AG6fn37nosHqgxLQTKmCRwzgUfJmN3CN4AoNjzMTTxGF
solana,32H6CxMcwz9VjAEcgHKk2umxB3N77aSrZMXGnFpSxNfB
solana,GtC6TT9MdxBZ3G22VFo8W1qpgcKaVrrnWqQMYMAFg5jf
solana,DGSXsNFhvqB5UAhkFWZWidqfCkV7787tyKpAA7uTH1Q8
solana,ChM5xzj1ntMMb5uWpksrPZhAx3do69Rz3JmhyFL3KBCT
solana,BPhaNuWERqNPyxfYjTiiN8rM8Q7agmYW9KGqiVL4pmTd
solana,DPmiYYMiEgDX5Di8YVYXz8Wd7RkYaxcpDD9cm5KNhvfX
solana,HmyEvrAmBrNE1BptcbyPVM4Hb75iFs5Mbc7AAKgdXgwR
solana,9kPkMeUJZeErjfnQrmQ9rQTQGRRdrtFwRKxFrS7ZdbNU
solana,6sc48rwWZQ1hhhuXQLWcbRMfpLmaGW5yydjUpSnpfWFi
solana,82eJrKvMc8FHCmQMxVy6s1cevZqcvUCUGXNr5CurLMVr
solana,FRctePjT5nqvd2jUT6yVBwG4hEEWpdn3Kwwoor5Dd2T4
solana,2LMeZpskq1azb9rzPnc2xcAdW2yZmQd5Pk6mfhSAttxM
solana,9s39kj6quuzRnSeBjjcQnPZLUfFRg26GDLyCPZMEhDjA
solana,HdPcvFDykjHa67HgqZ4iApSjVhxyotkH51kMiZsHhT26
solana,AZNSWhLVnBMcxM1ShjkfYuS1dbKx8uPNFJzk5cS7UaFs
solana,DAvfYuytJUEMqnFSCWGJrQeyCmFTtYuhcP27Q4Nen9oR
solana,4ye5eMUxCsNWhaNm7kXwd9PXyBKXERaP3ZmrBi42CG6b
solana,71DzHV4xPoxbVdeih3fNNouz2MjVEmPG3pnSW4MaLJeb
solana,dzujcxHKcKt9W2y4QCqUrcrGRpEMZG4cJzMLJKDfA7b
solana,FLBjJdofnV8W85FzkuDmFpqQdgcbci4GgT5MhWTFDMpj
solana,2Kqu4jvXZfhs3rWhbjgxkJVRgqnL2nSW1X7WNPJXwRbE
solana,CWmdL4UW82K1xecMMaFnnkDtaVYAp9VG6PCCBvX3e4QF
solana,GFenKMBMB2euCcTQmY2JfNRgFQ2UvFGHW3MR1CVY6e1c
solana,5eC8UhH4QTfsxsKC18W6654T8FmVfJxyW6gDfRFPnbrR
solana,ErskruaSBLkKTbSZFnFjoCRwVQJbDLSmmWJcYoVNa5tU
solana,8dNeTEWpz1hDyK5fAGsbbn8fh1AzszKTmJGxkGPxNq8Q
solana,9sratFrpf76LohUneEam8iiXGwdW2P6W7PstVLGMmpmB
solana,4tWUh8kUmGZEUakCP6itcsjdCk4aqZC38WDmvQEvVKb6
solana,Fnoh6g5WKT8qonNSBcMCFaVnUkXZ46V1micQduf3nRyL
solana,CLC2RbVQEF5ac6DR5mAtEcgHLVmJVjdfNkVbu31gssr4
solana,J1aJmByqAWFi8gokLMtuZwRFyWEDe5Hm4u6vQk3rukc
solana,AC7WWe2i9gvxZQ84ajxgLbrYE1HnonTvCuDuVe3Jbqmm
solana,GCrJvDYfXENeGcguDMUN5AyEnpGmPWtTTn8TQa63yZTp
solana,3cnfB4dcJERQmJcv48VHsaVc84S4p4ws2BwWEaKJ2mp8
solana,2MAowD82yhHqJLRsNEzJPAEKHXQiCfwct341z9e2UnRT
solana,8bx6kLftameUokPK44wfgXpsujwxWDj6yyge9YvpvQbS
solana,DwpUnP6VqvGNrgQnEBezL2T8kWycynLTNcxa3BiBo4CM
solana,DJ3S9i8PjqSmyAmDzmEzGMp3QWxaRpTFHbrTXYegDQAZ
solana,2p3Fu9ZYnhm8few8kSoTCLwZZXZcki275HUxXfW2Q8gT
solana,CApiRaHmFNmZmc7beQbBqLt4NhoTmQyvjVjG7iQKyCYF
solana,HDfNioCt6QkyX9kXgjWJpTehuxoPCXR8N4L1KUVWjJj1
solana,5NQVf9kLiVHHq2WArXTdvqac8ynzPeJQ8r2pFpYuG1GF
solana,2R5U3PdiXF9Z4n1Pst78p1d16irAzatSGfpKs3sM6q2p
solana,YpmVjAXR5tMP9ommiCnbAVExzoCbbK6Km8YUndeCu5M
solana,GSGGymZJ3nNc18ggBZf8cjEtqWH5mgsmy4B2dxhFKZE5
solana,3ePtvZsqzJiwbxUznqtHsapuT6zk9a82E6FGMaA5Hr7S
solana,ERYA9BomAAnr1JC3pGKiHu2y3Dt7yRje52tgtj5VwbHr
solana,4fFwRQNMPZR2UvfYEGu9gWhrhWkn5DSgivvnfESpjzkD
solana,CvSx1xeWerBTDnawF9JQ5uJ1f8eGqNJoEnAAqSurnmQF
solana,8PrgR4eTUc9b2kdL1ZyP4ceYiG5GXNEh5gsxa9NLvUAW
solana,GJzXNMjmrQEcFFKtZWwhjuPsEE6uogca2pUdSkKsnjcJ
solana,Ew4QNocZ3C5wqjv6EsJTse2hK9Tx5suPY8oXkCpUKA3K
solana,AxbETbesZJV1rSLdRT3RypdsXYTY5gjceDG6MDCZQFXv
solana,CXG9A3UW4ipAHBxCN6bfVV9ayU9iD4PCpvtnFJTDE27c
solana,6LjQooiVsiCJ39zeAQNXooMu7dUomuqaHYJJSDBia2En
solana,CiC7DRWgDYcm2eQD7EpXDaWUTSvQGpYi1GSJpmE2An87
solana,83xehS1D1eJTEGz5KaCBnfBdHBqRcVsCyepSh2WLCsik
solana,HJF5nU1sEy7XkYC7GpUpDY5iRaHXtWjfAYbbYkpZQqvH
solana,Hk5C3LEcBqwSMRx9wgGBRPiCNz58fUPFm6xUK946ufq2
solana,4iPy4FLKHEYoofdRsv6CEbagohMAwZGqdXNzkXkKuCVY
solana,DkjhuvnEyL6xjo4CrLcfpX16dVrSB2RjjBQToCMNUogF
solana,GbSc4s7ZQTUkZx83nh6fzxpeunB6rxT91bNLEcdpLX1k
solana,7Kfwr1uANgnCNqjHmASNgPLKkE1sAkRrev8WPs94zH6B
solana,BgG8udoHzMfZNd2f572adX9QgoE3bA68GyyyTocXDVGU
solana,2bXvBTj3aQQCkcL4xS3nZm71Hkniqie8gB88Fpqt19Ad
solana,BD4M6LvxQFDL7KShAbRsSN2pv5x6LJ388J7WMJPxBfY6
solana,FryF3bLEXz2AdyDNhy3PAcykw2Zy5pfpQubNyf3X9pau
solana,2FTsyahVAYhqDEvp3UWkQVhKCWL4Bc85bEMR9RLvEf2y
solana,CYTbB9SrxF3mvihJeQ79o2zZAhyHETmnQVvjWGsWiRJB
solana,7ngVZGaqrtXxjAwWCJvpYVGQfABeZVJcMKUcCwARQsw
solana,ESx8SuWDL2ZWVvq1YAb42rDwGqDVaGGBHbsju54H1U3J
solana,5YzTbSbkgxhB6n2KqDnzgvpNqNnAq1cKATdw7jKGAkHq
solana,67DEfgGbCPy15oTRHLKwoxuPpWW5bWJfCxs3dAi6JvCy
solana,Bx5JGNpgDd8egbogUXefjiNHS7LoiZAFxNvnmpB2s1Fy
solana,CyQadXZY3Y4LdnU6U4m5vTsbYthW7s3VYDohG5gcwN8L
solana,7gMw638UuSEo9RnLXT4gxtBqiJj9oJjr8iwzsJcxtZt1
solana,H7s7W1RpVaP3D6wBr58jK69YYR4socdhXCmzwP1YBci4
solana,aWx8MT2YLjgYTxpNT25He43nDoJqmjZjgUtDFNu3smu
solana,BzYiqiCJoXqCsJoRFTcvaFidY6eCtYuA4b8i4S9UjZZx
solana,CrbpxcqcCGLD4qMVsevq5vrgLBd7vFYKu2587xMJ9gj6
solana,DaDUnXXimnousRzfMLWsA4qTNNBM9EriAdXifYCDBAg2
solana,8mQWK9jELMxpE2uzRyeY3T1qH3JUGCKkBXdpDoc3N3K3
solana,6R53NNYFHER3S5rZ9wTqGW8NSkTLPwQu6ojR2n2CCZoQ
solana,GZnjFJETpt9xK53LnmD4z9jV74MMiAByvpew7YXqXX24
solana,3iATHzJDdwcod3oH1BEJdHtPu8REvFijNM3YRo3NCdqL
solana,7ZGAP18deQaTv1yMCozBgYSdtMYBxzYRHQ7xEBTopWst
solana,99tkCRWsTagGMvG7EFKDR7qfywcoX8YVwvrcrg6pmMSJ
solana,HRaYupX6Ug77g8E8C5iWvq2oxw69bBReRKFpKJ2XNF9q
solana,C8G3LScuWKjZYLuPCfPSgff3hZ9Q3UQDA2rjitBoZawx
solana,AgJCpSW2NxnNu9uuSTe2gw6fgiSqosjBwoQw4MfzuKwV
solana,74gW3YkkzLhZWFwQb9Hm18yLucabgAJAh7gqk5DiNNtH
solana,5zKXfDViAUQbKVmZwcW3kE1vi7EpHwXjmhDXjctGvz1v
solana,FTb6kbbST33RqRKLJdgharAaMz5gGMTTS7RBWu1PfxBK
solana,7RY38Q7PB1Egj9SemQL7CPYKbMbiDnSrZNv69a4YkUbg
solana,6wMRjKoGSyYSTm4EWrkCVM7GY8in6XQkthDSY68LPPd8
solana,5jUqicgC2zmfFYBLWs4kuECZy6aPWZjsypnFpJJoyHNj
solana,EYrP8CQiyp194RiF2TDbdmrWARCoGCUPouZ1X3dTgA68
solana,Fb1eeRJzuPMZk78bM1WyKbVYnqzksGQWZL2WM9dgjyoj
solana,146f2yGUncPb7ntT7wKwp4J4G8Na6Pkc6roHCsJ3MuqD
solana,GuLx5BhYdKRiqG9z1BJNjrEg3VjP2SMB6skGXoz7b264
solana,HZdvAMxqNJCwfk5auBhoASTqGWz24MSPGmrZYWKExj6S
solana,AKGPyzSVMhWcw2z9y35SuKyoex8JUnPF54vAHq6b9q5U
solana,CMxrEVFguUfdE6bivUPpvUjtZT97KMQQoDXDe4Xn5ipN
solana,G2he4pBGUzA9bgG2TkDZzvZK3LLGKHt1CbCEoPdNzoLn
solana,UQbqcY8KeY7b2YKPP1PHNV1X2iwZ7biBQ6F5cKWd5yS
solana,BfLAn1sW3J6aAQNCuTPz5b6aVi6NiuFkmBPMPSWxgexX
solana,8QNcnMxoAwXXsdS39PkBdioUs56a9bjXgasTg7NohYTL
solana,BbfrGfXJ5QV7uxVZfXSUCZKQzp9L6iWkvT7fb3EbiRje
solana,35GYc2yBLFHZpV5T71zV4oTyWBYmjCtVza4py9Qs46ax
solana,CarwJj4fYaaTpYQSquSDZafUbXqZYuTdXvByVZFffWUU
solana,Dzd9J4YcnpZhXY4RJCx6zxSF6BX7zY3FW6ua3E15Dpqk
solana,3zjCyfL9kN7CLbnuzX1Ysgme9GB9o5dvvbLe5JiXYP3q
solana,SjHNRZg5ACMRAoNLMCbHeGVB2oeauUQE6CtztCMtQ79
solana,BXTib7wLemRbcmZtAeXvqrKQqtT7gySJ6bNhVvWsg2i6
solana,GT4LTDxwfpdNyDwWpKEYDQiryr5aHvFfExFuT8Dan32L
solana,82owbDJDypRmhgNp2b5xSDr2qCta3pk8eEt38B8RBZa9
solana,HHtq3KbdSUEuuu58n9hKekBMiWbzCmgjXzCcEkCChpDm
solana,FrhnArFyjHMfXTuhP4ewBaMJ75UYCG9zhskBiFi8nrVu
solana,4LUyj6yANXyHd7fTgoDsmiDgJaho15BFMVWifwxodkAY
solana,J7Ker36QuKCfp9fsRGo7jseCevR6EVzSbtRGg34VtZWt
solana,A1ToCRWz4seXmHsDG1BbFiGb7uZjDQW9yVAqKajxooUL
solana,FpW79JYGk7pThnGXf8mg4wcsboaiwFUsLCVqM4PkKgKi
solana,FPfFf9pEuUVmLzEcDEgNzTJMFnMQP91d5GxTKgYFZ34N
solana,8LWDq6ZTwY3sAKxsYGubnDqrigN6JFbbMM1zz49Hajmp
solana,6yEQFH3uHhGD2uaPNejfZtdFyAH4ngi8dwxpciwWEprN
solana,2b4dSyyXwkz4QWhQkXXLxJmX1aP3az2ERbdEe7rMg9fH
solana,CUYCdJTxS33Czhx4QyYALkRuEywHEF4B85EFUjMXgdK8
solana,Fz2UDE59sNmv1TVDLXAyhZ7GPXZHH2XgBixcAj69Qjo7
solana,BMTcK362ExYsEMSW9zSBg4H6oafcqXqxm6YCockQwhwB
solana,6zXRqQJS4655bR1sx6c678YZpg7caPiBCZkW4VSfydPz
solana,6rVDRkv14DVYyWjK6cLE5uyPUQnp8B3cuUHBeF3By3jt
solana,5hnAdDmK9JTqrCKbwvMm4yuEUwwBiUE7cB2b22WUnXrD
solana,ENSv6uEeCWKf5L71MmUUTHYoM2f3PbpRqXSpu2U6BRYz
solana,5kc34JuddNGPvZf2hfByUqTMxyNM8gofTm8NsM4upUoJ
solana,HDfWLgbFALEJSPCEtpyTNHRxCsVRut6AB3H9tWCqTog9
solana,3zY6FKXxWPqLTXo5faTebFH6osA3xjytviXBNprgXu1t
solana,5JVjyhNDALFWKeUwngMB3rsF2ojVTDdfmkTsk4QFr3iF
solana,FBgF8xK5KGqERDiDVKhp84hAmyZerMffBR2SFgSVXi1h
solana,BonEgfoff8X6RRrTc7irLoRjj8CKxCH8iYDmrydcL5G7
solana,2QWS9TinFxKfp7tsEX7m8wBwpnVUVJWvytwpEYmCwJFK
solana,6gKmiEqp4xW2rTNF2RigNqykEyUTfQ9g4zC71VfN5nGQ
solana,492h6x9bnkvsh1bpNeH8WnZ7uBLSX1bNSw4iYd4x2vMK
solana,GGQ4YTNeJszNgNGApQk3yoyduJZn1GqJ9wVeeDjB57PA
solana,8DWa7rnsXwfg79br2Cs59Cgsyrm1NXNQB2PA2PmEExh4
solana,DKyxgZbuC32dBs5ZwW95n2ehurVy5W5Lh4rw6uhr2MNT
solana,ExkZ8eU7BdN8ytCYTrkG8L6CeBji1x4MfWiwU1oZTtYC
solana,CRVw4KYkPCWtxGU8VZYfLLQreuyfMKbF82Rx6rGfobfB
solana,FWyjC6XcP1aC2mLc8eVd7ufwhTXEMR1qadtfV4eWQU7V
solana,Hx6oQpNKN49Ey2sDS3Hj6m4hwxT59FBg55huyePVBYKS
solana,9c86qhdVA59GP15jvCRKZ1kF4PG5tDSVokdKhcMKTmEx
solana,A64YrVzgEnKzacAgBP2c6UPBZjvDDF2HXsvs5jaDyK1
solana,FpNGyVPDiRpdc2iTnwkT5tQxt2NGZUGha1chbA7nsF5X
solana,EbtMWgCVQHVKArNwtoLudBzcwc12ztFLabjZ6JX7kRCV
solana,464ytwHrsHuVgL5hwX3SvvNb7DWvKEZ7Gp984o32NSe9
solana,Ds9TJR6rZ9ATodbdArzNH6PnGzQSJoBG6KpigB5tdW7M
solana,FRcnnSnea95LLqxGRnA5jh6cgaqeu6TzBiDP7XSN4GkG
solana,719ipQTdk2TBhiCGRUfexNQZFDAgWMqyfXXFN2Vh1WQN
solana,986QUPxd69eP4f2KRkZLGsFJ2ADmXB4Wy8UDgmLeZrHX
solana,AF87RA148RztkdRheYndJzVvGZPPp3KM7A56FyBmYfKc
solana,GTqL8CKHJo7UWe2qUkv6QjJzzubnT6nspM7YkguCtNzr
solana,GVKmUCcK9GivMgbwZoWHdj5CyBYL2JAz2hjPizsmgAQj
solana,5D3qUqMrUBJQnSvwWtQPPcYSQvm6viUkctUGjNSgzz6e
solana,5Pobjq7XMhvHG3A9ThRe71w3xvTWbRwBVVx4mXF4V4Wf
solana,9vsYmw9y8UHnuhPDX8enqA7hgxfBLKsUkgd2WrLrnnQ
solana,5qpPF4hnTx99QHrebXfZBt9KwC7Qk3yuqy4trFFmYtW9
solana,6jz6YwZgdHWGT9mN8wzvpsptxSjC5RqbVtGMY5HuDm28
solana,HrGBrmquv86DL4u5Siu7Y3GRLnex3ngKLtbb8v4rNAP
solana,CmasFhUxsgwfvfyMx2fm5s9ksUGh5kwSgrnVxq6xmyg6
solana,DULrHgEtYGueDDwwCihQMvzeyxLhF9Yp7L6JDZXTuLZn
solana,3hvnPCdqsTXNrQvs26E6466sXMycshoj4NsmuzMRnodD
solana,mpmqBtNMEVM3pe54Sao983t7yKEyULkp9goTfHABMd4
solana,3eqJ7PvGzuMgYZLYzadzDKkwdxyCsu8zD1kWTPuj252j
solana,8xXx5D5u4RZ5dwmsdKPb874UPdyKukehvzvEKSAswUNd
solana,2sfwPzK6nVTJANoDQVpHhGRnRdSRXN6bxNCbuYMjUJ8d
solana,ChUSWSUcDpNErzWsHgrCYAbrFP1H6q2N4NFXPC5WpkNr
solana,AwmYVE3HzW6gCeCRDPLwZmmS1w56UEfv8p4ggSaMaMYR
solana,E3rKFez9H5xJDyiSrbevMhFJ2XeXK4AbKyUpdBYP49eY
solana,9bgShLuKh4i8B6EyLDuxJC9bZESkB6iNPcP1yTi9dMJr
solana,VcjUHyBUnheM8SCb2YPYantqoZpsaux7Gf79hzo4r5D
solana,9XEvRHoSnNmqi4fP2YDTzkvSiDtxYRv7CroyXKvHgnkk
solana,BjRseSQxDJEzYEESgZwxAkMwrhi8ww32b92oG3aKn9C3
solana,3ZWokMD8aarKBG1oYeaQg7KVREKSxJG773yAq4iYLxhQ
solana,9E7gzpgS6qfFwZ2AwYrxzB78zmja5NZgvKTsNtxuoFXN
solana,H8D6TJhJNJhxoRWWUyUN1FPcmJN33vzJiA9PeLvCso2P
solana,FuE7YxihrsgdF249F1RJkjhPxqmdtk5Fsee8XEk4TrVb
solana,Axh4oeDHDgaRL18VQ2BMLPzyycggrkCk5rxwsb51bV1C
solana,A64yiDx8rY3rHETQ7TSmwRXBj194fUy3miWkMqb8qTLt
solana,6UzdPLvaUDpwuVs1pwoV14pcvtPYxgokuGd8YAEyjpNA
solana,3FhY3K8W88uwbPGkUAXgLvL3gHULkkkF2eTew3HGLSEv
solana,JbepLJUpHP1mgogG74HRD2jZXrARP5SPECqMqT9Y7j2
solana,HQJa9pYEPxggG2bxgBUS5NEfSnFfJHLwuLdHnf538rgX
solana,5K54VzDMbFTnjb7rXd2vdpDGmCMHeWFg3C5j98PY5vJr
solana,8DqzVauK66ciqQzYzSny6sPm9fKZmgWuGfrxorfUpgv1
solana,AqDmFrQb3jDrtdGrCGwM95i96KA1gK8Bo9yFCnm4k1B6
solana,8QUucoTXDMdX9tZKhH5FhRhAeHtJeDDxUgkLvpUfsgzo
solana,72NVnBNzBj7UnRBrqhWSNMduD3LxWtFHJSvqp6e7ZkkK
solana,BpXQD4KzpDH5wMMrX8GPdznEkvDFqoVPP9RaYwqpssDM
solana,5KUHiLjumWb9G4uQMk6f299uwKuXpnPktW7rPYJ6qY54
solana,9yfUtH5G1t7q1uKvQoGxqkkxieGxXuCPw6HBUBVkNP32
solana,B2PYZxbdwJePPhQ9mh63qC5E2YQH3s2mFCCGbuJvxNqq
solana,HVFsUGrRNp2yh5kv2LvGkdNix8vySQwvf817issT4vRv
solana,HFqjUnEK1Lu7cEA5YbR62YiFPArrf6PBV9vjK1KdC3so
solana,T4RadQR3xXZi4vxkZMWEPnQ5xRB9k6RthVksJ5WXNf2
solana,D7rmDoBw9oxn9siyj4f1iFHqeimDGu6rzfJc9pRBwtSM
solana,7PuMEtbKmGkpJB8okGsxpMnwm4cgcSFsomXqZGfJGaFm
solana,7ErfFNbbFRMLNsYf5pbZQTSZjZBy1yzBiaFL5C2vQbXd
solana,HANiimnQKn1C4XcnbJqW2Cg6u766Kj3GhavQcm3bTxoF
solana,9zwNU9RvwKMk37hGNnrArdnfQnKjwTdFzTk5bVrhFDaQ
solana,DG2s2fWZioCTmUDmqBG64jCJmRDg99quucaGPRw2EccF
solana,2p5rq2YeVECyXsLTxMsKmv8wc3hcbf86xuz1PYJuM7oc
solana,GtwmaX44jzFqng6yvGyCCBJqj3GBFfGoHtso1UP1Bgcw
solana,4dXvpw7y42VWGW9LMTn1p3E9zXk6Ze4bxedTmQwBhy36
solana,Ee4mA6kLmf32NqgoSrWFR9qYD5xwFHnXr53EL3UoEXur
solana,DUJwVNwWQDEqhUhAUi4w6Nqq7uMDejH93j9h8oA86LV3
solana,45U4EY2hN3gxwzfNC92jT4xJpWVLQxn6vPf9fSmUx9P9
solana,Hgdvmzwp2DWWq5qd3ZWTP5wRwL4va9nyEz3gGQWWwRzN
solana,6L18G3UduDD7g1AavQjEmFabv8zFFLk19WguvHDhd1Mr
solana,HBcCXKow9Jgt6xK8vUW9UzECBJ2S1139nqpBoYYFpv4n
solana,HMkyhfar3bjhSaF5QCkevGmfjfJBw1yBL65QkBgyVphk
solana,CkHJFD6qAMtX4mh7dxgVXntyJyAfcAJABZTWZatBMGcg
solana,9uNp87B1gZt7p6AmAsg5ozvuTZkgJjJkhyMkKRNm3jRG
solana,3F96yCFnt9u467QSeYM5wMBmDm9DTPeVWCSiD2WcaWyw
solana,FeGTapqJZk7GAPr7HUxhYTBX5Dxib6ybcWZoSNkzh1Au
solana,2d7oE4yxpTrgGGaVxzrzfUbaMfdi4FPQjyARhh5UzPzc
solana,8ie3bdREaKUZxmwjvW7Q4zVNtZ4Bt7mKw1hduwzqMjFj
solana,6EWG5Uyzw6eHAdmCMQeRV8j9AMWyDpFsoFNT5efCKNpX
solana,E8NC9nXV9XJSZst16yYvaCY79nKCMA4esrraRWEgkvgw
solana,GDVN13dd9FZo3wd2BJAKBaVsf2jeXfGZBxRjoA1vdsGA
solana,EcnHA5caeDYonUtx9bKMhJtUyzrMKR3xqfZXxapG2Cti
solana,DwxjfTPfr4DySv4ua6Anqys8zg6Gj47YPJhMWYpk4YER
solana,8sDTgUXX9ey5Eekn85wQq2hKWKVHQoFqZRq1Tw5TVf3U
solana,G7fSrroKQpHCSqag5SEbKw8UnTCd9eE5Fns8RsGhzpjW
solana,DUFaSxp6dc32MtC7mp6kM8fii75pS9WF76WCEeGCkEgY
solana,ARpxRLKk6ZrSFqQLx9BX72f7r1SheTzAcP7s8iDaitbJ
solana,ESGi75ad1zhdTVmvticrqtTzs7sWkx31Mx9Q5WDAcEj5
solana,J6PcmBzfV4XfARcYKfdwQkVzA8nZLef1SXBuq5BNaqaM
solana,AuE32Kaee7u7SFb1FjbwEuJUhx3vJ124aCBFR1SXAyQe
solana,2XFYrNCpoaKNyf6BrWcQiatjMnNFztP36vvTEKznpiFM
solana,E8Yv5LFW1L1NknBWWcHHmB2fHUZyc433c5AiD8Yi4ifv
solana,2SWj72kYYSNu47xmJpkRpoBh4k8m8ehQP5R6KfG5wkNe
solana,65BgGBxeETdBYfqZxQ4MyPfbtaQHdKhdbEujURFMrPsF
solana,3tqVDNUJ1uxjGfK6q2Bq3CARgKHc2GrMEtGHib6dpR79
solana,3gwHjU2fEAYZ5QLdWqqP5JGrouHiQjs2YhgH8hY6d39b
solana,7m9fYJ4KYr2nSJdqF9CEQo92CBo1uvtZjfBXPthEr7RK
solana,EoGMEM4QHeLyKYunGWhFDNBroJrXEJ4MJMTvEdrNHKnD
solana,Fx9jnmkpPCVq6iKQ1t5NGqTt6Hao2BGHq5DimeqA1eJq
solana,6nED855urxnAahWnj1Pheyjrm3BtqVQSVm65PfjKnaMZ
solana,D2P5y7b676LuRAWbAM7xzuzHxHPTPkfKw7uNseykZDjF
solana,4D9vaKXVFc9co1bziGug1djaMTe6fcJG9UdSKw3s5AJi
solana,EXt8rgNnzSRh78mTL59ATe53ui49D3FAwrd6HzbjTb3H
solana,DmnGsZGUNGrjPRuL8WUyM3NYYqMGqFkskV9pCJ1HSgiR
solana,E2uBWjGF6ekjw9V6GL9pD9nxzNRKuoMtLnc8vnJ8nHj7
solana,6ZaV3Q8RjHxsY1XhS3ZVVDGM36zCkmReaTLVVbaMQhRt
solana,3daALTYD4mRFd1AQxgRbh4wjwZjnLuWgs82Ff3218hcP
solana,DdGRk2Zyi5gm9RFcXX1psDwLaguDSnSrnhQUmsaEf8W1
solana,Q494Bj5Qbr5NFLwwcw8NMddwrBccAsi1AxYTvtm3Knb
solana,Av6RKJauk99svb98mtLRcnJ67LcA2RexP4YNCwiGe1VQ
solana,BZyGZULviZH3D97jVnSZAGzMnpNw267vgetkUM87Dmhn
solana,43U6oMJaLyhTAiEEL7ztsvY44nJN6WRTXMP4Ej76e7CH
solana,417bYeL7uH6JZ1XQydPAw8qaHjwa8VotAwDDnPAvezRQ
solana,FLK6xWrV6NyvTsoyGgyKSvoyXK5j8QdyKNqTdB4i2ZAD
solana,HmAEVJXT811QCGYBMSPosGCVkPo7XFtvKg4zUfNaSBw9
solana,AdCSawqQvunT4gG9JXBA1E9qQfWfts8xAaezEsSTn6qE
solana,Hg24MwYbetWFmoGxBEbaZkMSuy2vgr5NZNGHFS2QPqXA
solana,FccPDED2CiZNRxwJYS7juj5DP9tXaetpaAXv8rkZ5L9a
solana,Fdkiapz75EBMYq9T3qzLm8mx7q1U3XqccxLJwFXrRfcU
solana,4QkxJLcynqqKqm2rn5qZuhhygyyn3rQ7kmb9Qi6WXJQA
solana,7WA9qcpEYgSEs6d4gokcnQtripgzqJuZHgpXuANozcEZ
solana,34DpHmAmQBxs9Jk9PrwpasAq1PzjaRvh8LxNR7WxJUgW
solana,yd2ZnTcw7UiFn5u3uhCkyLH5S5n65ZUUkTjcg8hq24J
solana,HNKPXNy1Nd5Zu1Ns9qE9NiKEpzG8NSx8tP6rVM61dX4C
solana,BsYtg2WTSGqkb8RNmbjMuJ9ywCyCwSthaNzdMJPVQd5A
solana,A82icd84LkieHshECcwUuMWV9J7YwMCUi1i3q93PLjxh
solana,5Xd1Nvzqme3qGSLbeusE13HrVeTP2ovfC2gY1tvH5GCV
solana,HEfdvWUT2GzA6un5HC9RJWk3Qc3et4ee6FfmoQjjCvLv
solana,BaKGB45cXAjzLzuXUdiZY972UsvL3HRLyUsT4iaqrdLS
solana,4zzCFivgNTxLdRVGWERSCHT8XiRh1S1yA6mhffobz6xX
solana,8LMZMsfywhB3bcZZLDwJaTV4VHMbohtG7cdAW2WwFtQB
solana,E4zADxn21e3VtLSedCj3JqbaAtMJsUZGsabiFad9m4Ny
solana,9pRQ5idTmECTfbVcRRue1Ev1rDzefsbRn227JKdxMdqP
solana,HBbZ3gNHKouTBiovEW8QehjTFK4hrfVTPE1B9EZebVoW
solana,7tpLSSUXV1YBk7ZH1FpsW8MCKkNAiqAcM97FJGqZ5VBD
solana,4FpbRQ4Aw1V2Ce7GYiy67LGiCD5r9BdkESit5dBHe66q
solana,9MRjbyZSYFDdUQKjdiMSq5wBgWyiiQCUufzybqQCm1MA
solana,AfH1KT1C9JKC2wwZqq2KyCz4mHzENTt1QrBDd7ztLT3J
solana,E6oiro8jCqiKtDkk1h8z9Eio1WyX4JyRWdf1sJg1dVGL
solana,8nEiP7DyeYSUFS3S1ZYP1iQNMhY84XUmqsfFSyzLU49a
solana,GGAEYvdaYuR8GrqPoXCCiRrNWkmGPqzBHPLmCp5TVNfu
solana,6bjF5RKQN3scHRykYD53pKXB9FfPYXhfu9Vc3BwDbEm2
solana,4Qobao1bDXxynEdeFmtEoKM1QwARQm55sa25VfHYwsmu
solana,E8XBF4EUEy2z1W8kajj5PWCZNAeK5SvoPfgWu6xhkrTZ
solana,D4XWiDqPCfnjfuJZMMYntLXHZEm2v8cXUMbVh7QqeL1r
solana,9mUBFUv6RkGUr3rKBnkRowjaKhiS5KbNTtdVZiAUmjrX
solana,5hfexunkttX2i24LD65hBY5o6Y6EGm6Eogntq68pvdc9
solana,HypkHm1esLDwYqrAvaPaWJ7jUW6z6yirfG3tjKvY1zHr
solana,DnPuWm7x7M4QctgCtGFLucgXw1Tvc6ugJG7KNNpB1hKD
solana,krhKKBk4h3LM5JgFFqdvMfamB4Bn99bY8GZ6cyHC41n
solana,3BeZ93yfCkQtpBYFombyHn2ULbS3zaq7bsPii874HkmU
solana,9o82fte1nCrtSBwjNZhvKjaxfDArcGnyZYBjT3CRpW4z
solana,Err2UGy8KVRYA9nVffL6nDaboSZksCVUvStEb6UGpZCE
solana,4RrRDKxTEFKvfqWEBd5w4QddDN8xp7D9t62TUFKgUveM
solana,95XP5c7AC3xT5WFJEMbmGRpdReLVk3TpWukWsNTvRq73
solana,EhPMDYDCR3VxKwhjF9dpwASVxxmzLd13V73nKvvqYjX5
solana,ub5LvUjGPDK51jWKHpueM39dn31fnHVHhLC2zpw8bJo
solana,28XtWexu9WQDkpyQvt3LLoAdEKYMtKPcnn6UAY7PGRT8
solana,W9joccikWK6PXY7N4U9S8PRiBu3teF6EkNZBkBoBinc
solana,bhE5B4FnTWoNEBH7vUzB7CsKBXdqFfhEvjpH7nnU3pR
solana,C4SYLaY9s9gPKYXgFEEwfGSUrQqVVMBx3Rv2pBD4u7YV
solana,BJfPQf9jsutbEzyHpLWrfcQbeqxJcVLnmoGU9BuQKTru
solana,FXt5CzVnxLruZtYyaMAuDHxKYhDkKiTr8KXdiJqz5HhJ
solana,HSJFhRicCCwMaWPUuveqtXVa9jZhweJ6F5P9ZDCp3Y5R
solana,8gMAEpA9wtBcz3on5KubMnNarnnxWyWNeGm9KJ5ZhnLu
solana,H5rXoU5DkKbaEEqJgZriCbqJuvaRTaDdrHA5qHcucYbc
solana,EdKxzyGP1sonLbNqSXo7ft61VjpwkfY3vWoYCWXaPhRq
solana,6nQmix35339PbvjGXXXhuyrosTJ7rfN1iPQM6FZpGnuR
solana,EaEvdPqLX2xHEHNU6GuNa6c6NePtxVgjWBM2dvro88bM
solana,D4BWko4HmcFmBUzUDyJRFGPzCqDHM7EAqrGpFJ1Uq8nc
solana,7CkFtUsb7HJxdF9roZmg6jeAX5o9ZQAwdF8QUY5moKJA
solana,tDuLiiGPVcfsUFLsys6BKPrxXaetHffSGmDQejJraRs
solana,AKy1hFgfLssw2kaD5aJK974BFAgijPivigYpHxd9XvTp
solana,AHFu49eBkQydT1uStNvPeownLFCkE46TVik4n2VL2ue8
solana,7JPJFCcLaorYKyy221ga7v1zeag25txvZizaD6ZY9oyM
solana,4H9Gke55pfmyxnmRLZU2T3yzmMvBYCsPCLFYS92EMLWs
solana,HiVTkG65PV2vh2Jfr3SzT9R8neFfmwifXMYpw1cR9gsT
solana,BoTp72BDeaRPwCTWKLUtzciSLH7ai9c5xVNehej6yTBV
solana,7LGCt9PjareBcRJ3TgyjBj4Gb22U6VnmxHXQBmHnktcp
solana,7Jfjkf2vWjKKXEVmog1Ry4MKRuMgAn1DUShoEcxbkb7
solana,69axZvCecVwYgQKCZcrB3nveLqZaaTovtLxhhsHdQseJ
solana,CHrvox7oPBstXbFZ8AWELFo1HPeMdLLMBRX2tLgSwWNi
solana,89MGEtcS1n8UAm2HJf9sNhd2Td7PQjdevTRB2LnKrLQC
solana,CoNwVdU7sCEfsKZSSo2pRzWcyymu7Buo3Y5DTydP4yMD
solana,HgAf3PiXwKpZFEx5wsj5c9XzMRo5WSKioLwYKENz1aBS
solana,4ToDxCWxQmKMLedaBEK7GSpczDsmfYDk8AeYrd4vC6W1
solana,DPv8dyd7jWtNBCBsHa5Z4vdDg13YmKzLbMxBajwbfyFU
solana,GVDHjXECKMqetByxkgSD1ZzqUZZfKCcM1EykT54owuLR
solana,8CKtRYGozwvKpdnfQY2JbFsmfpxf4LBDQ9Vvo46Lynsr
solana,BFYhiZ983vNyuxRqvS2tndDtowgyPBZLt16nxs6xkuLF
solana,2hRDmcycsAv8Z7smjKVaFxq9SCcWmEgmDndxpQHjfSHg
solana,Etd4ac59YoRkBqQTMbxkzC72CNbU4cLCcrmSfXKFrHkx
solana,DCSU98yGasi5MPBmNsZL5DV5uh3MGnBfVFnL2VBxyxE1
solana,AYBTZTMkyPu1twbifXFMWcVJeb4Egmnf948e7zSGAhmr
solana,HBNTc22NDQraXbd1stN8a7uwJJ4f1J5Lu6vqvWk4MJqx
solana,7JqCSuAiXCuMMDe9BBZXH32zn86hXaJ7nxJrqqVnfV4o
solana,J6v8D7Bm3iqrWdTZoZumEFdVZv8qBL8DUY83sSZ45VS4
solana,23UHtxJh6nZvDasGRhRxkN4VMSw4F5VhZbhNFrGHeBmN
solana,F2zTsnUsbC7uo9554C6v9BbmNH5mStatUF8h4A9JpTkn
solana,G618XnwDDviyH4C15sgJQik4Yr2TyiVo3QNNGdDBhzTs
solana,84uSRfCd3ggJKyrJBtGrFrCmdHwuqhy6z8vspiyHV7dH
solana,ECgpaMXZZoTgvUWmV9uC9k8ChCXMMWqHSEEv5657RaLe
solana,AZRQaPpEGdBzGfrNYPWWHqh4UJERsB7zH5adPikrKoGn
solana,GBSNAtszDb7n6cgEbhS8xxcr7ncnT6QpfWqA4zd6t7Xb
solana,GN1UBTLzUS56pSLW87Q1sHeCJHDzqzjaNRjb61yf9gM5
solana,GToXLZcYcnTZ79GsGaVqhwe1ezonk4Q7RnyrUTPQmCwt
solana,Hj1SeTVJ85jBENwNKSQry8bM7W6zV61UE1fy8cqqhECt
solana,6tzpbs1YjVhGCoutKSTm4xM15L5YN9VbYYk5zibpAESx
solana,ESry1DxAY4iRUya8pAyQLdgLDLqDR81J6Z4MbxWDdDQJ
solana,Ec2ZBSQccR2REiqf4oNZCmThPrvUSp8PuTysnLWzDGNX
solana,JAdcEHkJs8X9cHdi5RJWt5nzvKeqoQEMDNGVhRPwSm6G
solana,AnrykjUdWPKzsgRhWd7ZahtpmRkGqkF4cnBQkewJ5WC7
solana,46GBp4pt5oZTFmBfcsfkWudtLSLw5k7mdYTW5GB42ymw
solana,2SNAnph2XKLXUuJuds8jab6wViyuTo6xDPtXUXpCzJnu
solana,86KwTdNVaJd1Ku2uhnuwzx8WEXFUiRNFQmqoiRVpkCgv
solana,77kJfwBZAToWf3yDmyY47DQdvTvvyh5MR9vuQdBPAvs7
solana,GrqkSKogXxsHTiXyTZWerpqVtdV6YhCcKaem1bPUZWBk
solana,BDfwPkW8geMQQSrjTwbbfw8AzVU9e9bZXUWTDsK14EhU
solana,DYkQbhGtBMijgh97UQrRev8vK96MZLhYc921oSTpVveA
solana,9pNPkfL8heDc1g6DSPiekLuNHbfc12TXD5HNs2i9kgJU
solana,HRQwmCYhEKxdr9gxh12cXsMpe88hNw43b3Q78VsdU5zE
solana,EEhRzTAtBWTWwbgkekbADpQwyq2BUf1PVK8BuKBED5Qa
solana,3ef3ETr39tymc3XFia7b9DbdHwd3cBUpMDdHsTgqh6qY
solana,G6Qm2WvJctWW9cUorweFLMJQp5bj7oWiGY5XjiNa5PsM
solana,7qWfY3fYS8fhHacDmaVn9rqkTsNcgiNTRnGQVtcjTFej
solana,HTpV9KJfNvZTjMkZzXPsSsDCrWQ4NEj94tT8D9XTYikT
solana,BMtpM7EHYRsW4C55TRkiiJE6TZH7JbfZrxAmUsqBmMfS
solana,2syPZvSA9zrxN5QCJzxK5nQM9LWDp2m6horJsvesR2wr
solana,2ofGi94KX2QLqtwcBaGGfs8zCrozfFWWNiyZ6s1yFZqM
solana,99Zcb8XqnTJS58ti8U6MxhPqFndEz3BSqkcDqYiPvMvj
solana,DQgHUpEExKcDR62wRrqkF3hB4pmqPNyJJYCiJKXMpyM3
solana,2nWS4Jx9j1TLSnhytCsGjKyS2ds7HaXnkGQWguZCKgpr
solana,DgupAnAEKZQ3SiP33FGTXz5LT7dYPgtWEbADTik7RokT
solana,JCJyvfzQzqmcuLzvpeUFK3SnLhPSXLaURs1JaGkwo5gT
solana,Dm7FxSVTs1M8Rmyqk437tNLnPcxCXrDYw6ZYUbgdhqmv
solana,BFFuot8nKuyBzZMhC6g6RSiMecG2K1jceMf2oysEaY26
solana,ED3X5PPowb4RVxukU4Ceg3c7xQd4hSderGxufRp56WRX
solana,EbchKHUoFStA2mULfXmY3a42qT1PRp34xf8UMnMdjqNT
solana,5kdTFyieLVRFuRJ9ezXopGGtvZaTQc2poo1r89FEqLkc
solana,8U8MT6hSLDRMFDwj37TqoBoBwEKLY8exiraKgVYLFSeL
solana,AssqbWc1DXEw4ECD4BL5smKZyqPXC3HFCFmf8YBiCGsy
solana,FzjabkSzdUp6V7wZJPEra6brAGcbzCwmTjqC3fYZ1nBd
solana,GZhXPXJDoxVf1UB7qYRPjmnhr48EFizipC1GQ1fAPht4
solana,6mg6rA52Q3izQQnFg76eAP67RxB1kTXWSkxYV4jpDFgg
solana,C1ADJ1t5tVNhjgboQZn3gTaY4Tbu3o8y9FzhpVTHf1BC
solana,GtiwyTq6TEoYZJuxzPpyQxCMRSDu3p6tJFxdfgsFadeU
solana,B3uojjRd9pk2UbKi81ZHs6vE9UTZAQaKeVG49rCaTpmR
solana,B8QsfAgE7B9BzdXJ8GemQpEixrtQQ2W6GCDbxraHjzKm
solana,AcQC4MyHE5u5yGehCb6GuTkb4LhStaLDCkgmv3qSbyk
solana,9KA47Vxpoevuk5BMs5z7Q2Z6FpBdJQRNPwyam1a6fnpb
solana,AJTKdbjeCz1yB2xyAQJvrz26f8u8CafdP4iEZnAwRASU
solana,FsfbffQ8ZYHcoUm171ntrLWKZ8EETGjHWzDzqWc9HsdK
solana,DyejVZzLzEELZP1e2G97Wh9Cpcc9Xcb2qZYeRenJeVs7
solana,FtV1YoPhDjqzMhX6rzF78XNsX9DhNMgAgxYMZwzd7W13
solana,3pf8WMB5sVgZ91WrUqPumCRJFe931uZ4C5se7pMz4yDh
solana,5AQMMA59N3uF2Y5mCuptUex6RD9JS1ZL7WNSRRKwNDCX
solana,72N4coBw8bfhM5jYHECBPwCzqSn8a8ND5wZ3sWgYQu5q
solana,9TGYRSzvRPjrfK6S3cR4biUAXa2zwRTbEDBjzPgnPk3S
solana,E9aEdn5EWvkjP1TwWhGdRnwfnoA3GzMUm9XrreKdwLqZ
solana,FuTbnNFb7TRhvVZuXrJn3xcC6kS3uYZEzdih8JJPtRd4
solana,CryDDFL3Qm5DsRDbD4UgZe3BBYra27j1J8Cj6BqWFRAC
solana,GZzQ3XLEk2GSevpjcBPmqizJorRyVStTtcARaG9VsAo2
solana,At3EXPhZS85Q2mryG9obuxtkEJG121LUZ7DFN2ZKVhvb
solana,HZ4xv8Bn86Kedz9Dvn7aibSMcqACatt6UgXZTjWbDMr9
solana,EBkS7dEFRTFVcxdcZJhyPJafW7cQeJhgyCBB2mGqZbGB
solana,79R3hWw6sGZonHVmjhYPyKbLcHhTLnhenb46FJWUjSub
solana,9vfLrCt4t7CsHP6vYdhSF3aa2oCrP7L12WRSsmj16LhX
solana,J9JNZfCPZvJmaMvfUPB1uDB7VJVYMpG11fpcSUzXtPpH
solana,HQ5Rwq43D67gL2UyfTEeXhg9LNsDJzaxuuaUfuVh2ibS
solana,CcNT2sNP2CGWpWvzk3v6fjkYYYxcPm5rTGnP3PqA3NTm
solana,G7iTDZJDn8i3nkeZ8jqN4vi2PSowFew5MddJ8JHhXvNr
solana,7UCnaJHftzuYXpKW4AYnS1cXQnzRHSwt1JfMyz3SupKG
solana,64YBGx9XkYjZQCKtkToDs6khNC1MfjYkb2HZXch7Q7Tq
solana,BJ4VSWpQXhP2v6PCQaYQEw3NCVxHw3dDbSL1dDWCrW2L
solana,Dycgix8Y422BTrDKWstumwbg13d2LaM88x2y8TCRtF9s
solana,GJ8obEFkcS3ovdoTiGU5kriR2dxjzKKaD6nShrppZJeu
solana,DTBc49NewTDY4Cx83DTQJ5xTPRgir51o1UbZRGwVjTFN
solana,BXKwDFm8fXnGgXoApqBZu4V7Wi2zQqA9vCTmxYmKguhi
solana,4t78xvfRohoy3hdBDx3PPLvksWMLv29Jf2enoaAFDeR3
solana,FaUSHQGAdiGswJuAL26mCQeJGLDoSMZCXuqszg9f3BD1
solana,BUD2A4wdY5bwJXtX8apbEnwHUFHF35EnL6SH7wtdxZ5X
solana,13PFvwRR8oH3rqvyAtC3HLaoBE9MhM9DE8tjfm2uRSTB
solana,W8iqUbJYmdYTNLSoRpqmYTemf545B7nEecYoLfgYNn3
solana,7oc3SPCwM2qPUHxhAn46ceixWR3jqdMERPYR7ifFuf3a
solana,GBfNXDUBhYoVueoHKU7zyCXn5BAXAzhKS2Ne6TT6QxL8
solana,6x6mBeppjT5JaAkY7VWGPKzNMVn7cWgrZrFhfuJZw9Dq
solana,DBo6451TnzNBjjfXkVoVLtRe8SJQ8xade5Xfrfc2qGCr
solana,5eLW6UkAESMJECn9wLkhMvSTKiBrAPVMYaAcrcBF2Vb3
solana,G4MxjPeKE7GsxVz8ddWJR2eqv2vN2EqjGzPBB1U9hMc3
solana,3PkmSVQbU2t4MwZqbP7wNvEWkWFt5hXKdCFAVa5qm9tS
solana,8hJC6qcgLMSrAT92M2gc6BZHF9bKrKp89FkJjPfT3Q2Y
solana,CPtCnAAkTF4yFRVDoQMvmaqxpPMUVaAC4CV79odajgrc
solana,WGBnBt5fiFNCHgBK9ZGUro54c5n2B3FzaB5Z5eeetEW
solana,EFmmL2wcLR9EEYYXbWbC5EySZBnFrk5pFN2jcy8R4SJN
solana,8kPfeU1QRx3yPovdnbidTav2s4c7TfbZDQ4V64TV9im1
solana,DX2eVrp4TL9GcBgzZDyo5KUzuyZZDDVbY5gBVXvmRCNq
solana,3BxNrtFszPADszXBYgNGjSz75hT3KcYc8Sp2UZQZBvAm
solana,3U6dURrvUc2R7Dx71xGYJgmgGurAcvUpu185Ui7BNzP1
solana,4gMdhvtnMGNVeP7zbPEyuNJS88gPawaJHifPZVtk7dVf
solana,EN66Gg73zHj6TTVp2caWUoocuTu1eUbV7PU6qWzyxwRb
solana,HEeXLvdVQufrHkTc2bfc2GANtRaAXhkwXAoJ5qT7hd4s
solana,EhbjY4WSc4e5ZL2JG7MG3aptDJdFYih92keZFBznPWRu
solana,7R782BEMaVQAdDfzWL9n3ygVKNgX3ecaQMiZgwpjpCSu
solana,jY1DUgdzwSW24dehjdKVnQp4LQbbN8vzHJ9hfH1JB9p
solana,8ZdawyGidwJ9hwwNtqDQ1PgnwLQQ5BEyu982CvAjSJKk
solana,Ec4YMsVjFFhN3hqZgNfmKFVaEG2ned8LSQTdPB6wZYLt
solana,2TWZaT5txNpcV4HX64isfb1CzrkydfEL7QLQQFERFPxE
solana,5zhgxeje54zfM2LRpWSsisGAoaBvtDsPPB6vzigySbtQ
solana,7uJnknqDm7mV3tSgmtqpQ9kzBPFE9TbCp1N5qoJ82rNz
solana,6FBi7vPNYsqhQVueP4rxj33rFxQhB1C12cuGhvfhFBJg
solana,2khWB1wBNKdPXuj8kv5KtyFjVHGFB1C2dbm4djLwXH8z
solana,9pvuZ4YCc5UbPpTNq9D3DeyERLxZBm6bqxpxaZa5KSg
solana,49w5oEw6fo6jmU25Dm1EapHu7MkxFmk9msTjeKnHqhUF
solana,3EgVL2ttHxuypDo2zF4mgwmF9zNMEYdWyTNCG8SckJmZ
solana,4SkQ38EcHfu4T2eTnq3DtfC8rP6TdMFXDq165B1A3s7x
solana,8fTegCuhbpcxfsh9NRxs5VUDvR5e5VEr5EaxjokqdTW9
solana,HuAiPVHe1w1F4Ep8KjC31mg7x1ArjUJWPeYBiyhzRbH4
solana,5Ski48JsByaP4MjoPfmQ5njX7WMwR6tzEEtCqsPCkpWc
solana,CpKcJfuyximYqFyYLWW9yQtckVZXNxihxK8kSny6RhLC
solana,nYMvr9GiAuunBtqp31fFgxFmYA3jMeM87fy2te8Ejuf
solana,3EVpjEVhzgxEw9AsPGR33BtRdsx95bjE1KFJXKNpWiSN
solana,A1yMThNg8ppLwLJdSaU1QiYe5gF3n65EGiq7h57q78o8
solana,HLX6Ksh2eFcVnRXAeSutBbb9JPqcToZjFEvqjsFnZLBB
solana,BbtTdbfiuw4n4yboAiT9KkaPvaCZ4jYqR3yWccZdDvVn
solana,8g2cgAJFvuKY8wA1Y2E6ajseJLFJV2B2NwQjBQi37i65
solana,ByNs7F624i5RTmkrm4XouKrFnB2asoVsJqmVoPPKUXKp
solana,9XBtbQidUxGPhnqYPykqX84yZQteChsyKS6RUNxwriqV
solana,R6azcVcydfxK6agTvWQtdXU8ydx1T5g6Kk1XxfgYjxo
solana,4ZaQj5H8gq9JV5Yu4GQmHfo5LwKFfqstVf3kmHqV6pin
solana,5gJuL35AWbGTaw1AWyCq4b23aDVuo78xrSr6c5FMUSbD
solana,HgyNfwDatf4shir7mGpstRP5sUBmAuuGpYLx2p6NgCzi
solana,Dn17uByJWmucaDneQEo1zGXSMeyK6yoR7y2pvEeuPJj3
solana,5GyV122Vbi6tpMsQde84WQfDC2Shhexv4BTCjjKmHDrS
solana,AsruHMdTKoT6Xw1QudxmCdB4of9fSErjmz7NseQQ7cwf
solana,F8XuTQDpsEHq9nhVMK4HS514yN1LEZQFte4svu5aSNmY
solana,74xdMVA44yFppS2PVcs3Sxfusu8SWXa7y58Z5YqARpXA
solana,Fu1pBmL9gH61H7CUsoJznqtx2NMGsPKeDAtsSYaKGTEr
solana,GnFLDGiRUTmsVnu62MSuivaRn6S7jhhYWc2BSPH6muxp
solana,513MjhJHqPmw4fjGTciiviMwhCKrPNR1BZQeoBQmx57n
solana,FrFe9ctHPDjQ9vAmZhi2aHoSv5gLoCJ7MyBzpu2A8HgD
solana,wa6tywvcAp6Lc3wfrT7ZnH6byXta7YWhPK4S2cmX3pE
solana,BXsNXU6skda3LXaV8f2h3eAAFDwnHtMPukztE4WXWG12
solana,8min2mjcZvnfw9Tsrehzuz9TDNAsR5o1Dd9GSqngRYq4
solana,3QTBQW1ANUa5dkUcewP6nUh6SSy77JK86GtQYtY5es4t
solana,2C2EDhWwCX4fw4uJLs9exASyKGun9A7FoRDZChz4pcNs
solana,BonK7DD4bVw8L9XPNWNkRncgrTTwQuLt3dwajcxB97Jo
solana,5zCgrVsA7BvrtrkNsYj1qg9ksZr598RXkJaBo6k7vsQR
solana,GPN6HPkxfJzBwsRFVpMdpxWjq5NC9tWkMT4NxnFiTLye
solana,AYeADX5d8AoVn1qxDEBjgcxEe3Mtfv8tYKeC1DjGyexH
solana,DKuT3oTHFY49NjFMnbWU2XNoafvH3E1d657j6VjV3XJo
solana,GZDVmrBeohKHRHi7hJcdgRdNuUkMUnZR6nL7ff69z8cV
solana,CYpdqquxBZdJtwJRMZRLx1RNqm6ihT4ukSWLaAWBuQGx
solana,2XKQHGZwC8sZjRgjCHhbqFep8ez6vFFbVubHd2peWo7f
solana,6FqYSF9ykUQvbNitBNj7DEAWB9JBEYPG8YfKKbx7a7M
solana,J6pUSemBt6dq8XgF2zmys6qNsY385ojUCZWaradfxiK8
solana,6QYoYE1QyeiDb1983us6ndq6TXmQynXFZujwY2AJF2bw
solana,JAYCf8rj1UgK2CLYnvwyTrNEK4Qjnzn9XxXPc6cJCaW3
solana,7tW8WcXPbjqG95gaPYQJu9m9qKe81jbpLG9e1XAjJgNu
solana,3wr7nNQu4nMbrrk234xMsuqugXj6AxbJ6U8a847iTVew
solana,MnHCfU2B88cKPfNNGZD9KbdFGpo1EyhmG3BLsCf9jR4
solana,AT8rDAWr33ZzY6wq3dvMW5m3HJjuQaak5RA9jm12ZMoR
solana,BDe8SsT4jiFMgqj291mNrCawikhCEhf7d4kadRv4oSYo
solana,EbUgVDTadEKojA9XBzQtCw7Riy3G2EgJHnQGRJT1j5zz
solana,7TPxRsTwA8NwUWsKPkoqbnrMkbwSwbappYb1SdU7NWUC
solana,dzoyXwqr72fmshS78rbdwkVszeYfU2iB83dMP8dewDE
solana,HmFtbseWuHPkdTiUXfUgFiUB6U4UDq9UnDb8zCJa9tXV
solana,6p3UEfZohApDpC16X8Z8eF9Hbj1n5BdJkxeEqzqAoye7
solana,6vWKijdAuyuWF26hkdhmRCvZFyAQRnTyMUWxL2yqJ3VZ
solana,EWvETcU2CFE8uXauroBsy4WrGpEwwe3ghjU6k3TqWFbr
solana,2G4VC6FgkULHDkGDjHzmA1fdChBs5iW6FGUao3F5snjR
solana,8buCJvwGEUSGwkqABNAh3yMVjYJmLDBavnnsDkseZ5vY
solana,A7ugjxTzj8Ge6ZeobUquM5Spp9DsPG1HVpBCDSkvKm2J
solana,8n3YxoEcNF9qzCRkFJTbYXLC2w27GWfoPR3MYiNyZNch
solana,DUMWnes1Hwqnb3C4s7fF3tWj9rt6tJdoGVFo9DoJPEMR
solana,7gYPXrR5Fz9HbzBmdqyAFzQfXQbJWU5T1mdB7tgv4c3M
solana,ACLEBDweTgJSbjfVVX8MFrfWUEBVSXmibKWCQxdzUK1n
solana,88EhE1y3K3fACHtto2MHuntyFfkSis1cCjrZ93TTkUtA
solana,E3MCy35eXjjddaePnkyRZoSP88GP3vKDkoJwuGMzgNZz
solana,EtQtQz3qGmsBy2nGqBfrtZPDCCjh4d38TrX4rvRHntti
solana,CXXuWiLuzQMs3wJhcPGpBrSz88Ek2cKdc7BkLdVmrX3A
solana,Gqk6z2khG1HP7QLp1tu3JUTh3HiX3sPygTN1B6hXqj9x
solana,AF8FsPy5gpXii1dx5Q6jg7XwZPHGGymTt4nsEakUpoRG
solana,BccsgusVd5eJEDNNNSWno9M4QCjJFSrqkGayU65TrQWi
solana,cTSUppKVkDp2wTD4isPQE7QuWxoQanyrQkZ3fdn9Tzq
solana,7CFTSfzdKJ9c5b5hLUPxPfbiffHBSgogwvr3TkCE7duZ
solana,EGXxyjyHr8Ao7LCytFRssQJZJF52TDTm8n4hwi3USRo5
solana,EcALdyPjSqDyWE2iVMzXp7UeHzWzqSDEyAggnGtMWy19
solana,4Mgvca9wRvCLUYz5PZzSGJxvnyhW2xmvzxBxkBjs6m5V
solana,7oase6iHkJEWqPU3zWrxCEv7czKBSBfm8SWMRcMJoR66
solana,3A1fErey3sR2dLhmEBmjG6NmREHN6ccNaSRHCRDveaQS
solana,5DEHNFD6fqSmnKFUfAMLSgTWZTeTqoF1mx2rGZn4wD5C
solana,9DvXAWncM38x8kCnTRoKfmdigudNeLtkRdrYnpj6vBsY
solana,H8WD9FdpLmchPY9R1g1pk9p2GnZt1FNSnMshV6XbCUvu
solana,Aat2rJ17byermhBUfQWgU98JfUj22oNvSJtKmQJJAstq
solana,HGvfBvLKim6yheJT2c5pTbk9nBHpsk9JcQnSWb28Xzxm
solana,HnCH8UKejCSVsdZMuSWEVPK8ZL3aL26mNxvxzeBsr8ST
solana,8sy8ygiS34nky1VDXSx6DnntR8dbvdTWFSS6Zh3ajZRd
solana,F6C3cNb3EWWA16SBeVBWYERRXTWvqH5djdKtvkVmKoWG
solana,FVro29FV5dm5cxxYsPGZVs5C3a5hyG26hJRPUHTkKx9L
solana,tighE4V5Qaw9Cz8Zvr1X2zjb8ek7FDpsHbionxx8M1q
solana,FL3cTVMhHu2c17sGeXAYQV7X4pBUyGV9CDRqC7LTngM8
solana,HaMfgY2JW3WHhnrPtRdsHGchBskNpV32J67SjFngf8ft
solana,ACwMgBiXEAXWwUNKhApRkTKBku8v5YfJ2QJcNaAAx45y
solana,RopX4Cyufn2vXP1ygfJzHoJuYH7qj3JaxH4Zf63kcbS
solana,3cHrLcAXvzfJT1teZapbe7v7ChjzQgeKHbohnxSYsAsP
solana,8sXDeQcYVhBhehqAtqPsJgn1333evv5FQheXzqUbQQSY
solana,H27bp2o2xGGajNpmGXt9ZehZcKkAEj9f8YqUWEJoiqhA
solana,3Ue91p7hRyh9x1ryrgE6ABNQ6a8BHyRjFQZfnr56Xk5Q
solana,HySVsKGGYxEoRAZyLCZhqyGGSHQxLr5JvverRqm3aDKY
solana,GfDX42tgmT7Va2jZmbGSf8rQzx26RXF9ZtwHwGpG4FzQ
solana,EbR3Nz5yq16dfh8qZqTPxLKr729HGJXeY8RdCtCDVH7V
solana,9s1G4R5SWz1GeS7Zv123TRoNe8LKCLmGmgMH26Dx8bQJ
solana,8sizqNpNcEFziuZVahxfyT87sbxXR8ZCHz76PGFaw73f
solana,5m2sXDWxY8mmVHTAZAbqgyNzyPbGE2QmcAMH7Mm4vpWp
solana,46xkqNuTW8UxEmALdP6Ee2gPjudMc4p3wwjRjxganC5Q
solana,EGuvekVeH6HA6WYtBkyUjvfyJDmqSLnWYv9P1igh7Jya
solana,GkoH47bzXKPQaFEdwN45WPPHYN5b9oWo75kKoKQHiwhb
solana,GDSizMWmytpTNWS72W5f4b5mzLAXn45av5expdzJdaUU
solana,BrmTzybtaz3pQSeBJV1z76mcVz6q16972GFeTRApSzfG
solana,GB3HNqLXXTwvwkqhp6ks2Cx7uv9EUJCNY6Qcr8yxFt8b
solana,HfMmDF6YxBWVXBYqaBxsbgFUFw7Da6q3qfyNS8831Q27
solana,FyRjgDFNyxc62ByKiRdX4pVprpwTb9ShJAGskWrRcpXv
solana,8meZ5CmLS1oW1S6XjK1xf2PPTZx2FXNyStQD2upzcPPa
solana,sgqVaGrpsMFnbJnbgNW5acLX9g5pFwZAVLhr8AhkKQt
solana,9FpEcnjYc7Tt6T7GeMpkSSc5BEh14Lrxn1oAd4gR6Q5p
solana,CRsGcLzRAX23CjDNSrQKNbfwHrmMsi8uSinMPYx45usG
solana,5RNxoNmGiKBJRDfCxdztbXT39em4boYDj2mhb36GS8D5
solana,BJtdsDxztkXbxiCeVxxsuvFksC5WJzUScv1ZVTUeVjpz
solana,FsnXwoBFUA2hfsYFqjgUMhomarPF5K1MVNjWbkgyVVRF
solana,7E5PK9fHyMhDf5tNZy3ntuW9TojumgrE33XyADfbrevp
solana,6wxfbcZUMf2ZvyMNYgJe1kWJqPXG47yaSUkXmbe1zcft
solana,3MY879bo86THLmuBUKuMcCXLPBLEKknjZwZ5Z5XXSDk5
solana,7yS2i52jDHJzMNgWdzbByrG8mF2xBFinga7oeoetScee
solana,FHzb1QMAz4KdeUm1ufiP3TWVCZk79bUxbv18tBhN9AaN
solana,5LvSCFbj3yBHUqe9R94uAunr3frntRnMNqmAisjUJinM
solana,6xmqidTzuotEp41tX5ugpeYU4PpGSKxEPUsfSmkqDbxq
solana,JrwPGx29UbYziw8Vo2frybt3teezhmq6GS8nV9nRKGm
solana,47WMZzgtTr2cnteyqdrSEkVUc7MdEQGFoaWQjkBLF7fq
solana,2YHj4tbkVupAuKcsxvEq3v8pWPHhmVVgySrhS9L4RmXW
solana,Gj86NTcazvgbu8GuyKfgZqeRzqQkGdJjbuMVtuFZshz8
solana,qr1Tj52tMh4e8JHShzBRTvdJE3qExa8GEH1qdCPEpXn
solana,AtzQNF4AyJASLitT6PhhJgorFecuFtNEtxHAaL4ceCmz
solana,Hoie2jipkiZUzwGxTrXNeXyw2pyqJFaqghunzLT5kqbB
solana,CqikgBeWgsTGjnqVT1vMEuGj8fVUb5sYpikuKGvFpSm6
solana,GovZKvThEwdRviQ8Yd7GvJabNBP5WN1HLe6z317spmwv
solana,DTAGLiLx1FyjxVE9gmVn5AMjEZxS1SRekVG7nea5axAP
solana,HSqf3aH4cXCCMD9vA3FySNwgWzVZNiLtpjCp42Hk36n4
solana,DKyCnGEbXT6PKfUBoPzUgQTS13Qi8tWH3cUAjwnSskbX
solana,6725AjwYKvaYVrD68wZPo82H7vZBD46yEXagMYCH7LrD
solana,7YckUt7SZ7cZTzP2gCLWQwr47QJHJjQFikpR17mTCDrg
solana,DWZgEebg72zJza5S5YCpU6Qj7dPsiMgKHjLi3yavKp4n
solana,6es9pzhEr62pq2DtSbg97TiNm9DDmoS72AUAoPdzXkDv
solana,HAU6B8XaSwatF1fiMccv33uqujzpCiQ9CUPVZo3bfM1M
solana,3jfYAoMjHZqMoKMd1UUdcYGmw9Kj1FgTYYBytAHTZLyK
solana,EA4mBaDiYXGkcqx89N8Di5taweNktivLTBFVseiBUrAM
solana,26WXoSPE3WyoTgsVDRhF4L9A4jfeJLtdzqpbaK2G1dXB
solana,6hRZ3uyER6uMTvBnioRrwffCykcHutoP8M5qGeyadkwb
solana,57nRngLSWiHWZX1PRpNgWcL3Jo1MS74pejznXUE3p64q
solana,3rS98tE9RznAmo5sVPZQwokBH2Xmugdtnby3NY95MpPn
solana,GVkZ55LaNaEeMLRmY5reSKN5cLK6vVzNfQHcGsvyF28g
solana,7Tbbf7RRDyhX3hgXNQ5majeQMT4g2ADFbjtMwmTRHSfd
solana,GaUjrk8BhhLRc46ssGhNURvd8tUCP4Y9NCWTAbMtCwYH
solana,GN6NnPiqT96fV57oRqCiDdYAF3g4oEQcw1JYvkk2XHez
solana,BiQwafevxb4tjD2n8DRecQ9M9BGRR9UJtRA5P7cyQF1H
solana,8uqf9SHWJgebAKQQze4qSKnUbGBRsksm8Nm8qZCYXmKE
solana,GnPBVhinVdT7Nb65mR9N6ZvCkDcqqoWGc3q1NuLb7bsi
solana,ANAd59WpL7tKj9GnVd86F9G2YSvuB6CyqZtTtQTc4AtD
solana,7EJyhMgrDQyTG7NyhM7rKRurxqzfMzvu3Jb5GfBEsyGf
solana,9AfruW2X9PdN4WVn8LQv3UixSgXQ3zhDrWrtez3AbvEV
solana,2LugyQcpLXKFm2pztJGJPn4gZzrpnCm4vVBHVwZjZ8ub
solana,Hj1MBgSAVzDjUiAdeZ8qiTWehqZPL1MUS1dKuLXcFxGQ
solana,67CitxdDEsk4xodWVVtTTjboTVpcPuVxNfWZuxWv3Vqa
solana,43XMBo46qFwdUH2n37dTkWJbQJaTVKgX4Qq9v3c3XEbT
solana,AktKR3Mc8ii5e1pU7Q8NkudNd3ZUfKhZuKZHUnnDXC3d
solana,2jy2tGwS1KwTQSC7PC6GHgS7yyWSMyQGvYtMsYNByLKX
solana,DA4DqRfsgSXofRj8Ve6k4nCDLgTyrPDEkBBfcKsFb2B5
solana,Sh3Ej2eTfmLxTm4ScbvBkhS9mfXruATya6tJ3YSGmkX
solana,9R8JpdK4hJVVS9PWS8WpHYdvapk766WggWXVuVqK6BdS
solana,FpAAwB2ujyyun36VbGbfaTrXbJKFisvNvFWxAeJkYyxn
solana,FeCzSmwdxdCPXzgPeZ9RuSqBefSadYYh48vDsVEhcsY3
solana,CLAvcETEKjMdd8oAWLhU6wv7NsdnBvAGsK9aKVsuvYwC
solana,GrZuPXbeBmwe2VmedwX7FUv3yeUUdUQW6pSVNqqpJxvg
solana,HoVs8Szha33pWEgCNeswZQt46WUjTRGQWZ7n7ouR2w1G
solana,48qBwmVgzi1Xg6dJHe7WoEvCpPZxoospquu7xzkKPcMy
solana,4xrimrbBK5dD46nuR3DSKFb4gGXnQkkH36WcxwrqPFqU
solana,FTSc6Ygy4GTcZjpYHeY9MCzSVohhbsqwUdZAwAoGFmrz
solana,F7jyQnKNVARoKfEEL6wGUuCYUZ2SBZWutwPVvUjjmMQE
solana,8iNp2MpY961JsZMSfkzLBJUg1NytEhqLZjAgUjiJ4ppA
solana,Am7wS1Ro213XasoVYcr57CH97JYkoGZBHZqW8uD945rm
solana,BoaGw4zwpgCADyYVKuf6uwPGYeyeB3MrCEjcVtkT1TYN
solana,Cu2yMHB8JEbfyf9zNFQvQNJn6TBYJT2R45gkounzQZzX
solana,mH1FCwpAy2tDjq7JY7SVPz71iU8GWQ615XnLeCJusZe
solana,E6nAejHXRbj2koeXV17RZqKmB17wKxsMvxrYsmauvza2
solana,CLovZ1xQU7ZynFYYHA1QgSwPNn3mdTf3KhpVYZcyycym
solana,BScndUUmGEshFfCMJENFToFRZT4WSNdChHf8pfEQ8dqC
solana,2baPuqTFAuUvWELjJW3w66dqmAe7sxWWXETmSN1cxfG3
solana,DAyDUBWmzAAaZ3az6QuZmPEBvSyJ3B3aBY6Q7JnBHpsF
solana,4LjpEcpQECdWVr198kezaQAvhDt2AYYr5KxjHZ7VrmU1
solana,6hHk9qErPGATJ3MuvmCSn2pWfRDEBjPkV2NkDYfvpkVs
solana,GPv1uJw9RqnuwrMbCAeURj4czoNogxPxvg7w6GWnvTma
solana,2k4M2gNGfjKotzEdH5H7A288PFWNerSz2NhE5g9PvaKf
solana,B1sZuqpHk4cMNN6EXhcTqQzFK5oBTvY7quFG8vFzouSR
solana,7Z4Cbtjxuha6RRLRUyRTNFrqrbGxroRsqmGbKpL7NzWW
solana,HDVHXJuFyD3XFCMb7ckAz6z7MX5too98syKgwXLjkZHX
solana,3p6dwXMcZ63zC5U5XMDAcGkX2DoV5HMijxKo6U4LvrdK
solana,5o25MmDWZxDXXm4DRwTkbEjo244t3NMUgrTT9wNf77Nj
solana,6KbjKN7F8QjvwmS9QiW3st4pYX32HfQbWWa7RWVeedv5
solana,H6BEKFKkL3nBsi6daCK9Jc5hj6Fk1EvRMWE8Wv81SRx1
solana,HeeE6GjxcfympSCnTHT4GfNbzGDEbAXwZ3bsAQ3G1m5f
solana,HZm6GTquxmVMNaKaeYg5LQsSw7LabC9R4vE7AGofSi7B
solana,G4oriPZUhteDeLpQy64dZkWySMmipHkbuHk7qbSDpXz7
solana,F9D1wsZqKhKzHEx68kLcgVSDFGdrBMVi9PHpjg4EVPan
solana,3jm7Xih1hMAo6KKhGXWwc7ERhekSJwsfuJfH4amZWNsg
solana,8J6ed6k9TXFSgPED2pvRKhMN3chuEyHadSaaLEgrb137
solana,HDSskxPtiAQUFwycqHZKL81uRwNAoxt5RqpSeJudsag2
solana,GpK3RgJuidNKm6RvrLmmdYm4eLYAhW82SXNntFCppNe6
solana,ALcTMoVRgyFEav7JVKJAB8HRLPe8G9iBH3hPhygEeJWN
solana,3NKExqEgt82YaBLqVPfoEcnhP1Z6ZXjQ5iet6uc1ohoe
solana,7FsaZXbzSyzhKnMXsuW9NJ2YxAcKwvFWovNBoEp11Lua
solana,EpzhyZzSjk61DnMZApV61ZcWiWpLMRB8Lxvpi2VQ8JPq
solana,8mUSF3FddjW4FYGe13JyvGc8Aypv5ZTYAqnDMpebDzeg
solana,F94SVTLHebM4iY37m5uWVTMwZQ2mRdriRkHQFjFc4mUk
solana,Hxcy22jzxxuDQULfzj4UvxtvXge4nj7X3X4AWd89meUC
solana,4rwAzGbwH6xGuWPCx5KhUgxmubMpBg6kcAz4f3SeMr2c
solana,CKTM5PePP4svCEFafrLpYttRSv7NFSA8B7BrRw1c1Pnj
solana,BpeDJUpV3A6tdD1ifYRCfw2iNWzki2iTNbVsxP4eBXDj
solana,CnWWB71qXabpCMmT7ZorisJpZf9W1VrHVHjpJ9KoqQhg
solana,7X4KRB5FYjxicykH26upYsyRSRcfAih7uc6LWZ5HBgYw
solana,4DxyYYaJ5w2fMbC2jYsXukWMdCtaqkrBddHBUj6PSxT3
solana,DbmY51YUqZoiZXrocn1rLkDrRAdxzzmHMnPRht3CQEgf
solana,5GDZq3YachfjGjKb25bXuaE5fBgyPMP7ZVKX6sjpTNB8
solana,6rExFppkfvzXTybqy9fkCmKwt2cQf7ESSuM2ZJs6pcrj
solana,H3fPMwEE31rzg1UUF63Do9pk2CyQU12NGauBqMzcXcPJ
solana,8ebHrbdckYQjVRZUv9LRnF3H1he632YYgdvAx2rHGG5R
solana,HkRajtoEu7MA3twn6vcSbMSA1t3TGT7K3Py9a17jqgyQ
solana,76kNkTDfRRNiZzN8pS4P6yiAs1ftb1g8g8GDLgj7G9jh
solana,CceTVqT6QgETRhD7uZJhSbqcZnWFWHJJfmm4vDK4QV9k
solana,5RAAHAAR4qY8M9UEEN9DiKL5XuMuM9scBpnyjt6kxz3D
solana,Bn7X8zC5ti7HgJtd9CnUNgWvC4pMUxNyDhzmaNTkPq6v
solana,6KkyHYcMu7yiVyUTTtemqkvvkFyUv2TbcjoDKznpmkKG
solana,6KNuLoKpcMs4kKrDiAgZ3xk6zJFrZRAwQZkyqfE6v7g9
solana,7UM2RpuK6SewUFZZjEnLLCbMYWXgwbLvMEmuxjDBYwXa
solana,D1QwLnACtKjmwfdD4sikBADYREVGeUN9XKL9BY5BD1b1
solana,EPMx9c9SeXwZQ11ACFyrVG4cXHFhuiymY3Sh9GUnsuGU
solana,8QtBPstQ1sZuKqrB9sr7Vb7Knc6Bw33qksWEHYctp4de
solana,CXoespQUoCTcoQq5aJB1xu7yMvcuoSxneqqs6LbMmVkm
solana,W3jnMABnUYmxrAm45qShP34eRTDwoMBvCkxUDtMkrrT
solana,Hif4gM2JTYwfQF28uwJj7afXkfj6HCZp8viUzWf4nxjB
solana,4haDKAb8UHFZJbrfZ2Ld4X7BUKbi1htK8q2VrsHUPUwu
solana,8T9Cxc5bFdoyzNAccDu2c5Zqf165L3ZMG6V6mFcUk3Yw
solana,9jyd1m4HVQ5FCsZ6MpBiK2Xpp2NRjfN31kwgunYHZBGB
solana,EPmiBk8RopKsmoR8DKKyFps1BYAU1hbNSez8s3xaei5v
solana,4SDHa2Umy2u8PuvW1ez8A2oFKnZurp5taivnGz7HMpdU
solana,37pzvsQDTe1KZAj8y6cUXz9dSXyDRmhgP97RQFAEHZDQ
solana,68Lz2z5j4vv2LjvZQhZyJvusYKxUhTiSSfXkoZbqjbMi
solana,ByfGypcLmpqxHr5Z8ChsoP2fKabFD2YDrkDfFCGwaAqY
solana,9K6DumXm2NLPXB7SAe5VRgPZJPF6QC322Ln1aYdr9HHy
solana,GmUuFPMyz26skHjngH8MNVBr3AG12DPJWnGgKaavSUya
solana,DJyeSrFruWz3TN7ppGYWMs49dKcWCATDeisb8AHnfxF4
solana,uVCdJgxTKVDB3kkTAc9eeiFayTTdWnrhoasswp9cNfn
solana,8Ck9Tu4LexJZ2Dp6ALzeDfnbw2zSCxctzZ8imnPRMx9V
solana,EZkB2zsCtaWEGdJEpoSk2fxPzDNEXAtRbiUcyNqY9Xvy
solana,6JuWRmeFuFnhY9D3tpc4NYvKXHBLfmSPrNKnVwHM6VWs
solana,AoyZX6epzJNEHNpCGK3C7gCL4AVR86BiqUxY1kViN5Xh
solana,H6VLcdcQEyfjo2ydK8v5GTC3i8L7JBRSYbaewbQpZ3WW
solana,HhUczSpi8FMRmeCVhPW6KkWtf7hvffakUxaFKyZws785
solana,9oTGiD31rMZoqPXqUs16CTuk4eNDNmN5GF1nWzQGZhfb
solana,FN39hguc2LbZWeQAKKUE2752rKQfpwqoZFaGj1KAkKq1
solana,FtHFTebZmMXRjBMTcfLYmam69kRPrKEvJdB2SP5gMJ8t
solana,B4j8PQbSCiPSWYXUsr4EuaWhAH9VAHPpYDzRvC8DRoE2
solana,9nJ4JvZpKkoeHYL48TUp8X9Ls8AHhWL6fU7M6FupuNx4
solana,7e78ydeEmGuDwGvfB9LpZVQyVampgFHufBxLKRthqeEd
solana,3s4j4AdPzs6tq1CH1xacVYGxN7eeCLKoKhK1MStZqk8J
solana,4u7Yohmbz1xcxAUY96mkdDXeorusybfGrS4rooptT4yx
solana,2qDwMRkCJ13cWChW6LM7Z74NTEGGm9g4WxfoE4maksLG
solana,FieXfBcNzGKnmNPLNiMkeC2Bh6Dt69uDVWRj3kDg3CKc
solana,EiJi9nEPyWHhN9tjAypsoqaLMDp2GrYUJRwxcpQXe16W
solana,3cpfzHwZQrYcmgZ7GfkhiodYv8hnDeApjVyXB9hZTgLf
solana,DWcu5WkwyM9v8LPh8xQahvWaNUM9P5fDNRNbX6jhR88G
solana,2FVfYhd6tLaeED2KvWwp1XZC9NHWaZVQZt9gQi9XApEH
solana,Kre5331R15igwrNzrBDJKptKZsEdVNofWH8MD81r8ie
solana,H4w9toy5sAwe59Aafox4S6cPPL4yyUnBT91tj54JKZH7
solana,HTQjh4yhzUWFtVmn8G1jssCnRsgbgPTd5dNsBNfTXna3
solana,AePHWAj1vUickxmTkQsZBn3vbfmvX8LGj364AxwHDaML
solana,E1XKs8TV2oFuRYQYoGdPz57NB82qUZ8aBqrh8rfhj7z
solana,6pPp3cpq86j7X6e8XygiVUUpkRcZvn83VbTxKT9GPjDc
solana,DBNXLw6g17RDNRQCeHNAiZfR1xqnofVtZRoQUW36FKPF
solana,Cu4HFH7kjfJ9M5hzzV7tFWPHuJxRJcm6Sg61WgfC4Lhr
solana,6Hihmm8c36ckKKshhvnu1czGmsoFJYSZZnNiBApTAGPf
solana,7w6cT7JChzzSvy8iAfqndRFB4WDtXXvYTAVC2b9Uj6Qx
solana,HM659XFt1SAF9hvqmtHYNXuQwe7qzELh3w6euAUsUUPF
solana,7o3h9zpA8heE19ZDqDPrTRdewXpE1pgFeGYFWJmzewKS
solana,wQX9x1XYE8S12jK1dyNpAzpZ3hFkvAFkfRyMGHRt8uD
solana,CkZS46gnVV2A5tJFmPVNjXj988DiH8pywgvvZ84ayyXc
solana,5f6oYfMZfkcPgfYvxFiVDF6LAo4Wm2qRR3p3iHYDvhaJ
solana,HnC53MJsLdZEG6APF7NDs6XFf5SyWHf7r98aYwaEfofJ
solana,9TZkxbi1DdPREM7xaN2g4hfBewePzBznLqW5GVRaKCjJ
solana,9o8VvQNMZQZsd7aHQfAZSyMENqyrnD2S8KY5V9JRxu2T
solana,Kwu13yyxPHhmkDZT7qnw5YgD1UULMvDBY6ZMRxwL1wJ
solana,2LBYPn1NdgjNhB1xfwZTDPiLi9sH7TJ6bQqw26BLu8RH
solana,994K77P85MbdALioy6rzd3jvQLFh2azcqA1s1KxPx9AT
solana,6fsrHxMYM3jQQRqfJshJPDM1gUZquiexEAhUsfbtd2ew
solana,4PzsPT5zGkybJ5xEgjMU7d7r8Ho6i5rnzFDuSMqRztAf
solana,562Gs7wgactCLmm9icJe1QaxPD4MqYJVTkzkLTmKkMbu
solana,EUVPQ5LsJtoRV93dKYzxf4sr9fzXRAA5EpJMspRdVMRo
solana,8bDqS5M2TYxankG2uUieeMQQXFt7y4GaHvJmVY1shdbH
solana,HFt67ZRHY9f8FVij5Tv1ntdJaxRFagyhSwx5DWEiDr6n
solana,ChAw7xThPgHMsyE93MAqGhZ5RQAcHY1dZbrhkJN9Ve45
solana,HRENnNqWiVSigYp7uG44eyTeMZEs9cxsPbwX8XzzFKhM
solana,2JXwJ6wqTX9iCCBQa57dQn8sNYASPp3RrSHRLSiL3Egq
solana,5cvLytUsVwCL663H97JLB8rTBwVwXSgq4sMox1CqSJe9
solana,DhuuiNsfrU1KisquHMXrr4MbFr5JNNZLeY4PUWRfQ2RC
solana,G8PRSfPED7WyhFt168yBnRovN9Wt6aPXKyFvi7r3XKdA
solana,CifXtJeTVbbMjSJHchkGcVhEKCCCd5geGh1NPCz9k2A9
solana,73YnKeMXKPSAhf65EPXh7tMw6upRjJjz4XrYb9SHcxE3
solana,EUKZCymJ5o5GRfLSSzvguLRCdbHWrZ2YwaRmHAAR7ytE
solana,JCk3q8BRh525qoqCaEy5XxVCGPnHze9XB6Hrs2yHk5VM
solana,5DZCCCwwjFZERdHUnZZcP6eXnD2Mi7QgLgu1iNxE35Gz
solana,CKvcS7tb3RAcwHHLyroTQAWgc9b7QQzeC9DFWWX3tfmd
solana,Asg8CJkRmY3U9iehFkbSE2KjDhB7TRBiHHkbn8ev1eyq
solana,A5HopDKNeJBXPZUTVApr5e49KRXhth6oW6cMNtB6Td29
solana,78iiGgRX317QZxWuGYbWzfj1nb3pFYt8x84VrpYxEhth
solana,7XubUUwsrpQREzdTsyNBicfTMQcABMkk7w2EVqDFi9d3
solana,1FASJSr6vuJRnJRntEoFrceunGUofGMzJPPDKeQcznZ
solana,BEZeyRj8Y6i9goYYvwsc2uQpM2ZwBxRJMp1HeuEoW2yB
solana,H8ZFmx8SLxYyxnUfFerT3tvkN1MUnsH8a1h1kZdViKNg
solana,HEVisP1ZL4v6DcrXRXjxKWHJktX99xvrbrCvbhjsXiTo
solana,6tYBVyRBRDZJ6JQnywHR3PZ3UGANwckHBgLxiEipYBTD
solana,3vMDZKfnPjkLML5affULWwi19tYuxpisbYg3yBwXtMqQ
solana,3xFzqUFvEuXPJLs1DoQzteNz9pzzVbSVNN47MQxdQ1yT
solana,3MGgL4oYfWVAog8s4UstvdM9f45uyCRh35i61Mi3shbX
solana,Di2DDe2gEX4iZVPCFvAon8aV5NZvhp9qBvGUYZoJzevc
solana,DUdaZzvJNorHQ4Fv94ww3u6hb2EUotr5jTLB9eMe1bQw
solana,4HzkZJQ8vNd65nyVfJFwughVYYkopJVV4TgWytnQEcAr
solana,34oEfoTpNfx9aoe7ZSuvQtC6xaE9NiPyWXCV3fHicKVy
solana,9nbHHzrmB2BkWWNUnAUFpKQLj4E6bZB5mrKrQk4CgJJi
solana,6vJcHQ6XH2ExCbSbqN7gmoADukeSRMgdnNnS4hGxfD3v
solana,GFn5N7ygDMah2Hx3hzVV8XN1TdDjSTu2Z6wMYbK5LXnQ
solana,GU1qhppC8HofK3HrErfmzLbgZeYRF8rH8WNR55Y4QrQp
solana,Gv4HqSgzGK7KKwFST7UQ7mJaUWustCYW9WKCpnZBWQay
solana,4m4Xaekco1qmKYE4ANWNnKTxReoQsFRAqkDGx64CqP7u
solana,5Go1YSteAh1ZyW9vc61f2PnBz4ByiRurRDCRD5574fmJ
solana,FRNa2ecX2da8pwr9axN3Jnkr1Ky91hhtBdgNyiM6T7VN
solana,Gs8J3JVjtpcatGcw3hFqf7miaLmmYQUMiaCHGT5rjx7y
solana,B42oMmCP8ziut3awcjZRDazYKVvPqayb1RqZLTboK3eq
solana,7M91NdKYkWBTzAKe3FaJKxq8eDVP46DYcRc9jvA4H7Kx
solana,A3DXDqzsze2xeGPJYP9xE7GmXAZoJ1TFyehbP1uque4W
solana,CtAVPTB7tPQzzPxzqyZZmQmTffHwmgKArKnQFCLqjv5Z
solana,GT6D7nArQf5B2WG3Cf9F16eWxmrcgNN832bpvp13oqfB
solana,8JT23sNZYemrFK52m4kUy1kRLEi6wxNuy5pmTD8UgWwJ
solana,EgxKw9sqDBcbeJ2eMiC7DdZHasvYGTpLSB1ZgE9AxCRv
solana,wjmxpPapd9LXDiptQEkLg2LKT9Jz2Nvy9bnnHPc4ik2
solana,9GcLkz6r9JPEGWFDfoFhbYV5T8C3TWn4z1aRQABKJcMW
solana,7PhJrePBNPvPjLwLgwhi7nXe13gwTA3jjWpq86PexRtj
solana,5sJFaxutg98eBBBTswuqef4nZT33u61txk6tcMKsnowA
solana,A9UR96uhuQ47hyAh7NCQcthLAS1C2wLFgHFWC5825L5G
solana,5V3Z8yVhNFFtzDJwMn16prmA2sPacAuZTMyx2rCBapa7
solana,cvxFoVNd41S4w4QtuMQE5VQpsTRdBAe2LGwL1i787WB
solana,H2QTk3Xh3eU2wW3Bccp4cvrXSTvP1M54TWbE2WSj2zBE
solana,Agq3vHP4BEpLtZ29iDWMcDanMVEh6GUFSF2BmiM4QNWx
solana,7vQwwQDMavRQkeBBy1UmW5ooiG1AASihRKoCAvRKgqfP
solana,8KzTnoNdF7eoY1SxCDLSDBWxaPMerGSuh2uc2rAPMdRZ
solana,H8ym9FdzLzj8HeD29vj3C68paKgssDkkgK79Bqxr8QBA
solana,62UeYvjdoVfAj9Pw8z3JzbviP68HEDcMF8QxpCGXHS5h
solana,DGuqFQbBEo66uXBKDiEs4NTwiBjS3aXfGGDRFw971wBY
solana,3vLCfQjYraogoxWM7hvNA3tbfR8khXX9Vq2CsaYQmduj
solana,DVqfv4beKNKZpac1rQKFtM5SQA5WCQn5qSaSezUQKPgx
solana,7r2ZwLpqfMdz7ypkdUxZm3F6fvdyrSuKWF2LRWG7aN7m
solana,EwrE2qcfVfmJiEdhicWtK31sJ8a3t9RpJrdgqRS739XE
solana,F398EdqfxfiBBTezkQz16naxBGZq5cyhaSJWUrsVbnbF
solana,9bhF4JUaFQnvWWW75iWoQ1CK76V1Jx6kCTMcA81cP7Qd
solana,CBsQaL729PzanvZyDvRjWTbHKkXgXuW8sA3yE5FHHnsQ
solana,DvFrUir5Y6aE4dGLwFushyYf19dd4AYXdSfh1dgNguWn
solana,43gLW8R1VLRxunBvMPMA3csGqmQdX7nwdYcvBmYNoaY9
solana,Gc5mMRaZCqGZFU8mFezRpmyrW3bd1FUvfT3jPSGRYnEi
solana,TFRt34YrR46W31ocTrsEKqroARNvq34eyNRgnsAqnN1
solana,DtC9ipj6vDFZQPPcKhN3fBGnGCGHYWRZY3T2hL3bRacT
solana,HNEcN7g7YyJdi1jW3yW1nVwppPEea275nSj6VKFDmZz3
solana,4RaPHeLoNkv2q3GfMEZN9sTi1xBEWDSuGJQgDhgas4LL
solana,97ZK8KhQCTqCUk8hUBDdTRZHG9rHHdkQG7qDcc1BViiC
solana,72A8eQ6FvbEKrtY98zmDYMyywuRFpXLakjmYxwyQ964E
solana,2xU3a2B4Pz4Aj7UaCMnUJapbChBjtwepG4S8agV8iYxi
solana,GeQV6VxW1uasMfznzdbUYjU789ySBipXiK9QoygNWGh6
solana,nkouZzQ6vsvcJ7irXK5oRAVuBWM1QnurcpkPniCNr8Q
solana,GdpGaTcNjcyz3mPZ8NV6MLaaSCZobddZvFwjpeJGT5ot
solana,FbiHmzi7L57UnioDVnwbQPDiYVrVnzp3WGHGSrYw9iU4
solana,DS8u6nEQaC1bBggEtSkw5NAZc4bH2fkJcQg45S8hRXyw
solana,4Mih4pUBNCVheQxy1z4j1LwFCKk2pBWcXUvNLRnVdjZz
solana,GXmZAnWeUWjoGiZk2QXLEQ5P1tubz7T5B2KLF4rWKn1d
solana,6tbMAND2iG8GsSuh349kCyTj2p1ea4PeBdL5fvZZijxU
solana,7o9Zw3Ha5W24uKDDirYWkSWfQQfhfANHHRtWeVcoJTkB
solana,DJVbb3M2HUHaUfJ3eEMJE1ysvu2mn56RcC9GTCyV8gEJ
solana,9kd9Gr1p5eUEERfKBm1gQqBz2JYXKrQRkFTmf9eZqXpN
solana,E32MWFuyyYMhPsqLX7jcGh24ZdLqpvT9FKmMobN5wRKP
solana,HSE9ziSzHogPW1diSUvAAygRFkVZxggFvEBVUFx18R2s
solana,FaNDbC7gThzuHy2NeehRewAQ1b9j6oExDLntLQ3h9zYE
solana,9qYnDRivVscVCJ26fXAqDBRsMAELSyiPee4MtBXTDtvW
solana,EfTnfDG4uTRZUFay19nx8canbARWc8zmUfHUXD6CZY8s
solana,3ZKQPHRCbPDvSxoBGHAVfWZxwZdKgpfjmXjMEt44ZbRe
solana,G9R226mrjRmr5vA1w3NHSESiAhVS4RYbCFn5UkCRj2wC
solana,5zpqrQ6EDxoCwJAftmXLpmpVXsGTiM5s8T7EK7tr3jMM
solana,2pUdtFLtq81qNbLzwCravGFTxmdkZ9NUSBQt15JoDxMe
solana,8UVkizDupkA9dHtS9CbqJRWvZvyHLJFyMABoM2Q8SvWr
solana,CkzTtpn4PSoUiUH6ortuBRiFSe4UpG9Tp9sa4nzsYBmG
solana,Ea8KsWAiBFwY2kdoF1uhzVyVchwoRZnvQREaFmuXbFV5
solana,AXBK2V8jd8YnZzKteuGwBjpbS3AAd6VipmpsocGFMGfa
solana,8bQTXgRJoDFaDDhBVTE1C5RRGRr7psSH8PC85DLKLwQ7
solana,5TyvPGe32B7tgDSv41uCzqDfbXxFZWVrLDshRJp86BDC
solana,9GGcktgJS8ZWZ5hfSLsaxJdKqiPHELB4iTRLqTU4bwof
solana,9FTqmvMA9dcpRRmW1i5rTCihL5LW1qVcbQR9oksVjJG6
solana,3Q8cPKSPqu2AEzCmzbZz16VpwyijEKZjXf7E2dQH3WTh
solana,E3xabp2vrGuY1AXsVoqrg141ngWmW5cEsJvAgSyzWS4w
solana,Ecf8iYFaU3PgSFBjfcUNkaAfZuqXVtiWYxfEgBKPq7GA
solana,kYFjXgbBRan5mWJ9ogZGm6CyEoA2Haj4tGUz3yDP76R
solana,CgZTfV5ADfrEfCJN4FcjmU1rhXCHPu96PPyAqM18yGyu
solana,B9bw9eNj1ykNLxfwi7S1Xn8NfQKD4UEpQVJC8iwYxdq7
solana,BbdG6CxgPSX5q8vs7bciQdAXVaGXhd9iYSftRsrT3pwg
solana,Cyubr9ucQuFTpdHKMJgjHiF54iT9ddCuVn2vMPwC2gvV
solana,Cd7AyHFSDBz3XQ3gHdxBhte8cmeoAAuMNKtgQ6q55UF1
solana,SvA8am1wUfWAUCY7ajeB5C2EReZ29dwsEayczQwJXU8
solana,FNHoYWQMv5pcfqMxMcfqyB1WiYfysnaPn519LkiSuftW
solana,CiS5MUkt46jMbyCgHxvwSoQuZoxX1Xyz7uXyVb6irJU5
solana,B62YeB4HRVKngwXnapSLXXL6ENxNNU98Uf84PycRe4Fb
solana,Hp2hze1km1uwRSkA6y6h8ncChTX3X1pi2HTBioKKNGEj
solana,7r8Etasd67m6Yh8Pr9cM6ANLUExKZ75vTvGbQRQF6ecY
solana,EvakVDxyy6YM6S3tny7FevUoStPaEvTYrkA5bn6twhyr
solana,aXj2p2CVX8AyXQEjwcAVtRf22pPpUMzyqdWCGbEDee1
solana,5ocXcpCd7D1M7i5ktgVJTXniocjPGTcesuEitzMvwcQB
solana,62z1dL1YKBLm8UkCdF4m5JBDiWSuVbf7HcPrA3ZhTQ4s
solana,BgvFart3piq5vHuqBkBEzWyahAsu6CgtwXob9nzwZf8
solana,7VYnwTeaR5kv2RD5qf4Sg5z3kFp2SDEBDz4AHLCpQL2K
solana,8HdiEqDD4CajuR5SJyw6qizuJfSuajivULiW2MpQzce
solana,9TVCLFtXWPwTvEHwwE8MAiW93oS9szfE1EtgxVytXWDb
solana,4q8DPSy2eqyte8sJXgT6LWrSZeiZCLkWaHZgzzkQqqBp
solana,BNyZnzjRktD3v57MbPfGL5eVVuZfSYRun2Eic5HEbDkG
solana,ChH7BuBwAPcNepL3rk6u6Ng8cVc7DsQXV497S6fpXTW9
solana,5NA6NqPym1CmgnSv4FFuRc5QhK2RjWb2B7R2pYvz6qwp
solana,GEGCktRBG4aVzLvjETyPZCAhXMEmkuwBrMipBn6XLwKg
solana,G2kD7AbCjPsiJLpdF4jFNkAMdbJJvMmMJLrXZ8ed7CbD
solana,NkdVdZvc1RbvSRdpQKr3BAqQNBCZhAG1ZXSFaaepqQ3
solana,3twCWwvfzKXFWpXF8fTXV6RKHo1xJ63VdKjCq18GNSsj
solana,CTqD7LoYsLGER3NMfaXNzsDiKrbMKm6Y6n75DtNrbeAd
solana,H64WMwYJAW9q5tsB6Zp78onmTMSuVRS52FSmX1FhE6bw
solana,CtFT6dXLN2EUpSpNLhaSccGX7kG2nKCREs6AijvPEvoj
solana,4AJGZCD8Hb7Nt7BSCJMQFKyU8AuPnoiMN2wPEg4QKXZA
solana,CLNhCEk3GVuNosZ62ALyznNJFBtaEDkc4sMUC5tTNcrL
solana,3mCcvQBZ4LcH7kNcAxVVU1XUFGTfQB44Uk6XNaWwM77x
solana,9SmvN6xrFGTU1QXGbNxEbG5edL4rYrovekTLCT8eBVKS
solana,Fr8Lxb9DLfaBqD5AkaZH6Zi2iLoPZ23SNxqzMB28qDNX
solana,H1rzUaN8U8wVmqA8saZmZMfd7cuq77f1qT4edT7UyB6f
solana,FubYb5cR7DLwmoB7MEJXtnEPCxHJzem47GBumBWijaPt
solana,GHMgsEn4HHhppuGmuE5M3ktHYkECHbwMsMbeJq9BroWb
solana,B7PnUcfZpj6vuV2ed21yTBhf3dtWxeFbLJJ7seHdc6wf
solana,BoU9SSx91cM19fNWBSxV2FAr8aMKYFFmerUVKKoJeYYB
solana,FXkXNJ4yDyfrpW6rZQMT6SHsQWTKLgkTVc9pxELYHvcC
solana,53RYVdFTJy1tTR9TKCLyRnjPiTXxpFre1NVHKmicNm6L
solana,GrkuqSghhSu4vGPBjrHhr7mutPeQrr6GRs8rHGPiBpaA
solana,C8T7m7S88QCvCMpH5uQ8BuwV4tk2mbnNrxW3jprMU6uY
solana,FRYPZLqsTyoAADwdRBoRx6yy1vPqJ1h4mxyDkf37xYXr
solana,7pLJigc4ZpEHuBd5ju9wCDeBPUUmMFVMf7t47qHMwKKT
solana,Aewo8HzCpCQnZM9nLvi3jSFkzTjSfvSsKAsUyV2ztqsq
solana,HLKJpnvcrzqSBLJHpNA9Yx7brBguv8LSYeomX85syacR
solana,5qV7QmJaRr4bubpvqKbZBPg6KV9XAHKqVBUDBUMzjQ3M
solana,2yV6tSbb8NPFj5dXR2msUnb34MXdry5LHm6bXtC8nDJf
solana,2t4Cg7DKiL897AzaK5kHsdFxYmBHTei7pa8qxp7jxPzx
solana,4AdncVgZ1iznWfBojauKMYxJycJtQudHoCsb2c19f9Bt
solana,AJU8dvJigZ6nspY9eqskDfdm2JXXRJ6q9bn3S4Ppc28T
solana,9dKZ9YqTR6JDEms3nk5aj7C9VdAV2e6E7CfCHQe7qBr8
solana,ECDAUfUgMj52Zx5TYCXsCcRifJ33ZKknqaTXZcivZm6L
solana,3SFAmFYvZUwfR7UAbDdVfy75VWE3T3EGan2JNcVVhA2h
solana,CCheeaQ5uLZxZm4zNh4uCKBqW3zypvMVs7YMKi3Zriw4
solana,7Ti4UXWCP1dN8aNu9YvQKdFe9c4ueEgmf3T6w6787y68
solana,FF7CienxNwZeYuF2MAj452q9y7c3YcCK4kojBFqLZnE1
solana,4dXpG1bQor6QhBLJgS6XZtMNrAU39Rj59wqXeD2cPHhd
solana,FePDqhduMXPTDauJwpNGG5fk4o3ArvqgYwg1hNNpYvj8
solana,ELWcKBqiJYpUTdo7RwVA8ks5yM9Vb3mouoFLTEA2JqC3
solana,Hnbfes9TAAmE5jJEyWBotjXiJ6BhFnBVWAGbetrkqone
solana,E4LYL9G7r9RL8SnnCTa8ieehjaFeV6fPGkH7ZXpu3iNq
solana,Dn869eQvdzkupteiMKnhaXCKUsN6uy6Bxbn46jjmZcic
solana,6V7umxGoKfy5k8nFs6xWESUWg6DE8XQCDoLsmZhRPqYH
solana,BzLNKHnF6tnZt6Rra6XyW4Ni4qzLQ6xLEVXkmP2giyjA
solana,GsRrdSXkNLanAWv6pudZKJqKEYfKUvKn2rH2LMmAgCC8
solana,48aJjbMPM9zCa4c7wte6L1ApFCkSWhCMR3LSMD3uUYgc
solana,3X7diSFpovPwU6BEXVSCd6nBGgmyejWXBHYba6AAacKc
solana,JCj5PVyf1bQxgGkr9zBi1xSb2ZZqRB7LXsG9qVfCeEzQ
solana,9kZkTQUyUFaysETGb29ZziXHYQUFbVEd4FAUUzEbmMBV
solana,HLLQWU55GQzXUK5qP3gHAdhcizjiAjnzqmLCyPf82XBs
solana,2RzN7JcvAR7upFkQGAUfqVEUwozUCcoKe9i9tEheXGXX
solana,EdZCZwkREWU4cwh7qLYbzwyzRLfPdDdwFSizuYfhn1Fi
solana,3euHmJL9vYHuuPq3U1o1n853U1Azu2K59GyskhCssXSw
solana,3WSGTGnMK6PuGXwFu6XNT31PPGngjG8grfBraCq93SRa
solana,EpcS32zsVHcAVsJi2AociAbjdZzsjyJdFQgPwJY4muBr
solana,J7bTZEy2qi2CC6XsYnWrPcaormWDWN41AFYfaALM1gd3
solana,HJb8RiuZu3Xdmv6UwbRYTTzhUkvFRtgPrN4fdizcNYzM
solana,F4rgZ7iTesmnravn83B8BArXUd2t9YHBSKsk5ZMNcpFQ
solana,FwpX7WXwuiCoS5rNaqBagpZaTbuXcYz8cFoUsWVWLqZ8
solana,AP4G5etGgoAmN5sgmYqHZNbyj92JYUFzBjD7EtJLbPRD
solana,8TjuX9HMD8gQp6a9chrexGKcUTsyJtwGq8bwKxMcya57
solana,8RN7gR2FytRRdhBRMAJxeg1ZXub6uDm2jZ6GGCSTzsGB
solana,9WV1G3vnzQcg49iSZ5Lwya58Nnjy7CBN2KjkUekaeoPg
solana,5ywJY1mBLxSaHL3Cy1bGFejGhjQtPSeGdZ6gGhvuh4dH
solana,EnbhHvehd9zinnguuDeMAwU9eGcydq4NrJ6x94gVNfi4
solana,996hAEks2ufbeRaogamdzWhRptZQLCZftxG3QaDNamn3
solana,EAxakPrbXG2YMjP3eGY45xJn492nd3n3WehzuUuo3q72
solana,HtaA8UWBu8gxUHbMBwkx6dSs8n6nHKHSdtDMRFnMk57r
solana,C1ghRDAHfaUu6iBHEDmK2t8wbrRWq5DWivKhD9Q4jXGL
solana,E1HBF92dbW3cb5YrCSuevsbgFFBefVnknwARZVFMJVZU
solana,ABn8W9eLhYuLhqL1BMFAE6dhk9WHm9feExgbKZD1dMdq
solana,63cnFNdEdEvrUkown1GH4eUQNtuHk1noqico5DkydPFq
solana,54NEfgKzDkNxHxpdERxERNEUohq7yncQ6TvTi1iT7A2r
solana,2tXuk7tLDk4MmP4cfumyHqWHzdt4wih59sBRUdXAEoZA
solana,Cu2Jkwva4myLTd9BegHczDY8ZxTiymasm878xMinMeVU
solana,AQworBanMX7pg3yFCH4FHQPyXXopLmpUYCBNwXQ2ehWb
solana,QkkNWQB86ouC3jGVC6LPbZV8iVoqre5L93QRMsrW8vs
solana,48nhNqnBm19Jy3HCgoXvrNZUHBcSEkc5568vXiHV3YAL
solana,CHJaCcwPkuh3eba9ehHhVMZfZCPawwXFm1JD4avKep1U
solana,FFi1CUZ9NiSTDcvYQKmTgoWiEgs9JS4KcAt5QwmzVTFv
solana,EmdaMauj4zEvV7JgLnseRLFQtM3mvgoapxsvuzc25Hp5
solana,fdtycYpB4YPfQjyyEzvAZP2cKWEASccqxYTxyJtnS1T
solana,Hn8b5PuoR6kQmKPahcYohPqFvjiVEy8DPEXwAmemzWBW
solana,3L4t8ZVDerT2NSUYgVP3cZmQa6NaGrsh9eXjn7T5w4Kv
solana,1goAqPCRHU5wAXpxY3K4r6Z5bbvuKKXpiW3Za69ff4a
solana,5hbqeVWb321hsedztQGSZfHk9YLMTQ9Py9uiJUAbH8js
solana,5p7jV1oyQUA7RTJmt8ftfp3nXpsDMSSUBK2AiC79fSQS
solana,9NSh81TLXtax7Q5njj9T7TTjz7nDqfLtiAQszKAFGk6D
solana,Ajspk7Cy2UMYA9a6mhfXihyCjFtwzmE1LeFySEp7tHeu
solana,DBaMQuepLYjmCdmsUHepwmadPgQxFxY1YYVRgZixw3Sb
solana,5mxnEixd38LBJieUwfNNcgVGRpJij1pRp9dk3PeBVKMy
solana,Dg76tAiGdng7a138QZsTvybup3EJngsBf2mE9iX3PPfb
solana,BKUSn21ZCqtndVi3fAdpmzRJzFQLS7Qnsawu8Hr4Y1Pz
solana,2yYfVuX1kfKXQyRRoagBvNkKvRA6T1bJAKGvuvso25Fw
solana,7SdtpyJyWsivJ4BAaveqUu1hxXwNZaLATAoZE8zYVhP
solana,HBgmX7qMAXKF6F48QHBvovsQVReWZhghYyd2RxtypRK6
solana,E9sZyYUpZzD78DJYPZmmdabxf4s6mokhRJRBgSivrjYz
solana,2mqiEpSGhts5dwkY5DJ5PXe9n9B2ZWUJA7mS8n9QR8hw
solana,FVu8u8nE8rAxnaq5bB98RMKxpqiHAZZdq3Vm3N8aCGeM
solana,3r4Fvgeo5k7gbn9owha5ZJKXQQSBbcriABgPzivZDgDs
solana,2vkqaCC3nhgpadZtd468w6m5mTq5kJtA5WsG1z6L3V5n
solana,41Qd1zyTRoMAWgXjc8GW7fwp52JaTnbkdvzp82Pin8nE
solana,Hz9DjzMdoMSKd6BtaXHddjAas1V65EGTBBMEgpjuihc5
solana,GpDrLyJ5c5NCD6zwqgp78RxbbkZMZ1Nkj4yTb1yj5dLj
solana,6DJbsZv4xCWTgXm7vnpWGEnQi7LTHmCXD5hwHQSTUfMA
solana,AE9vTPmWjUp1p5pgx28reMFchw5FGFthnMBJ7AFakGZG
solana,Fuurg34cxMFV1ggxcToENZPZV4DF361kScZniLyMSr5z
solana,32PD87wRwxicTJzT1gYUEvn9DfU8tHhn6uf3eUv3a4nm
solana,C7eeGnSkDJjo43Rf3zVNY2N9WEUzHanQfAb7BSiqDfRD
solana,BiHRTwUV2XRjZungkVpJ9k4AkRFFDFzohjzuKs7fVh1Z
solana,9sFYsAu5dVZKc2o5L4gV7QVBjq5SjM1mWZ16UEpNm5zE
solana,Ti49oTkws9K9GS4DDhSEnAvG8hs54sGNpxn4UmA3a6P
solana,FQATyvgrRFtw42vjjBDBmG5uupTMrNzmepAScY6JW1bB
solana,6DoNfQUSAUNLUYY5d362cySUBvEWAvqSbB4YsJESMXZt
solana,GRhrNFumQHUWumi8ktBh4Ws6t3AdTNM1k2bcLz4R71e
solana,C77h3jh45kFwnsPqwHqvYyeDRutVSsWJnoMj4k8CTrnh
solana,4BWiLhifmuz7KHKNXm2q2YDcYusDECSbvEGWeu97chZy
solana,HVHjWCxaERRCMUSbRnhTqiTWEm76eDotRN9tQMoXohtU
solana,HLkjsU4n6q58HAZ7prZCW6kS6UfEo2GAQUwprDr8fqcb
solana,A4TK35FRxjozfhobf8zjX72MEDiBJ9uYcxYh3fbH2nnv
solana,8U2fjuRFPETNQNFMJZiQ3uWAvzGw7D58bP5ykGsnmq6v
solana,CmHPkwe8FXTpW1hoBNoUdS4Eaa9rLRrq2NNPMXg2CUeZ
solana,3TDze3sPgSqUT7U95TUsu8LMnBzrXdk4mEAs2zvGHHPE
solana,HchGm1C4pi1EB3VVesejUHT8bZREZCrLzTov4csapeyi
solana,362kyLGNpj11y2YAsERjmB75dYPaUheBY6m8YiGhm234
solana,DMR54XnAYXBtowPmyrZAK2qf5Dx2suw4RyPyXC29CKip
solana,3ihMse1Ry4KsVBfhckmFMtNHhi93M1vTHfLAUd2xpXWd
solana,DMkbgHNYRuNNGEkr4efir8gukwKmDKHgWNi4rMqXpA25
solana,J2FjzZhuKEAEaAmScirvyXRQRUkWNwmorBWDudYU1DRB
solana,BgCqcz1dkdjU2o53hhTignYVWe5R6WsxTbHKjvD1H8Sn
solana,9Z5kiet42uSJFtrpdQqzi1nn7JKbqGkkSpFXaaxktJkk
solana,76ZNYVpx7Gq6vKiNzaxZnsTYtnmtdrGcAQTuNb16VPYU
solana,BmkySQE4PZmEMVYMpPdY6NRhiByfUKfa6C5aYdBAXhpN
solana,2752iJui3oLaL8cPbBmhv1sMYpJ4p5399yVMgJYx9imV
solana,6tPzq24TUJkyhMy5rbnTsYTQPXjq6HL8dDiJHZoCiHVh
solana,C36sr7W6fNXUHbV2orvD2hrZkYRMJcydfJZUsEmUNUv9
solana,tCs7iWKFSXn4vFfitYRYxW3FWqhkLjxKwcpepuQDiuq
solana,Gb6CuqaUf4Xprgzw7bMinY1eNGfAqnB1G7Dva2EJMzAD
solana,F8Xa2VzR3Weaeani2oxTBvA7JPZrsvmfDP8ekFRvQca6
solana,HrEWPMMf3SXd2o5pCh88b9keeZ1QEbPWRyYBzebyuqKr
solana,ztainT5BtFLqM5tY6qAKfbGAmDVayuChaJXFBqmpT6Q
solana,9jkcKb9DizdmqmN8UapXJvNCZtacqWDs7YUuLBE3rfSs
solana,DZLa27bhgE3mQgVASncZkmsNHyMCVZAbj8mFPv9Swb3a
solana,6TFDGEgybHkCszWsbMKnsL8GjouX6w4qvY6pQBGPppnJ
solana,7ysuHeYTkPYFqHYoME6Gfvir3FPPi8WP9oFiRBvsQaeY
solana,EpPBBM1Do3DinnHEo4MMy6hYZr18K4PnakoN8uUmTnx6
solana,CN1BeJVD1sUngvEb3jNwYAkazrHgQcaAmurPNXS81kyG
solana,9Jztr63N2psWbG9j63wwWbCzhQTDMmzzuMN7JmjmeY5i
solana,84pRc1jmujZRK9VsdjSnFGQBY15u2SD21z7J8kA2A8c8
solana,AcT4GsedDMTSQ2TeeP1xfEUK9aE92FT6wjbVDobkMmej
solana,EMAayEWAdnFCpftZqt23urDo9XsVzCARCKfiKNmeniyn
solana,5wqXU5QZm4eyv12eYLYvTsm2cJzu7RLVZLtytwPjqAYx
solana,8VF5x1WhZ6AimkWSJ816zcb2oohp2HDDfmwcDUZX8L3u
solana,6MXQMtYRUR7vHd7XaALZjLGUUMxi2JszxfjAfJWbaVYU
solana,48fXcGjUWbQ6Fih437hjN38siHRtSpmFhVv2gXMv2RiJ
solana,MVoQNFDVM6y3rLrzrs88rXSw2MRpiRYn6NGvQXJASnf
solana,9zKE45Zg38fn2Lhz5TSj1GFwticX8xhRMQ2aaorBeHiU
solana,EFmoUH6jjWtXszzTFuzkSRQtqedsxP9BhAv34hf2kLfc
solana,8WEsXTgeEuHXB77GEF4dKYEytffW6huakw49yhctnn2S
solana,59Appxwxkn2CfEEwHpi1vv7Dm2rRNNxXxzzztm3w3jt3
solana,APBsdWu4fDgG2ootrx2cP9HiUNY5NDYjzBNsDMPjNfV1
solana,5ufRjwmPb8FtBc6VUVefcszpVEuVPZBeLZP8tGWCX2jM
solana,AFYaps1iaNVu2dd6wCG66Vp8DuWQPixDfy62Fpp9dDCw
solana,7nDu7fktikkQNgMmoGnGMPKdQrH1bA7GJJwqbA44n7Ec
solana,GWMrwdUKH3PE1TM2NG9hpHemPtyivaXLLvVF3PEpHKwi
solana,2gyq4JuJjW95TFxw9b41CrPk1aWtnKC2PbTaLdgfSHNh
solana,7uKMoc9SqqZJfgCf4gjcgGYK9yqEN9jbaKAj6bejCyCj
solana,BxuoUef5VDtmwK4FcZ6wrqyAxXNtbFAHPugDDaZYvWS2
solana,7VgsGfuQJvxksqzKjEXhbjTCxoZprv6FXcmkxTDbTtZn
solana,H12mAYWTZDAZR4bQHMcmuipxNK95oSQwwDJiKUg5RjB6
solana,75FYr1R7fkdCsxvPjQw2qFCr3eQL6QuJN2sWuJHjdLFe
solana,BnEkWmGfVAogZqxfCxDjrQh3Uq3XBVxUpN5znzrxSzzA
solana,7AB7VM8fbHzqt2UvTVM9apZLzA3jpvzaBABVLCDnDLDJ
solana,7Mrhywzf2dz9zmu5UNSk5SLSEFE9JVGhM4uk688ECbut
solana,4UMtWrbseQw3SuPuC61dpZjpwPPSpDvhdjZNYANknEtp
solana,34mWRd4u9SaYTJMSmAc7JkRLRzVn6MmUWeXEsScE2vhX
solana,DPRYr5wDocMqHiqKt1pmJUwd2vwJAhNM2FgXEZmitxsJ
solana,4rUC3ndK7puZF7TnKXQUjKW6kSDPGdy9LtYtr21a6wTr
solana,2UwwHX4uWyLWGDK1J8MAkmRUM9NdCn2Rq1CX9CkxkADT
solana,5AfujRcR7G7S1G3Q37ERkeEfUKgYwAZeMKmMZ8ea9skz
solana,7naQcyD5FUWCEBbq9diDZHoY9SYxfUbd2ME3Hbbjhjz7
solana,3y695YuFcHBzre51jHet9SAjhE8izAH4qXyL6Yr7V5sM
solana,8vo6NnForrwAcHgGnYzkTWPgrv5MbTFPmkCfg8WLXqup
solana,6UH9HGyTuWHz3FQefE8Ghiizuq1TWbNny5wVTkcJxtnn
solana,GRt4d1xt7X125m9T9fv3MjaGt2jLtfL6yiWyuF5UfHCj
solana,F2o95UfSKR2faKFXAnDDhkxYbaXq5EqwmU4VF2b9qodJ
solana,9mHuuRfJuuckhgkbUQSSt8ToBXoe3sH1CSUD2GoZLBbB
solana,fKuouPvBzQhWm4qesfk65wCdMsqmYDAPSGoLUAg8321
solana,H2BsaQ9vKEAxNq1HARPcB1HnGjkL1weSe4opVdXyTa7T
solana,5QSw9xcmEjqoXXgGZ5Dq8JkM92RWRvotXUebuYLVVUdo
solana,9t7i27YnoZSfQvHxNnVnhXgBzijPbsPpARCxkKQSN5Rs
solana,H9dV1MdrhqnyLD34JnsemkJ3QEJhcE6NXUi5cr5VfwBz
solana,8LoM4TY1YM87G7UDYN1t4zqf4ZbEHed99rxr4cz7D9ZE
solana,EgU4dy8tJWX9vSR9xBXDWRM2a5D2iAzfGx6Zvz18569Y
solana,APViSgwg2WPBQzW7L1HbzeVq3t3QxGULSonnHfStkA1D
solana,Df4vqSHdAYsgr2NXxZfuhTeTvgXgrdyATXW5YeyKBjL8
solana,5ftV2SWd227Uky1ALT8M2rgAPuFkCsbyZMDJ8aDiriK3
solana,8r8LTqEFkokoZzxYBYRYA4nS87TfV9uDXbh78pAza9Tm
solana,GDcsgyo8JE1ANL4CE8GA4BtRBxP2SKsGgMtcx72Favuk
solana,9BBLHXfu6BUjDKuvjkXFMdXRC8f1DUVKrVqVTKMV1Myw
solana,CtciyvxRAwHV2MFeyASuFqAMDyWxcoZrjBC4kxmJxXbG
solana,2NuuGC2p1uqNhKgta99MEbHYv1nSbo5shE7vvgjKaSjs
solana,B5us7kgq6P97Z8SWxhmAh7FrsXZ8aSD5UDPxPbUwZMjC
solana,BAszKoLj9Zr3AJEwKeMBdW1J5whftcdbdd6PuD4tLQ7n
solana,94aKZjeRZyGoGSL2guXz3rHWDAUruQLbcnttqDrDbYuy
solana,5CtcsZdVf642FLd1n7YAVG8r7CyBkdU8hw5mTTKNT8xk
solana,Ev5sxKLh1Goeg8qYxnm3pbpoULKC4vuwXZdhGB2NsGWf
solana,9WXTZSzHJ21gCbLyHhGTMyX8iqzkkMF6YEMsoGyfNHVd
solana,BZ7K6oBjw2pLASPnhzrM86kdEoteD1LkzLuAghKMZRq2
solana,9mU6gHpRpRTEe6HS2oDWPoKuE2gwbHYX9J67d35QTCGb
solana,A3QF8y7oxxpuZufb1FW512kMww8x6J7bkSvKKP8xroM5
solana,E2rrYeM3FGeYpNoeY8ET3ioLXwYz1F6cxwK6tGFi8K2d
solana,3RRaLQ9zZk3Hhzs9SMx4BTUrExMtRaoXEKNnu1KMBAbF
solana,CG5E36ykrDGDXrCnWiSHrjhsHCujH55utKzRcxh9gBrd
solana,Bs5U6LXR3DRMeuMAJRxAURBBFyVmmY7XWyNxwAeCuHfp
solana,5CJBfA5nnCE8M3pEnRKq7PVL17eqwmbpDZmsAjPuArGR
solana,DLZjEGL8m9vU7YB3hBNrQSdvveN45aFBEiWf3UUCMMFU
solana,bSALuVMkq4dtFAkrVxyteTp7Q5REmwtbv91z3jp54JX
solana,2oLfHte7RccGLFcNK47SkJpPhhBjWPtKdxhyEjj8dLFd
solana,7t6kRsAzh9Fv27Cvbgd6MJ1ZAmX9s4V1xRmGi9WX8P8r
solana,DGvWX8ZPiUqKHSZRFXTKcaQ7d6BSS3zH5PSEWtWLo4op
solana,CPUVxUvZRDXDGzBZyP173Mg1V6KJJKTJSBM5pAy3M8WK
solana,BBBu2mPEpqKr2XC7hU6yKytvJqCg3VBY3LL9nexUdedw
solana,3Bce3JR2oknu2YKAaBeVHeMgaqmNxGBF6rvX6Y5PcJhd
solana,8ehgb6W42MbpJewLicppgoAYgZkYoUao2FYXCaWDogTk
solana,B5RKafDqyZHKC6fVRbm2T7RPnFg8xt4DMKujmHssMVR8
solana,J9pLRDUx7TPTvCQwqCYGpCR1AV79SXadUmM6DJU5PeQZ
solana,3kzNqJkL2CVRtukycZrRM3dAzWDG2Z84LiFkvVeUAUDp
solana,5gVUgBFBQpejs9VWTe2jSLsAwECMoN9xjxNCo9DL3Nvq
solana,BtYP66sLbgdbWbxTS95WhrqF1mzQH9wUxicEaJiAuCtD
solana,KgF23fPxDpAK6q6nR7FApPmHeGdyz2b1NfyS5cm5KmH
solana,EfMyCk8G6NLXUN5PjqoGmzDrJ6HzzVtSNykGsPY6XpBq
solana,6Du5JKbcjE82dFHTz5fnS5qBnTwgmni2qZJ1DTGhnGe4
solana,72vjqZERNnwJKZLupYuhQCCEUYzrSRZLCVoDR6Bpwvi5
solana,EX2EW2qpmUUPSyxAxsYdTPkFhf1br4kAfbpCiXfzFjVB
solana,GTBzKmmrZJwDh8ynhEimtqbQC83iV6kD6K48LDq4Wzz1
solana,6t6BfC7QRuXUabWfB1ckREMCgjQ67LWF2kFijyn876HT
solana,AAepM7bL9GxztZDN2jCjtYfrCSHNoPKzdheMDvLZpccy
solana,G9gdK4ejoiK1AtS4j5MTvtuvWvdTZZ9jtupVa3hYKzFh
solana,6eoGNaFLgT6jfiNeDZiV8zVattZiXHq8dMBYjSc5JVwn
solana,GEJDwway33cmWsHDDdL3dF7Q2cBJd67Q6PSSELJD1ZFJ
solana,6amrSNzpceyjwcSiWhAFqXS3uLo2xYZ1eBnfLtcqGa93
solana,FMMAzVh4fRuTeYgWvhyzYFEVP27Arqfy8T1XCqQ9u7To
solana,GUjHZj8jRkAYSkUFiaeopEtACL1H9jyZxb24WNBvZEAE
solana,FSwV4mVqeRUJ5dgr1aAD4TKgLHGb1dPT5Kv8TaNJXd9B
solana,H1cgbj3jqeFjpq7KGtbZs7FuzX7h3YGSXsw9TiVdZvNk
solana,HtaGhgzL1jZ7TcHWhcAHomBZLoLeUPxdWESgHTVaMjuY
solana,6ULcZKGtJndKaWJpd4jkkhhc6DSwwhUpjNS3QjstjBgU
solana,C6rjywpLHyJEs2Gs1Q4iMvTXY7M41vgxwhSdMMVDSUhx
solana,ohFoSBBjWmgzRrQyLNd9KdcsFkRFkzWrot3Ldr6nb95
solana,Hzpetdc9EfCCCqymckmPHQQkvEKX68oGjbNv8prEXZnR
solana,FrDfMScjdBrsmKZqnGWubRRxPSp2ATKoPsCCHaahyzYi
solana,C37tgj5eTZonQuxXQTkkZAMTY94Ddapi7GsGTLVat3Nm
solana,9qH2n9325c7yM4ZjLkSYnZRKi8ZGRobVducC45qj3mFt
solana,53AjbAQjRTDR6LYg7iRyivzwnQibbn89ZMSHgDbBQ8DJ
solana,Foim2Nf97KcMfmi7gJtLTx41BbqGx4DFPi7Y7tJEFUA
solana,G7hcTNZTiCstvFKZLGZtZvfHyFNRXSwv5fZnV6JHh3Um
solana,7oF2QhKAJtfP47Do6bdn26jEFXNh2SaX27ksV6zYJE5Y
solana,cH2AhYKi2mTieSCxLdi6et8mWkw7Fq1KBEMDzWrYgTT
solana,8AF7tYs9TJZ4uaByDbFKK2rfT59dtcm8n9JGwjZH2x7d
solana,24B6nkjfersojQ29TZXxeHF6hLyEZu5ZadWG3fbbzzj4
solana,BWuqnx3sFgAVod4Nq1Y6kYuY4JbLLwU9Uh9nUU9tJesj
solana,HfuQESHaisJeYKSN748EJpTSz8hdg1KwVavh2SaqxS33
solana,8ur7eaM1LzRGA629VSWuykYe3xM7xLpdfuhJy6LWDfkD
solana,AX3AEmUtLVYfrzULAEHr8DBhbDWrpMuX8v3mEkkaJEMm
solana,5DBiee1BkpWHZcNZZkuBo2aDbZFfyLXke9mD4xeWP9rZ
solana,3doNg47FgT2qJRLXNVxMi2bjLz4eoKrjiPFGYDfh5EeK
solana,7eha5wG8mnRt2vZHGJBY1UGZk11w5Sa3W1T9NJ4UTBDV
solana,DFkrGynq7wQLPWgfjYXRXw7NvHBRSJat3XhyAv3kd3h7
solana,DKjKuwcz6jsosZ1Bsf8gzXh8qVWVBhhPFQnsVkcGfnXD
solana,E79RSJviqzqaf2tEb7vtqKN9yez5qwFs5BQuWHwxNG1o
solana,FSMRB25oJLwZtUDqo2EXn8YmoJPfVF7cHZ3WApHFitLs
solana,DwZgWm6H6XbtMKFG29GhQu9YneURswSqgQbe7t1TjS1e
solana,8M5oqcmqkfDmA8dxuNmi8wHFroqPe16FTzfs1rQfyffZ
solana,57s5zFS7fVCJ8W1LMVUq5TnxD6MMPBaW9v5BKDVQjY6f
solana,C89xiU9cWZeM9rfHgQm4u6ikyk9Es1mgmEveHcRJJHoc
solana,Gu4KnMHcvQzx8BJU14E6gyyqPrwLE3EBmY3zHpCEqKog
solana,CLFG88vBYN5tNWThViVDvwuLhYZiDmwSekDpUmXveVrH
solana,JkU6sjwfRskz6LRUGXom89vB2pBvU1bHuJ8WjQMGS4k
solana,H6n9FJMp7wYPZHAoQvF8NsTwrvaQb3mQQcKZ7hoaMLrc
solana,CAGwxQkMis6sMYfMLwkdhqvMymxg6wAqkKMgWs9HRNzY
solana,6k2G94PqJT7RCxxmyG7hJ4Xn8FfUx949VEaN26p9tXts
solana,GkKxim5a34dMtCtDa2iyWZqfvUQmRcK3CNcmHdN8kbAo
solana,77mcvM4Xn3mWtujsHEQgt7ExnHFMccv27ek9oLUEGi8Y
solana,GmKrcRp99uHPhpg55dDHJQuyuyPVqhNqXkkgbqZC2jmc
solana,6LU1ViKZuc4Y4n529rnVtinuRTS2zvm5m4phUgjLJswp
solana,AAYTTBMwTUkoTGccfTAFY2yWfHPuNnogYGwY4MypLriU
solana,6fQeJ1byJxUzjqxY5aC1HDGDsmWSLbsNajSngtsRZoGv
solana,HdcSVFDgXXPyq9hF6TB4rvx657SXy72zQ5Fu8dyieEF2
solana,EBr8iZURS9GNJ2HufbGVtXvfZ7aoHrFzBb5jAiQf4GrM
solana,DCxTiMnMpW6XwrS4GoDxZhVTuCaS8R98uduozh6N4jGS
solana,3zz4oNT5vw52VYZcwC3obkeh4JbtCVCRJgAQxxzL94eU
solana,8EHD916CamARCfCzYb4dds5xt9QvVXyxEPrLWHGy1Qe4
solana,yaW4GJGnbWVt3bKT3pkmN2bG4z6dG2wUa9tYNGDTqL5
solana,FqdK8dHCz8HpiVH6wT7y6oz5tm77H61joQZXFu1sYozL
solana,H9ciAALhb4B922ZmomqxLqm99iWAnKNMwCP1iytpm4ko
solana,7dpbJjeEyskhcAU3BEG3JDRXa1JZcqdwJSeLkQAtxph9
solana,6zbC98DNWdozcSSQrqrX2Sy8Xo52ttAMGHRA5zWSvZAB
solana,ExAJsSwvG36iZ1Wj9hDMCAuFpfDxh7MAzuJ7RJoTbM5w
solana,4mgqTY4Wpq1haPQaY78VjUPVwx4cZbYX8o7JXmh2xLtA
solana,CzW5UgUgaiEB43P6KPY9RXaQvnhYCrJDRqJbiABLMVpC
solana,9LUYEt73tBReCPxojrFSzwPQhmH8VpXedL6FvEpyjRP2
solana,8NEhjYcQAznf75GicXvf3yPRY3xYyUoAgERr1ZeXmA1W
solana,69srF6yoRGtpY1zfBkVAtrP22hZTFA1dsK2HQE5euWRZ
solana,14tg7ikDPaonrZcH1VKXMruxupLUA2xpfbtWkkN8mpM9
solana,HEtwpJoHFhBUrZKWLNrzK7xyGZCQiswcqLNA1S1Q4dsP
solana,FbwvPCiznwmdAqxPGZ4bVmKCaFjc9mTL5zxk1A5K9GXk
solana,AFpvz7Q68dEmCz4PkE3xQLcXxzVU6Z2p4SqciNiD94aC
solana,AGj5LjPZ2cT4361vFcqEgvoPQjnmPaaDokPfiEFGwKvW
solana,EFkMHxdhHbiaoi7RcwzBwjKjhayRPfPmiboyWAX2YAA9
solana,9aUcGc1ZVAMAKi2rrY3MWVH6yf3CnbFvCkhbay2sjy4t
solana,8rsvMqReoJK2FguXE7d2ftJmmiS3nb6RPQbuLokGnSFf
solana,7suvBok3q5UVBWov8XKdmoGiQxJ8mCkUf5x7g9NcrnKA
solana,6FpLWRb8oXeCh9vvh3MG4Ggg4DHKLmnehMrrL78yNyWt
solana,3epVKwhWiU58D9iX811e1jCLfkkpS3K7SBQ8Pi2HbAZk
solana,29yVcSgYAPNpJDhwLbfxJ7UeE6bLuk62LxJDz3NurUmT
solana,EoCYSUVkfYfsRc3zu9cEa6Q1c7zoRX5mSa5dxED9u47T
solana,Evk7pa16UFae2J9iccSLB6uHRsAK4KGabLXgymMr5BeP
solana,3e4N6Jf6pYTn32ZrG5NTWs2r9263LJjdVRbfPdWaq6YV
solana,BdDiJUo3adS8gEMDzpG46oTPBGVTgWeowKjYfwQFgkwT
solana,EDK9nDgZqTVqBSxwRbMgtuoyvoMssThjboPj1hB8krAf
solana,4KmggBnpb23VPsbL9ERygUEGrRz8Pd3uWEoZ7QZgyXRA
solana,GjhAuZfxwhFqywwMLGBsbdFzzngdMo6caSnsG6FbuRg5
solana,BacbL5WGZnab4fDTu7Fhf7f5CwebNNgjwu822RqjZ5Wf
solana,EVsDuqyparWD89BRBLYW9mjKXvdQJzXcEhkmbLzvfSRj
solana,5Lf38zUPTNa3M3UTgyxKek5DyDv7bo1q7wt7QdcNn6b3
solana,8yJxEoaLZ1oXCVQmYJcZheLLpteukhKUo38wuchA7uVi
solana,9Feb1wZFMAGd4GXF69J5H2Srkne5FP3AkPdcS4A6kEW6
solana,F14z7vgJiB74vvNTPxxLp3DZKfcTubymMSy5Di2n2Y1N
solana,GivauQWeWpwyLHKJfkH9YZR73oRzEtyTqZKUXAvVuE8c
solana,Bvf9wQUdKb5b56ampLggjzpYyGuPj2L6Tr8V8yefVTUT
solana,6LGBSQKDSnHYmjGdNxB4iwaJ2Cnc9wpKHJMzywaxGk84
solana,FzaK6zPpMqUZkKdz1VYNbYUkAPyVcwQk3E6zdi7h5R48
solana,HvDaWDPRsxD2pBFzXJ3Av5BRLv5SpNG4PeiPopQGCCzQ
solana,88N4xj4UByYitmn7cBqGnEcViqNbuiVrM5qjNh1m4BNj
solana,Ha9aDdML64VqFyVdiP1FKRAhHBUodaLrSWB5NA86AZP7
solana,6fUuttDTeG9JzpQgoxyiWCo3eVSUJHPuLwasuzDmtDu9
solana,8cfxvo2Jaup3AX9betFsLT1RG5DWP6R8ApP7NVb7G25y
solana,3fz3ELEWpZByQbAWMQqP8uJw3yQ6TRNPfGJxT6V2h2zM
solana,HRrXJDDq4xpcUwYzeHjKZHdwgmknuBFDCnoX7hZthGKK
solana,8LeFZF2WgL2pfm6vQHve7AbrKs3RJ87sQbDHiown6BwR
solana,55UK8YQnVspGAuykgKvvNthHhVichWTnoC2PftyM9f1W
solana,DXmqnZLCLdC5ENs8KevNTdxynpQuN8eFjbERc8Yafvw5
solana,D2NFaspatmj5j91nHAUdnbiwbs1sqscLjt5xzbvPY4fD
solana,BGUcDL3rdkDEUHWMd8moTid97WWczJEjUxVAp4HThK2T
solana,GWYzjtprqeypsq5Y8rr3j9apjpS6Ftw9Szss186h5qoA
solana,9AMd2dPsgap5G2fTV4g6GTugd3iXqiiWVE7FotGCkrwh
solana,4eTEqzpHnigA6xzn2wLPDpGNJcnnHxZjxKbZW6cRukHK
solana,6EJU81yqzsxVMjSnEZJVu6eWVGok6jt8pp1TZhshLQg9
solana,7BG7jn4c7iGxv7Z2kZyzLVixEHk96Z2AGNqmi9m5zPwj
solana,J4szeggMGxRtjwJZc9AB8sPQia58j8zAeD29qwNgteFS
solana,6quH1EhmJ5bEbxJYjkYJ4ga1CM1HnXb58nGRCXgoaiZ5
solana,5Dz2dqghvvnCYdqMQaQ4HmnNnock5jETsaCiTZeW9QtW
solana,H567xTwum4ph5ccTmkKWBReVgViBHUKq8RHiTCVefPat
solana,HWRe1qWpofkYjqjsLKStuBHhvn6zoAmZx9SVbtm6fH7U
solana,6PCoyLZVqFLMA9oY4hPU8Uctpc3UC8woXRcSev6um2MR
solana,HuHE4DTjqZSaywjebLztGx3QcMV6MgrPgZ87XZCDXhkJ
solana,772bngEgyhLgpCxDdDoYXdFQUoTWpxuBf6EcxeK9XdeB
solana,BYd9cBMgC6dkpEQHBpF8S1bHef46gAREnj4Fa8mrrvKA
solana,GcbPKnJ9ZPxRHt5n2dSsVag3jfDFmZtd6vbgqui962dn
solana,29x2SwuXAmX5kTrKhacoCdM74sXgMThGZJhvUxSsXTu1
solana,fLjuVs1vjXn9Hdm2KjH7CtmidRjLTceFNU5Vi7seoH7
solana,Hzs8pNJAkpucvasyaKG3FkMtL9tumiNAYzpjacoKqHCD
solana,BeTjocDhhBeFBxVLbxSfdZeSCBBEGX2ui6skigybb4Gf
solana,DaXggV7SAy3qNrB4xoUuaxrCtcxBf5kQbWTFQCkYxAAh
solana,3uunQNWhYGBkUGawwLDsW77js3kgWynRd3Y5EGSfZWWL
solana,7HKfkC6G3Yx7mcFWpYrCF9njRKpdymdQpVpGV7W3ZiSb
solana,9aKJU13e8RVbaX73j6iMJ7JH3jLA23biAawKjsJX9YTA
solana,79myZF9x3V3XEu2RsXqzYm1HYtGfo959kVncyAb9cRK6
solana,9BVkaVqYiNHK7RmSxAeSewjUTT8NrJc11PNRdxiaPoEa
solana,Fgw2SN4JtTLB3ybUUS9KppVgYLwsVGmUponjLgNHtQHf
solana,9GnEAiJmBccDtGxYPR5nbjfEyjTE4CrPAuY5hDh926mf
solana,DARtpQkhnZPDCXjP8UGdrm8QkPQ1aE3kaDC5oJaZ6q5g
solana,CRFkTeD3XRBjHd8wF63ceyXhLcSiKhd45s41jo7DUQ6t
solana,DydGENQp1aCRAZohqhdX8CERXpCC8FaRzuN4i7N34D1e
solana,Fn3NBaFJ3GmqqPWo1tTAvFPoZkJL3CC7ncuQvYQmMmGP
solana,9RUJ2ve1uErigkcPENKnHWWA5TyFPsbJmWvEWh5jjP1G
solana,BvJBfksJm7PdqvQ9L57dUs58kUj67ethsT18PvbjcCXx
solana,GoHHc92JjeHLTVs5hMamHeYxVpW6Bzv3ZUBMoYcfxXPY
solana,DKKeXTJNzGq1uZ34UbcBFdbnErugoHE7v1d3McsLEV6t
solana,Btrmb4Lh5eR7gmb44ZBHr9QN7H5CCWvHZEYZiJnzDgRZ
solana,AAarsq7cEsrCjBFCAgMtkZh1nTpqeNd5FfQWxd7sNQCh
solana,4HPHgYaxNsrFV3Tg8osMXKVKhTXj7551xpMYw8WYbi41
solana,2HyRsQJ4sX75SUdayBjjtJ9nQePcVPyJjwcVRRzJYeMF
solana,EA2F5mVB34BkhJeghKxbF27gq5WqoYBCnVPbojDP3Jrq
solana,2anbGxxBz1bg3o2PfM73ieCC4SyPbbBktSWMdHbKxP99
solana,3iTDuEM9KYCN88StpWv92WNgpWCcgiE1pMoJJ6qGuXRn
solana,2YsscXR9V3hfzajjo3Pj5tRDPxphpK84jbdtpxTMgXiE
solana,vjCzVmacwzjfAidSks7mCd6cwz1kPxNqeK1YowVzQa9
solana,G8r96nfm5J1ZkML2JGKkYq2j8Pbnr5XuvfFsL5KncmLe
solana,CBuKgzyzVXgDRFG6y93pD5yuE64DG3nuzctxz73jWho8
solana,DMvysCf7GgNBUva2CCSEgHErzZe4dwe8d9TuoMahQYXk
solana,95pURhqf2kCMbmpGqKdVcr4KqxJc1ofonwY6guQj9sw4
solana,HMhsEiCnQ2uxrwJC39xLWSsEg5oNwxzTpbagM1PU9uKX
solana,DgpL2N39GNNTJAuNLjFh6S6YoX4tb6mnpd1jKzJnMpCG
solana,D2XEaXeHkyHDH3MKwAY4rQGCK9NY5A5FyDwkcY2WFS5N
solana,HX1MY8YUoJR8JrEJKrLJ6RmPtGPsgsk6ELFW8KeA5TPH
solana,5nfpZYMWGpnCdLp2ewvtvaHJk9182KhmjegAqeJRTYUx
solana,DKP1JDVmvz7tu4EsXPB9pQ7uEQayRueRBh8immvTNdyv
solana,Gv3wi5t8Yq5deYfCMXe3137cfL8hcAVcpvGsZGMQNVHT
solana,G1E39CTGzMnPo8QEp5WdXMe3vLbtZsnNEnatdwyyoQUH
solana,2peE1gpGU7b8stGRfDVR1SZ7cegycovnVno2shnn2zUY
solana,Fdg8PZiZASGqXZEQ9ohQ5gwjFrrPf6XyJCboahNbdsEh
solana,2sKyNck24T1ZG8jSN4GTSZAxf1iQcq2579pFdiopBhc2
solana,Ayb7wTPagqnEYxpPpGdP41gVWheeL7F8rNwN51CFsuZ3
solana,AnoDN3wVK8sebvtK2ZnUhetxXpj2BtVUhiCX68SAtaeT
solana,GwMu3GTKr3U2bCjJ7iHjHMMfdVsKmKvdNiL6b1K8Epew
solana,CWu1hXwkeLBC3bsV727xVXs8udwVBVKhP1g2xxcj5k3D
solana,6K94SvQdMg7ys9gsSyzKoumQ596h666da6kEmrdUydTN
solana,6oV1K6AGYcvCY5h5eCTSfBXNT91WbMbsAD6bc2cNZwAp
solana,5xZKLXDtRgKYw5EktaRp4G36GKNErH4xYffjWP2v4bDv
solana,8GLjnQkMQ9DzFzgxziUCKktMpVxcQmccd4aSfzGai5L2
solana,BeZNVN1uPzHCS88b4dnrjtfEgxZejfq8ezNgwsRmcffg
solana,DB9884uwWXxjT8sdtpnvud69WJnkq7kHavKPgfZuAXRv
solana,CT8XhMnxVsXHG5TMjM2XkMQjxYn7yQVaj8sPD4Wm28Pc
solana,9p4gTc8RpjtTiavFjvL8GBJsX3ARV6rY4jcQFXyVqYBx
solana,DwQdCZByHojuD1DRY5XVjK2VGjao3wULEqpBvRR82tib
solana,6ZHRe3ARH1Rj2hEvEPMQC24QarsF1stELY8ZsxCPfAY8
solana,8J79Ffx91S3TUqqEg4c6kXaSv4L1U96SCEiqY3iw4hub
solana,Gm6qAtWXSVxTvwfRjShh2Z8h5FwP3outjVBaEhv5sVaV
solana,GEyX1ZQGoSJgBiSsu4xTfJRUfkRxHjGeoQ8wnjtnt3Mc
solana,A7w5aRx3q5kZ7NgN42Q4ViDedcuEJ9iY27J4cbnGjCiw
solana,FGSHrEkKT9w1gGcMVUzjd3nLTWLhkPn3Q3R7nUUjqmCM
solana,A8BbDP24ZvxUj1qo27dzmi86bKSqQAC64ttLwbFQxMVu
solana,AFTq7KseLG8rSz7sumar5Le5qF8GmYeAQNJrv2h9ymFx
solana,6tS2iiGn6vSssuThmAhpwsVcx4h7z8xsZKjQJbhs4bjK
solana,CSpdWKEMRJ9USfjVB7vbRnx1rseCFuLxdTuDtiM4TQxD
solana,BojciKFdqmbu1noJfNPNqbWJdKCZhqmRfcenVq66ttNZ
solana,tCLq6paXLYfXkUQPF8yxvq4sCJ8D4PRLT9cjLSdJVF5
solana,Fy1jFPNCza4Pn2KozdR48hGWiaMHigjcV9SSNNhnqXEE
solana,5JKbVoKZnDmdD6YfQqJxsvFfWAoFZCnQT9FJ9Sq3PeRf
solana,6sYtkAsucLcMNDdMun829kgYdDVyaThxdNberofK8DEF
solana,3dn1QDo3zxiiXJE2U9u7WcCxzqCacuQdQfwDuoYmX9u4
solana,9ADyvKoJMw2xD1mrnzwhUSJs3srQKNWKX98kAy7bESD1
solana,DSVweKhyCMfh8X4wpZgowdyRvASo6gxYjVosN6cUB4xW
solana,DY3pdM2nh3vvbxhYPzpxoGhuEhxrjXrowbjcQnuZwNLR
solana,EbDBHDNFtV8eoiobBfVzcFBdx9hAEqL3utVouDSAhm4r
solana,381vrop8SPd2x66VwzkvzNh4fXq4xihfDhDZW4oThUrZ
solana,FTuHnvBA9ox9ohgK6V4ns6E1SvdVRAHUEMpXZgScMavs
solana,GEZ8BNsFX96GCoSNzveSH9hHAXP6nmKmXpR59EKCtx2H
solana,2moDsENWJFKeJ8cK6ZB2otAKHPxfFvuSwJ4rDjwtoNmQ
solana,Ei2dFLoiiMqw5heWbkxNPzpm3o8SWVKTSTp6nhJwkqJ6
solana,ERHDoZUyi4cTXX3NK7iej2ekKM98A4ChJADB9bjzwxfN
solana,GfN64YCRhMNgW65eBMpsZPajKrGAYEjtKWckz7x1coeC
solana,J3MjH6Ai1fUspCYSvDJxptg8EzAoBRAuBcHyaqtDe5pM
solana,71ByJRTFPHajgVzbc9rtxdpuogn6d7YCTGALpvnRXvgM
solana,AdTvitwhgVZogBU2Tg2NB9oMUu7xVVv9aGa9UL2wGbSH
solana,HVoDDusR87jNe829oLKrBTZhBbZiyQeAyT7nUJYk42Cu
solana,47EbBRLVb63jNgr97WrwRz7KqHB4jYPB7K8ZFPbPiuX9
solana,G6u4zJxaHjAJ6JwAvrjfJ9NSj6spEu1Wx5mQUqSdkv6F
solana,3p8zUSUnzjyk8SzSzMg9zYCpvMwVxnprWx4EvR95qaNb
solana,5j3tM7rTD5Ffax2b5ZjNfdVoy9EPRjkVM1QXjn1bog1X
solana,2XPpC3Fene6N3HEjBqxrqiD1W4g5mXPwbUsMgJGPoXQ4
solana,BPPZjdHD47a4T9J4RkmGgqVMtoKj13d4oNjSfbPvHy4V
solana,5pV6oZqfPjAJpnDAMcLSsrLjiLtPLTZP3gg9NzGSAMCq
solana,EcgucNhh3cELwFJ9HbFrkM9nsec5ooEDLrmWhpTtb5YW
solana,DFqkhWQG23BDmhQA3MV9JVmcij4UXdVNMpcfQMjrQ1ef
solana,Cy3k7GYo2CAYXWFJ8fZqvjSnFT74QtVzPLrXK5owwR56
solana,8B25KgGHgrPi1DjznZ3dtX1wsCibYkcNpTyMYVCNYT1L
solana,Cfr2M3pk9uE9PANbuyNEAAuCywWNiTQLvenMz9MHjA3u
solana,42ma2u8sokFXrZYeXEa7iMaYCkvHt5Mw75AHieYtBCvT
solana,3qJhgDABdHBtd23Z6p9b2xi6tfjo8txk1EJWkMwrjFWt
solana,9eUJoMPrgaf2Y3CNMG9P5BST54yw84rEgKB2MFkSJnDp
solana,AJz5Zx8L5mHUHT5rKbY2TdzTxBcXVTLpLXp1EgVKZomM
solana,27PJVEgFk9cx2bjvGjwp9Z75H26CUcXfJSKHoB1nzJpK
solana,DRKCZyhsWj8dqfGE1Zvb9Wr4zm8NUe3ebD1rccVsu2F6
solana,yrKHkoxeBB3WaS3cZR8dJYkzKc6EuA3yysipg2GybKM
solana,GtZ72ZrNjpVJ2dkLfUw6qDVeL8RgFRvhh1jJ7WVyRbqj
solana,78uMhdUS1tGYw9bJ6gPvU8YWiVqYAASf7L3GjUAZwJRs
solana,eCjpW52VPatUdgRzeDgnHhB7q9jRZTj2rWLW9Ts7jMW
solana,4p6JN28KzdkR3zAWxm3kPYjP5rnbQ5Zvs6dFkiGG14HN
solana,5DjRDpxM6jBu5oByguTxeaNsx5Dp1kafNEEeoqAboTeF
solana,3Ao8n5Czbg31CtJY45rXzBXkyoApcUZmx96SmTv6SAA5
solana,2E4w48z837Q185v5qGaDPgsvC3hFMN6VjpcZNYoNFig7
solana,HqPc1pG2tbn57GbodjThqGynFkn4hHCBWXTjUpsTuJU
solana,8c2f9zk85UVkTLRgrLNrmaRnaamxqJJtkgqSnTiiKDJY
solana,84zMvJq5ZbqvmpWfudUqkCRTSDfv6iNNH7dVCXXwF71o
solana,Cyq74vWRwX8UCJLLvmTHFsH9kEkB91i78aEccJjJUDRi
solana,2BG3GBc2Kq48wRxro7eS1EwDp9MabAHpfggB32bqzzYR
solana,4PdvCy4jB9NWbC8abz9YdaBK8cZaXjcQE2Z84fFg9dR6
solana,BMEYVgQ9Q8xBe5YgVwLG3zsQj6NQhGUBZvowGw1aqSKV
solana,2u3zrwApu7bWaYoCjqpqxXYfyaGrwSHKsHwyrcA2b8v2
solana,3RQpmCPdjZwt8Ju8PeqqkR4HwHtHMacUMiqCmZCjDcjC
solana,EDsRBxZ5fh5KEcwCGvxyjqfVL5H8wZ9izQek4gN92FW9
solana,HEUpycRhVRUbX7LnPtUADCDvgHiWUQGy1g5mJuxSM1dd
solana,8CCpiGYfrbLGhPZ1SNzhw6RZFVAGueSa4Ma794FjTvbW
solana,2a4imCVbDQK2qCUXPX7u3gFgLxWPKcYP64kvtfQGRbkw
solana,2Swoo7koE9VFNu5uH8ZgjwN4dK4LfGSce54pUC6Agjkq
solana,GJZuAmBppEgRUncYWbamFY33zd3ji8Uv15C6DoyNivMd
solana,tCScZHwMc6AibrSvV6RJ27gTKtEBDceamSrnUGADpuC
solana,CTCdVz9zj2YnjnxC1Z8jh9XjPPiATvetoCHhDJ17R4KH
solana,2stmurQa7C19Met7AammgY8nhuG6FvkeoJ7nup6P47cb
solana,2799eBTtMoveBWmRfB9KvDwnCxv7MVqXXn8WCpSa72pK
solana,DMqLZ4XtaNBd6k7xHtjMw6LXN3GUSYRwc1yQ9KiuKhG9
solana,7p18gzw5VGAcSkq21rhnjXNsWnz7aGeePCVdjV6vQrzD
solana,94eNosHCgRZkBw3kqnCUepVFTsbe24HVh8b3EfV5q7Xi
solana,9Ei4ekqCHhuWLjVF3U3jmz2dJMcz5NutedyNotsiZ1Uq
solana,6irhVhL3bGjasH1JmyZpepuUk1LKEgV6wx2KE8xFpZsL
solana,8euTkGaKAFgUFG54m12ETzYKTYABDrKduhocKudq3RNn
solana,3s4cztaRAXpfoAuW7WPXYJ6v278qMeBhoYVKv8DmLFsd
solana,6mAdwp1YVnjwLgrQdMrazntCMeFBZu1p5gLiZ9d9p1F1
solana,HC2Jj5rH6sBYR6xTpUgoX1GzkZHuHpYiVvev1XpGAYvK
solana,HMZ3vhfyQVLkZMwYMQ1YRQgqtaU7BWivH9XmTtjowzAb
solana,C4st4SpKkYeNZKnm83fjqoNozEKGoWPVkbN9PB1Q2rdd
solana,ERFA2EQp8snw6nqsJmn5MzBpz5upRS1VrpTE5sQhzxnS
solana,3NQezMoqtFqJUiSyW7unvBeLJF8WdL85MEWWZNby7ugC
solana,44WVC1zAR9qCyePnYyYUnS3GL9BXVRD21Aq5e2SWTVRQ
solana,95rDbtZCCivoPapNgzMej4ChwQLprKXkuKtWzbvPFTB8
solana,CLs11GCcTPKxwnvRaqZLKAv6BjFEzthftS3AwvqyHkDS
solana,CRvyi3dsh21Eo6UEgk39wKQQEYRtdUYrFkmQYBX42RyC
solana,7rTwrSorMZAVAMNz8UeDrcdRTep853LtAZ5MERDwShYF
solana,HpSKpU1Ermpi2DvHB6fwpeSLmsjDUYqtLtggFc4czE7G
solana,CjyAfn42PVF87uEB8k9eEH4wYj3EKoU6UJgkEAnaiBKZ
solana,wQq6SeRGvJ9HDiE4TvR8P1hBY6wanrFQJfDDuwGrfpY
solana,2ARUwbU3ZDFMKoLKaX61vV4NZXnXChqkhD4V2Bd6MLFx
solana,ESj4ERjUMjsRy4TG5Q1ASJuPHa6Gm2scgqrpxHFonNJt
solana,36EkuQRgW5g9Dv2LfjkRGFxk2FNunhp4NtrjwHgvjHWh
solana,8eLQ23Rp8o49d9ATrKU7qa2Ap7Qf1oWn7rQyuUZNdN2t
solana,EPUUHVD3G78F5EUttFbBT8ttooZZJBD3aUhTGFgerSoZ
solana,7yZtnjF3Mmn61LKewm5bJ2yjye8sEK9pcYRUTzEwBwtY
solana,tVMHPVVkYQvfL5bYJZW2dfLea5ETxfsGYeoNjSqGGqo
solana,Aj7eh5DyzHBSQVWwfFhiCKRZj2fPQKedDh6iuWiFLFVE
solana,6HS85AVh3fs7HLzEoyYSEgptFpvTMcbiHGdpxa8BJXGz
solana,EAAUygSApqyEaadE6o3BjunxScreoPMJ4R53MPgnwvaN
solana,Er3YbtDdw7pkbSvhZ6DfJhBU3sSsYifoRQty1VeySWcV
solana,Hc8qqDANSRaekvNxVsLxgQnPAyegRY9sjXhm5AKmJSJi
solana,EV29o256mL7zJd3kREbysYRZ7bGo3zZgGdpze9Bn9qT8
solana,2cuGgQ7cJ7xRQEFufVYk6twfXqTLsbQbWnW4dKU3DjCS
solana,2qUubF9qbUebVZ8rhvuonY4HVWvEieQzh8w12HqGY2QD
solana,EFoUKHuUZVCeLaToGTXBWXzkMEckU7cqQKy5NYgpmFxg
solana,74eb2JnfLR62tRdo34Fb2pCPAn1kyL3s2goS76SmfT4D
solana,AaJdgbTnxAyncQKUyKBHNFYkQeANsjWRKiqeAyFQLeHQ
solana,BrTHdngS7z8GRADFvxvTwkhbMLno2crBFWaYZnJvhVYb
solana,3G66y6MWVo4eztti6seFFRe1TFeRYQtib67FHxHvcY2e
solana,8EAWwEYdJe87NZ1tfphoQ23UXyzFW7UcW3mqbDW8zopP
solana,5Ebpbtj5kB3tt3GVM8wJymNnTsk1VxZP2iRof8W64KV5
solana,7EJzcQfGwe1ru9C75YfEv5hWe6JwBtK8mpeQrdYVoAff
solana,AXvYKmMF5d8UkpgKCzn19XoFfpPPZYXNDJssWYYBBSX4
solana,6J68ECNzrGHbMf43uAXT752cLXZdYhHJDGvDUpHwkmyM
solana,ApxhsE4Ljuynaax8w7PsYQ5FoLz2BtnZEoEMfVk5h32n
solana,2YFpMaU28XDYFAQAptU42iVPUAogZt7HDEtvHE8RbceL
solana,ADz9mto4uf1MZpatu4SdqBYmXgqimjUM8QmtSyU4nd6v
solana,GkGbuqVCSpwv2yRezsrkd5NvYbU5iy1aXnGJD7R4SgfG
solana,GXjvxPBzAdjaMPnmgKaATPXJKGAWmJm9cvWMCWEHEHna
solana,FsoBDgfK4BZtAVXz9obR9CVEVzzTzLrkVNJEufc6Kw73
solana,CnDV85YuETFkRAPnwNpjQGq6k8gxx9WQ5fU8k6Vp93V4
solana,J143oPfi1jeespKg6BaTyxTS7sdoeLk3e6u1SFZmN8DA
solana,DLQBj7CsjabFfxJEF9rKrhv5tVkYp5cdVJCNAHkMKt6F
solana,8NyQGeTCkFDQje11gwkHdpqu1maX87M3P49MUMjCe3Ni
solana,DvoAwEwM4eS7qM5zxKRfRD5FquSeDNyvKsgsAyB816LQ
solana,39bszjv5RqKfk1pHPg5CAHZUbtqiAV7TswDivVcNhfhs
solana,3DbkuckFurCLGTV3jS2xRgMvFdxdRfJLpFHBaRpMpydu
solana,9vYoJ6T6YxmJgQoR4eScJ5NGo1tfdCDY5njVbXgUTPF2
solana,3S7mDpjxw5tB6WAJHt4ayzbo7kgzxk9dG59UJRuVhXtL
solana,5JLdSEPHFZ6AxxDsCwx3TkNj2EVhyR4HTdenobvSHBUS
solana,Hns7q4NBbGkU3SBWWNMcatQPDRdtNXXUZcBcfpXHUQzU
solana,8wqrpzLM6g4LhdNLHuGyCc4LuxMeztpkinghxAS7RuAX
solana,HCWoRoMY7sdgKGGdJUpvqseFAWQnUgqXA2KXMRYFDVxX
solana,Gp4xcmTUsGkLyJVjVYMygyvmSsJSWHabQ4XAWjdfsqYm
solana,EKL1CPFJzpfgJjVrCBn2KjkV572uPDsNm5C539TpXzgS
solana,FowP1PVR9G5r96M559s7RFpZ3kREuN82ZuKMLi5Y18Hx
solana,GNuaYDCSaRdxJtvVVunFyyTYtDpviLBUF8Kp3FqPUU2V
solana,3oqjExtc9pqQAVYkWVSAcWKcvi7kRsvboMAnxo4KQ4dp
solana,5DvniaR3FkabMyboDiNnvx7ucKfzT1aeMkvgZteDWEVv
solana,CVHSrL63zhGw7H5NAkdBehgvF91ujVHGjPT2QJ71SReB
solana,35UkeeZ9nXifajmHBHk9jfVCmXcx57Qb3yiG3w9G6baG
solana,Hg2xRr4CRHfuQQafo2RdXyRGzeprcmahQ7TSCjquxDog
solana,85mdxiucRqkXAEVBFVG6togD4rNbjFwxr3jL1MRUD3hN
solana,9DT9dMVfbPPfoRQt5Feg5WHsLUN89pcupUF2gryuUcUM
solana,FouBRhUesJEdD3RujHW5RuyUybe2eazdDDXzKcyMjKBw
solana,4x8M8EJQ4ggDzyee9yeuSL4xnTp1SnHae9Bk7HKiQexP
solana,8hH4YVpcwZYBaJdQCaTgm5YnFZUyRKTSQWnzwpbvvZwN
solana,BA2at87jnZEbxVdnTo3suKem4ckjd5j4YXgkdMP8dZ7F
solana,42ZpmvqFf1EGeUJ4Q4Cq2oDgG9w8GFKBTdZ3LgnQuPtF
solana,7uznCkp2UkZ8VShzZtjBKcC94knxuhuZnVdjHQ7LXEyU
solana,AHW7NbTNnbbzQVZhixiurbzA614t22sNFsnjabQPtan7
solana,BPDsPSLxsaaAVMB1D6dRc2nFztgN8cznoBvk1BfyDX5R
solana,DM9WWg56tHDsGEYsz67vb3c9VMpvPT7fibYKbQRgC8pT
solana,26zZ2b8s8gVdhCkycq1kCQFXQMeJQ8CnLqNThdDJAtvP
solana,51xbdkt3eGWeTF6L8UfhP9FTzvbCcBoGGFxXH5WeYdsG
solana,2qqPs6JuaD8xVz5huPnFf8sFNnT19a3tVTzsAsY7APqt
solana,DCdoUQy2WiNkLP6u498LCX187CETak9ZZteKfjiy968d
solana,7Ce3CEG7KD1zaAYHPVwkB3neGnspFrJm2isJ3v1enPht
solana,2Xoz6FTPZf6CbJ2mUBM2iCUVjBZA5GCNvkn7ZqqwozVm
solana,2RcTK1YDxN22gW4NnLTp2eLy9wfAoS672KMwnhFZrCt2
solana,489a1UeLzQVBpq1pXVqGuT8gadDcNdCE16m4jmfpt8vH
solana,J179d5ykTu784ec3L8pD8tCw4macvJ2TEnFqLz7U2WE7
solana,BeduKwBJfNBAYjGmb9sbnLDpHPGwvNvobytwzpumpbqh
solana,GYrMe8meYtg6RivNdK9iZTYT7gcN9P74Buj325EdD4bY
solana,A8pP33Vg46SF1kCb5ULMQCoMWVoJC9NtSXNA2Grovu84
solana,AUH7VfAxkXisKERpE1Sxzi9CugWusMRJbH8qAfPUdW38
solana,2zpHo8Gor5v1b3coNg3AmzCkzcYU6ui8XGzPQ5GRD5JW
solana,J3rzfdATGjJ3TPtJ2gWukzTcuV3gRYZkqV96Dw9FwAsZ
solana,7PiVrpuyQbddE6SZVoF85vV92cdidUjd5PxbfhBgDngu
solana,8UJvgnhh1JqWK8Ejvh4zth3hnNP6XkTAkhGxExqjGKFh
solana,BGwwLDw2tFnVPn29bk74QfMYyCbZhwnd14wWoK9bhpNS
solana,DDSUttWRFFZnMCzswjTdt3616eQtX414qehyG2QVHDHf
solana,nXfCS8Ek2HrBuvjEm8U2RgwjkoCVYBtYURxVEyuB4RT
solana,CdJVDa4gWvvpgiPoTP7dhXMi5XiqXYWMWkzZohzvMRyb
solana,49iX1Uk8xHHTW6uzw6NEW5tyEN8erAHcSPvNxGR2TjFi
solana,2KS8BarpKE9AmZtT15FGsx6yzkZbF9rSNAKJZzd66eDr
solana,9R3kYQGCD5nBhE8xVbBwywDRJ7g8W6uuxgsUvQK1f9j9
solana,cEjgAV5LApGngXmYDNEzCABG3KYCGQ8bsyyuEPVLFgr
solana,9uDZS1K9PndK2YXEaF2Pfq9ERwPziQrdkd5Lhgsg6yKr
solana,34WYTivnV1Jxvnn9yRS19sExvVaRQZpJPpS4Dhw5c8ct
solana,7Vmd5HuUSxcupLxCjGdHtWmNdexJP2xFxwZAVRhzcui
solana,Gwt4HPn3JxSvvUXL5LWx9LzJs5SHhsG6pG6vpskXsD2E
solana,GNvaxpzvdUbciKGKsGBroQBQbwV2a6RQsWdV1iSj34yg
solana,JBHdiaAnXoSJCKK4E6GWfczLvtR5g1BYqm9HuFGPwyvb
solana,6f8kjfW2v2QuD25zdbS6wwrkEKSDo9sKELMfAciB6kqn
solana,7S4WYzBQ7Vt5uXUqCuoPzCtWQrJpRqNpJWRHEnhZjeWC
solana,CY8eM8v3p3ACo9QZL4FyuFFxzxwQWCvNarLvR29qQNVS
solana,4Wg94Hth977Sp6LaCbULwgtyqHdJDCjryZh6BhE5gbmS
solana,CUtbBBMJPNNZg8gQaByW8XrSE5eMSpSWQg3Entsexk1A
solana,AYBjy2csjrS4LLghuRr17wLPN21KzrcNm9yNTAdVSrRv
solana,8fLqc5vbUqKBExyNm9R7PHNTFxe2L5UYdKz4CDSPuMVS
solana,3YCjEtUQZaaMefV8suLz1QVMJWmfCe3GFSemGdbn72MU
solana,AeBJwza7ebN5xv39MXNcX48iRixCCbYyJUtWcdqDJbXu
solana,4MV89mPw27cFAiA7Qw2AwS7aqYhAsSuCAXgbp6iBcvw7
solana,3RFVqSh724Hz22E6Yc5x3336YALCGMADPSyFLqvBLCAP
solana,AegkWGtgp9KdAupnXrPQBCjeMrA7ZZNHea4NyqmY9xSG
solana,DDsKGseWZdyvaFz6e658VEVDY7fkzvAnBBX91rkn8Hyr
solana,CYxgqd8wcK1QDixcW1UqTHdnY9MLgs9RfLRA1CFSCMNY
solana,AatEXSdea8QJs4FTj4eAVSLgLUonFZ4zZNXn14gmbghJ
solana,AxXLLNWdA5TUeFJzuv1W29i6KKJfhjhvpP8XnpeDbETE
solana,FogiYGGgHWwecHiJjuNJmFN95FXx5w8hyJ9QkWG2yCgY
solana,A7PvEszWMuCoFweBMsjrWgJSxZeyXGQw139xrWLxufGz
solana,HgEwar1XELjcQ7ioM7Pvbj4tR6129nxJyAtFchcL89Rt
solana,JBkiyR3kBwzCDd9uFoSFKjfFi6FwTnQ2U4FUSVjdLt1G
solana,7GLmP4SKWVfokQe7ZGc7oHbmKH5DDn5XN1wLi7vd4mnN
solana,4htP1x6v3eyZqSRHQrRBe9pyEpop2HxN84Uqiz8WGwTb
solana,Gde66DJ8krJPfMvqR68U9N24Jb2prEMg8MraG6tyVXtg
solana,BPrxWDmaGdGM3vXa4QEL5vFhbRDmjERzjR4Zqaj2QxVi
solana,2ZLnMdWeAT3uiu5NMMJMXWQUUB4GnVLAVg97EsGX9NHp
solana,BoxgN52YBCovpUYPZZCitU76daC76cwGJCotvV7CbKQ1
solana,Axq17KSoKkXzZZgfLgSbgqa6DJgv8UwEv267DQKXfvUn
solana,9p2XVJKgGyQVbPeaCZL1WfPAproHQKt5WPe3RX5vMv6e
solana,EfJ7ieJ14HTUBvJELALAZNidnudPgiw1TBPFBwfxomB
solana,DUatVJ6vngh6HXYcN7CuvK7YnMzSyh6FGfDQv9K3d5Yb
solana,CvcDYxSxDYxFRK1fYu6KYz5smbegPyYsT5dZzCDkZxpe
solana,D8KrFk3fYZwQsP31C5B259tVzthuZ1EGsgQZSnthU595
solana,Dms5piJfrvi7GPEzBFoPemaXi1Y51D9k3U2zjEpyWBsB
solana,4ATztEhGBNvEBp5akuqmPG3bA44arLZXsTJCFYC8AaFG
solana,7SqNEtvq96qxC3oEbLeSfZVCPdttJzKmcRspzqL2tRmU
solana,Fy7bf3kdMfPgL18YGBHhmNrJdW5g3yhbP8qyWxZQPQW4
solana,9s5JXev2AUw4byECfi4VHwitE5cioAGdKKzoEypmLJKL
solana,D3FmnPpzqbU8JJ28H2PGKi3tbMXLrN71MvqX8kg38hYJ
solana,7gY6xUyXtYyqrKYfn6AURwdHfzHDSasSKWoh8zvuzSvY
solana,HkKW3hQY98T2bZZXif9EwzCeFRPg2sHhkfhcRySA5BVV
solana,2TkMEHw9gi9dkBrofTVF11DYd2dd6d8oRdnRHb4DQCU2
solana,9cRom8cCYzxLPQefN1Ss4mefMMi88YEcn8bxqEEizneK
solana,CpYhqvzN4QPtgaShKqezzHf5HEjMgrQpysQrrUQMk1X1
solana,EsVXU9hPC7ZETXo2iaiyP26pGmra92o8CKGkKQygjb3a
solana,6k8QydDs2ScgSuRzxEaJMxUsSXjFtR1MTkg7QvTvRymK
solana,4b5Y2wYcD6wjiBSrWNZPQNRBGgFyQSbvN4hbC77UnYEm
solana,HBxUozk72SCiLMRqk3aZ6ZUyEjSE93r113415HRunw2D
solana,FJW7M1fepXHJE4zh2brNd1WiK5yVid4hDyPAkic4nxaF
solana,FEagAYDUzARVkYhD7Tm3j7CEzFbKKR9jeVSagjsKeYsV
solana,4NDwSfkaKuKS3X3bPQJjcsN2GsbXNKkgdXtG8ZJa2qCn
solana,HBWM1oKJYNvvLaCCvtLiK5UucCPrtLfLgYLAVGwqXfVb
solana,97CehPiRYNy6VCdU9SDELnWHCT45u5YM5Kqm5Ba6CdeP
solana,GxDPX3JtMKVPwuZ4FasDNsQ5kBTNaVBnyq7eHBhm55B7
solana,C3pd9dBB6DW2xwbK1JSCHsEb6mYH8vAUzhYSeDFewVhV
solana,CnEyMKfAfKErWT1NGT8MPA4BA83559QgANpoyQxiwAXc
solana,6f8mQwhSeVP7j1YfEvYqE4bcx4uuXdbYaXnYRYEjJBkS
solana,5mdnEFSCb3sMYw7k8UP9X43mFPPucbMGvC3iP3rE4QC
solana,4jhXAz35gpY7oM9zG9Nd4yxWB59aC3kyYcB2575JAii6
solana,ArD23NKTHVykdTJKd81ARfb8D2erFSGQEGXFhNkAg79Q
solana,S6EKqvPvyKt7zdYQzF5vPeAcPiTDpJfgbLTXHiMwqot
solana,9w1ukr8L55oVcNowWdycM8FHHnpeRP3yDNkAAyFhDAi
solana,CQC8eENpiCaBFbv29GUkVpsW1sp5Ggt7xnumLPK2K2y5
solana,E9i7zCMkPDjJq5RCvKQyZTJw7Q6GzZLALBXKXeXJ2UmD
solana,7kKtDG4tGkUm7LF75q2ywjTbUNQce7EHkpt6J2dDT4Em
solana,AQ5Fdfth71cgVMo1gGcRvMQUjQoC9V7vy6GEK1z1tNqZ
solana,3YKfbuSK2WKXtw6YEmYsQMkt7kSQFsFfDD84VFaoKFw2
solana,J91BiDDEKV9y6ieESu355dPjRjc8GEnSTY53oT9jhXAV
solana,8coZ8uVqJ3hyL65sMdVVwCm8wjexGE3qPicVqoxsTNoo
solana,2d5ueLSwdGqsiTyPxJMMjoqCKGU9EYqU8RgpLpmEZF6o
solana,EvFu2M9Fayye5mZeqBdTy33Tsr2izX3TovJM5fcb3x6R
solana,Ci736984yDkaFpP5ZyciUccBZxveRgb8nEtoYn7cZpyw
solana,8KxULj6aL7HDdS4tLpDpbuTVWwZBu6tr7ntDHWB25zai
solana,5TRFaxarufuaRvujeiTfYecp6HCHSDtbQ4RWccAoxPQM
solana,E4PZ2hURuuTGHtT5Ko588Mreuu2ybxx3MUjqEcpAGXox
solana,DTWe9VgVECMzJDGsB5ce1p73RMJ67Etgw3qn5hwcMMP2
solana,H66iLjvjKNZbm2J5GtQWvraCP7mMPPF3DromJecNTubD
solana,5EakauNGrNsjPWeFbR3m453MQLhDd2toMoMS3XQkJuB1
solana,8NFgdhqBAakBEumHTzzduqr2diwJpWdZQ7MJh5uHt5w
solana,6xXiGxP8CvswGAxzKaL4NSdCNGkYRUR2awTrShgpd3tr
solana,CbnNQRtq1kEjcqspEd4erds2tH7ZtpPs4pEtt25JmMdu
solana,96s1Ehrsw1DEPQf2dM1BMCMuzGkTUTaZ1pSm4ushzNyx
solana,8SEhv4VN8RroZxigdQPCKwfmyU6Z49NMaGM1EKesHAKr
solana,EaQL6meZQsoHhbshLCEEpzF1ogWddLEA8oqWQ7wjJF48
solana,EX2qciijqRxpMmVVQzotjWmBE9TdZRhUL1do5iLuyrCB
solana,CLRYzST7LdgDTMRHM5YDtmtboZJ5EMvnuz6SSKeM8axP
solana,5biEp6kktgYsXrndJ4pxY1jY1tn3MMakty2isxA4v8cA
solana,J3Tkx7y84AzjQFDFFEpmuV2Gm53m8mH9G3d1rbZ6bdjG
solana,6YPyt6NuBvEtam9qW3ffQ2ZxcibQheLag85CZfUCNgMg
solana,4tQ24u4VWYeY5vfvwJwbrsghaWNyJTm8uKmsCXD1Cnc2
solana,ASThFgyFzkgxCVoypZLda4zaw2URwSnSQqyBQDLweBsh
solana,3PYkKZWFq2xCDkHtK6rzAUteU2P6pPmtHqqTxsbW2wYW
solana,BBv2FC4Fh8sNXWyQU1vgZ25S7AnkqMsBcX1g57JuNcmL
solana,F6EdZ6RFAiAoMpFfarH8K5Kq8EikJP1xuVxg8jQ5TXaH
solana,DPpU4vkdYLqn4xxxQ6aKiB4B8jCAYBcSBLchcXCucKTT
solana,CibfsDLt89YrTDccxzc4QFVWYtc4937TDSwyTGYp8aJi
solana,GppUGenwKExDvZB3vrpnLLd3rhAe8uoD9RL5Dr7rFozB
solana,29sUvASpCRjrnBbskZhoWABpvxJQVNdSSMUtKtdEqU7F
solana,DDmcDXt2xwXAeAFy1UpiB8CEuJapTrDMZ6ezUV3og5yh
solana,29Lo5SRYXZoB6xbDL4v2UnW3c1J7zm52kSqLLBwpb26a
solana,FrQ3iogX7Km2Fd46tQs2k6jbgSejV3RM1Z1KJt1zkpni
solana,DfpnefPefN3chHAGWnAh9n6tmGTFqkDt1R9j33pk61BL
solana,EC3EkMm41ByJKTR7NbbvxuJ4cHAWUySt274erq9fx5uC
solana,4wCU5MrwhEPeB9xQwjfqmWFrWnyLg5UcE9ubNPS1Nc57
solana,9pNWDTL7F3CtBmdx2G7F9fhVLSDzrYfoCXjrHtwWLWXx
solana,7p6cqZxZJ8wgh19fMZXfJBda1bAuQCS8Dv5fEEokXYrD
solana,pZng5nW4i4zXeJJANZ6GjAbvGARdwSqLrzBxwXiAUeT
solana,FMFsRFYTg8ae4pucmypQaVGYXEXPG2g9SrK2S4VLTSJS
solana,Ehu4hASaUVt2yXu4CDw2UEnoZMaqfeYuaZGkwShffF3f
solana,GB4ytjJrwuBKHHjKGtRaYL7jFhiip15EyUvQRkQSyoPu
solana,97E62w7uwfoJCeG9rt2kaN3C6o5ehVQT1QM9ArG9ZZQQ
solana,FRZeQJsrqxcGJGAtgN2fT94MCQpUsgfhgS3AtYuKKWe
solana,C285zUzcD9y1buoorHKt2abYpEVHh8chHeDGeMVeqPC3
solana,4nr458Jbi174mKXwBdPkhk6EVggyqPLCGpoVNBEyZg7g
solana,EE8qWfTGjEoxTkUWajq1jqRDqTRP3ZxiGbaJBgo5CKLs
solana,EFxqBUtY9btjn182cAeSoveAyFQ3FTRhFm19kWffdEkN
solana,37jNFtsUKfLuqcAzAQY4v9owRh2XDtD3fG4XipLutxHH
solana,Hobzx1EPAYpt9jsFJ73zVJ9LAfgnyhShKNtENJTEPDpY
solana,5thimqhPjjWNuuMKi3grnkzw7N2vettAFm7dS44Yz5R3
solana,HS3An6G3BZamCPCkBbKHgBskZzYxpoR2WphQAJdQz2FB
solana,4GLCPRKGYpgLyb9ghG27D84woVWpFuMhNDJ8quxhdG9u
solana,HbfqDXkRMKHignpncd1WPrFMTVk6r1npwtMwCmKHUPnG
solana,AW73DLbtT4qSu6Ac5khWGeeerrBfSSkFa6HrUh4SWdob
solana,GVuDk6KbiQcGcNycjH9o37snzUKDGJHmpvD2m8T5rLnX
solana,CNGHdcGakWbiWn5TewA4Z4giJhKoataYUJgi2BsmbUBw
solana,EesfpZuzcy5yABtRFod3cGELgZ1cxg7eq3qw18sQjfCn
solana,8VrJZEzb47WgUPTZRnNvk46iyGcXZRmBYEgabES1xWFZ
solana,EEq2W4xFL8kEPM7NvUWyRjVSMAuvFHQErkjrbQ9EFUXv
solana,8ro5jUBa9syiKNrfbdGD3ZpdBBBn6YuUW29vcwkmX3Hu
solana,7666uxKnC2X5SSo77NFhARGpYWbwm3J6DV9U9NLZLHy5
solana,GHso5LtBdjk2Lffnwcy7TqyaugebD4euShmCVqB6Mbus
solana,CF7RxJ8mTaL3gch8vqr9VYEi44ZHHK4XhshRwmWSUdLU
solana,xphwKt4CnXe9qgWCB3xbMSJT8t8qE1Gp5h5Gz2dntAj
solana,Fjq6sDUjkaPBYnGcfV8NSbKKne1h5zpdQdEwRnBf71Rt
solana,5WpB9Qx2hs3GBSrBBsXV1CaBCaMXdaw2BNDWPSpejoFY
solana,EuFDkvEEXdjNpvPTRM3McmhqK8mBgcWo3cveZ943pajC
solana,5TPhR1y2gzMDtUxkevS9Dpc7FNEULShkPAV84HhfXKw4
solana,CYKLHewzNpUAUCZvErwy7M634Lrv8wEuBEZQhad7b63o
solana,7h5CnwXxTkaF3MY8Dv72JZKXen92APb3g5a2ofSqcyVg
solana,AvZWUe6tktkDiPbvysg24PuG7GY8mFhpCrmdNe1AWoUr
solana,DZ1DLiMh5ByKxxotCiXF9DhdMQWzH4ZEsN938162pNas
solana,6wpB7DLSH7UwRfygS7oqRSEU8CdKre1KwJnkPCjhNius
solana,AbAERSoMkBEEKcxJ2jkK5gphmUA6mBv4S8zGy8GNZ16C
solana,CfvF5tZoqS6nz3kdAa5RV78N8n4ncHkYNwD3Se6ecC3Y
solana,HseP15f2Lxz9qmwa8njD4pZzPS3GxcmFtahneppTEdKg
solana,5HtrTaRPNoCukMpS46HJsHZu66Ro8CZEMVmArS5FD9j6
solana,H1sxNjHFxy5EtxEZYRJXqCwn9p8Bdtjqt9z7AqMMG7ao
solana,GypEPoXNeWXXyLhp2LvnJTDfxqTvPbHnFxrES9CbHgaL
solana,98W18vq7Kea7qyewq5ELjJ3gZwQpCYposmCJkbfgrsi3
solana,E1cmztdtTyVaBqGnXbZNM7XYoF9ZqSFRozXWcF55C8eB
solana,GGetx6ThS2jf9A7649GtVc2789PjtTWJhqPPKxUwVsYX
solana,7zPkZmqognnWviJD1Gy6Q4WyX75F72U49V2VTdZPaYYH
solana,7j4p4x1yFYHtApb1GSFopwRfNe4rXr3LdeLGHTgnt2VA
solana,2yVMiNDsdo49LawTCZWp8ThUJqEo3cMSrzePAtHrX7o9
solana,2ywpVWehyPrQZMSwieG661QcJfQYQPJE5r2xbPqYS5Ev
solana,ARFC9KFwXCdBeJtJNGZSAEQbuXKw6i2QnBzgx2H5R2vS
solana,G9mzASt47uxnnpdNcW3evnRzjHvmE73zR9Au6Zxtiqvt
solana,2Jbb2r15PvAcx3pZKvwfyNTe5YxQPkyXZZNFaYKe1eyD
solana,B6fFaLMFaTSF6Z4WAspZVyx3iMdUT1dvUatNihjhVYo8
solana,JBR9dfseLn6ftQDhx8dksWR2nkithg8p3WswtZ8AQzpQ
solana,3hjVUmQP4nbTGLsfvqDmqxEQrPuPngUdvNtbEXmQWNYJ
solana,4iaohQ5PgGH6wJ7ra7Pv5EhDr6Haq6qW9fVozv7r95UR
solana,HfcSv5gDYxNLegi76DgxRZMTpQr6iFaAXp3dKvmzkuSk
solana,9jHXHRuDj7yC6PuykEPp3etQJQUDpnvUZjFXoQgzzTwn
solana,92Ap9dcSVxJW3Bwkwz9fUfQRF4PZaQThnUubiUozeTq7
solana,2a7wFHiTBpzLV9VXm4zDcn63QHRtXpMx8aYfae2VBvac
solana,4SsvTNDuCxybViTZwkCet69GzAJFnM79djKKQYjaYt1N
solana,BbWgjXnh4UJtAxdVXyNP5mR1LJF48rS3cdnAA6Kh9tNQ
solana,3KaEi3ZqTf22TCZqum6u5vmBP5c5yJor9hnPCrb64YJi
solana,Bduck48rfyP3mfkZqRYYnLQuqHM21dSvDxrELd9zoSi9
solana,AkhG5uVzG9wwYG3Br6pbv7NHFfhzarzuKZkBbPCuTc45
solana,GJ3ib4pE3vXgrXzJqkVhZs3VKPiZEhEXpaVkwWwtbyk4
solana,DLfwfexb12YEBv2eRjiUM1ZUZ6vupXjFu87VMZwWPQmk
solana,6Hi9CGEUAhiThA1SPsRN6269cC3t4sxh56YDeziAbT7E
solana,6MAsC5a3X6ZkVCtGGr79nC2WFwMghLvCs3P9yaf4cLxQ
solana,2fzyNJMTNLnFqebiqX7XtRNxQvJbgWghw1FW1hdje3i2
solana,BrDJoFzaXXaghAA2ExXwLVHa1kWXcukxfj3vd3Kn1oJ7
solana,77q4AGtBXZCTqaxYNdtpsVjYkhdmfrVD3KKrmWuS2oPx
solana,AKkNsa8aesqJL9o31yYD53xcNPhfFvL4bRZKLvVXMUzv
solana,EnMCBJ77wKCxc2ZoSucuhgxdKqdqhU92LJi5N7Ngxpx5
solana,AvL4fqf5TckW6LhHF1xbg86XhVrC7Bd94c4rNaFJhnte
solana,69kJ7VUjKWLiKZTET17h1iyyhi9hPn7nJr67p7wMaZqw
solana,ByC7PA34FRKpg4wpo2A5mPYYExW7DPPnNeij8eYk546R
solana,Ff7u1ybX8g8cF4hfpKkouGKThH4dYnAJFhDXNUip6o2G
solana,RLEfdDzBxHsvHkCmYJxqUxL3LeuwdXA8pnHpnYJcGPv
solana,BzJ31rHJTQReXZY69eHbWCkEkN82smT4d4s4TJbkHRmp
solana,4tg4zAziMsQR6b6NGbTdb7cgvVNBWuY4Ck9c3wZdjrbX
solana,2rzsGWutcKi8u12Q5xPxijzAvuSj6ACppoRmqLtrfekn
solana,Enj4bRcsxLHjyXW8Gp9RmyHeUgB4LLybBEYZkNr6FF5E
solana,2dRCBJ8cmzNMzyx4NwtsPKu87knP2pj6WCjya1Esgei7
solana,AogSZJR6CaZ4Z1VFPU7u7UpN6x95sWLX3Yn56aWEtsB
solana,HoiUxF4aEqygBTRwjq3AedmKXXGvsrXb7VFFtthdxKgU
solana,5awdv6XDyZtA9bcKvHK7ZCmnWB4r5AQtFFL3XkUi5mZo
solana,2X1JYsjKR5Sb8jVXYG3FNZCsWbe5pqHqNYsNFezJPQDr
solana,4kgsyfm6PzNujk37FAjFtFs1AyGFqVguSKVkmRGg3VJX
solana,AxDUVkoGriFheoZGFyuVYHLyH2u67FCHP8cuf5QyEK3Y
solana,BCfapjit2rmY7jGTK4pjwNbXSqVoZZWe5GdndvgoFai5
solana,Ac6AxpyA3qaLiHN2LYcfPc71geEZW4a8Y19t9H1cUXJu
solana,GXJ8BvCv4AFT2nCe58opdeKHaE6kmWYPBg3LVqm6jFfZ
solana,GzWgbwF67ckpnVimzrJGnzPHytjPPQLNVbT5FgN9Q4Xd
solana,4XCpYNYtAbnGEXzgu5iAP3Dex4hpsCnSSi6CJ5UKEVkp
solana,D9D6oqEZnSeN1Qed2Ff6mx61AGpquLQBXFSj4x1hqM2G
solana,2eYcuJSxqXBDb55Q6Y5nKRfm42dBz89cpy1bSRRrbfMB
solana,EScsQVpfnHNY7zDYFfmwfsVxX2R38mWBHVCZUk269LXu
solana,5fquPT2Sz28FRh5kmnZuJS8AjzrSDxwX2UKgaWAdtRrJ
solana,B5dmC68AK8f2hQddiLJnDkgrAPJfUxkAASayGGWuXDed
solana,63UkLzYvidCNs8qu611i2YoKWu3oQjs7KgbimMB638oV
solana,HkMsmnog3AM9WrCEZmNYfpBxbwNhxyCDnZfx541trbwb
solana,Cjg9jFyvuUNkUz3WJ1p4gksdU7mChZkYTrWsqZkcrnUw
solana,ByDeYHYjX22HhGHMXU1Wd8JT8qJFRHPpnfS4NxvZZ5yJ
solana,HTKAbFvjYDTq4rs8tT7YPLSzgrSs8rHWR68mjrjbDYx7
solana,AFNaJXFwUDGcdreGCMJ9N1T4krHCJ48PrTCcspshzCKP
solana,7CktQBoPHnpn1557MtWhz7KYYxTycP1r7y31cCXFPYei
solana,HxRZB3ttwgUVUvTbDkFW1RnbqXAQTvPUW8SKvHk2ndAQ
solana,B1NYCJo5o6Cc3BzXuZaT3aEuRWSQyZKjTS3e5oc8M2ch
solana,E1oeL8ezKpwvCCK1urnp3BkMjSYUwtQKTuzTnUq5rJ8R
solana,6AwRWYHxHByC3xjfpv33onbvdbDEX3TLTJdDuVFQvmGE
solana,GBDnxmPd5wzEeJCdcDbNTgqUWNiXF5qAh8M37ba7xTfT
solana,EgrE3wvvdYQwVGVaYmnHwVEmVFnnaUVS1MCTGLPw7JeF
solana,6M8iQa25wNiFXH89hqXZ8LZHVoZKa8D1SLGKvW9JqR4x
solana,4XJSCiF8pN1NX7ErY26fK8MwFvuAq1HAbL1drFn2nCeo
solana,2bEcg793F3wuvTxepjnqeo2Z76mebC83s1391j1xdSUe
solana,8NnSyerDACuMTxuB3WU3FCaH2gP5Ruwat9XLEyqSSAjd
solana,Ggh4b9Ec7RfgS6UZiaB1A5AipQ7ndc53Bu8cn4vezoYo
solana,Dq5pScWRiRgCW2M5pB1vd93WwKUj3UBxfpLWqQ7CVawb
solana,BK61qqx1pxGbYsvNTmBqQMgAYBtCCPk5s77h6o6NC9NV
solana,5YuxjKC7jL9ALDhFU761qEDBzaMYMV3yM873fGbNUT7y
solana,EqQtRPZawY5gngJpg5viQVbSnLMj6fy5GVxbpT89NZ9p
solana,7WpYhHYQvQLkfiGRfeMdCvVx7zUTV5FuJsxA81145yMC
solana,DX4WV98GfjcCArp9WmjUP2KxG8dv9QRdnoXUyiTMgX83
solana,BvYbBMYq5NjhmAxrbbHruxSQtk4z15SGYVvBmqerRCHd
solana,7RxMG2YwuF3Djv9TKEFdSHdLAQZjmsiuBFkhMGVnJdE
solana,r66GULydMyvh5YR65XwwJgVWR3t7HF4zMXKaXBEBT5g
solana,khfNEpB1UVM4jND6SmBoy5nhvqFeHNmuWGu9R4uesCW
solana,J541e2JgBZNzTbTcD6SZ6ND5aAeaudQXXhAMygGZ7mD6
solana,CB7PrEV2fu2TuJjkjV8aixiBXcEgZbNaK1JMuZev2KQR
solana,AwzNAmnTk5U9qehwX2eu7FBDR5Hd6nofiTdRUPTjJMCs
solana,DErxsmHjmxiTJwj6iNuHGREwHMBTLLjrgRPBa7nZ46mz
solana,7kZFyo2Pcv8tR3jGXvWu1yVrzDWT3g8WMPw3J9NWbRAs
solana,8w9ZPYhChmBdWU4yZ1v2jBcN35YbTRoP3QSmPeRZc5wL
solana,WEyZPphrQGYtAxW3UBaqMnQWy4txu4scvGg8QCqmBFk
solana,Fy8KBCTy2YEqmTQBLSzLy1UnyySnsd9VdqdmCCXsweif
solana,26sNg2D8P66YbWzk6EbZcncojsgCE8DYS6ziRHita7HV
solana,4oJ6htYh3mETJJRzcYtusg71E19heJdwJur8F5X8TNoA
solana,HhRjB57GuZiqc5q4RZm6Kwy1C8C4vHbX7uamrQeZKd3H
solana,E2yuycj9q5KjfpfCUiobGmo8NBhMUCDD589TKz8W8fYs
solana,By7D5KE56N4x2DTPoB6rVNjNMWpZwXo8D44NvsQvpaPg
solana,Cwh2LTLiw6r2XvzcrFYw4pLh6gpkBxAEQCMfPPyyn8y7
solana,BdnQ1z3EUiJvJ4JCpLu2j7Q6rrfiYGLpay1CEwcksZei
solana,EXk4LE6zhQ7rS86dMfm4eb8TacXmU379B3q1zofpvNTL
solana,3gwKBFF9BhWG1mEQNqVGtkeoodbsBtuzBYKLVi9unPve
solana,EEHwCqy99DwUBqyk7wdWG8rrocUYSQwbRW8hPzj3X1Cy
solana,8rJMobKmx7bke4qeMnsQJibjyURyHmQEUA2aXwd5Px4t
solana,2sXnYDG4nsKTRHntHrBHSgPf8nUEfPkhZNgJT8BSdnVA
solana,J1j1rD93VfteYPHmmFW52ecgxGXkfX3EddpQVuGhWFnm
solana,F1TruahtpiwaimhC7oFRNxE5WsVVCD6AnL5fjWNCEzCh
solana,Dajxy8c1MdXw5TCTs2UXk8UUdPtAeuMxEJF7ye26y4ST
solana,HArSx3YS5Jb1Dbq6tCAFBNYg2w2zNJkCUxgfor71cB79
solana,68awBycHfstcnyrTaHh68Zj24EpjSYYqNrapuA2m5C4S
solana,EcnFd2Aat9VyHDz6bQmgDYqkvhhsVyCuMxmAk3evU91L
solana,7VD5TjtUn5btN1EaqWgE2GnhvN4xiAYENgcJ2DS7RmcQ
solana,Ec6xs8cy9sNZvQ8LqLDEdSA64KmAdiqQGvZrksapJ1tM
solana,2QW7fFGr4cZdyMP8QWTeSmXN4h79KwfV9JFVmE6mGWUh
solana,G62bCwvPr6FfuZHJoG5zCU5nW1W2LXEy22TPCu2eo2AB
solana,7wXY1GyVqxKEhtVWqRQKRFTbmvWSCDooqysdVJyyUWyo
solana,HD8ffFmrbekjeFC5BQEBEwiUPdVRLBrxV5fQxrjnLfwi
solana,De65jinoPzPvLA1EFEEYWdW1yYiZJtCEJiCuZbbi4hY
solana,FzkMp6t5LGxvj3WmpN2oBMTiZ4QwGKLkhAWMFNSvtPfv
solana,Bt5FVhQ9hcaiuHBbimMwUrHKoZESxJTTkMFnRRkpCfQZ
solana,HiS3MxJJ2oDhvRVdHSSVC5GA6quZYg5xXuXisgLpsEK2
solana,66fumNXR4HCosMq7UMQt3rsbEL3CXdZrQofLkFGUxpvC
solana,Ca4gLW5rLTYxAYe9UMbDSDHeCWVYdQAtmdsdx2K8L9UA
solana,BNCwxfZH5Z9MiQoyLsfCAQPtb2isMjoWXyxsLrtLLTwp
solana,3myEZqcEDsy7stdp7HZpcYZBPihzG5mpA7MH2RY8WFBf
solana,5kKLDkNFMhRGjANcGwQYtTXbBqfk1uW8csekMcpukW5h
solana,6M4nVzpfroDabCX6QpdyLtfgCSBEHRhPUsKNozoTYVCr
solana,pcZwZZ4NuxFhqdcpFv1gAxnm26AXRVGv39NNRsGiFhj
solana,BeZXeSSuo7rApiAtLQy14QhTP4JDxS6Xr94MhRvm563F
solana,5UkcN8VLoBCBXcfSZxqGzxT5qpEu13DbRyd1ek6JXrPp
solana,CXgQUDpVbbo5RhuibDYuRKEHyRrm5bJ6y39GPdSD4QQG
solana,HGwTh8p8sSoDeUueqVCwfVLUxknoR8y7X9NgWzZEoopa
solana,DxnTiUtFF1tMZqg5cyEXNkQLbeuJ55PBZkMJVy6Q7CCi
solana,75GgNcAHPHsofZrrp4XBZxzqUVQvq5KPcBXLAZRygJhi
solana,9nmezbexdRYBQ3g3TZFTviv4fSBcFBLfAZtqv5u6xW6m
solana,HfQ2rCZb2ACjLaMSQUYMLpR47oRA7KuDTnj4mjAXZyuv
solana,AwvjQvsfbe3wvBUpzoQM3HG4r3eNnbJj1XSbfMGetJjC
solana,8LzirPXwxAQkQpvRhkk6SA7UPkPA3mLK9Dy3ey1zCtpx
solana,62pG3hTGbPjzvPzDLP8cxCefHc1LsHQ7QheuRNYbi9vv
solana,9kEQyXBR6sh8sMPpYEiR6T9opqtFt6UGPBfcYZsSAwzF
solana,ES7Sv4ka3sH4FjFJEAZmaJq8jmMWJHMkQUQNvzT4Rgoq
solana,BPKBskV9XeB1Tkf1mg7XvdVpwVAeZsgnkDPAjDeNfA63
solana,Gn4DnVaAmKZUkDkr5UEDeBob8zdNsHvUXW9ZMNc4U1c7
solana,BevAGDXEBv414ib3sg2cWFXDf9ESbE1dc829j7PSr3Pq
solana,6TjdfPPTSjKrXPBoerQtXGv4hJxzymV3685xbPHumgj9
solana,HtkeUj1Qbqew7CVZ4FyuFXfvGMYks1VSXhWVPBhBt67d
solana,HYt41G5ye6SKeBwRsP4onZ6mq57U4rUFuDtxqaHnuHP4
solana,3W5GxGSQ5hS7horECf6ke9BPhmbnWvhRq1NvsUWK7DRb
solana,9AE2hbm4nDJiYH2KEjkv3W1juK7HywQowa5TLKLNUvD2
solana,9cKLbPiDELiBceJTMSUM2ZpkkPTSQWPfvwXbvxbmk8w1
solana,8NLFKkbwVwNfRb14RKDU96rLwYhoSqWEn9nmzCXAAcjh
solana,78ci8Jzw5GiDifSskXDPQFbTvWbxtNfoWNSMh2wypxVt
solana,GNad1NwH8QTMFQEtDT8wBJKtdWuL7n3cn4WyAKUYnKwq
solana,FdoBCvAjrGjwzoCZhc2QsaDcxsmUfcfMAXpa7FFk3LZ6
solana,2Gbcc8vH97FAVuGD3gJ8XJZ5qvmc4qr4s5TLkpf7F6PB
solana,37iMvRSjVe8GfFUmyZquBg1n5JFgrccoK3fNpvNjD6TJ
solana,DyURVCH9DewP9r3pQarqadFRvbrSv4fiYmd1iLEbg6o4
solana,9XAQrDd64Pig9DvWEDakUuToqu9rhbSG7Y8tUxfhX5Fi
solana,F35mStgV8A5W9dihZFPptwnSjA6YYMSDywioebm8Y1CU
solana,3V9YUPgbjrq5HiptGaDP9ygcAkN7Mo7UFcVPDrv4RNKV
solana,3Y3r3rigKnLMTUostv7WVxF4ccZVJiFee15bQnPoADhU
solana,7Vtncqz7wg9YVqTJZqMVxf9veAhxsCAVZeBVEspemrbs
solana,7RrZ1GDqbiHuoKEp5gLbUPonc7NVQt6DjXah19WrAPBy
solana,DYvShW3t2YcdKyRPBg1aLfvJLLrssi2L6ZJ34PsnqaD1
solana,4g9auzmCZmbdZzqtTBSvC5yXBoyswgqPEJ2eb4sFG77e
solana,Ex3GYGv56ffaKCdjxz16EYdCyWCeD8N2YrmsVQPCSfu1
solana,6TYQj5guLfHbw913kzzaLkSXToBVRUXYPzBmwW2ZB9q4
solana,6ZMir3KNkPsPsSYgtZg6Wv933HViTNAAUHcX4qNDiu8u
solana,66vezcceTGqgCBGrPb3T1J3j3JJ4ncmL3PhrHwno3ULZ
solana,FZvDxJsbz5tgHxhR7i6xnHLkW9yCvrXBYoJTkKRx5sXK
solana,G3tvk5Wid3TMrJeHhVnLsxMy5BrwUnxTxJC9Zp3iYvLn
solana,8Rd3VC8exu4r9ycWb1ECYZ6JMfzNKVKa19j1yXnwqi3q
solana,QjktWkF8mq7LVoGn5ujzLBAckFHifEyteRYms7sxmLc
solana,EMcH4GEY4aZQrdNSNTc8ru9YTf5m6adZ4NQsXDWaZ8w7
solana,4AKXDVV6x2uxSut95jeHMeBBuDQkD2vdwf1RQJXWXDWp
solana,F25SVtnTw11pYc8CmWSZhbPuQ82CTTLmZjGuTtigCRUD
solana,HmDPKSz2ArqfMQLZu3cmfB8WSUfJb1UC7mmGgQ6rXiwZ
solana,3CdN7kpRpAU4jProGKvfd8dPFxfFaYiEabc9H8fpsqFo
solana,4KLRsdwCtD7g8ftLNKft4znULmBFi3RrjyQmFPXytqy5
solana,8WkhuKy4331REFk1yyT9Mh9SQJXS7hAsyGYzgkB3pu9s
solana,FDq242Ku54k1zRLn1m6YkTb8BtG6rfPMGCrEHKJS3jwB
solana,8GQMRMfuWogyAzE5p5MHvNtTNsVZ41fXicF7bvwrPsUq
solana,7gs5fo9dWBSc8kCeoLmDqvz2the47R77PHP7KcsXZcyR
solana,BBQQwvTsYs78YvZNWNTTc4Vw2kfagPkjhFPkdGhVxSUY
solana,928rvh2iSPD9Rbbn7JTkdy3BpvZfVbqwpJLv8HpotRm2
solana,3rUQzSk7ZFFvFZFqVtZekmqBMPbmHiyauszTSc89vrhC
solana,5XL13dgtS8puVpyTMMjm2dYjQF59TLVmqcsC7n4VJSe9
solana,3PTMDS7xZnNLiPaGGEmWTb4NroTeRhycf78huUT1r5Fi
solana,2TknoebxJnCxfbKgABUxGHNxCn8GgLAUKRN98t59qfHK
solana,E3LsF3Rz4c2oMnvDLpEyF3rL4srizwjTrh1uHM9NceXF
solana,FFTwABQAZNW5AsHJKdupghk45fW1KNHSjWzQe9BTnKbL
solana,5zxQs2LSKA6STggtCRzVt3xqafW6MNMrDhw7giXBJQpa
solana,9rbcgWFQniMaPupC8AQnNNtXMHCoP5ozMsNdNv36YkEc
solana,Gn6hxrR36fFVp9HJrRmQpP3QmJBbVBEHnhAV4nPsdJkh
solana,GzXopXiPiEmukyXMVP8J3A1ckrQk5qMSnQ7e4VFPPxkQ
solana,HxH3xiGEMaiRiNtcuwhPUBTwrPu7F4CGvB2LAAgLocfd
solana,2oNsmbGuerNw6sUkFLb68pQnEG5gvbLct5gjteW8NMer
solana,5rqFoUctsC2JUrUJPxfzWzP1dZn8oaiRw2p9ZPxDDMp
solana,8UKqftkL2q6YM1FkEkLd1hqM5tXBj3dtGYDVJrXr9rSh
solana,Coy4W2q5126P8XRFyywcj1oMcRupFGAWMEVaHFTtFxAD
solana,4YNmKzqrBr6na7FSWsaHRMzzY46tdedb9EM5YtCF1RmZ
solana,EVo4oURpEqXCBfDdJPgLXkvC2e9e2WWWFaiQWK8swidm
solana,4ogr75MRDMa8CPhzSiCG2ofwfdqqMHsN3h5NKfWZj6Up
solana,9h8zwjg5tFz8PrqidEDYFwUKx59sLR2ZajyBmcJLED6D
solana,9tASG5uCukfi2DXWnh7RwaCYYq8VouxMcqJio8tNewLN
solana,HYt9e81Yy7Pfvvq8KqwYF1AogjPQhw3EgnHxGUsGcA6V
solana,3VqmvhPcKtUxNs5XJpf85VX55ENQSgFpxuHwJU382Vwg
solana,EqbtStmrZi2yevzhRoLkjHLjXHeHLo9QLMx2WmUC9bjA
solana,44ddZPz4h4VtD75KT2wRwsske3GSREuCvZop849FE6yM
solana,96XuQ21xGtEtCBBcWE5nLVnKte5ZfQZARFNX1AQ5zKLw
solana,EiyZyyXikZaduN9heSxDiUKeGAnsVi4Jn2ehnQ32yCfj
solana,EzvP7fxw4UWRtNmPWWiKGJLzi8MtX6gUkV3a2PpBwR8m
solana,GXWdoJ5jB6GhKG6axX3abbKhENvgcF3kFLJ6jg9zABZr
solana,NtwFJNVCCRYeS7geefLC2rEHCaZyKwKbT3p5oQkfhQv
solana,9VeNjqc3hz1kJ85eJxZTr496gJmRnTzwFFyL6hcNLvTb
solana,Dhgofr4H94XPveA9xXh6Sb8wXF3eCHU3W5DDujA21DCa
solana,AWRfvAkPcp3x4q1sFqzPh1bYyPVDfkg4SqwQBWVsSxtx
solana,6bnHjKxceNkCfubYMEG9hj4zSwbDxM9wVguKxbJvAxSj
solana,DSg4fueLSdTPSPw4c1TGzdHWtb4B1NQuGHKskChJRMnV
solana,ZdDAZC68arYxwAXW2LfqnDZaJ9PkAieTDu7HXtXA3AT
solana,GadRxG9Vr7iMYrydtnWZhGSYWc2NQxZZbsUvD7dLruvs
solana,A82ubkKRmvffveEFfimKFFprZpWLk6Bktg5gbkjDhn6Z
solana,Hhq2RVoCPo5RHHPihvYZEGCw9jiHaCKKA5F8WKs3vRug
solana,37xdVG7zEjKFGchzGxeW1d45JyheRdfhzh1cMuiukhaT
solana,BduepJCvySdufMU7j7ebXPso5xRxRAgadq2sMJ5etTUa
solana,9CL4wGrVjnnCFGHsRQBDMG7c4P7k9UEmqC6WfiTkw1uB
solana,DiTWXqadmVrBDS6kvuuwsfrHpFesxSCajsg78gz7tVfb
solana,2R5hJdB5z5zoLpcPR3ktZVpJbxoMbG3AhJTMbMJtpgVJ
solana,EmyTTXRP4iCDpm4At2XSzzy1LKij1Tv4DuVfri7291Ac
solana,GLrnjUHLK46paAYjUcuLgCsmiFH5zB3VcSjJWfRWRbbP
solana,2wYqbVddrWckWo3wFqWodaPAdELfUvQ5Kd99DLhxUPQK
solana,Cs6wqr5VjqY9K5ZNg1RRsyUjgpDCBaHEkFUiXWAGyCbc
solana,ESL1sDRmafNpUwqicNkzWDaLcVrqidNunoHiuqaWDg7S
solana,GErexAv7bZHov4iswXVfsU9yW79GgrRySFi1sMpowi1w
solana,5ht5DVzDJKQXAuah16xAy1uVyxvsw5nnncmYeCrR4ubf
solana,HR2nF7jJvxoSgfKZoZiQCnNs3eMpaEaHgSWCkD9TWXMq
solana,4LzQkaM9PXyBvjZLRLJgJKCFG5eRe3QjdhFF79C2voxg
solana,C5X8fN4DSvWBQcy1K6c76xJCxxW2KoWFh2hsm14Aqou9
solana,9p14WEMvYDQufS9749YhJJC65Eh6yiKRYeFTrHttPu6i
solana,2LAyTf5Er4S57rdQUqzZFfBCcZEW3EtmMatdnGSDCFQr
solana,6D3ds2TjTg7Y6M9g4iDKacYCGbLrPG51AYGiC9GnQ7PS
solana,43RoFgSAYbdn1YjbaawrPvortQpckcbp25T4Syv1RRJ4
solana,8KL61RL5hTvJrBCXLTduNsHtDRn4MZGe15ej71kAzK4W
solana,EDDiuydgo1YXnHw16onGSAweRLRYEzwX77YzZMUSXoQk
solana,7cKdquH4TiuKBUmue5p685sZqcwB6XegFYUkv59JAMB8
solana,Aqt1Jec7JWGfNyPNQZrY7omUoEzPApaF5ATgAaLLA28w
solana,Ee4yFQ2mJ5ednvtc1j8q1K5AqxDZy9mKGbHTXK3uF8ev
solana,H6gjsA7WjNRaWTfQUYRQnbV1AztHijzcaFumU5PGhBoa
solana,J7kzsiC6GiAZNjusbyrbVd2ftEbgZiphtYKCSBHith77
solana,AyVqY8MZUG2pjkVuB4EhfznZ8iQNx6xpZizv2QRREruz
solana,Hfokh3PJDLmJyTEdEtZpGqteespYSqiadB2hjnK533jx
solana,BrhsG5UYPtwJ1apnGGuHNrbygS7K2NfM8amDRLWZydNz
solana,CXwj6VNsep5eRFZZH1C8zbBP4H5MvLhqELeqTHJJcpRp
solana,4iCe2wmbUD48KJxgFxyPMRuEqxYPcYAiyiJ64CnJwwqS
solana,SrXt8pgt7ASuEMiDXLwsD3Zvzm6bLDEpZcDwCB9o6zb
solana,Bszbg9XhkKUDNpwGREavpWpLYtQbQGYwACAeKTWXqkXU
solana,8SVuppdNXDSEG3VQdijAgPqCqto1g2w5TWcPcu7BcYrf
solana,6Hq4Rvahciftf5DqWYdWE88ULwjY6CX3oHRoGizWhoyN
solana,5WbvTTKaA5DATfEXccs4FmXebs9iPiMigqXS7juYMhm9
solana,A9FfHmePRPQLcns33VUBdeAHzCZMDWANJmSmzBfWaTyT
solana,AER1YkkL5gnXyRYrcom3kbHKhPsy9Qu4BhqHn6CVJPfk
solana,2nFreK8xpCDTodE6KEe8cnZVf5hDF6kqpD9DcNS27MZL
solana,4bJNsNambx82NNysp9ezQnZCsKrX3pkwTSVexEENYCw4
solana,J5Nc9orQC4fJ8TKm9aJaf8mdEK6hYNDBN6M4AhHwMfYP
solana,EbdYgwZaKh7rXC9YdMybYShByC9fPbQgnvUeJWyTBRtV
solana,J4KYRULSjuR3t85u1YuozrManGLpFksFiDD2ubgroqoH
solana,w4GAWkLSE9Qv7yq8jqEMFDPo6jMd3dd7qM2iZSfu2Km
solana,CJ1ryTHS5PXZnqQoiH32S97bLQLmk6H2cct6oii6RTMA
solana,zBFp676awD2n3DSvNXyiSbcfg1ury6uPfUQBviqkWKq
solana,6C9BWWHzRxsr23a8Fop77HRaiYbd6L5UPVbhDvwnFaj5
solana,21aJ7fXYdbgvpdSBxAV3ftuzx4svdQjsFnQyhiMiL4Qt
solana,FtcMzoc3rLmr9JzYb9HkPwDkGqQXCPvv9w7Ji9Mu46WJ
solana,4AYdjhQHePhhjTSmDYfa4UX1n9PytVdhQiuk74SvGnST
solana,2RsdMmhuZRe4aBkxTRCMMNTKiDKkeLpGjXqYKH6iQSRv
solana,5So9MAh1QhuqTA7orj6LHbqSMaTeaXashTa1ZBJfGaEZ
solana,CF7gG8PbZQf2Z9fHn37Z9n9XAfHD1jJqjgLX7oQuU7tu
solana,BxixkNo5gT1nbEAfqGznfa8gJpytTSizZhKLYMLUGC4C
solana,GfFDGnuvucEjmeWpWM26Ycm7gWYPaMydUxREUxzkNqXU
solana,BbZ6dhkkY3QBqUL3DJrVVb1zm1pRP6GX9C1sy6UwDz7z
solana,6GXM2D4wES1dk4L8qDdtRxBFBPPtSL5aV4BzQJKW2oYy
solana,ACVkxh1LpJaG8KHYmLT8wRGjBovULiNCK5w7ymJKGtq4
solana,DfdABWSbi1xTKsy5RX7EH1cRbFpS8NUVJoCUTt4Kb6z5
solana,HtEgcyT9o2qCfe5ocf2y2sxQk2uCdgmAP9bVR2SXAYmc
solana,GrgzX7hevEi3g9VZBwzMdZnaDnSYiCJvf6ZvCEnmdezR
solana,BaSPGjSV8cowArHR4ar1ZR3aNt1MuPBky1XJBEgKpNac
solana,87tnAkqfCdr2T9jBvKzhQMZ2k6Z7rryQH2ePZVA6h13x
solana,2GixWVT8oAMqnPAeuRNaNAgF1sTES8tGjvwj3xWd1aWY
solana,CfPjUfQaUtcj74zauUjGeC6wy6sEHR94RvuL26wF5LGy
solana,5WvRG8MzDbKNvaR5EjYtEW25GkPURNxFXpquSPkbjLqx
solana,3MYKh5eW2DzWQNRxKqtqREo1emDuH9PSGBNQ6htA3PAf
solana,B9mNKYEFbkeZ5Qd8dHzgP3AvujQsuRervRoS8hBuNxzS
solana,F38c22drqeTZLgR1zJrS2nW3gB1AwvBVycTG6c8wzdu4
solana,D2GvzuJJo8JeBYr1byApNGtrwwKenRhTab9n93dQZG4o
solana,kA8Cjv44Sh6KDv9VGUUSnoNK9xVqau79jfMnyryXeXr
solana,ABrE15rQVFYSrRdiUWJChtqLVD8bevNMgd2LZNDVZWFF
solana,9DnjnQUru644CrKDjbvyPyh84g5cvhUtn1mrktRydnNz
solana,7Yf9fwZg7iTebj6vH4x2UuW5ezoTi1sYzrZMxpzCG2wp
solana,DoXoXBDj6ybj3ShPSxbNkmPdKhVJhdnsHdMRUBTfonMN
solana,J9HyrufsMrfi8Ff7AgyzDeQuxFeCkwy1tnebNJtgfwzJ
solana,Bsvv2s4xnYkbnNLr5q58qXscmH7xdJgc8yqVxgCZQn2b
solana,8fXKxV8dvTvVUy44KHSWQgsVioRhePXGWho5qaDCKJEa
solana,3oZFSCT2ddFKJcFoKWxeP6F13zU8N6t39ZPhtZbXG6Ap
solana,uG6GzVn7jbMw5zfKfeNmi4TxnwE3w8fo7wbeD5ZvqnR
solana,9tzsGpsRJnNvgUEo4tbEduP5RPsqi7TMQmAj9bitv4fA
solana,BG4FaUyJnty3kdq2EgZUufxSGe9c86wLmQxq39krFHap
solana,48FTtdeBR9uPLvM2z5QPDcASAcXi1F6fbPgvVw2qq17E
solana,Ds5b4FnRmZdXAUQH1QqchFqsztGFZNmHn8Zm9C9nL8Qu
solana,CzpGg7h1veJD9tHymtwjiH41iuJ7x1xUaSwT71Qc87fL
solana,7vi8tX9HzUdFHjkz8sxsVGRWMfV5dwD9NHjQScN7rvPD
solana,GNuBGq4UjaYvvTLbF1NCkNDvCsvoMho6QyZdgL5Fz128
solana,4zHG4TqF3SvQzae62abwECRYU8bs6QjPYbP4vHqPytSS
solana,Eozp823ZFyHQwDfDQpWR7j7gM3YsQP5iofxbketq3cJB
solana,BSixVwuUayeuDQxQ4UVCWsEKLjkXbL2Wf8igksfPS2oQ
solana,BihTd89FipsKBdyTvEVg9Y5dLK2rPqXZBaRPYHB8w5AM
solana,FmZ2HXwQpwCPCQY9WAcDBqUmaRmgHFvFN7hXBpukyRXe
solana,6d5LhiUoTh4YyESgoTqAJJeR3525wWjjPfv77anu3DJb
solana,2tpUK4vrwYhB74tvYR3Qfqsn2XZXVvkshc8F9yVahoZd
solana,B4AMcTQq76FZZQBHvCmLaBndeJes285oJbTpMgvE8SVu
solana,Gr3kzfFc7m7nXDY2tyX86YjkS6srejw1AhnFJuu4r8Nn
solana,4WNyCKSoriKXAVw6ijFdnLAHQspkHUfWyUwwGij6Fxou
solana,HqFv1KX4F1PzUTgRAGr4t1grMo886TvJLgKQCpoAnZJr
solana,6nsaxMpURLKsWZUgSmsuBerFzyd4fBvoNqfkU1dDGNa5
solana,6HxKbqZCfpC9NqskbQM7Cqpamtzet5JYTweJkzNeGT7r
solana,JJ8bAG2yXbG6zGWSd2fRrgUxVELkqSMDwr3P3fHXG9c
solana,9c8FicyEhJ1Vff6YkHAbV3DyBHHyvMGoa7LTdNxsXA5E
solana,ATzkZr7EaYZHkyG54dyJ7ueo8Gojmes5nJtTMp4yFzKD
solana,8XsTqedfVciDvBxX7E2X3dJxBbxsaQpfaEJT4hNsqzUB
solana,9dKEsjmpQDkPvity4SMtsY8xz5Sja1ATHNC8vDHJvd8v
solana,7x7kHN4chxAARcky25VyivZg7PNnVZs97ut3S46a13xG
solana,8fowRDnYCbJxXkRthbzUDVqHf9NzVQXyhZ323p12mfYC
solana,3mEgM6ZLHxyKYytvqroggJsZdKEJ67rYkaGF5vkRpZEx
solana,Bv5nVRmLuZxAzsx7v5N1zG5N6YFEPPbUtbRArRbtdofH
solana,7wBDehjNAsG7RKocvvHQSaLKZ2LMo9oRJeNext1RMS9h
solana,CwMLNTKHWD32jkBPZzFZgQp1kxhsANpzA6oS3MgDPkSb
solana,7F5X3r2pgqL8Z17RKzdrRTzKmZc2FgNw39ypJFHGp46S
solana,2sWpqrPfzT3qA5woBaiDxThGWpemZ713ScSVVa4gpwBh
solana,2LBAb6gK8r9qxR1kmdvKHBZjg6RHd79mpz4JV3F1yVMQ
solana,CvbmkhtbRbdgs5pfcaYd8wyvFyLW2XstqEGPierxbPq4
solana,BSxqUQaETGxjbqcxNfEubdFwNRzaszL8V6QTBrH9KBwk
solana,7SU6mgciqADDJjK4FBXCjNqxeeGV6eTRH9VCg6FMKTuA
solana,ApRWD44DRppubrWm7KhrPjKDiX158Ty1QSBmMa9Cn9R6
solana,4sqm3SeUKJE76t615gzsQrbrFSS7C884CVd4H81D6sfL
solana,7Qz6MseE4dmDJr8YW8G7UPakpJDLuayPxupLyuX93EPp
solana,B844N9AbrAqnHh9YsPHkBkowGv4buwLccSRqXBDNcdbs
solana,DugDf3sQQarJmMccGNsa1i6xkU9HLJPSmX5kfioawEs6
solana,5HUqRXrpDmbDpe19HkuCJoG6ZiSHbSiprrFcntZdkhqB
solana,9Cm6kdRLRLqZNo7wNXEZ5evjQGBk3HeSYKGzCuYTMsVh
solana,ABjZ5f1nYpvU8q5xpzVwc7cpG1zrxK93hYvQK1VvDNiH
solana,3foFcLGwDPhrA58XZf8vCtzNKyCB3wkwzTyQ5rzEngit
solana,2TL9Qvde3fGQg3R7ab2MaGjN4KeYfKBmPUiKwRWjmN6L
solana,HyzGmcFrs2EJf5jSFvCYvnHvB7X1QU1kpzqK2u4V4NiS
solana,61sFEvLXMJnRsovoeYGpEk2Wzs6P7uCvhusgPWDdKRLx
solana,Fe8gkr2ePqBBPZTEWn7QCY73JMcwpwzd91iWHbdbvWLc
solana,84G9YnK5rh6Mj3GuLSV3hzMJztQDWjFW4YQNCDuPaq5j
solana,ET2S8C7Sc3FGfTVPBxAC81bm8SAEHAxK17WQNz9NK4iy
solana,5SDxoxkE9RgTQTrHcmQUGPpoSJXhcPgCmUqYUzmemMWi
solana,A8bHeB66y5cYfozhgwHWsRGgni6SEwoV3XEi3ePt8Cfv
solana,9kmk8RCEJnoQv2FEZ4FyWEooqdusJvpE2LuWKTpqjP6K
solana,FvFGP2fSJd5Uieb9JNEtJMUXirPxw6dW1i8BbJhMdWwJ
solana,5Hig7eahNeAXxqMkrYChzHPBa86wSZ5vKjxLCfbVH3Ne
solana,6B1ALK2DtwcCcMiNCh24aMRo6Z9q3xBwXnj2e9XKqzad
solana,6Q6UNMRdm3J1rtWjErgzFeeFJZRa1XzNMGNQpUiuVPB3
solana,5dQzxmF4rexkS2T4XkY9bmtpFiB1KrG6w26TFegceSvP
solana,7aSpNvkkrN3QCNfftiMQhjjhB79GuGKvLmwqxtZQjvb1
solana,5W55xdVf2spUr1fgubDaCif2bd4qL5fVUNPYCqPnogHQ
solana,2KLMwwY6a1kpDYiYCUGGG2mXX54mrQTYsycacHFjx8cM
solana,6yFXejRVmyfSQxFDTcYqGuH3mA7DYZPn7XF291GGHDqz
solana,EbA3hqNJZBbUmuthhH6T4nxxe5SjJAxcmDTSjAkcLLKc
solana,FNb62u47WGzM5PQPXSJrMgq4wHA5kcngcTSy9WsMfTwG
solana,6ggrR56kH9XwpbMg26YzfzphdUdghZgwwrk1gnozfKya
solana,6LpBGVWhGFxssQpG9KrgBqJq3VyKQpZSskQa45my9yyU
solana,DXrVbj11fzveTzB32vuvejCPNGS3Lj9W8WyynuMCNXCD
solana,FKaikizVaW5ANRjhRMmMXWU3kN1n9MUU7AugYj17WCop
solana,9QEosVsjV7vQvNSpW4WG6Z4gFuVSwiHk2wwFHydDaZg4
solana,92fZoLQNgxv6KvMHoAWCJmWF6Ve85Teg9QZg6TeAJfPx
solana,BxX7ypmc5DcSfNqShhfhWmn8oxLJWggoExBU9qURKWkn
solana,HFxEuyTUryAqsc7LEre5RBsyw7zqfqN5Q9P4qVKhCrkU
solana,3bGMpCsmcwTbndCYMUdH6Rk7BC1WokJkkeK4UNBLwbk7
solana,BRQmkT6tWFR8L4FhUabLKjFUJZcJ3JvrBjNF4rQCQmf
solana,2fVsA9djj45uzrSzAMNFpZyhHCbpz8eCiV3T56YmJHjK
solana,6vWd4oeuqjWFm9fUj788e5Av4GPwy3oi9wiWd5fFNgEb
solana,AbhZfDz3HDNDhaYZg9e7VavZT2sx3AGxgQ1B9ESM2ktT
solana,CSnFbv3XusNeNpeQ9FRAMcsiuf8tcBtN1ok9w5FhEAFb
solana,GK5cRtrnow9HBXQGyhVzciWXsGPVNLXsrZa2v7b1heLs
solana,FvpipEDc1uaY4R8vrT5xMaTtCqqZivnc5qLGrpjAcrVp
solana,2zk5xfriWQDKUCkrQpGNB5kKdEmtBT9rkmDbZWqzkubw
solana,5naWxiwFseJtmM3QY3UdbYLftGMTHpiYKWCx5kiiZgvM
solana,Bj9Ut7LnTY3NHYZMLNREikg8LgmNMmpfE3BZUrJjq2iS
solana,28oPdXwzQWjqjjDgC3Sa4HF27vPb319v42muPSMTGKPv
solana,8XirwQg33CZhTjKpekzGgUHhK7wMA1N3UoNZKj9oYm96
solana,Gfe2FRjMLEqenSCYLS6Syus6jz1Q6Qg9LBtBDbvTGVuQ
solana,DrUxCevG91qCVoixfLz5NYsiQAGTw9gkjZinruYrpd85
solana,86FWCBxDHXJYKBUfDv5WwDdAG6VZUfzEL7at6NqA7BtE
solana,EH4mHXwXtu3A3GZb3C4R5JztdPg62DHhuyZQUmW4fjPe
solana,2FkJW77R6U7MRzhWmShiW7AaiZzhFzmE7qP8s4if5mjf
solana,D8pAXqLZWTTH96AVNb9P2vfKUYwcebc1XqtAYA9PhvXR
solana,9XpE1Zk2ZPd34PHZYDE1Krnr78SBuGM88MLcZ57rupZF
solana,FDMV42oRtzmRwtxUFcmA3VfsJRsgZt97pNsxwDhviDau
solana,CQPKtfG3Sm6WPyKcDAgzGJMz5ZnhHjemFMwqU43QgGTT
solana,8QAzGj8N8xZmvsB61HTHVAh49KeE4UUtm37djF2edqod
solana,9zjybCZQY7CWQ4AQpvr9GZpmEm4aeKdoffTrYv59t4F7
solana,7qMU5hwB7R1eVFcBKQQQuTKLsupZPsteSGNdfwTN34HA
solana,96Wrk9515FcnhjkGEPDD4xgpdWxJ3Qsm3G6fdkeXrhgp
solana,DvoT1PPx2BiaWJ4fBYsawvpaRxtr559g8MZRY64LtzTT
solana,6kGqoojg8gXnqY2nngR4zHE6syjvzX4xPMv7mkXWQMHt
solana,7UHaZqN8L98XvjF4NR6FW93cHoRkMhb2BmMe4pdx6Uvz
solana,aekBsfx7m8YJfRvCuygsMW8EJhkngxzVBgA7Qk7PJsR
solana,2MXFpDkWkwLuvshN1gbL7JRpGpJVrYPufAe4fuD62AoU
solana,4H28QVx2gyoR4oYnvhJm87VAy2RBCFKEPQ1Md9Gf3PtR
solana,DyUcMNMBaDKCyZXhpHFQn5QoorePE94bhHgqYd8ECyfB
solana,3ZWJfpTeD33sEhDXWk4VEAD4wmKXWg3xmnKjCe2pCYmX
solana,EarYj3seTME1PKDDhz88aFCsoHrXRTUXRb8KjbzMfu6y
solana,FemWMzurE2ecX8tWqNhNm28a2PCdsuZZMNc19DF489QH
solana,37xV9MPqQABDpmcDWyDyx3tQhLH5PRErVe4d7z27uxhK
solana,7FFxyBuAJJBA2NBPGP8pVgucXSv9SZMw4HhubWAy2NLr
solana,CALKERPgARJeNu652kDYn8pfkBYGQvJ729ULsebQ9AE7
solana,CiVuL8UcvLTcT4V5gkwmY383jE98XhnzTdecUDvJuico
solana,FiARd5YHQWRLtBYri1ZtYSwgcxmEmwYvDB356q1bc4cv
solana,ARLQYTBbjHUdHdqrpVjnsbCL4NhNfGsHdKGdzZx8Ma26
solana,AM3hXLiXtVoFzh8nvHq6edckspXHDEN1J6WjYZcVM2nd
solana,CZwWyuGoRXx12vJjTtaxFV9n61HMfQo7qyS46ssX9Wem
solana,53yBhPRYFtsqRZkoBXD5e8DPfKFUMqa8hjeCrAPh3eik
solana,H9EFmr1uqoWdVhXzrrH6FdsqkZ6QcCdVSiG9v9vgQPYj
solana,6YPxLGeTFukV4crvKVmBsJS42kba1KazxxuvZrErpMH9
solana,FCHKpsVhK5r6XyrYAHQZXLeouYBjyk1KUTHciGomYmRT
solana,daUnUMf1iVQcs55p54eCL58rRjRjVeMgrZU4jB1SvN4
solana,Hc9ZjDSNDEihDRetU9RLmGrbBny6LFieBntaJHXBVEdi
solana,BavL7C8QdCM8Rt427gZ6XfpTfKUN5jHCR3xPMbidsBjD
solana,DyMdkGtd9inJuLXoGGAnEBRgqAjZ2YoJ8CTjLzXDZDtG
solana,FmCmZMUNrxLHzeWBKWvmuVr6SFE2yQ35ELQtCNp5CJKt
solana,F5MTEf8qBi5MpbHiXv7LuVbPi5zo28zfSWpR67iAEVc
solana,VoFiwJzqe9pLSDtPbLTwVKQ2fUSwDPvfL98ZWoCv32s
solana,Bg5a6iYQchd3yyNjj3CbN2VaJGCm3N9KUSL36f4WRtrz
solana,BNR2hYWiT3bPQVNQVkY6urc4eP8mLdX79oyZVp4UjPpS
solana,5Ph8Xqgb721sjJmFGBSkJRz9nQ5GHUgRkUM6PhanTH3t
solana,Egq8j3ESJeHxWCGCe3Cf4aBSTXYh84ZuUaxQj7UV4mNB
solana,4Lhst7RaUL5fVdhfYFhGPHub9mBB31g6YpEP3usCcoD3
solana,oNYGReNN3mh8iuyZiLbiGQWxgZsTLurWU2Dwgwxi8jm
solana,J9cDb6Zae2GhFgut2czP7nKjWMdMfxi1SfMe5idoyPiE
solana,GvFx3A2ujF1gogLGM6XmbnyR1JerdWvHDfxkSLs8WmHU
solana,8ChcAiWwkGWP5oAp3tNg31uuoN12M3aUFxYNjbGXFkW7
solana,Gok3TtQjFaRQB4u1FoA8NCUrk7rE2QDN5m3uRyhkSf5A
solana,A19JpDich1ZNaAp1SmpxxxJsgTHRHzmdxeF5kqeAY5Lh
solana,FxgHSoEUc3TGMGyhWFkghm5p3BEmof3c7zNkfHvQKJBV
solana,4R9YJsd5yfvSbLotV2N1uHvoeBcS2cX1X3M6vHJn73MJ
solana,5GxKDx27EYfCA9ea7C6QsrpTNjHcA2xYsMM4jsJXP36x
solana,HKbuPzJnz6KzLM3fNQVbwPcNjJEwQPm2SxrxuAwHLTZg
solana,3Hw7ozyPHzT6pHcjBynNyUmDdMgSV5CUfemfvwduvw3g
solana,DSYnbmfNLWrtuzWRxo7L9WTBJtKgosUJvpWZ36v45qsq
solana,32PNLSe39EUb2Mq7o7Lhds5AYXDmFryZtt6GQ9Yoq4z2
solana,Gde2ryopbQAysVa2AzHRZY4mrh1TQd1T5FJRkMqFsaKv
solana,FYmAiNEiS2NcfmFURVQJ9HuSLNyccdua1Fan6kQrYoBG
solana,9x6kR8Q4onxMeBSm9mXm9azm3GMiBB31BipNae64Yxbb
solana,4WqrPD1rJtGdiZWNcFhkDq5MGXfMg6NUUcuZ7eWmCSNf
solana,48TQuFA9cHeHCaEx6eDLLAVidGhBaoRVevE94unCMEUJ
solana,2FyahTGZnkW5ipwoyiNHjJQTM42eprQkjbS9TdpiNQD6
solana,AKvoAaWMEqrRhLjNVCNXRnPQzvFKbCLinDVNH5t8sFpv
solana,6ozJrQB1Hf22ZwPYYZbkRRsHbSEKQcutTvc7yH9oGeyA
solana,9841s8f7DUYWL2cmhxzuQ8geYeneNk8Ad1HL8PhuyWbN
solana,6EF8zp6GiMUxbZ1AvCLRF6fnUS4HozfWi91AoYzNMEMG
solana,5grWuadtGsAaWp3QsprJVBUQL1gSXtP8UKbhW8g47Gie
solana,F4eY2dCaUzLrSBsgT7zjJBFyzgyEy1kjtE1cUiUNnfXM
solana,FBKwj5mvmZjVcYxLMuFSARXEyF5dLJvcJf5VsJ6HqitG
solana,98LsUe7QR9X5TGD2a7vfBVn4QHX3ji4cWqecP3RCyuTe
solana,EdZbWNHM6Aebw7bDq8ywSQhWTMfGupyh6ivqbw8DzLFs
solana,61urhN1o8MyfcUe529Q3NuddV7XdLVZ1pd1ZzdZG1kmi
solana,6kzeW58Z6hB6rTtoJRmEv3PjKD9XS4GfzSJvMuo3cqJr
solana,FdYYUHqWQeop515dnkdd6q3LcgkDx9JLABXP58bJZ11S
solana,58EZQ1P4GtzasHcFc9hAY43xJ2PFoPax9867ZmNqC8hn
solana,3vmcQXASQGrwno1m4zKNanpKswassxQ4xyRAsGRtDQsn
solana,F5Uiaqbtn9GXma27MFTDzoqGjRdivPKQ3UCp33f9EWZs
solana,Drx5J9JEbPAjDM6ueE2MNCPSiuJ2jNC44NpVfeFGqCMS
solana,FkNqEn4BaJ5xR1J2LyHpsUd2mJgtPZeKmgPqajSWUm7x
solana,3UKhDMvGAfzRTcQYeavUeQZVK4P9YZ44WyC3bpt9gBLK
solana,Hd2fpSDEPTai3XoiNCgPdZGhRu3AjKwtuCi2rkPEZPYN
solana,FHTD4ud4dqG2R9isg39q4BPMqfZqPNpPpKxFK4jt6FKG
solana,BFXRPJTkZr3EpFbs1d1XU1DsXArtjNASizDAKrsvcqdy
solana,57pKpFAETeD2a5gQxqz48R3zxYMbSDjPfiaSmvQdPyiB
solana,Frz3Kwiqvhj5jFG8UWygdLgURiqnsHvkWT3hgUv222uM
solana,G3HWKkhbBRuh25spfnpfaDn4eEL6m3RW3pLW4apbFm5J
solana,GveNKKSgnyq1jARmqJH4CAH4nnGdBWhYmNkWNjDHdcLK
solana,DuMBknnRJu2ZUiP9rn8LAS2JWsQgbDjsA9bj7MkGpAe8
solana,BuCyZn2asYHTmhExHjyWWS2NXBL5qxkoeL6z48sqsNcY
solana,6ha7wH6QsUwRWvR9Yb6a24vjd6H57ztX8A3dhWc9X64B
solana,Bc9TigqqB4FpCo1aJG7wk4URkkYUHFaKP7RshevTtyse
solana,3wx5q9Jk5mMmVujA1oEatRiZCKV1Cq16cRpragwKYe3u
solana,CVhuRxBQPG8ZiKRkK11746DvwCVrNY2ysW9opadsJoH7
solana,8t3rvhhmgGzT2nrgUtwawpZErvAznoU2JtKgcKMCbgSC
solana,Eje3VeYkgA3zdfU7FL4UaZzEutofdgrL7V7BiW1km3JQ
solana,CU7neJkqebsCaRfKod1usBC6LuGsqFnmmy45BkJySpnr
solana,J8hrMxuBqy1D8Js9KQcmjP6fBoqBRzsh3FcKkZDhga55
solana,AjDjRfcL2scAywtxipRwCrRuy7z1oNhmU2qDUaJ9TwCh
solana,9zccajfhnv8gmQQP3jYronn5NkL2fctPmNpUxn6iLq6T
solana,HaEwX2K66toDQxR5EwshFJFKyVX4AQTUR2vXJLiR4Eb9
solana,5oAEqrJrEZDQMXpz9wdG7K353KRKJaNgmztMBemtjupw
solana,7LUTJr9cn5bdKcQn6F39emVP9RKLNxSTjmndFgPfqxwh
solana,KyUhJuVx3S4jqSiZqgVsTpidWgyn4ABsgmMqdhfN9Pa
solana,BdvchaqVSnS8zrWCbdSnZ9rbZ4NRhonQ7WDQW6PdaJv2
solana,BYUNoAUDXe9YVZy5ZMkfeY2k1zUDnHRKLqQicMCJD1me
solana,GJMNDZJr5eu7ievMc5926bpgyWYn3EEseo8eFEDKmngV
solana,B5jYhN5URNX5tWZxFRdVUts65HmLu411HA1MNXEG81Av
solana,7D5LiTYcqnhhSS3E2dDTp6cykVEJYiaraaKSvwnbhaB4
solana,7ZASiZn1r9zBuDqvFKu1zxzkxW6VbccTXDyA7BX1Uwtf
solana,Cih4eJt7VB5ddzq7g8YKYqkGUo9GMYw3kYcRoD3BAYbs
solana,8rNS8EpCdssnpTD66adisTHftbKvPZyD2GgK2mPmh3HJ
solana,C3phh38Lzz8ECqMPw7sb4K8Ssv7PTTX4ZBG7Vxz6kvvN
solana,5AGfxavMyeBpNqPR6514fg97m9fvJd5RS888XapMWxAw
solana,4PyE5s6jmQaSG1QaVKuhpcS8zj41g1Ejp13E87W43cAy
solana,HuTTSaD9wiikRUEKKBQ7zM6gLW82Go71pmPPkcpESsQ
solana,FN1wpcdBrtk5xCAP8yqcocGUbtAhxm7Df1RE7KZGG2Pu
solana,Dkeq1Bg927Ae4ShSzAWLeksGzUN74aNpkRjjJdjhaY26
solana,EscVLtpYJZGcqjBBcyVMyKcPSDTZ9LNtAy1knTmQhCRc
solana,Eb4rwEMQg1eR9dnvpbdPAbdbb4bJJbTs7gDophbookmt
solana,DbPgRPHUJ2yw9je6Hzeg8Zewq4KGogbr9dxZbzsuMBeG
solana,8QLNXPBeZtK2bVT6SCq58ZP15uHEqmjGNUcgpFndYH35
solana,6GTbkTAVMRnJxoJYWT2NB1EWyZmb1aQWYjN8yxMaegcm
solana,8mi8Rpx3ampqUmfgg93YMcGbL3utzKqJhNgToyhCFniy
solana,2eG89bAh8ytkpmrsw3jN1cofwTY3cyHQJdpxLc5UVkmo
solana,HC34JdvWMUKHm4F8dgofhyEnTV2nhr9CQuBoFgo5Ykxz
solana,5uPU69Y426NroKx6PU2Cm8MUcTk2QiSGf6YzEtJdmAEA
solana,6ixHuDMcEZLhFMRuMZJpKSWwte1NUUuAXw8fQhvsb8Mp
solana,BBB5qhhgzRG1wAow4fTRwEcfX7vQKkB1tffEb7t5HjWB
solana,5rWxz1aTttX34nmyPhSDsKaXZNQitbdBhGA9JrERHL9D
solana,HxvAdfWn8e2QtGhBedLUiJ5XMzKR1mvnkTmih3ckDApd
solana,BR6DSom8zNrMiYvQgjBnp3MFPsncmQZWz9amcx9gyYeq
solana,F3eErnkENJasFXYDQxyw2tJbnSAtuAGFpEwznBenXcbi
solana,9ssLxtMzUWy6YduujpGthxbX13CM7X6XNubtuQY8thNd
solana,Gpm6P4Y2MmrdBz77bX74pCQg2pFvZUWMvfFXBFz5zPG3
solana,73qGVq32az4MP2RhVZGwWbmBLXfkciddfRGuLCk7VdL9
solana,CDtPYLxeiCK2JCjzZuKZvLSAtaWo2GdGtk6CYaVucW6W
solana,DGVkKTVhhqeTbVnTZXRbEp7CLixEdTCjzFtuZVDF4A6R
solana,BURGWhHfi7hNdfePUe35Bfu2sxVNDu8KksaFLgeZW18A
solana,HLxfZrBTvXkCeLBS8QaVpF7kLyMqevTVF7jLbMJt78wA
solana,Fd2xJ4xRttAMCgnndSkj7Sf1H2D8EB6wUZiTEc7rBABr
solana,AFPYqjN3XEutwxYRLYcRnTm5jwFwrCYXbTQuuj1DDHco
solana,GAvTJwLM34Jtc6ziWTm1ffAu57o62FaY4jZE3DMUvc5z
solana,HmvBKbb5TCT41H4v35GMZHoWEECHQwyo3igQdqnRXbEH
solana,7wJFxFUMHWrwsZhD9YF9nMr1rtNWsJpb9rpa7Cnwytni
solana,naZaVmyzc84XYiNSAsxoEsDgfdjZhYtvKiPrze5BvEF
solana,12ae8tJsWRnvvU79K61hR7KpRhWTRARjpxqzHoy1qmTs
solana,En8LXJZ9YAYzFNG1XLNjFuHa4TqX7U4aRt1rkSb7mJGs
solana,DC6D68xzQNB1ErfgH9GWZD3iXHPqfTf8BZZNnXERe2pD
solana,4KXLFyuKuAPZDZLrQtyi29TjMdEYR3mJspswCmmo2drf
solana,9CUAsnSFFBk3LqRLAjv6vq2eCTvxKzwtxfKH1X1giJYa
solana,CVVCx29qUnRWHGkXouu5ELkEcHbUCaqGXQodG5cow2h4
solana,3YwPGFhpk8dghf3kHoGpUPjJWcGZCugkLWTp9nW6TPsu
solana,AMSM3zkojocRAT4kMEu98fMR9asMdi5jDpcf7zuQV33G
solana,FSf8eJm5MtMcbTYeADZAt3TpocSVirK8aca8Le48PRW3
solana,4nmC3vFz8uFrBMfKrtYSy2WXgBETayhL9a3Dee2kiNWp
solana,75LxxPjHZVvrsjEwumZgjY6Nfh3PMRxUaZwpsGzvCsRT
solana,258rdbQRjjnQkG3mMziEW9FDEXgR7bc7PZzgxt3wb4Xw
solana,4uBxNCaKuS7i3c9aDB3QyQYHjyhkWXU8XzQysoT38Fni
solana,BP6uNNtYug4pu841f1Ai9qf63d9BqiMk9tBuxXLVZzKz
solana,7ub4nqfZ3d2KWd2wpSdMBzWTmkmoa6GBduz6GmEasBnY
solana,5spX7TzGF79sGzHHxKT4j2gP5FChetY6UqxcJEwtrPrM
solana,F1GsjJAfAPvzFc4zaGER8yYEdLsVmzf75iAtKQJ4nuDR
solana,6GL7v5nV9vqNfajLwp7Wtdpw4u5DLtTMKEPDhsRwm1PN
solana,Da6CiS4A6hay1fVCKrStTBAwrQsfnBiZafJoLy9mndXk
solana,Fskq8T1Ry6oTqF9ke7q5LKjZCCP9z1pRYMFRay7tsmeT
solana,7GzLLCYYWWq9dK7g7WNJtRaEN92JdcNp5fFXA1hweWAn
solana,38bw7Gnz1tA97Uq6wNQTpgRBANH4qpoG4gVpkye71UC6
solana,HM3AefVjV63NrXHmciJSXEPBPzatNXvxDtx4gceq267R
solana,4YVaxyN2HMRZNi5Kr5oYopeUaNevaCdwssqYQQeX3Zf8
solana,GM4XcaieEdWzmNFB6dbvvzzs11wzKEdyKt7zfhuyPTNR
solana,DsKnQp3VQD6fiXFfV4w89gohSty1UyQdsPDviXDahUZS
solana,7CDemMmJbhBo1v8hyQAa8m7QpJ5PNSLtdeAygDkmUJep
solana,HWo4m7nKhffoZbYYjCHm1e4fagocx9iKbv3zT1A4NU5i
solana,AA1CRaKrC4CcgM2qCsEd8NctJCP8od28d47MBCRM2WwW
solana,Atv42k2oaapBmyobGCpT9AbH9fikdrVYh4vniVfQ5VrE
solana,51he3RUGjjNgGCpurqhaiagrohRmCTDJfx3hxZ4NyeBp
solana,CCeuECppchmJCjTt9jqA8FhZ8FJpzfUAgEaaqrJa8RaY
solana,8La1sA2amPMZQYPnwbFDYSwkHiFUe1hCWPof1ZFYcsw9
solana,KLtWu7Wfojjz4cyfhGyzKRWwvD3QFe1Uch9U5k3cz5u
solana,6gdx5YzC6MvM1K79rvHBMNg4gMcHRLzSYf7VLHPoCRLa
solana,2vtuAFVub3wBgmXG9TUTNrje3ciH9sYWPPsKaccECCaH
solana,Be34Mcn3HfxQ8RqNwgrAJWkRgs5nbkmusjrtMBnFpHh
solana,5XX7iuDFXdETjogLHtyxXX2pbytdjR97iozBp8oce1oe
solana,3ZsVXc3feJnnEpub9gKM17kx2pGTz5CfEd24JPonWAVu
solana,JDqf1NhWri6f6CGWHX25GswqNKbVSAxnKksCX7FYzB41
solana,8NgdmfB6edyC3LwbnQYtHCTD1kxdcWwAjPEgWuYR7qsi
solana,HR1NuKBCBGoa1uGkrtTuT9fidEfh19HhkisvzTqDb63H
solana,7Eydj5GN6h4qVkQr7vQZYa35kUTh161w6MRomHw8YNr5
solana,H1dxPAkqAX9E6GK742v1yjfUPTuqvh1EvN6sX3UZGyKY
solana,DezoaM5bTq2RYRD95QNcxPW2nCttpE5peQL7KR4a8mWD
solana,7DohVVK6Uct9Sm8nptBorXfZ65VwvwiTq4Dp3bseu37W
solana,FiAEBCBrGqZkVBTme2gJCF7vfgtWXNCZaCwqgQwNTkDD
solana,6XvkXdxqMxrrEzB1phXeS1iyHqZdujQB8WqWWubd62BW
solana,7uVtzJEkK87c9JJpZi5UyBAfj8pqCFpp1rceUDYVHmwP
solana,Hexfni3Wc5pfWEmK7DvkpUBHsdco2u5whSYCQ5Z1niR2
solana,C5VQMqR64LZKmsvmfyzACeTCjmWvRoFBLb27LQJSRAk9
solana,ADGt1ydb5M9nXCWreXFmNr2rEiAghWQyPkpeuvmk3YYC
solana,Bb1Kxoxvyyoitgw46yzwwrtE3eQAYb6gXHZdzFGU5v6D
solana,AHchfwyrNMndGP79Cz4KWRxix9xhc7SfwTozchEeuahp
solana,Hui1Te7vxYBadTKJQy2VSEjemieNFfosDSWbXWcpVYAX
solana,8oKBnu69G4e9uPBqDEx2UZdfUTDM59DTybYDPdBhkvBN
solana,8yvttEtNuWpWMke9Byvikqe6FPhi54KhC8nHLyjemrSM
solana,Qs2HvGYpREc82jqjT8fPjcycEtG8Z6U7w3MqP3XbNdR
solana,Af2hfAwDGNt2XsbueuUzWVwPSPeUu5H7NYoSat4zRt5Z
solana,C3Y96wEcpMQzTUuNLTrJnnpkJXfGzsre2oBnfbx68Bkd
solana,8vn9G3Xtn7rVRHcLnhXpsJaYfHZwtPTX2MLbtdXRx8rK
solana,61fJDbWZ9vrcAZPjGYJAbrv1NBTY2JTBDJ11yvrEZkLj
solana,EyvJa2Qh9d1gMKd4EKK3XXBUPPYwed4H5qh8zBDjbwsD
solana,JC8fa96rhDiXu1WktZcsbA46sAqRZ4juqpnpGn3udKAt
solana,7EtxBgWasu6UnoNwyLc1bBJrPinrynT9YChv2xR6Ntns
solana,5ytMHzoE3NnVJPSEnhq7WbRmfZYdf9tMmEsBxNir7LU1
solana,CwjKU4pBvZe3cYTwWw9AkZhPAjW9Xkon1QEUzLNihEZR
solana,9yDSbZ65TTMq7yVxLEycwBtEye2HZVqkzFp6BhTbHZTd
solana,BYiADLveHgoiXWTRmErStnKz937FMh4FzpZXNRyiAfGy
solana,E6yWQ2f4Le1oZQF5eteEy3nuVGLiChFCJ4g1GmrK9bfU
solana,4VTmTuf6f2zpFwBAZ1DfEqG37yDPjQnqq2whwhTNz3sB
solana,2GrtVPgiNecje3WSvmWcGzEgymGcBtqRMKikS8kANfZC
solana,WAN8QMtpVYAY68431Xbo9cEDZVnSeREFQuwuDpNTjns
solana,C25kYc35nFJgnRnuSx8Ga5sYfuHMXknckvJtEVFMJMGK
solana,FCHgNhCbFR83Sq8y1p3StA98bXdrvamFXhEtPqUt7t1E
solana,FLsAtQmezojL59rk555C6xck2okXdv3PN1KmaWbiXQvk
solana,EZRRZA8EmqDtLuEnvgxMjDeqz6XVc5k9Qfh3WxGsfq4E
solana,EeaN9CtNHB51Bg4XBVGwp4w2K7Z3fyZGVJRhSQmVzx5Z
solana,C1yZ6EaHYudZ9tAxQPub6djdeemwCjxGBpLSLop6hDMA
solana,6muj1rp3GSz3QeDEE9ehfukEsptaa4N1BYB8jokZ1MVP
solana,G14iBxtpi52KScMQKPhoGweGNgbUFNXRsKvjT29SjiBa
solana,nSiSP8ZWqBPKMWeiy1FbVYKta3EgNfrayFbjPvhWKGm
solana,9sTPPTnfJLCzmJZrXid5S7uXdXC48eKxTBCKGd6UhHVV
solana,4jfGD3rQsHUBdSrAmxKm9feDZRrYmWKqKeB79SXoz2Bs
solana,Az3tuT9fxLpDrdCzmJ5fmu8HbW66iNe8fApmaynci9HK
solana,2c37A72xmdhX6xdhCE5iQP7zPL6iBayW9sfPg8NPAsUu
solana,DwJvLBBxjX31yS5h5TmNAvgnofbU7EbXGr857Rc6QvP4
solana,8atxEWs5Sy1eqqymFDt29A6pGETgYmWJ7xY7VqJEJjFx
solana,EFAwRMSkUeqzptuYPpnVGPKP1dtyNiCkZ6fqX2tU4nBz
solana,HzH7R2Y2ZsLdkfn6pSf5Z5ysA7Xwo9e6s6WePgipYXfx
solana,3pH1TRkWqKqfcPb51AtB46B4QPD5e74HvCjHJBVHmx9f
solana,FW2ay3erAz5pgt339ZoQPwuLui5ptPVe1SWCFcCA9P9o
solana,3v59UkZSsGNnvj1fKvyxuuEZQkczxyTZ5WpRFMGf9nuc
solana,7mTBe1WckTRtPWgsQhM7HfTsmWGboTvkwgrFMt2eQRb1
solana,8mZDQvc9DQGwiaXDTVd7TfxRvUG2dWXsWgx7DUiVJQGz
solana,45xDfFnjPkaQo6ayYJJsAPP3KDrA4e2hjem47UTay66Z
solana,o1VfCNf2ropvuDH31cSfzv8ZJLc9aErp5DELofGoPjB
solana,3BorLmzGKrgAtECPQ5SUyfrxUhGHcayRs4sPfZajP1vo
solana,2cVaBdmz7DfmZA2dYVWZsAEBYXi5Xtp9DUSs7xpzjejL
solana,6L6uv1zHHnSVmSxEPXWWpj4sfEpUkFyoExc1vLHsLzSX
solana,99xjF2CoFRLCPQoRH3qd7LLQbtmNHP61HKbdLEsEupXH
solana,HKm9f2x44ECKLNcAQdgrPobTJFd3azYWJivvLJaq63et
solana,62YQCr4SvPtQ1Gi63N79NnYYX61iYmejaKbUL7zP2RjV
solana,D3VtUyfw7i3xxH2TDVqA44ckLGq7cxjWCVAYJyi4x7KY
solana,BTVRNTdKED8mZNkWJFQCXhnHmxApo2tmP3hX7QB5NNNF
solana,HdMEA2RNbRRGqCJb9SaATpbHWywHRqvUS43jvKTxxr62
solana,GeFm3imSqRaNPeK7cHHThQpWETPoHUrXVtGLwLGuVoJo
solana,HGtsLCthxwSJd6LConNkyNgW9ytxBVqNrs1Ez3Nmj7DB
solana,GaiuR8HTXCJX8n7jxhcPg9KJJhsYKjrKQ8cvMR7mZiYv
solana,BxbkrnrH3EWcGvbk2PW4s2f4oAEnSLDnvuZBB7UN5P8w
solana,4dFthBk7iy3a6ydmQdmamncYJET7HZoxR5PLPdkKwgAY
solana,BCHbsitPsKrP9SnzVdGf5LkiLi9nHB8fLo7nGCyF3ffq
solana,92rqGBCBP16XKsGBVRkG2CXCqZAQ4yvN4MSJZiBCB5YW
solana,J4uWakeihPzDHZD42eW2HfQVDVEFNhE1vpdRHjz3eg5t
solana,6pRWPAtzbHgsBhPzTw5Dnf4pnNcmmKW4gm6KVjWrQeZi
solana,DP75bVzhk7o1D17JVW97ZAZMf1S8fQtfqmiqr9Y6MxFw
solana,Gw4UnMktpVnc7sX6qs99WPzE6geGCgwFzeVQ7zBXs9Tb
solana,AnX4WYovV4dxJjM5yjjGtceEU5GFpMNWqTJrTNd8mZmF
solana,JBhqhQwMRYFayyXXYcrufn7Wzc8H4LxTE2JRscnHPUtn
solana,JCSd1Gmg1wmq9DRTLSbLwUz9uMKyhrZdfJq2Em3HBCpp
solana,2RJtuawSDBYeWqV8Sn9s59Hg31xoCzBEYgmZvLSdHpcG
solana,5qx14ixZt2HQ1nebBzw3UuJHJiU7pqay9sKbSQHx99p7
solana,3xNGEj8vuCZqWamFQ7Dszk54kK3s8mSwtmPsMxTVpEwP
solana,3e6FBya8EW9eTU6QU44HgPBHjY8AaAeyHw9RzWvXpw7i
solana,57LmTcavqEAXvxPcxsKXgM166Lh7e2xu8Yub8EqdPg76
solana,5bhqNW5jEbd3DH5wTFz6QMw43tboAfSN7C1DtM1iyayt
solana,FFqPXc7gXxU2UTPzPZg4M8Ts6F2wmQAv457WnUpFc3Dk
solana,Wkfs1zZfVjtNrBozjVKQeVwB7gPdf4WTgmBV63oy1hU
solana,LoqHupQXDFBD5jNNvyV4BhWemKYNP2zecVaNcHWuw69
solana,6XX84TKWbeukmq8nvYaHYzXZigf9anCMbKVF52kXtZzC
solana,AtTAjYZwqYH4RgQUBtz2mQoGEAu79Yab5sy5ZykZjdhB
solana,GA9KQYNZJXBZiqFma9CoRjwb8o16Ct6SmUtWeX7UUDED
solana,Cx9WNi9CP64SM45AjYFFxBCjUvmKSgbtTgPUN1c6sWxk
solana,6cmtiCc45yzhHksBqTT3ibyRfgqBkAufj5N7oFZttnHj
solana,6ovSUe22dpKrryVfPcmthuKvjMrjiRhPLK3uyJ8HwqK4
solana,AgtqjY91LiHKzwwU4WnrqQ3t7ayPLdTEGQSarVyz62Dp
solana,FfeV8rL7AJ9ePjQ5zZf7eLcLSWNjsgxTJubVBgmTGzE4
solana,6T18kKUt2Vi2hJhJJMcTqZzvHPS4Q2tPpxKC4CdeviUy
solana,S5AJcoPkyZ7bUqFs6GpvCoxaNNNE1Rxt2vwj1LhnK5g
solana,5yuzdk4sPf4edJrHJGL4Faz59qvrs9bt48iDfomVGEUr
solana,2Mumzk2JpSsJtSpJzyF49DxQ3qFJHZFZwKRYVmdpM1Ck
solana,4SntF3krwiUC6V58YbfK7oWef3N93CcEMmiHo7skyYqK
solana,AyrXkWz3En6RwhWLiW7vTJNwBJbW4FiWxWLSeLxBPvqc
solana,AmWkfHRdg4V4As2fiCTSiFBcV244SPjzwurm7FWprArw
solana,7quG8FMn5XbPPBhYVAwVWPda3M1kfmdUXSpk25KzDgF1
solana,7a5LW5789RzaB63QZZeEAHq4WPUFvxgpkwSAV3tKeisF
solana,72f8skgyTJCJG6dc2djcQhevDxXGZ6GdwCvzMbhq8HEV
solana,Ggcrnujvm7iJ7jmNRaYcADDrZoA4YLy3A5jbZFbRfLmz
solana,J7PcpA5YgTKSRi4NB7oqUX4uwWGUJVm9gKwVotsPEZ5S
solana,HBnjTETkGsTWhxZC3B7aqjn5UNGaWNGeNYxdpQzW5EPm
solana,5RB44bc4X5tJhMFVYt5RP7TKaVKKKzGFem6knTDSzUjS
solana,6964fRwtzR6jQDDgKmzxny9bNn8dbg7REcuPorCPiRjG
solana,DTCR3dtHVL4wskZJoSgpKJXVgNjiN1H9WZwtnpyVY2mw
solana,GLjHjbUuUvJd1ar5D8ufhxeFg23aAcm2Hj1nwMWyspbU
solana,2z5SnDH9htX9JZgvo2erFyG5NaQZacbwc89xQrkKp3A9
solana,9CEzkAQjR4dRPojTEi6DeY4WPysdLs9qhAaBJM4jRtYp
solana,8rgAq1PGe8ifDGuzCvYJPXYe2MGNWAXn8inHEqRzmG7V
solana,GvBoBV355Uv8RJCQoQsNUpQaoKT1bBpaT4LCAYgX7Cb3
solana,9z594haXB9BSAwKwX2HH2SPAfRjNSkpyMcFXr8yC3BfK
solana,AxmaBqCx7dtJiq8MscpTP27zwmEhQKwSxSwtrmdQp8Dr
solana,DKJCThcpZkk9mKCrntuvdmUzrFoKx7LzAhS36BMNVTtC
solana,GwchBCem9RmoEEhibg55kSH6HScgLwQkSt2SCVrzP1gA
solana,5opfdQMpeNqQgamcTpT4Ff9ugQtJkn1bAsEotdSLfLf8
solana,3UoQQT2AC5hhDBaFsmFPg895mY1ZyzgqJyRS7ZfcYjqf
solana,9WdixscKfez5hBrx9edrTbKqXDbmDymZi4Zm7SUvbiDX
solana,JBViFKPLLmVSVueCpJYe11xTgWLznuYBTvoLuUBA8a8n
solana,24bz6a11NPK4sDyYoionaTJBcr3yLVfgjDVebUcyiuHk
solana,AsfrA19wjqVWFXohBVqJ7DJW1UCzJiGS6CYzdTDQNNs8
solana,6BL6pLH8bHQwEPi9Z7w9SmUi6TzoRQh4kWwTPbnAxvom
solana,F6FUNvdFuk3kUmXDFpA34cpRrnw1GRPYU2J7gJhxSQyW
solana,EnT8t9KzrpH7YTamjyp8YnXF6uioFtSFNAmcNwd5SkUV
solana,AG6J843VyixH4MHcAiDdMbBbAZrWSkBQVJPrjUo8TwGU
solana,EQiscDCD11KkRWHSCuDvbdj7sBRQ9ed2vXwJkd48Ze4n
solana,GA6JdayswzwJf8RbrbMjJsCtDeMs9cLQWCw7gPnu3UJm
solana,GGtLxZvrCMP7pDbJQ17Q2tVKPfN28iMcMWU5vkJtiFAV
solana,A5ePx7TRVUdLcLM3KkeoK4apfnMWht4tyD8A5GvUckUy
solana,Ed3wMRcksUDKFvusZbaSg7NhFR1UASuMF1djAVTvjwQD
solana,6F4ThsJCRwvfjsMnJL4yCeGfgb2rt2WZHAerTKkcfQQw
solana,G6qs5Cd8qpgVCiHior2pUTGBtqi1iLX5yEFCUD5EqCU1
solana,7EE8tZcei1VNMKmAx4aGnRAPvuuYk4Ye2djpCPpt6ML9
solana,FsEaEhuqKtRZEZAXkNn5szeLApPE3MiCKjySLasmmuBg
solana,FVSj9q1oDHo9tT7nVYpXSSdrtbMAtqTZcN2wFVvjwAca
solana,Gn1B2cNtMNnMceZEYm5Fy83smhHBqE6FxrjxbrDEtmxp
solana,4GxPeKitZxRF4Z39fA7yGoPWWRB2RMwNA3UAn5Y8HmKu
solana,47rxtuqbrX9pSR5n1Q5MEFd1k3SXf6mUKf6M52NGo7kL
solana,2sKrcDZvdVLuxhAY4oWGXvw7TPGzihKvX7UK2Y2tMuem
solana,J7CAtpjK2yB7PAAnrTHJNdvwqPipGXjUwksnX8BRXpoz
solana,FTKiaf9cn3useKtKSuDbduNTrBiySGjDYfMF3MHZqPTy
solana,EyFCb1DVzJLsgax7X1UfVRqtUX4RkfqeKiZ2DbbgxD1d
solana,4qLTzN9ysCfZDTzAzVWgeGj8qD5V7Gf5pm6BYfGS71zx
solana,HvcF9ZJMfvtzZXLkf9VWU4KU7JUvbdy1qpfCVVR7mRMF
solana,FE11yQG7hhj5iHjDHtrcTVcvn7HNXgjiaV8oGZwmExav
solana,2snbQhS4SgcCAp4raYKGf4H83ZsQzPqaGMBvxsfYztqZ
solana,DarPgzkiQGy6pe8sFPYA9b8n44j2uCYwZYQTTZfUFDCS
solana,D3RkB6w6VZkXFwEmh4xXTdw5ATgpdefYKQp4Yh2kvysf
solana,EgL8wE3FCfQkYaPqhR4wpuNtS9L6wY1pEKDqAm99Nt7e
solana,AuGUkjerwqgRjisxVw9t5ecxSjmURU8CbN2gp9zXwofq
solana,5yr7ELoFXCA2yvKpaRs1hc9PMrLBdqoWfDCQWHKpTNXc
solana,4rxLp5irkyFnpnYxWdEcemk8jVse8bANfteEgWrTUo6o
solana,HQAXqhEf1ZLmwkUgF6WKr3w45tB5jY9T7U6jc48XQsVK
solana,BtsaJXsPtiXzdzkyWKqwGcQtu8mET98aD1ug98zJZqeb
solana,8h6c3wkyLKB8aYAThrZpWuj18NruBs28goHcg9vFNGkB
solana,8gpExWzmoTKKMqMVtdvAR2hjjK1A8BUcE9C7KFECykRH
solana,2bRzeEYtVW4ECPsvPaZJPC8jPM3bkAF55gshvghMVGka
solana,FnhpwQk8GALHL6kpLWra1pziZxRYe7BPsLU79pRLia2c
solana,5ZAowdc78qdiDqiyN8w4Cpq3CwU5L7CHQSzCAFwqkD9L
solana,9BA2zwvJS2VQPXboypK15rujMHrF82BP7qdE3M54g5vw
solana,G8348kVLrm6DSd8UmEBLtt3Vy1Q6t1dwooCKTtiCcYr6
solana,GRFf1eSW7JgE9a6A3iPqP8WPotUmvqMFiRenktrwK6F4
solana,3BzdTLML9YhVorERevULZEZ9Unja7WQG5KDb4TGsbzM7
solana,EARFFGW1DPkYJSGbpvGRCpN2qJrKZPT1RbbhcaLYDcju
solana,FzzguhPYcRRy89xcgn1qV8YWKiejGYnwQqRg31HBp2Gh
solana,GMmihTRfVSbaA5USjaCqKBsB6SrWeZ4hxfrKdDwgePJ8
solana,Hzc7hbgPhb1oLkm5yEHpmG2Bn155TbXhrsF7SnwuesVn
solana,hPyczj2CZowZFWTSPP34FQwW2R4W833tBJyyYgSAoTN
solana,5YsayMU2a7G1FdEP75AH9dGJvW9XsmkFf7RMC4r7uzJ4
solana,Bs8cZA1j8u2zR9C7EzEorPEWTsKCFJrkJXNqTeAZ12qR
solana,GgeaaxShmzTXMoenDSK7fvuiaXQE9a1ymHs9hmQN2Nn3
solana,Gp4eFBUqRx81mqjKW5C6nMrPWdx5xKvRoPiMqPJUB57z
solana,8kPcfdg1ZY49W84ut2ZTqg7F1Uf8yvA4cdJXRKnkj2qe
solana,BPxfoGsoRuFPC5dH6Wxb5bfSZfaVj7w4bTh8dmHdheYC
solana,2pa8534j5UPDGN6MCEtS4TpcKjx9jDgttFgbUSSwaCuY
solana,7ABu1S2Wzo7heK9HJNUbeFSmdoj9fwFy7BXDaD5jtjn6
solana,5hBQqoRkwWVfPTr2czLhnL5N1pC1JRYBFAz985s2w4YM
solana,FN8F7tnosp7R5GAhfKNZ8PyAR26L6KrBT2yV9bF14rup
solana,FNGPqo9RFSmoGr8GfERPCrKjG63ackpry1PiLDWzj3Z3
solana,GtovKboikrgMia4neaXLMrTmWaWHZmpuoK5kqj81LSos
solana,D2VLkym3PdqmVnB6CrJ9guMv7yL1E14ZdHcPrvQ2cE3o
solana,CXuKtz7kq2pX3KkbGCSGfc5EoKVPiXHKzo2bafLuu7SF
solana,21vgckSiNkjQ4RebhwdxU4yJch9sLggAJGQ3d5TMyuHb
solana,5fjvui8hT7xZvtYCGZsxv56REpiw9ZRPVd7zEEZGKSvw
solana,4WD94yngG9CySJZwEgu9EkHpw17tCTjpwf1Xm4A7fjdf
solana,HyxH3QHc4RcTGZG3wNswf2MxapUk6cBLhL2wdUKFzVhL
solana,7arQw5tgo91AfQKFZNpyPrXX1DvmMvyYYcEwEaVDFAob
solana,5hKfNVK8XgeuxnuGJqoNs4eBKKjB8yUnZxu4m163nEKy
solana,AJ484SC7oLwsRcYwGKEd3mWuzQVAir6QZrYywXTpuKLo
solana,3xDsV8b2EJm7tQkJ34ZxcswxSVaPVEchVbQ6qGxDr7QL
solana,7pzs9i9AUQYeUT4xwr26ZWyifD6ybZxYGRCVkvokLpeM
solana,4YALuWLrwGgextT4hUB5xe6Ai7oEFqmVFsgAmkF4pJvd
solana,5WuVt83EVY6urK7VdLq8PUQuicXv5DtpytcXbPj9YUiN
solana,3rpRBdy7Lp4uXjKJVKubZ9NGzdLzPzSnscPsB8nX6oz3
solana,43d2rEiXadpEAXJjaF1eCpwVvzX7aSkDJis1yYf3YiZB
solana,ENJkqrBozafzYHVYiKZVXMzfLGgr7fPMx1neYsteTCSx
solana,Gk3RTZSYEEJsrF9RBBMxHcaFX3SaP8W1x6m4fcRuLFsG
solana,FUvDnNSQDNDogvFoAkwx1x97nx37hWYtdZ7r4QYAEgBb
solana,5WBEr8RLwdBkQTkgmWNbfr6qWLADz2Rpju17dAzvvsqT
solana,Ba3wxRm6hor1y7e8baEhkiUciNgAh7irq8CmnJGZcdTF
solana,D2tZHLXodk1kvphAbtZWwLWwhyJbZHJqLaoEwbr7s2kQ
solana,8GzzeXpXANhd6Zy1ioXDR3JddvNMqjZuchDwJaUJcHgF
solana,7nvJBCBMWHYsi4z4qxmmpyMm6z4AjW9KirUU2MeA6onw
solana,BxzXex9untuBtJoH1sHb9unyPcRMHw4LhNNFPhtpU25R
solana,5FNcg2sAvRdHBaMu1wvrAnnHCCpVWCPrkTWLuArU6h5J
solana,FMzKGvtU5apqF5ftBdGAFxYxWWE4DFEf9UA99HUkNiUp
solana,GmN6pixwVZWdA12zzLiGFbeVoi6iWgwKRcJUaqFwNgCX
solana,HLc54bWPhEuEFx3ymnGUZygLLSKmTFnpH6LiCS4CZ1dx
solana,FDQRkkXj9LJCymsAtaKcz4RxTcGvxfAwY4ALpK41SR7N
solana,25aikUhpnRooXLooyFYXszyNpKgTZcgBC5UEvFGYtQjK
solana,FYKFmWHZHmWW5T3mdUnKvZ4c1hLrHsk3M1U1QbEB9uQA
solana,6Nfv3vNzGje8WH1hddqDF8iiTt8SxC8sttKUMp5z88Za
solana,EDS7ocQBDah6yXQKGsN18Uypn5uL8hqJKJmMQTnFRzES
solana,3ARLNA7gphTZGmg68EreBEB3CpogXbeXHxmdJyYtGipX
solana,HcW2KiRTN7pJU7ZwXj3eYYNiJsnfwcpJkEpSDdMD4XSA
solana,8W7prd6PidPBMzNjqH18e86Jt1XT1EVbCVbJ9HDqQCGA
solana,GppqzpGnYTW1ZuGK2vnrhtsfGkuFa6tSGLXha8aEP9rX
solana,CJPmwe2TJutnZeUnjoHG6D8n1oebwG6V6QhjF82Ru9xK
solana,HDk8TQ19FyAkw4fyvk3es5K366G3d9WrwAYyDTnBXijT
solana,38pNV1LSUQbhgAyF3fJtri8NYiDSBNyB6tCSq29uPmtE
solana,BAGmNMDaxd7mK8Ap3EjCgjz6LbmnkeZkrhXNAVCrWEAU
solana,EA2frLse3jn1r339iCPuNcwk8nW7EZwZ2X9Ne6b92QAL
solana,7qaHB8RbryVcB5ULWdr4tvcjfy65UjP73gjFjwk9jbpW
solana,ZAC1HD1dtTQPVSQXykHf9oSpu6BvTQXgUF66hN7w5ox
solana,aERooe1EgsXUSZuUGQfhMuMqzuHL4qnkJ94WvT1eBGL
solana,4J8wpkaJERZ91215MdKFTnbvbs7Mbd3Ln4NZywYdD9yQ
solana,GF4ps1oo8k2otXnRiKWjVfRCWeixacHfMhUj2SVjzNt7
solana,D7VNQLspbPDQP4VYdUGr95ARJCjZ6NdbsvpCbrWV4tuM
solana,CdryLvs9PeyCQ5yBd9zhWp8RBf5BxAuuCyd4pQFhkyno
solana,HJoTypPv1rnAZwke2kZEAfekU7ysF2Wb9LngfrV34sHK
solana,9qURwPrsQmxkbrvLLjdC6RbfCYiPHTWsDiYD15Z7roKd
solana,95LdRFht5fUSn4HHygMsQmaEd7ocWswqUQwHJ5MgGeW8
solana,Fu6HyRF57rGowvm7CU7ff14stYNnaQmqVcPxmf6VEupT
solana,HhRn635xTky1uCHg4oozxQ6hiiTWbsUjGvUiiwJMZVHV
solana,3CWQh8yAD8kTEw3Ut3BP2WHSdiby9q5aSfX1EjxtzumN
solana,FxsFV5huG2SCL6t7wJAJXDpLmvmCgVgjUXTdNuVBuUde
solana,FQTdVS2hyNSrQo2oTVeXBhCHpwqFjDZrZckQjP6XXuE2
solana,9J5VJMyAJKrW95KFkdLpxNMayvduK9i9dDcDnidYwEGN
solana,H7tWZmWbvBPSkkEeeEf3tyaiiRCXxq1rB4NZFkjXHdya
solana,FvLeMKG7iVt3xTFGHq79TjaJo3qDzmcQcAovvgT6CjcX
solana,45ck31jiQ3RozD8HwucWrgoB1392D7DXbgvYht8bSkYi
solana,2mBaNPnhZpdWyTojX85GrTkTuC3qAYJoFj28Ktej3Bnu
solana,2FJP75Z94EZSuhnTGNmXMNFJBemPVh3d3eis8QD9Mk9u
solana,cQoxU1oPxDi3d17syXHoVtH3bQNyq3VSnksMZAU4sVL
solana,FaNYEfuSnwTzs5k1ZCW8w2oobAiqqsENYVnqH72JrXVb
solana,Dfi7bANDQTHSmCrmi6J3wXZrPZyVkJgcqwAZNrJkvbrn
solana,DPSWip1mMZTpsMFRc8XBehx2w7mBFDkk5uSdvZWu1A3i
solana,4NRCH5zuFpQzdSQcfqTh3SrkhT5gWD4cCKqehhf5WUms
solana,68qCf1fgjTqFX3QuJJ87HWpaLku9Jv9SUpry974w7fTX
solana,CNJBDZt2Lcqugo9WvRtsJR6NAYg9VbYM2fiTqCgCvNq5
solana,CBtcNhnuFBq2bQAjsKSa3utFUPJDPF7DMCokBFgsrPS
solana,2tb7DProh55rxd4RqBfVacJS4u45YGM2TEfjfcpwLH5a
solana,7zujpfKRWvdXDg8cbnVWRiBRNFjq4onbKQgGaEFh15iU
solana,7YKpX1NVL1deF9xaDx9ZfugwhxKamJEdaeVQ3tzyaKC3
solana,99nGwNJvL5nMH5KEFgEXcPVJUvpb9qkmdfwBTarXxdUG
solana,5Rz91VTHD5UKxFTwnWKzpav3tc1ZfHkfB7dbbpx47qgb
solana,6hprRC922uyWvuxnwoxZEgA2qrhoHYXrTwwLc96W8nmh
solana,HmL4EBMRxPuEtdRuQLtSJkYcr6pM6sy1ZdN94dKUghau
solana,sdocJP6L9NFVBeGcQF1ZNBPBQCEkgU2mdirL6VycYPR
solana,DDGV8gzEmxpDD98BeaD1uBCu6ErKKbVT9L67U7B4LmBV
solana,14qfQU7jjKv413pzqsEYYbGBiknCScmVn3NVuyHScuuy
solana,49TudB3MH6QxTtfMHtdB2vi73Vc8PnQcYS8xbobeSjJw
solana,9HpMq9mDJTsvFFvc3QLmna3GDSJscbp7nvDrf5ht7kBo
solana,99Q7PMwXHiKyzU4UuM1NQH36ogQQVop9sBjvd4iePMxc
solana,6q34jkDu7e35AgXtRqtqtyEee6XaUxHLpacW81Prh9RJ
solana,DweFV5UfZxiZb7JDy3tZVaHE5E8xfNKmxAgjThdJHrh4
solana,3ANBzz16t77YKasKax2iwBtJ7ggZvujMRLcqHfCGCfwN
solana,8b81KgDVQUxgnr8bovGaFxFnJxMdCB5SVk14fyBDnEsi
solana,6u1DWUYUNDK8YciVjDnNLtS8BPRwDMmd7tJwF3fhX42g
solana,3D3ygGAkXDpTPAxWKWkAUuu77bHhqRjzS8gfETmyT6iz
solana,4BARhkge7kA2ZUwuUyDVPVdi1i6jvoQw861Q7iMZiAJj
solana,6SUmhd3t8upc4Mf2EeUictRseNXxUnHgPEkVFSz27sdC
solana,4X7JNYcNeABQvmeZRjoRmwKxDo45ogbRhWgEXvG3Wq1n
solana,2Rr4Y5Jsfz6cxBULYTGASYbgE6aWkFD3voUxTfgyH1o6
solana,5NL14vdVKzAqheH8gF5f9RRqiN7YPhHLDPa93GjMFs6v
solana,J5vgdMpvMDy8v28WAy3cfmnj35xsuwvUfBjPvfWBsPa8
solana,3ZJyzxwjecfiyHDRrQqJMAM3tyx91Arg81dxZMpXP5PT
solana,D8PgLHVnwHKyGRCa7Y7Zd3FvqdW2QKJkFZJZJrasGeR3
solana,67sKQbcv8xJGXcXFDHy1p9R16fmUb7nkBDZjLhCcUaQy
solana,6H6Qivxr2V21iphfsALH7Y2zMy7AQiHjX35HgHqfJCSr
solana,B7BYKaTM3EtTVQcn6wo3bb8PYCbDpVdg9Dia7fyxV7wD
solana,AkTQTdDvWxupT9vT2YpQUdBqbyo2yKEu6VasGNKR1YTA
solana,HjaksxqEgMq4jXLmKrv7kxVGFjSHQ9gjU29nd4x3dkDQ
solana,F6Q1HbwinTAp5NEGhnBuyPLxpyJ2fYy7YUgYDgC3vpzT
solana,9bW5oN7aSLjRkA9sDHUGQ62J2gVof3nmR4Wpefa6ZXaV
solana,4iUhwcm2LZCFo8Zvwf2tAkRnk4W6ovyLEknSK34ss2Xn
solana,DP4mwkbR8RBnYdzkxaY8p7PVXcP2DE25XFh7byiQmaFq
solana,CpFU6AjJenm4GhBNFTAV8TGTWqM7YH4KMHQ9APNtFf84
solana,DdH18zrzVPBRQzniR38oWXb3dZikxbXkUcNHGRGFiHWW
solana,D59kW5UgXN1FVFW7aPoyEgd8JXcMXz7Fg6RDJxN5vCKF
solana,BKa9D4L9YWh19PqZFcUqPF3dtMpLRUnAGVQAEJ3wCJwv
solana,88y7XLke4ss843LN4u9nj3Q71GJKQLJm8WTR3fhVNgKJ
solana,72rSvUNh7ojUcpb8Cet4JeHDbpRczTPefkMGwatxEoUS
solana,AsTyRGqxUQSFqJVBY9vfkK6bMVMbPtk4rkjSmsXUMtyL
solana,HCTJowVCkd3mGFpi7CGvWMG5VQBqeQKaYbeUpYyQ7XZD
solana,B8yhR3t4359sAUANJSWicx8cbmS46YowneNQ1U9WNh7
solana,62i8XCkJ8pFbPP2NvtMok7r2Zbm3h1pdY81n95cghKyF
solana,WA12NWT9HD3aQGyQ9VDfE7NNQS4w6PtcywmUVqHFi8g
solana,6PD51UMNZ2GxwqcpSo16Auz1457swDYhYyyUSET4kPtC
solana,ALdcgXjYCb52QqkLYF85LPfwCjLREJ4ZsAbdGyQSoE2A
solana,2LiKCLWaBYJfk5sL62pThEKA5DuZMgYjRHb51QbJ1rZA
solana,GbFaVJeS7qnVjzPdXhnXKQpaAwQZ2NKw3qNoWc3SsXnu
solana,8ivcVuvRR7jRx2cqgy2HjrPGUgaN25cCvyWtZSkgjD5V
solana,6TcC8KGBP6Lya5qYJdYeGyciMnmVxUbY6GXBDwZx9R5U
solana,815Ea6odgj6TK7KcVSm3hyZ7xrVaicCTMacHBedYkhTF
solana,5YPYQy7Ftwx1yQUfxtTmxBXMhkpDRP63U9vqEztJTy8G
solana,2t18Q5m1h2EjTGSFhNvB7TUqTMBJGDgxVcvJZnmN5MFA
solana,5aQRcFRoD4Ecj9p13rVk9u1SZy9BtHMdmDJonrvREAA2
solana,4W1X2WPCDtX7gGVF53AYo3VcMqFGpg9Ex9ybLNyv2s4M
solana,BNun7EB9WeEDUfJd78faZraiYoS6snSy5fRmeHw3sGz6
solana,B5SMkYTrV1wPcrtM1CDjCNANFWaq8cZQbmiag1BuXWbn
solana,4Q4rwBRJrZVdujWST8a8k6SmPbWL6x5yFYCTpCmBRG87
solana,2waERmJQU7D7gKievyNaMVj7wD67mf57rRQJV6FyQ3y4
solana,8HCjFyHKQgi1qnwYyWhZMpxrp2ukGeKbKWKXxm1b1beR
solana,4ioxKpf7XjidQxhq4xAUS85cysr5VDydh6p4wL4YtUXW
solana,5mvkQ85k41WU55v5QACLtf39naXJeQam7DpuDEuHE2K5
solana,Vit4AGYoisyp933ffv1C7cyyMHZWHxKWzHArv6wSnzU
solana,HMA4933tvTcDxPXtdNwvsuaztdpASzuBxfX8P3vVshFH
solana,EU12Ro75MmzdHzigwvU1DUcDRtgxmJF1vrVGrzA26zbS
solana,4B5EMpUDphG4mEhcsFV58mjuDy7UkaPNkBeQy4cPiSuS
solana,8Ejzok39WxeYQJDxcyBwuUWQ9gu842AT7u5vqNkUi1Di
solana,EjhPij6UTCLguECJbkc6AqVJ4Qcy3VreTPcdkTFobmJo
solana,8oBmxB4Ev39WugmbCHYEhMKRjNVkxSDE3fE7iuqsMhgd
solana,9VJ6XGDxQyEYf5dNcVYstLPcvKtnMgDLeTR6QV5ZP3B2
solana,6cUt5jBsR9pgsYyHhUPhAnDyveK1fSvEDUJ3tpP3iXyq
solana,7v7FTH7pMNueAfjBCTtJqyYHBt8jMGrZeNMxUPdPA7YS
solana,4U5hWKm3zmxdRGjZKzMEsgkY1RrZ2VjrYMVxQ8KY91UK
solana,7dq98xo1sxgpj3hK5ukW4DzHeiZcNJKKSAmFyqFaATex
solana,FKQb1fsMkwvHehERKz9bGaAzrbHpzkHJHRCsyvF4wvDU
solana,AeqsS7WYjAZUVxFXyB1oXsZeKtM2rKpkL6rfsn5UGwe5
solana,Dj81AcbDt5ytPs2uyVak7xqggK3XmqSkXGYd8fXYL3ky
solana,GL5E989LkjoKFwfEk3jQNw9X2b3it88o5B7iUrtQ63fX
solana,GNqRMQfk6B7dg5vrzBwVzFFXq9yLpXR6bMETnKcTCdhw
solana,EmkHMeA2CGVRrVx4M6SVXgnS6wTLgbcdE6FfTQMvXd1w
solana,DYXnRSPSeg3AMxNfP82qZb6HSXmWLK2L4wuj7SgsMKYD
solana,9HntPMneZn2MpNHKgR6jdpK9HfDpoJpF9DvtkqKWBNgK
solana,BABvuZQgvdvB7VaH6ipefQCVCed2Q3h4wdrUL5xSS4ho
solana,AwREt76Yy7ZvhuFAdBaW2om2ANzzv4ogEeYoZr63i1pf
solana,66BWvTUdihuJMUT5duCohHQt3wyvSx3qDVG5kJ4yvGQC
solana,5SqUUkF3wfnnNLVXG4aBe1oJ5tLT9cPxfhy5E6fVychX
solana,Fo6myZG57axJdEvY8bx5VA4xnkVwCEeRG3UhFahuM1cj
solana,EX66hp3GW6Y8Z5RUK5BqYkFVsGxUwfwWNB41sWeG9GtA
solana,56oRYeApzXgyG8wTF8FERYvU1GKJ3w6kwxAGTVXJxWrx
solana,CiygL6M2Mpedq35KPAqxxNGr7YFdJc18w4biuBSkDz8i
solana,4H6UTX5fQdDtTpVvUSsyRhFw261fcwEHcFWkL6sSeMYf
solana,4nQPEMAAhTE15YC68BRDDrdqVVRM5bhNkyHKL4u1DLfx
solana,5iBGXBMoAi8Zw1Rwt5sTpi9qKVx6vcNSXY1poZwJ1o64
solana,BZysro6cuKVW8BVNs3Y6eicFL6kmUf5vJouGEKJZpS1s
solana,GydcfaZtMt1wtJuViz2K2dW7ZfsNSotmS16oruA2gHkY
solana,H2ya7YAySvFuietQFRo3FNNMznaWZLvCM9Dv6by9girB
solana,EXXswTdkM1P4gYMq1AVKjCMW5PAx15cfZ2p4BRs56mwL
solana,8SYEhj2XEzCGC9Q11TmkAFKo1ZWuJszDyoCS5HtrhPWL
solana,A7sY9FVvVJLg9GFioH6c99ARezNVoZG2Utzs46cwaQZ3
solana,7vZacM8QLytkWQtBVq85UPJrY7ZoddVRjnHYNdNco2XG
solana,5MReKcdL6w7vJTfpm9BhPEjXwpEirP6bbZQacJH5xLbf
solana,8CSxkR81UGzR6zSpTbRSipkd2x7dK9NifEWFiFwbotq5
solana,2qbnozETEMwmnMJtLkKdvvP6r6tR7zT5cR2R1tLT6tQx
solana,512eyhXgo7PbP1qfD6YKz8TRCSB9E3zCdS4p1zSvzQPA
solana,6m2f7289yYmfWRbp72e6pW6qL6Si5JHJEWi2ZHR61Ao
solana,78dPp1cCyoNiGxuB3RT8ZPhVAyTMvYbJyc1D4RbRQaN4
solana,CEvy8mRaXp5y1NyHucE4fvAcGPKHx2MrLKuCnNZL3Cgy
solana,2gfZr7fwZ1wTbt22vBgooTRQ1XZEA7FbEW5aZAtPEZim
solana,7sL6uyCfUSj7QXd4vwbg7JM4Y7s6LtGkvuCdFdM6Kssy
solana,4UcYK7NUFJgMWVhTr9TpXS7VL3rrR7yvXTb5jvN1Aymr
solana,E31wwJnpDpmTpXyV4sW8bcRfiobPUWtxeRp4SAkbZMmV
solana,6H6YLPTcPABKN9WYvesKJmdje3BCjHV9GnHwnK2UfmXc
solana,5w6Hu8jmyQxZxu7SCEnCs3v7j1iSPDPxaxC6KMhT6tLf
solana,G2o8v4aWDJ9LpGiCVfDdLKNhpJ6LDqFbF5xMY7x4AZQF
solana,UEUT921HmRV2VjeC4N62fnWvQBr2v7rQZZgQxugiZSg
solana,FjE27Gi25kQjyxKA7WitjNj6qYLW44E4BMCDRBF8DhSQ
solana,DiJZXb7K2yL1rcB6xZDVybfMG8KiNgBhXpy6h3NnqmKL
solana,2TgTegMsdSCPWPTviVmwKP9vMqyL37BnGt2f3yiDKPuS
solana,FJEu13xqC9xXbMNwz53XSAKEcLgh6QQ8fk2aEg5kA8DV
solana,8Z5G3ofm9NvDC2uwTrjr7snhHxkEgKMSXeHz1uDcEvjk
solana,GTUbfGj2LPnm138s699vSfNr6MKDzS4SYFbWTSRsXA32
solana,7EDchfo9Hs456Es1CpXDxsSJAniJaBaRVUnv2hbfc5TR
solana,7ZfKLswdXomX2ZJHib4fMc5ArQbBD6H8kaEU8JZJiEr
solana,7jHCMTnQhx1856Q681CZoMDR3QLbXFbKMGr9ioK4gEWJ
solana,6MfcdtANSQyT5YV2p1oncx9m3wJvrKCsb3eVDHBgFfsX
solana,BxpQxu3RHTJM2yoxWXd2Bdg26C2PQLLPFxpNgxccNxAP
solana,C7DEYxfVok8Qk7PYMXezMD4D4ion4dHz2yPNJiiF2LXB
solana,HS7gmLzGyupjExa6fTSdn2zjipAybwfyv7Lw5atMphrE
solana,CwrkQGzQWXXQz9hsmkGN9bJrCGwCbBW5SUzdZKvbQHuy
solana,FbSJLdZXQTTCQzkccyxtFq9at3rnJzmS9u7kv9c6f1Rc
solana,ELCMCfHiCf7fPQCmz8byGde3yzkRUznAZ3j1AzNs4Y72
solana,CkXP8bt2kKmKL4MwMsKdHn7voFAksqj1gXQ7DvLWuzDb
solana,Fq9Qu4hccSQFMgdVE8tS7esSSxydC3MuquvySabm98v7
solana,2VtHYePhZntc1KfxNargtcp4YHYxSTjj5bAwX4tHkT2m
solana,AcDxrA4GxQtHantoKHKZxsBC9chs7uPq39U7vkcHH2a5
solana,9K3Y2oQoaKPZd3nLjCVijmMBX6xGxn9R271e8GRt88VQ
solana,DBMURcENPcTpk7fdxRyuhH6qooPnBPXUpiY18Y25WKda
solana,5JWwqZua9iww8BdTEF4NuoMtAXXkFu6g1jkvPAdzPwkD
solana,A6vnEzov3vns1Wi9HvjtvbBrFHUWDSE5NRBnJ5XLgny7
solana,8FBJwBoCJFew2SQ7vWHDpS9XsKogZqVV13JxyMyfg1K6
solana,G5JhHHzP5QvgmAzpnRBtpe6Z3yopZXc6NQARkxQ1CUKW
solana,7gXfQtKYV6zD5tBm2q5ax67gBDH3AFB5mxxo9q4XAcUL
solana,FUtXwQw4MR3AFeVHiVF9XQrmmjnMYYPrixjNAojZquPP
solana,EpPgQtT6aDUXkqvySyjfTHc3TbWsHD4b7U4pYcJefk8f
solana,AhZr6jq25kYpDrKv5dsPKKzG7MWuhtNBtZeAHYr4XZ6M
solana,5URF8Ba4DDuKxHCxyVMjypESo1FjXyFjpvJPCzTUX4BN
solana,Hp9bwRpzYF9RbX1C9uTYsc3bRBcxFrJhSXeT9u8PxiQ9
solana,6qMeJqQS7cYT9JFdmD2iHYYZ8RqjJm4Tyearj1wX28R
solana,56QyMTPhZEQxmriA8k9GfNq5vVbbtE47KNhLq81TUEps
solana,8Txj3wa8ciJj1dKoBkiRGA9ukj6C6yGUW7TLpg5vQzhX
solana,EgasfiwfEJc1yqedwdQPNGHRdkiJAfLeHW8V6gSn74xC
solana,6LERt2BH6ufg678GRzMmaV9UCb1hu1XussjBypqEvviQ
solana,8k41hRAPq6iYTwgSSstCEwdhJFtxMSH3pfoC3Bu8GJTn
solana,FqC4VYVG2K7tbiJT7kiL5G1ZSCrfbRyQSQ4C1npS65KZ
solana,2A59i1FULdTFAzL5Hr7S6ddQ22qQBT3WGxfLF3a8MGJQ
solana,5tFyEiv8CkRQnQKCJhBmVb2MPokf2r3YeR1kvxGmnCTX
solana,2wWxyEW8ceamTzom7KrSnJRE5YwaJkSLo117qM1MmQVb
solana,7j9HatFiKRp9dcrwRH6wxHgd8iTRHUgvPTHxMpaww4Bj
solana,BVizHtAqS1UGjoyagGmYGXb6cJ5iG2PxjvWQPSotqSUU
solana,2cUjfXZi7wXzLwUr6ZKmNuMKCLVhaqjiThWnoKKDfkm2
solana,74BtQ6gvYcXzj8w4Kh46saSnRwJ2bJxEbdzMCehN5Koj
solana,GPWoD6LoQfycWjsG2JfMbrsNdEEKPZ2EHFf11hNJGbbF
solana,2jJRFtsvv4xHAUMVjRUhPfsDfyQPqqE2ccQ2u3SSvq59
solana,7chiYm5HSMbVuBSgYMJkF8qstuEFztyuFCxW5fYe7xs8
solana,9uxrpx5WamMdF8xSYHWksG3ybTGfD6s3s6Mhnmr3UAAp
solana,6CAjMgPWz25YqMeMPihBcS9DSLtTigwMzi59JBLoocBR
solana,C7sGhEF3sCG2SRRfk5pWDaLCguLN1S3rrpRuoQFSPW5d
solana,8oSURyE3FQWC4nH4TUGwATGYrLgqy3Vh3byXGV83CGTu
solana,7MFSp8WRBoQpHvFfn4hRiwYiUUhHkfoGkhUZW8nsdpno
solana,2Ajr8ZJmoAs4Pm2F4VHX2i12n7wBUFRrRkWuZ1odKrAH
solana,7PLXvmqLeccHrW2N6RoDSsWeuif8tN3jtarrsFjDemi7
solana,9B235pDZdzUyim7vUCmfp6RxmC924i9d2novmWLbW8gy
solana,FwxkvhGeKBtzAVoDNr1TCF5gxzuoc3PPjunNRNjV5ZAZ
solana,Co18aSMcvRPL8T15nm15cFiDCJm2WKWFKcS1TUbeGb2K
solana,AvqKtaY3LgFSv9Uw8Te5RrtqJm5duWFgHy3QmUrGUJgw
solana,BwWzSFxHmf84qhrhQzSuteFBj41kJUTzS9hLRw6Eq18K
solana,DtKuAhaq8NVdXX2AmEeyADTgNTK2eoiYSjbMvvaWpRND
solana,8CcLB6jRb5V9LEQnY5TMJC5xdQN9VnLSV9boa1SsF8BA
solana,6cJq6ZBD57NQftKJPC9PTWJHuxGNW7GGzJqMgun1dahi
solana,FgQcC9yr5Gt7aoh5fDe9xjLzLVmA8g5TAn8KWomerCGP
solana,6M5n1J9Mq17bmaxP2D4vJbffP3EMGSoyg1sJRKMj4WUu
solana,E6cF7H57jnTAkqnPSmNb5Vi7kUwk5wgQda6v6MUvApJh
solana,Cwv7y5sHntB28TcsUPfdZBwNYzgREg4fR47s3j8r9f3P
solana,GcTcQa7XFyrc72eDDGS7oBbtSvdWHnTm64Gp22xKxH8M
solana,9zC6cM7tdvXfBhediwEakzZ6CkEa3KHL1es15kCwB7iX
solana,55Q6dDCW77moBG82vZn53Qdr8FdPtmm23Xrq6ip6xGEt
solana,5NiHu33woiBknuzAupDrgrZzshmmWyB5RnmngcKzKsBp
solana,7LGEtNfuNLAQuxhdoMTdzmg1yrBXqH5kg9hcsNfV1UiQ
solana,3udtGFWpSdTZTjNQCNckU4Q8mQywftVPEEsYMKdRfby6
solana,DiWoooXsYUGR6BJFq17LWvymjbP3nWQsGxZ4eaoLjiKV
solana,5m9L6YqUnWhjbTD9ucWz1Bxpqw9HyAxT4GXjNm2UYY5F
solana,C2icrTYWjgQtMr2cFiCXfZuDNaddQxBUheLwyfbYsmST
solana,EQSkXYFZ2yfyTRiMW6dEUpn3cDXHmEcxczJgY3WGGxon
solana,5gcSZ3omHnY8YCrYthjdGCBHrr666bBGr5vxp7EUo4T4
solana,6aPwLX6GQQ2SKE4AZvW3F6g2mxtMbcDGP3uXT3TbjbTH
solana,HUmc162EbkqYdaoR7y5uc1eR21s4hzSiRxA85CTtaVgz
solana,FTjskhp3j7s3opfj5Z17gvn7D8Lvm5gDkmkg9RCxDEng
solana,CizS5x8HCvHqy8jJVc17i6X4FRjfNKrxiu7X57HtFTuA
solana,6PkGU51w7fmDfM9wWS6davVzVGjpJYVwsWeaW5CHzbFk
solana,9ffhWp7H3sio6CMgq5xboSE2XJUUFxeL1pJortXMGXbg
solana,J4vLA3PDzkpTfqT4RTqFJjDERuk2uQvTDXzXCwwkFeoT
solana,8XPKTavtnbdfmHjDa92mw91vBUEzL4Sd8JpbXqzrjBHN
solana,8LvxPo2CTDLWJFSTyiK5bCCyERP5EyWAkDwg9Av8JnBv
solana,wzZ4yWJt37pR3ts77CHdyEpjham1FwkPumeQuk2FD1L
solana,88HJeXxBPgB96AWCCGhTZLbcqw7d7jpA2XssNkmtaTQG
solana,5LK3JJJ3ovZnGNP95VmoUFYhSfhTup9hUhnQdouRBnMb
solana,4rkyfwTmxVMmtpuudZkrFtJSM9suvTF9KaDHfPgFRw59
solana,9fhWTBTTnr2pXrmA3YyrcDCUYnEbBXfZN42TbHzHxF7j
solana,D2LxCoX8vxvYMTW2HRKfLEYuqo3Tf1EjSudsnQzea9Uq
solana,8SVQJ4djLJBLMs3vZAxsczmgTNJG7qwLYTeRzNt5ofus
solana,33MRnCgR3CRR84egrcdg8YPTeGSxAUMBF6iTDAZYLnaj
solana,DL3UijT9PRPrnb5EFcsNXGn16z4mm8RvtPYpLskcUcxs
solana,4HZhLcxgMv2vLrEzBPqmXP99ZgdpeKMs4AV5dq43dJdJ
solana,3YtZdEAqoAMm1FUmHofJvvwdwtj5fUtCyt2haRzrzPvi
solana,9gUd7TZ8w7jTuoHZ4ZNFf1iYBPP1oPMUdfQjMf3Wsnr3
solana,DWA3CSsDojLt1yRSa1NaAwYeDPr72U7RQpPEkgjc4hyk
solana,7hAL9xtRYP6hGdrdDwT1mrAvRCiUFt14rMcLA8UD4YNN
solana,B6eW5kiURjpNjdvrcXau24MPmmddQ6Q7x4TYc2qxo3Pb
solana,C14Twi3R1J9mwB6ciFQpCy9ZgRg2qbonciLRUsz8T33Q
solana,Eu4yejJsbngmynCR6g9sHoB9Ner2SmXjRHQdVPjWbUSv
solana,GNPf2WyYbAsQMuBbdM4qY5Jv5WN8KuUSEkKRod4kFvR6
solana,95NiCcWKQtZ6pvQVQsw963ohV3hM6iE4sviwfenVoaac
solana,5R7kDLpXhn9NeBsiQG8T3kw8EzMDDBMkjohm37VZ23Yw
solana,3NDwxmBifZFovZqgvjwpH6Jq6xxMb56SLF8gnGMCfzLW
solana,GpjrzkGpDuxbaJYv94XbLqceEMRnurCB4vA2CnV7HwCj
solana,8qwrrprbMLvSx4QSQssuVwCbtRsDv46XEGKH5UJPAmqp
solana,GyaMqzyrHaq1cUodVBoyUFQ4geXagDBEYQLGsr14SDCX
solana,AFLR8FFT1UAYPY3u4qJ4jLz2oh9dHSzqYerqqWfsEdir
solana,7KjTTvqjJEXKYw8SakPDSWdahSipy3FdtRiyZuTPxAmh
solana,F8xFDTYKV6jdaTr33mVQNexQYjWWyC6RgqBkyqgqq76r
solana,AKtdiNCzCFVYefU4hKqm5j6qZinn6R4JEZR4eCaHmQ4n
solana,2YEvzEL9M8zmdPNgfKhLe6b4uryFYXJHwv3by2Gwkjur
solana,8e3sLyRZ4Mz1P4fNBJi9vqUFCu5GzmnrVhz4vvrDdQam
solana,C3dF8ZdEgqEfu3CqS2t7meeeTzyEVHqKEbmrv5qKjwyf
solana,Hp1wGCBksKbvx1nNJF7pairCEoNrTswoFkuRvfKVRSHs
solana,F5Zb5Zfi4WBSq4cFTgNA4rH5ok3GmUWszdr1A1As3Kb3
solana,7cWq1Di9pniqGNTPbGP4qFuhNZwH2YhPTU4baZwpcVa1
solana,E5XXH6gbqtgHcEmvVhU3W7HsUznnPE4ucTVnK65Fzwz7
solana,9khyfRY3jfTyweYY8BnH3MAPaQXmBAjsYkRnV2XcpLCR
solana,AgEs3yqQfnv3ByGRXW6BHGESij6u5MFgxLacBuUdyvAx
solana,A6Gwxv9rSfUqLJH4y9tjXLVHfk5LCvgcBbpcpoZMSMAy
solana,EX9LJrZKcWvMBDEc2qU3f7hzRTwfkazK51ZAYuDweUXa
solana,8zkBx5YwgWWkaeWfmqVREwrCaeDn3cPp4v51vKPg4rsw
solana,7PfgvohRzq2SwdPHdGyyjca5AkyHCJe7guwu65Qw36EA
solana,8m4aquAQ2imVWkSXzm9W8fY8iAZyxyENQvmZiaRhPNLj
solana,9oniJUGdn9WYvJRvHBQDtAuvYF3SpHqA9UdQXHfkFmMu
solana,Bysfibi9m1yAxf4yVk8t2QfTyX6HuoDNimdW7UtRK3ZY
solana,B3B3sB27E3XZmQ76KytRFEoGqHNihjeEdfh7E5neDU6A
solana,AGuT6g9YiLpu7jgxAxx5pdq1wgVKiTLmhbtbHBc7ii3E
solana,6nGv4CvdSPYP326CdvsfaiaHf4sZoamvN5ViGxwpkrXm
solana,3CmNm1fM7DB4cVErenZpuFphqHiSjfnTDoTNood4isEj
solana,Chxh3ZLwzXgDowxMKEoxsiJdFhzTskfSp7X1dwsMzGBE
solana,5TEw2xNxNb13tehw9KRMbFQx6SYdfkMU3wnbDuD8aCRe
solana,5CXPuTy9k9taMeucnxjAuvVY1cd1rcGwZASrW12nDDkm
solana,BnCmJeJ8dMEtgi4SoFp2uEoEAYFx3AE5XkYNQZ7BQ5WZ
solana,7zKkfV6umg9tFfuQv7XeDfnmdegyw9xCrXXFrsj31EJP
solana,AJnTZcEseVWkq8mY5b88KcCCLg3GRBnhiAC8ZCm7oypD
solana,5Et5HzLYxhwkSU5KxU9YYFA9gS2T2gXkuZ3M8Q1hsBKY
solana,C2f1ceuteRHmsZwtUiAUiduzVRr44TSyBjjDcfkZYqpM
solana,A5DyYw3VjQzGQFxRQLSmTnnbWemrV96yK4AQR9QeuGCn
solana,J5hQhDhAwDvE3ry4rUgS9e4KKXHUL87YwRdqJqTMHqaw
solana,Dkh1tDVyVtp5NrKxUZygSzTkdjMpThDsvSBj8tBoG4CZ
solana,2QgcD2vXRegYVDzJ8Er8RVYgW7sSSTU2BsqAq2HXxtAT
solana,iKjwjEXv4AHCfVDzkxoquCW8kqkCGiF2GRWEiaYxk6b
solana,Cpniu5ENucMeLHrRHhPQdwbVrQC95jsBrL87v22pPsK5
solana,CedAi7WP2f6r8bnk89b4azeneivSq1yiPeLNjxkBFumc
solana,ABrUi5sNmCFYDNVyfQSe5SJbB6cb9GZyhjkUgUEBvtY
solana,71xg4pzEJ5KG2soDrdEcMuk7dhfAPZk4UjFT6hWTKA1e
solana,FXGg3y5S9WSxP4rkUSGjuRLSBxTCzBSNmkK1SLLcNdrQ
solana,FyjVRvjpVLe4oQa6vRTgPYHxvS8itfVtwsfcgMgzujiy
solana,GqNzsMidqJGSCqGWDv32pQBN1wNXXRyK94Jhm7DQbvJd
solana,2x5CkNtRBLA3r62J749qh4sCFLqN79ZHpvmKQMPA3raD
solana,FsbEgTrU1MSXPdbPsjsEB2jLjtJSejCQ2MRecfMDek2n
solana,8PYT7kv2VREvaDYBc1sbtnGLRjf5V7bxocbacsUHvxaZ
solana,EmLyYFyKe8KXg17wiovLMms6vjySWEA4vwSBA591fRQr
solana,D2gGwnAG5fhAAtqnWbsJdJJUDxrKsmveUib7iVZrhJJE
solana,8ASZW9oKfd1VhNhsgGXBC4rw23To98151cZ65wjFpnYz
solana,7Y94q1PWsa3JMt2HHF2cMnkEqzhG8EXSwE41SrEUNFqp
solana,HBZ1gj17hdFsNRdkxa51RWWQF8oRTmuJeaoGHnKhzoox
solana,6vd58vcroDErLurAqjXEtoC4QJkx8sTBvd4zJPKyAETX
solana,FcDJmA6NDqJyVhYW42ne7eL45WSmQJs9HKKGNnk1hMX5
solana,B7hoUKLwq35LfBjxGcB3Z9xqD7RmrN6gBE1w4ScPw3hH
solana,DMrQvGWBs4uFR4466BNrWAbNnsH3vpjV4TFD5nVTSAu8
solana,6WrAU6AqdY9EhWzAgAEmCFHSPD4aWUd5xWnHznsq68Tx
solana,8mQSZWL7jS6xzU35jTdiWsHebk2w1r9TkM76foB4DL4r
solana,FkCLJgJcVtoafS6AEiXK9cWPBZyrMaJjuQjBvNZgnKpV
solana,2HpRoMneDAFekEudzSHvTH2m1exm2VHgFbpvKii1CimM
solana,6umGB9tnigr5FX4BRDSMcPEAtpg6Hs4538emt8zbdJD2
solana,2tqRQeUgG75CRX6w6aEL4cPjud5VFikCaDyAuvqLXDqE
solana,2r67bxPdVSR6Bn721cdSkcoTNpDJGaQH13sA3BjaA1KG
solana,FgYBTdbUC9ftKqp1yWp28BfCtdTcEVEgpAjFEHGJ3ifQ
solana,HPRKccJ7AFA9DmR81Pp2iq7QBJyLUACTPdmfWZtT2VE6
solana,BJiUgxCwqW38hSBH6DK4JjETtFPL6HCQNjn3udq4eM5S
solana,2d4oQ6hSDuqapWCiTMPxGXW71mLa1BDjCamNvW9o453p
solana,A9nZK9Gucr9j2ditiTs6UFi8pNP7kWgMEryDnaoxqm61
solana,B2GMo54fWvtLWGYF8UfFPXyWRULyLm1rnm6o34dqJHdv
solana,2pb3mgep2CpsmKT4Dr3ZUGfnwfGZQrzGbFRQFbZvf6o2
solana,FiZT4pU1ZEVRxM6AewrsqY1fxcwjgXXujruKwTNwTp6L
solana,7ePdPLg7GzUdHDioFvpuqxiNAAZvVFHntUPTrvx41N9o
solana,FTx3D7PK9aDJoWkpcghqyG9w2eHwFFY8wu7pYoH7CxtF
solana,GienhrXnh7XGC2xhgxVzY3SET7kBTt37WVYXd7s1XaRU
solana,DyQf7VypEEfFYiYQoayh2874ahSSJV3SJibyaDhwBMTJ
solana,4eV8AMD2kEDH7quVr3zRsmZvgUTcaV8jXZ4CoGH56cBg
solana,8vqQaxzNsKkQMGVu7wDHczoGFvTPPpTdDsWbzfr82zBq
solana,Dc46L2EaX8S2EBBtJYcowa1TUrwuFLQ3yoWwMPPnULS2
solana,ESdceXfC6AtC7EB8Lsi5YaaD6NbvRGqDwijGCNUenob3
solana,DHmYtK9C7k2eM7PnJzyapEmtdcxNFEQ9ByTeZwfFAPy6
solana,HRmXzmDujsifErvRmAiPiZr3ec99aqc9YH5ev9s3fqqo
solana,EZyZSTqAr2h7eN6d52FxAKvBPCmzgmYvVWVv6cSvupoJ
solana,HxfcbgnpKU5Wux3QMiVTHoH5kH6KragZMcPNPwRjfA4C
solana,2BfkZGbrcfVTEjn1yFuDzWo2qfYNZyemDM63v2jqR2DL
solana,HgnB3ZRQmYvjvrejMkHHSYEeSQzW2Dv2uRu9BzLWKZA8
solana,9e8yi9dLKDSCz437bFq1jXk92zKZLPdk2vxWb5D4NPvo
solana,DSMuLfG76Kest6Mi6mB6D2DkRbXVCAYna7Uwhcadf1pX
solana,G8VPato85owMxwchyGixaNCmNGieB7sujABaVZSWi3y
solana,Fhrc2s5WpL7FPK6Me5okD5m7FLoDTRduF7Tc3CtXMtSn
solana,F2wsEMvKWkhFLbTF9byZuFSDATev7ThAPh3175q1GPQF
solana,3ifCukkVTXPC3VoTnaRPuLkbTaWoGAzHWRxEfy8VGNeF
solana,HqvMqBSuWF8s9859K5tyycf5J2teEQc9gDFjwCQDYxPh
solana,7b3nV9DHUQCNvxRGZm3BmKHXQgUv3u11A2mpVBtr3Bow
solana,FpejUov4Jvqk34g1fz6S3ubzMax4xmd6dAaGcAF129kS
solana,3ZGgQtS9CYUUnqtWeZ2mrpNfduRHHq6u7C2t8oekkSQv
solana,ALFHA3tQmBXtUEnC9pmFD6oxM9d71rc2Fawk41jJdrXY
solana,JfYxQzvcTgUgysvDMLGhzGJMiyFMCazt3kQADcuD3YE
solana,HNcMTFfobtQVhbL8QzMjsmKXf5qCQdzCbpLRrVoBdAVE
solana,5uuxLeCRZE9kLd8dWjMy6VXabXUipbLUZpNc7KNcqQFi
solana,DmqNnJNop9RcxGb86DXgkRUqZPyJhJ2m745Z3mkqVXck
solana,BFMTdoRWsapx9ZTeKmwsYwP8qUMaQSLirdD7fs7mpUUE
solana,DEXNGngTZRzEA9sFUhdCLA1PKEoARPn1QSBZghGG1wvS
solana,5ZwiTaczGHiZXDzAUyHcWJsVRbeZeWKkykV7ockrWTg5
solana,8ajwo7pp8hJ9goTNad5XffXq76oyuYfC9LpJ5hwhHmwG
solana,2Bn3eruz1giNrWVeeZfCiMmecHGN3TjbE9p7Zxz6Y9pC
solana,7cWcf9jhsf8t2Gwa7A3GcKDmxpv5RDwPwZ8h8Rdih9dw
solana,RLwJ41waGCqP4C6VayMRNrUQVBo8AAns4jtN5DAv13k
solana,D7CMaoP6SLgmLYncLzxbJGvULUTnV4NFZqgFbtS1X6S6
solana,mE6BdisT37CQmPdHF56hRLs4MVDbtLdzm83AAwrihFE
solana,EFrVAwDDLZ7xYMztw7MWvo2KUTBg1BnYFpymDwi8A7Er
solana,6TjaozwvpCjfaqjBzpXknDg4Ya4BPA2zZYZe1wRzX1eG
solana,DMSvwxZXyVFBVCPi948VfeVHTRHAoPYi7a6Qpys421Q3
solana,FBsdqcmj3kRucmPUdbwwXomaDMqSxn4PaWFEBRK2FXN3
solana,9RyvFtxAGT3Q5CvG9Cfw7MxWySd9AEfTbSa1ZjiDsmHU
solana,J1ib2oHE7LjQT8WcgyLeVEGkU8zDrFWn4PzuMmvworcL
solana,5Sux4JhA4dAmA7vZTSYpa3RTnusJiwuFyJdEBjNwNrUs
solana,B9xv9cvBdzn9BibGtAd99XyFL3fkGw82kAVoE4rfxFa7
solana,Byzjy9R3LTrMzUS8cwY7Txv9jFtMbXx2yrqPU7BW8NbJ
solana,JBG1SzCSipAEXq2aNtUWrBWLjMmX8FT9nYcg8ZRuk13q
solana,oGn6kYz59Ed28ueujAdQe1nL6kB2UyMzVm89sxPzjdt
solana,GhjJ9PSdzJaGd1AApeSvXTpTc8z73DvL5h2VHELpXUxP
solana,Hzd2GXRYmFy1ehyaxR36297ePfXsP8von6C2hZWpnzvJ
solana,HPe7xsBZUqcQdfPFoyW38ndQZgq4umiMGpYgToywrjQt
solana,75sXzVkZhhdduB4WMsSizkjMMhtqhqpekNpt8yZyq8iH
solana,FQ5UVKF3cawYPLzEQY3ttowVSuCRp1Uzr5b1GKWugTnL
solana,2RfMDZSuirQNsVRa8vUn2jTMk3gnessZCte4YvRBpAqG
solana,FXBG5G8pYHSRKBa6nC36t1HeJRcivraD7rMjHCt61oMr
solana,8mfViXKzx67ELrLhDZXisgYiV9tTpQtN4kmpco5gD7Tw
solana,HHLCHUhWU6KHNoomfDH7Xfa42beyQHdBoz4u3U6p3f9D
solana,259DbYcrSGvNuHhSGjeV5yWPuBTQphapZNQJ5aW9xLLc
solana,FVzGCJYK2Ky3tc72UfdBCve6s6dRe2xNcyuQiRcJdw17
solana,4wSh44Nf3iv8yAnAXtL6Q8yJrhXhjnfDabvFTirqgauS
solana,2Yt2oWU7Lvn7su2WXyx9rCyTtpNQYs9wRASgyhskyXJ8
solana,2zx5nTMz2dokJZi7bZvprvive5ifBBbvrt3QsKyXxSbL
solana,C9HG3RdWjnCH9CmhisRi3LEpXiGCuAsU2yjrudXXYFQq
solana,9PjNGSY2BfmDzSRsBRKh3SurT7SppvGPBa2aMW6jhWtF
solana,GnezCRuLytv1BUtUxERtvUKN5b6czWrRSLsUhSZaNBE4
solana,CuF9bLLLnNYiLAFttFunH7Gv8W5YrrDxs7u5cWv7JoPS
solana,AXumakhJg51qhNnjti3RVD8aBC3qYBrJ3kLaaiYbDz4v
solana,7YG9gjLuqQapSxHkeCar9Lq4jhR5TPVGy4vgAhkzqa3i
solana,4bzyeJ7Mnwn4rwgLDVrNemAooWmSKFZLDpAp7BiBoPQm
solana,2NFRwn9w7AQwy6cHDw3HjFW4Sm1E4Gn2VEXizBDiN5wq
solana,4LwqN37PuExmAGo2tmZUjaaQCzbKajecmbCZV44wYUCx
solana,2sXWY82WzmzozfHa3aKDdWWa1UHHYWXsu5dH4kHYmJMt
solana,C9U13hno9CsvW2JBAE1ZQNDMfv1ut9drX1Mwxy7Cgo2k
solana,DXGeR9bwHA9FFmka7bbuGpUJtBF91V9sWKVeS4v56U6Y
solana,3PBPwNvHXa2k1YZdR1w9TKvYZBHXUN5muygSURQvb29N
solana,86hZqMJdEGzcPBjWyqof8NY21UjPW4qriTNVmmSzF2qR
solana,Fxnk7p7DhWpwW3XkAfBC7uDjqcyEbsWtBEsY81YgmSp5
solana,HcXkmFhZ9Mdow6k92VJUedLThJgmwJvXvuRWb1vDBpC7
solana,7iZxRcf1Y66WByJctCpEWfAsAyWY1p8onQ6ngYVEbyhJ
solana,7hLD5zcTnHCtnGYYnT7hmChwouaJNpgVG8fuHAgYboGW
solana,DkqLoJPC5d5UptQSZTBmgP1rDfpS88J4J6KXAz1Ag9Rg
solana,CUtRRA1cRk5n38ys5fz8waatFKDw7FUZdnnRibgdbLeU
solana,CD4hrUuZd3vZ2Sd5ZMPVYZiJJzERWvGNUpDFmDZMtpVX
solana,5TsFiqYSsyhNANyaWSUpYLj4gLRo3uUMfvyNAXj2Ht2E
solana,6VEL4k6W2aDXMLemcAgEHGZaL2nb1WNStKLeSxyoXjwt
solana,EUgGidxi56uUGWYvgqyQ9Aj53TLnSARvqGZHKhcNCPjp
solana,34YNNq3cXQax7wGMrwXfLQLD9DrJRMPKZ9WbTD3EnXQR
solana,4Wyhn52sKefDK2XyG7bEdbAPqNcGgaNABuMEBz3Fe63b
solana,9KbUBoAQ9XG4NAwKdmr7JVFQSwUQ2exVQqVEFbX4NZfF
solana,4QrWD4vFcHG2BoCibQ19HNZxJipDFQG59Cw9BzbdbzWd
solana,9kVnp3WznNva6QUzoddTNZ5HqYvheBbTYdxXm2jkJtEj
solana,5ikXRnCbwVSpTcZroW1FkpsErzZEiBvDCH9Z2Hnh7e6B
solana,DNgQ2rgnwTJ3JouvWEThZgFXptHRVqxYRPVr2E9Eti7x
solana,2tPCv1JuocaX9hcQSL88DXvdFDLJs9mLdxRcDFUEwJjR
solana,Cj14vt2YJ2qvpjYAqLnPwBi741py96Q9A2hErBkXCq9E
solana,AGUjpZTJiLgyFKffM5Bis9bKPm5hEEFrW3guDpyLRJwg
solana,HcaWJMLZZ9yBhYmTyquMTyXRh5zRDWSHptTuBVM3QpRu
solana,FPUfABzmyDJPTQYMUh4yMWQsiS7VbdcEVWb4wsbi9L5n
solana,D1mSiKPC1WipMup57YUx8k4xwjWq5mD3MWzggzLLCbPp
solana,82ZNVZkMKCH1bmaa16JRyfpyK5Q9mWsgHCUYdg9gMbNk
solana,D4q83PpphpK9sbUAJH8SBxQSj5hhvdXRwcn59ca43bU2
solana,GekA3gE1AeY9jmw55HJWfBQFXSQZUo9MraNDbRh5Lkj4
solana,EBk4sVC3uHEnQmJAimFjgLsjYu8Au1EDciiJK2rQb5DN
solana,BNdRz8yGDMBW3LaP2zAE9rRgieBo6EXrjTLrTyV748sE
solana,DUrXiWHVkBdA7oJ2wc2j3h3mVCGnAKLGQk6xQjrVrB4i
solana,8WXwPcu4TENZsfBsJkrPGzpop5nh6ERJsenMpX72XWfJ
solana,DTqN6cU7KYSzoeGJiQuHX8cPXV3wqyMHnjEkmLRAbepA
solana,GowcssSbpufPvByJABDnqgcMWZqmW1XvnAFSagXUpebU
solana,yN8ynt74rZpWYcBfjDCxaqUUbrbjtbLniK8gYgvQ6Y9
solana,GaXK8bH8m9TJLz3t6ciav5XYAke5FaAq9YB4Lybf2pdF
solana,7gY3r4EmVnDX1xdXm1NgoHPbg36yEzCYEiDFzbWSRSgY
solana,6vDKdvg7aYfRH1JRL6tdiXAwF9kVraNfbPr6Rvwo7qXf
solana,9X9QenMzuab9St9zr6jXM9xjm6k5rC6njgzAiKNYGwcN
solana,6jzhCBRaN6zZj7Umpen3xjcbf1qCaZCfEyV9B7DtDqZ9
solana,EDpjzT1PemZyMFEcwrLCPpvHcxieZXRJYFzMsq6G35SP
solana,2k95rBFcd6kKRg3x6XqDLi3z54DA3BnPkLyc5SekTfpn
solana,5R9SmaUfz2jyiPrLyZP3HkuahVy7MjqjHkTBLkfA4KzC
solana,FaPNvvuNXcgDvJzSwGq7NYoiHi16EcZHr7mUBu8jA4Yd
solana,6vikT1CKAkrBQBtr1FoyExxcyvTBNoXPHcZ49tV76A1x
solana,TsmTsje8MhZ5tLLEdMSJWWnCdcuFgTd7AqZNV5AAb5T
solana,7U5uFXRKRQRJ7XCbdGuKH6zMVdTFjeoT8r881mC421wk
solana,87PS9S1GAKRTvjrtnibC1vdMz5woGYq1eMzVwRjE8Cgz
solana,2Qy5aMggX4YWFjXy2quHGtDvAX7a79pEaR2TpXuwq1iq
solana,5HSJQajEykz6HH6xoUiKQq32N75cU9Czas1USEsRfShR
solana,BQZ87agNCRtfAGHFJ1corgWG2SAt6J7hT1nfxf6dXcZ3
solana,64T5jfg2Hyu8LTbbUfEFrWKXzkedejqsBCaQC2wGumcE
solana,AwedrXzebMKrGu9RkccSCmr8VVg2apRWpDSisNABXiBV
solana,DiazAmGabDwvxK1NzfzdaUHvavahcFvWEjnDbtgrq5LE
solana,CQGLgQntfzwaqY1KaMAxg962rknxQsSPevqbSvMNBYmt
solana,7xmkc3GY7oF2TJ5A3PETKmLjey3ZaymxrUN6cmHGVhv2
solana,7XkK8L6x5mod2eWEWNhc7SGTQ7tpsBgWWsVMFuNevyX4
solana,9UvzkW2qMQdFMKyGgzwc683UvvAReG16kjxWEa9MvvrE
solana,9vTbdLwmedS9RMtZ1NDvCz9KfkgQANtUGyF7mEnvCHJ6
solana,Cb9QXvwuenqAEH7CsNpP5F7377bDTEy7ArZCmGstq8SY
solana,H4ZWnj7zDuGK4ZdtWgKiUZc6fUhx8pDMpqGFNGqPXwdg
solana,7Y5YEZsjfTd9H7YCwtFDLDiU1Huo6ocexBMFsEt5r6HY
solana,4vv9BGHyKpzhDgNNbfdi6RMYMgVcQijznG3Ppn5oecPh
solana,A2PUtVDYHbDnSE7C6CjziDh4BdkJ5Hqzq2S7Va7jGzJh
solana,2dM6GmnkUoBaKvdwcXhjXLCwPdZrCjQd9pS18UiWwfgC
solana,6rSaTYEiQTyGuivbASWNqzHveDDMEHgs3GeTeCjJRwne
solana,3Ssx6qG9rGvdZbQL28pwAKU9YLpwqdbB1xe7m5ksh9t1
solana,GRtqp2LE5e3kx3R5kmKGZL2MsEEA5z9eP5rJjUYiGsv4
solana,DTeCw14mayk8DU5wbFK7XFnfc8cHjZS6JE26v3evuXGg
solana,DXhHM6Rod2P5YRpUQLdCCsbYR98vGV5gXAkgfQs89yEu
solana,H3UdiixxCZwhzxwbiFEEdXUJqyB8jEKji8Eb2jHgQTQ2
solana,5f5H6qKjtAcUMy6EFem9jzMqbxM3A5rmPxbnZ4YGe9xk
solana,12WJ9psp2iAGT2vbPGMC7WoF5ENwxrgXiUnw9yXMPggx
solana,FSrr1HUYRb5EF7sAFyir3YCKCo1TAmDjetGtRT6XBmUa
solana,C7aa2AwXADzaJZGYSHukVDsrE6GaEyXe74A5zsFNagJu
solana,9o8Q4w1VnUDeNGgC1SCSjN4s7KdB5nzT65af2aSU2i4S
solana,H25LLeqkVgba1WucEaxjfTXEsNv6UkHzYgqMcXhvSq31
solana,GwDeeLAPkasgddtX4QqCLTHP6bgj9NV3zcwWLMBUXRAb
solana,BBRCb9kk4oTwSfv8A598MScpEx34ZfTrgfT5CUeTpday
solana,3S8RUkGZBgqn94gojfNV7iUbAeWZEiR6bRW11PsDyPiy
solana,BhmrxGupwTJVU1g8Lj1E8vy2LXifSNR9LAAVFp5ahTmS
solana,9tJhEC4utYXRSAPX3TMe3K5j3ciX4eSvL6h6PYZYBaxG
solana,kyQZt9fVTY5HNQFbpH1CdSoqYNBrj82xeZCNUMwSscQ
solana,5iQcVT62Q4DnuQfn48FKTkVq8HCKzAMbp8iBkmpXiwFe
solana,4PGWNirpPHYvGf3p8Roe9iNWZCXkiwsViZygwfWfCJ5z
solana,3ww9qQYw4fcVG9bKyuT1xao8YUutBQP1SiHjjp5JQumJ
solana,C8UwFuqnfM7rQB2rRUpADrKM1syy3htukDwi9QfDbjJR
solana,5ddJemDexoWso8Bqyzc1tfiHtxT4motxXEjkaAnA4fLC
solana,G9NT3Fwsx3QBwTXmR9gABf9AquyTCh2M7dZp47vUNCnk
solana,9aHH1kJmQCrE4APihjZWZ1wG2Gf3Z4qxQwrCy1hWrmcy
solana,DTB1F4M8hvwbpT7RJ9Ae3e5YHVVbf4ZNyvgdPDuGggDV
solana,554qx3BcwGvpAFVmAbygDLiqHwXR6dsEX9ECfTEJUZ5s
solana,AvUVswSVL9jkczEVaYUBVLbiDkRD1vmqygYoDctNnCt3
solana,9Udj6NNFKHXXVvERkQz6yxC3wrQiCD2mhni5YwxCZsp4
solana,EMmpqBdfK7YuMjr2THrNAuCvKgnnm6v5UtKa88g9kCnd
solana,4BV7dwSbWArnVrykvHH6pDrJ8hUNmTkCUq4HDAkTknAX
solana,8c8sEcdzK97WFgarGwmLabSwJjSTK7TeRiYcsFzJD94h
solana,HubJp3LpuU2GJLALPChaXk2PgX9znatCbz1sNizm1TRs
solana,GmfDG7HM8pp5hv2hwcR53PikGDqqR67D837BANbRdQZ1
solana,W82P8aUiVx5D7MgfhLJ8Yo9u8xqtg875rEr5gPMgLNH
solana,6aJVRHgcriYq78DP1PTftaQBeiE7CXArVyW45QQr6s2P
solana,DsHLipshR6gR1uWFU33XdCgiWTeKa3gzTabtujRb8jHp
solana,CnLFjoy1anPJD1rWrK9Lt4PUuFuEbodpXy2xUbf2EwFq
solana,3ocZ3wAHtdrLNC7zgoFVXKayXp7557C9821N9GXLAPXc
solana,Edtp1jRaCCdSz3vhMgd61PaJsxo2HimhroSpTXDVTWte
solana,BrcCT7AzABpvryZhJn23yZ3Pd7kXYUPAALNzsF9GGTFt
solana,8Lyut2aCc7KdYhuqQuKQUFPffDN6A7QADxHdYKb8JaDA
solana,DD3SzvCu82bABxWh4gARcZCjQor4kZBrq66DUGsXbiFf
solana,BjGtkpt3z4FchfYgPdoPFoYS2u24AgvhAqviogrTQj87
solana,4r1WYevQhRAjJc5RqonyRk13u5Act6mEWAJyctiB5XW1
solana,Ea7giLeUdiYS1815f1Y8Mnd5hEAZLhhZysEC3v69NtcM
solana,27VnD5Q6Z7fU5RHEEk1AbgR2d984o3ru5PGzLjDJk2wM
solana,HseyY1Lemn4LYQhfVT2SZEfeYqfZ9iNXvFfZzKNW2dfk
solana,4qi1d58HNc5JapoqGR5PnM6TR8bPXxfn5rGZYBosVYZC
solana,D66suG2W8r5qPitwWD2rykA7utDfrhB7wdciMAVcYL7D
solana,3FeuWnBfttgiNJHg3ACJ7Vh8qzjXdZ8fBu7BYGsC545c
solana,9JK5q5NdMh1B6NWMtqdfSRdBbokNmwt7ite1t7TG6sHf
solana,FiRmjFXzZwyS3LWQs6qtUFUDCgGLvzwtXnaRYxcWnJ7S
solana,6vnz7ZnVQz87DQ3g6kVhEqpfmNQh7sMz6dXGFG5jumcs
solana,5cVAhvUB5ZwYw7Ww2Axi37wcZVYF6wW5oSxMaYqK484v
solana,8ftfNxbxEFwXQEvvAxCNCmhUkd1UoFNnmaqDvk2sXHzW
solana,Cqompty4BFVixJEXidcRFLzcNvXrjjQnxq23ySC72ACS
solana,6385opDmdd9CzHpXacr7XLWX8M2Ny8BpkjL6SoY4TEST
solana,9vp6uTX4HhMH5j69gGKdaVaspXL1vmoWgYVgnhGYDwAi
solana,EeCCKbK2xhkoFTrdMTYgLuzADKS4oi5EEcZSLRFngNx2
solana,9cXTLXrKeK83BvDS2v2GevkSJq1ZF2W6PwNi4Aiex7UY
solana,HTrgfMpWH4qYU1qZMnuRVsTbYsUcAf7TX4ACmsunQKKF
solana,GDJ2HdHKe4utGwvUR7t1Z9mke1auxV2BBertx7kSUFhq
solana,CdVQuAgedhL1dgGvAmX8zZMzxunqyjdxE1uXoP3jMZ4f
solana,5KtrVLGM8ZGvfEM644rNjLrhmYPpfWwcf38sJkbWWsgD
solana,7UWY8UbTULLafsfWC8MvpMAziTkUvQEZy2jp7C2hZ6xZ
solana,9nuAUm1ThErc4uZonyyXeAizuYLWMCeohN5YvjxmoAJ5
solana,E4eMs8yVKLqf1sVL72S5VTcY87MpcaqD9PhmyaVgi1zu
solana,Aa5xsjB9n7FozUBHFRrQsqzePMeXhqdGbroWTYo1b6TZ
solana,698nkut8U25xPB4JXM8wsK6j6JQk84toyJf3TPXB37WK
solana,ACZf3hcMzGvGA9PE8ay1Uq56wadajgf3WNfQK24Xqy6W
solana,2P6t7SNnkGz9BZjyRDXsTRJx2Lik1T5xbpzB9qrtiPzY
solana,FbeC9yGHN5Cjjbtw82S7arVzTF2mqjyFEG9MgYKEt81r
solana,FcGuuuZd1MNAR9SiVPjQEZ59jYnFFbpsx3WuZbxrcvBB
solana,6KovDebjwcg3BwakGvCr4983fCXr5iAiMxHjiw7zm5cq
solana,ALAuYDswP1cDxWPM5E3v1LNwnDdofWjHH5Fh7zGyq877
solana,7mwUGBYvfMRngKWv3UfbTH5Qv4h739ekpC3du1E6hRhq
solana,DGaQ4ecPX8Rtm37vfgauVFz2iPWyHCHoU4hAHz6k9o53
solana,3Wh9AGgP2HXSa4rn5x6bxVWx7QyUyN1qYimbgWWxKr55
solana,CFqwBtWyQGDtMgSPmCKP28PRebCXL42GxvUwMsYsWqvV
solana,DLWp8VmiBrGU2ncnXuirzCbGa6USp1KYpRjrbG76uGd6
solana,AGnzGoeQhjH5LcJRLEsjDWcqnKZSJFWFzepiz15nWGDf
solana,AiPufMnFJD33UP1RWyvJEYZ5KzVghn2cSy2FsoL6UHh2
solana,E6NzV8QTV8qjVgLqMaKM9NUZcp1pSfBBBEz7QCRYgfA1
solana,8kZv2dh7poes9W26HvPGr6HrfYpCNrNKuhPnHBzMivVD
solana,9jTfW6Z52UxK2RsXfguqZk3Vyy4DrdMdNmTwkoh4pyrJ
solana,2idw825Tdw6kVWjiUiT4heCwC84xCh6jseBi9p3Sryf6
solana,48xds9PUcYMJkfaJwM9kHsTieezatEaabHJE75qQgC1g
solana,3ko2vLhZDA8kXfPwstZkkKtUNQqrwpqggHVnwygpM8J5
solana,FvJg2amM6BkDzNshmY19er1d8xckH84wKccXJmT6tEdh
solana,CDDyzeT4E5jHiWsCLbxA2d1PyDPVDnTgc54dk6BJDzDi
solana,CFMmN5GQZwQBNa1AvrsZ6ntwNzZqApMe4YpS48NsaASu
solana,kZUafPaRsyCRCohxRbDmF2qP9tP2Ek5mvjVrWjGKzrF
solana,2sjb4NVJjo1FiXczXm35VyfTw3hgEDcnaBzFxzKZGMzU
solana,HNkf6A42YtC8wThFFw77HiqY4v7MQrtmoo4khE5854cX
solana,LN73wHbXK3ssZdtE5TrrJai14reCNzPmwJUc4vRrWqb
solana,7PBC1kUHSqEt1tivbu2MMNNNQKpAT7vwSQtmpXr2dUZK
solana,47diZctpa8wG95Gmat6gDEfsD4ETh9Vt7GdxRMeKLtnv
solana,3XcqqV7bVWm1uY28pgAtARZN8y7T1pP8EdauschnEhQr
solana,6m7uRFiLxey8j6NbYWHVvCNf8FaNx8yzGD6MZAcWJ8P5
solana,6B1u2C2qEWFTKDJ5ZG1sF93FC2opyfwFyncD9C3CHUv3
solana,7ehzeAJBG4JQnZjyKssYPPJr9vDjVRowAmh4aWFHVn4B
solana,D9Y1yMs391WUWa9WwCuUiyumRK1LiWPS3hKSfYj5rr8k
solana,CCcmnxqfZ5XfVt5qycUKkSMBrvxTSJRcwYguLVuznCJe
solana,BQ5npovqYm1bEsf5KP2eKQGeAqx1vwpuQUaiFkxLotF
solana,2ps8TjYrjZgootnVzLBghiMHUrrdoRHhtWkKseoMCtaj
solana,9tBG4L7T2WzFym1qyo8oEydqNUTf6hqJEs94jKr6WmF6
solana,48pXx73Sc6od2E9S38KhdLtn6ay87PNnavtWXAbgS52Y
solana,CKAPuroa3Rx57hBZPm9h7VdAotZZVRNVJV3x2ZW2ZVqC
solana,3KusK8rUBsaWRw7c3EzFavuXTd6CD3zS4mfVW7LMjRL4
solana,D6KNg7k7gdbbAeqnwbuj9RFC9Fe9yCbbTbdNbaNuu24i
solana,2nfUpH1VQomEpfat7gFf55KfbtsfLzKCi4ifFhViB3mQ
solana,AE4nDfNpYPcYyzHBR4kSvSoE83mjUgm9vhJJ5FuxH3m6
solana,oYZaV8BMfuYmk5GdAbfjGXsRwZcwzypG8VCEuwxZ4Z8
solana,FcSFpNDuV3gmuLYjkSFXoMBca6vY73VWjZSVMLJP6KRi
solana,3ueu9bk1o3xCNUVkomKeZzGFgPmJovGSF6baXHDezfTe
solana,8FkFGHH15hYy8yXTtbSoP4dgbJvCdSqYu6q8Lksdkq5q
solana,BhCM2FV16nRHa1f46z1RyZbT3zVVHEAqHB1TpsvnN71M
solana,C4AseMcxnUahASpsRAkJbgFm69iXJkkNL3arVianzfeg
solana,BdxGrQjkzSEXxKwPnHCyaSrP7VvDcm1XrbYYX24tvr37
solana,485pQVp4ZAVGP9UWuGSENnKhjRv1dgnqvv6Mo4xuVu5Q
solana,9iGmh8Aw2LfDDNkZVyzYxruWMcXurjo7yrFwvRLxcMh8
solana,EjEfXfCGGbGYu1B7UHDLHasrPY13sVXYbhSSnYsH14r3
solana,5sG9mCpdCTybFNbpzw8MHmEzyM93hKjgj4zBBqA4DWJ6
solana,4H4WjTeUT6oKSftnsfaZGu8sxPp8tH79a6pP5WeX7bhq
solana,5QWhJj52binNwTho2eMBdo8fZJdkhLJKsVmWyvKhYXVm
solana,9G4TAiDTcJfbcbrn8LNvkvxWbebhUnVWNF4bXT9wBC9r
solana,BxyHb7vVxVhjLLaAYTZKzpKP8UCf4xJqDcwSKV4H5wut
solana,585Havm3LqhY5rwLbWCnHxzNT4ad33LyaAsvFFbFMdnG
solana,4LdwsBFHr515cgD21cSirEet3QuN111Xtjc4pg4tCcXK
solana,GDJikqB8sLGmjGXswz2Cu8xkdEhuQDGNxsuRjQHrEr3P
solana,6ZQ3f6D5eWQhW8MJvQ6JwoHab7wyuZEpPpW263Ninrq8
solana,F5AeKzPBsSWKbnHEKZncvXSvDF1XHgsxvffjAqwPyA69
solana,GFSr4t9TKwWrcuCTs9zJA2wEErL8azxugK5aMRwpjqPg
solana,DS2TSkNJxvVm8478wsRzeMoo8EEkjxvoM9SM2t2AvyP3
solana,6LmCRkmR9icqYSxS9nBdyuH57eG7gasQqSeTSAgXQpg3
solana,CMrCmLFDtv9vy2CNDA84jtAzjXuReAPUWAVRBYwHfzY6
solana,4yizibsmrS2AGn623hgjV82Kzoqc7ycaph4g9vRkBsov
solana,C5jjhkRcAH3b3jjAudu34GGDZcJ5tPjRtoz5s4iENPBs
solana,35P3xvqX6hTcAqwoQePK8FN3jY3fg1ugBbS65yRi1K9H
solana,6XtfqkuX5udB9b7C24kBp2MmwHzJBLx3K76qQ29BUAeV
solana,6HqukgU9ke8j1FgqWWQ8nkRnCS1xQKoX4cb36XY46rrK
solana,47S3oSB3ZpUbjXEMPCxEYt5NUTxNL6aC6xE8btUDzBLR
solana,C1VYAwdtmNf3qAYwWvto5rY3v7ir3PN1NkyikRDiDNrV
solana,6aqA7aSxc3hdYyRWM9d7i8Bv2vVJQDTs34xoxoomhcjs
solana,qUPiMz9q1aKHzLdPDcF4LhTmunDFFhbDRd8zCt7zvXq
solana,2Av7cExNYDDtYYArgDqTZ1u7C2AmsVq2smW5A7nqWjnY
solana,TLmEsTTzpb4AZaPtcBDhfBoMHYvMwt1HPzS2sELHRLm
solana,GRQZ8k7k3Wn9vZxQBNQmxXEfxLPWyzT5nXDGeeXRz5Dc
solana,AyAN2ZRT6M7PA9cSwQiqxArvoJLfV9BCKRMxQPi2PWCJ
solana,9jmHgJDvQJzu5GigoexSk2JCNY2JzNfMwviRqdK6Kwvk
solana,iiATT1JsqbVUBw5ocLFP1bdDcex5MYG5Cy72V3s6iwE
solana,2ANKfmb4Srictiu9tpW5SN6mnoesxiASCXgPNo45tzr5
solana,867YZeHnq4UvZ4J1jcVe9AScdTij3HUmKf3zZZwquYHJ
solana,BJpsib77XoNtd3ucPoNHSq6sww3BLeg2hACKH299HYER
solana,CpSNwcf8dPUYM9XrkNuFQmFwSHKG571wJm7ECPXqryVx
solana,JBCaanfXkwkHK5FymtmbWY3eETahRXiwHvKmV7Rv5ms4
solana,GU96FeGzKfM7NYsjf32x38r5Edjeo4TyosYHSawhgs3S
solana,GjQYXd4chx5voUUPPejFd8Nt7yNqcgYrazLgL9Ao5fRm
solana,5g6QVkp4CJaor7GmeqSgx2DYDn6X8B84XZ8HR4cxjDEf
solana,FTJcPPpRicmFmZtGrafDP3Q3VzbD4oBV14gGQS75kLPH
solana,HThzuHnxe385VVnuA3gYSjaEQHqYbH99apzZsiJFYDwe
solana,A1rYN2Xj6qTahYnq1Nz6WS4rKNDdwJFTBbcjgGTANFcc
solana,DGKdUioutZymidVUnPELPkzX1Da6812CvXt1USXoBKdc
solana,5NZ8xm9uLqon7XBsGPXbrAJkEtNyx1NrDBbyaPqNCAVt
solana,2mUoMXcRxEaqxqgJrHS5Pyyk4xarSyRLSydkyFhFsYSx
solana,CzcU1tPWC3R1LngHsgzmxY5iyfg8w7RBFcyneqW4jgVd
solana,549V6y2SJuBuYdHQSnZi2Y1LNChmfyebP64DWxC6EVAe
solana,5dnfkJLHS4Htd2QtxVqmX42tN1mpZUJpHxzGvhY6dFDh
solana,EbmKg3KpsA1m76YmuZUH2ZvCQuwJTRXdQ7cirJ3DrMJS
solana,FksG8nc5D2JNRp5PhP9hNLPaUhMaUtuEoz479SZYBxKX
solana,H2SLjrHs9vEGFGtmCw9Kto1EeSuFJA7H6oWmx4FLjQt6
solana,FXUnLQngmhZDq3mwbXFMomSi7J7efKpzkDXQ1d6cY9Z2
solana,cjR8u9eNUuoRSs9b9MKyFotfkQUgwDcG9Pbixdp4HZH
solana,4BpFstbJhFFx33ZRhJqqBnLkwfateTuvEnhUAFNGQEzq
solana,FqFpDoFTKZzk5RYKoz3ftjL8dH86sSWjqzL5X4D6VeMv
solana,FE2824zeBBLAqsPBUsDEy2mdXBgsr9gM9oDT2VYUYwSY
solana,8Dx6EPptVJTDEcu7638e8yk1wPbpSpsC4sVt4d9AYv18
solana,Cb8o3TcShsLcjpgabGg9RgTTdW1SgRwHj4jVDZVAzyr6
solana,EtPDAfES1jWc2ktZrZPWoSXjfw2M3aQQ8HFJzrwDiayz
solana,2VPpsgbuCx3XuE79mi7pcQMJya9BiRhUskER7PXJ6pJZ
solana,2UngKFJZTJRLXdPJVMNHkKUp5mhFVVsjpvANCF6J5Qez
solana,B7WaGVjvxgTJDpQg8xXpWbYdVubx7dRZmJQb3Tsy1hA9
solana,8hz5qr92Trg9yWoupvHcAirPoHrcUrvNqXFk8sZybbvn
solana,CsvNx7n3VbXUpTRxHgomxeqSMqRa6nFQYv5Coi87BcwJ
solana,76TbPLof5VFN9E84ZMa9i1gvEYkwiBeDfwYFhhqCPeqW
solana,9FeBsowgqo7aJtgjZeSpVq7xhQC7r268b5hWUar3gFYq
solana,C9LYyCqsKVxxJmoFKmTFY3MPrgLBcAV8ZrZ1WxLvaZkt
solana,3hWr24msVTNH3pse8Y5v3yhR8bqZKD6oB3gLhbtWrQmn
solana,9PiaPYRVxSJfHCXDxnrKdWM7jWMoKxpvhUWUZQUUedwp
solana,8oed4UjwHugbp1vfAy4F65X9i7JmdPZZwrVc5roQ81vE
solana,ASdmMvnhT4pRFj2XURgGYXr4ykNcU36fxppyyEnf5KCU
solana,Aj42MY8s2zcdzRksHGijAtbJ9mt8TJpj1gRxnoqNoSgH
solana,Ed3p9txXif7hejXxxnxto4AsgjA9yCvB7oKtm2kbphJ6
solana,GY9G5iXEtkiRLC48NAYihhm7bBV44DWtEjYP8uHrM1o5
solana,Hw3SRzgnFn6gCEpsC8puPtPGZCh3w1eBKrNy65bbXbPs
solana,4JhKmSDVV3bLwNv3NCz6iCbCoK1E2DqzCJBRvBsjKPXg
solana,6wHTrhQGjQ5pHXTMHzKLitqRSC3ysgiC4uyW3nU8yJi6
solana,Emy4AVgPEWhQKZJPzkqAd7KZYHS37tADZifj5DL4rUWc
solana,9WTj6XLtWwwfbi2adPbWy6kLjcKhdG3d8s9GVAF2vE8P
solana,4ZHtKnA7jJgbt2m5uwUxiif2QnX2XzAqR32SjVLDLzjU
solana,EddkzSxaxGEsdUY9rxqNNmzaJbosoC23JoHV58ysT68e
solana,J6GKroanisCZDYvaZ7HYtd1bxKcVeCSrDDoP6auAWn9X
solana,FBL9LezZTArv9E46iqQUKwU17KTBh7fYwMMNcuTvkXtr
solana,B6jS9XgkSwpEWkFDDRMr5e9TPT9zM9KmeofN1MaMs19b
solana,ECvbBj3Ciysfa19Hvoa9KL22ne5qmdXcNv74hKme8NdR
solana,7Z7AruFjwqE7rJc2wcGZ12aLb5TTPnHrT1VW7B6aURaJ
solana,4vUrxaG6MRytrmPZGWj5iYUYKTnC3Yebx8FP9k7RnAg2
solana,8Uwfq2jEAccjg1KTDNr1i5noTm1SS2JNSLpzkVfT1bzy
solana,F9tgaXPPCJ6oA72w6jo84ZNZ9MuR6MVP4nQ8ccQEW3L2
solana,BPKjtmeTy4PxRHjrZWfHRMG8BzrNbwE2JWZL4UzTNK3
solana,FsUJbNPrf66gUt5nenkoL6Nuy4Nuht5FbYUZEAnPAxty
solana,EkGj1VUsrSMKwcDbQKXNJ4CcNpjX3RnN4FC4JpHmddVx
solana,Es8yz178B8oWk9tZtuo9vVW8p7DZN1mLGDqNk78tifYk
solana,E6gzNpCbG8AbvNyeVrznSTUP2YLJyGTWfPWcLVoyNNZU
solana,3E7amWzZypdNbmn4ZsYAKrmT4vpHpuiLQx5dzeyduiBt
solana,DeR4Jt1W4GVKaFBZtEAZQQWP3Ze6MaF4gEde56nw24DU
solana,BhrC5ZZVCe1jqAFkHWn3dBPfAET36SgP2a6tKuhcojoz
solana,257aVZ6n3upCYnibUTYGhELC3pWg3oS72SwQNAx8uzRD
solana,GADDjSvurW4f2NkqCUEuR16keFK2dDGPzGiAoac2CnWC
solana,6YdGcDQYxECTpr2cxVHLu284Gn1c7QH9X7JWwNFZQNB2
solana,46kDsdpuptfV6mSvdz7MpvboeW97eRZJ6Db89ZrofiTx
solana,53NmvKJ46xrFwpfGu9ksvQTvZ9Pb7MHZrusNNFW2iBRR
solana,3VyzZBULpFDyZ7ViypxxKSPtHuLEQqkTpHb2iP2uyg6k
solana,C4aWosZ8QUeDef2JFNeJfqH9oagRfbAKuxfhFBZKciR3
solana,EFWQcrq7ydYvHXAC928ivmEKi8FMJncZP3hBzk6UGGED
solana,WQNHqPJMkUMMEqvp61TX1j4nvLYHrN6qd1zsXPoqSy9
solana,CSsr6dpLNGDPWkRgZ2iMznqGYCEPEjq4HNe1XwZ3cFTG
solana,9qFmZfXTMEWe3cCdnhVWthicDwEYCrc1FSfJFGXjpnWP
solana,5Z6C5tWCPMoZZKHagt5bLhzxfjY5R5seYSdiGgErbKZS
solana,66ouHPJqDaPTi55oPZdYPvgo5f72bvbuFMuc3MA6C934
solana,HrseZZBP6KBCtBDnwTNAQgX3avamTmuV1SeRTWCqsTKi
solana,7Q7WPwKfjKhD9tJAybe8U1vHREyr8rgZzMMMjwkExrC1
solana,Fjs4EHTLdN598fqASyBLtpQ1Zn6AQUDFdLDSACoWNM9c
solana,GemzZyrzeF56MCo8A2EnXpTA6AMA7XGqnpwUiUSsYpY4
solana,83M2M5WZxKX8ywD2FP8JUUohH1MZ7yt1dLavGDhDaDUJ
solana,2FgsMfa1B8NNo8SSGwa8BoBK3Evuc87rDXuMNRaroeXe
solana,CZUhvFFfLPdJe7eXdrqh6twxDozdWGDu2mGnY8VXfTLL
solana,Fx61RM7ph7uNiGGkKEbWvzovjAzyLudHzWvbrDdsLYGU
solana,5QXoJMso6s1UdoMm3PDSztEs4vF4tWKKNRiKCEKHWSvM
solana,BoRtGExks7N56VMqiJEb76rFgFECBN4omLZ4Q9m1Qa9V
solana,APqz1gj1ufLC6VDAQ3n3oMjKoz4Fjo6qg73rVE9jSbAj
solana,HQ3e8uLC6nh2LzGBqv7GFFjTjnYaA26yUPGcor7aCp9L
solana,CnDkv9BHck8U2iqj7uev3Eu8vCf59vTumsPLkFGjbyXE
solana,dnHRu3bgCF2LArJdi7eEecryPQtQXhR6oWbVcxqT53k
solana,6vdjZhSEwB2ypy3KHCfQbG7taoGFmgaXoAiU67JH46G
solana,3bGEWRw99uR5g77xWWKsTP98EES66saSY2rJguuEhwP9
solana,2WXQZs8GgrVgWbj3WX9Gq7yo4R5cjDR7veUxZV8Q7U44
solana,9Rg48WJZU5E7bfP9vPPvjjZwSS5M897vVLCdGomNejFq
solana,F1kHpoAtW4dg5em8RBL2UVdcMXhgjCzADbtDTUaZeHkC
solana,DFXpdi5VNuDzEm5XjTiUVz4f1VHMJHCwJx2apHC8D7Se
solana,EiGQboM2EoqMA8ExjxtqUVs2W6Q4BjGaTQkDtDNkEjzj
solana,FFGKy5epNfARDtXnaVTJZw6zBaKG6qtywaodGdfj78Dx
solana,GBa8xsqtR6cUN9aFYNcFwn2zSqjy4qD2Yof4DjXEZ9bW
solana,7cdHH8WmSDR84G4yjjW8xrHB65PbN9Va9TvvzjnXR8Zd
solana,CU7qL2VS9VK63oZH2hHxvzF37HBB66ivgUuWQCZ5t1f9
solana,B9LpzdJ9sNtdgkr6BQwvZXBeMcHXZP9aefwXcvyqef2g
solana,6mdFnD2YCbp9twdiFuAGu93pp4DRR6Wd1HsgUmdyUmeU
solana,HWpRTnfoJzqAnW21DYFqct9yro5ehwxgXWvBC7469DS5
solana,51f3g1f1tFngYvoyZwaTotYLgqQhzj6oqArwPrXN4c4t
solana,C1jrGzd5MGohbirRPRUNUgtuiMSMgEYj8vgNNhPhDkPg
solana,aRLSauFtybx6neJKbi5EqmbxY8Fv7DwWbxJCWowEvia
solana,6cZwhfUxrEXf9gjuxYE1KAKunscvyXcxeYEjUGH72EwG
solana,5rWNPxLQ9ps5jSy5kktyaeVV65mfsMUNYTQzosoUN9Fy
solana,Hu2SN4iW6d7SExppBvRbjESfonYkNy6YsqKU12zJt61Q
solana,8iL5d6NM38W3adgJwPT7Gq2mis36cMXsCaWSGxhn2AqF
solana,BaAkcBSvM4wNfvQbwFeJDBGKJaBsrTZAXHjxN59WTEW8
solana,ataTPcu8Xex1YNNpDXH3mMNvASTMDmB86v5YD9BFdmN
solana,58YSRyyAEZvGcewgq9zs9kLueSL2kWww3nzCy68hD7EL
solana,FKUP3wdS1gp4RXr4PL2z2PyaajUGrudnCSfDHg5DY3dV
solana,8oUs7UpQPkvgo24mqdot16d8W3ApDdZVvFaCrEeNbWw7
solana,ByJUPRoP4saPsfDArbditqstRn6kUzAezivM4jTzcjjz
solana,DqGQz1dsyQzrpENum3jN2xwEszzoVPYyTsoQVzFYTnAo
solana,4zd7AJYpJaKsmy9z4wfgxqUMcM74RzqqxDA2d5zfXWFE
solana,CSEPWJLbzqTa6rST6sqft5Vxdsf4FwjzsMjaKQ6SATKK
solana,58STtVUADfbNfC9UKjfY9337nYByroGYr2pJRyXV9Dwj
solana,Ee1hSGhe8JYKfTgKkSXP4DcPvZ1gjVGgQoW73cg7pH6
solana,sFFdjC6wJNWK2H9Afqcz3Xn46Egr3arQXiKvnxsiAL6
solana,5AL6xDFhgXyMuw3J5dkFVec9eaUkxZQLAAtHTv7mFDGP
solana,VdPfvEbPJSkhp9RY9hpdggKGF5dPmw3M9bdXbqBEHsp
solana,9WkF74KAhu2wbMFREowBd9aBUWAJchsx9XDNKqbPp6dx
solana,GBuXPFSiukPL4BLQcyKfL6dUguKkbbeherptfv4WcMxW
solana,FTLUN2p7m4QrpWdG62G9PGrnFTw8HxzzjKrVRrb8QigW
solana,9DV5gsVSuHGeSZF7MTfLHVqvFrX7AQwK9JEhG2181hVZ
solana,ATbVfV8zGyYbYbLh9DHS4nVrLP7UtMm8tEVMGsCvao98
solana,FZYGraVzchXwmYAypywf4Mm5Hf2C5Ay9zCkcyMi5cYyp
solana,4zLaHPYavNPmUj1rojYcef3uWhwcnkpvSs1tVMoV5Afu
solana,HvUSiiJfYBFMNPBwSZiaEfqhMAYqE7o2mdQMQaMLhfHx
solana,5x5cXdrXeW144XQBjbKYeMExKwGwdZANgcxGEAdNwJde
solana,FtCuYLGSYDWddRgtYwvCn82Qjszs1W4MBE9wT6eEq1XP
solana,5sdQc7axDDjN4EdziMHXc526tfC9JVr4uAVjcUfFhkqJ
solana,ALtm4kuMEmxC7mSxUo5PNkn3SkZLpEpJq3kYC89f8bbB
solana,GJKHPdPFVezU4GBKzexwBhrXk7mLwEDjgvdCDkk6P4Jy
solana,9zrWWJ4tFDpk9QGvEE5pEMJPL4oXqDdaN3Ty3VMf5aPk
solana,Fh13rEeTL5MmJD3bRbgZWPt9FtVWKgLGmp54wmAaw7zc
solana,9Z9YDwtkHZu62PPzpwqU6nBn161x2nZiZKqyCZMrxqbD
solana,2tZ1ZmgEwMHWebodkxKEVGhYUgfz8m1JvpfvdBk5MN5C
solana,Cy1ikxcZeo3yoZwsobtnTsP5ufbR6kAppNbaafzcv7pt
solana,GV6KdFkBF4cKYkyk4KTb2PFn5wg9U1X66QNifpz4WP2i
solana,HcVUNcKi89FfvBUoc98gXQTLsUjUaueH49EZG8m8dt9p
solana,4XkmFYcDBaydTaaTGVR9PTNsSfEGqRbGji3p8zTuHJN2
solana,7pvgNpmkm3JgevX1H1naFn3m4yP6SccgG9QZhBVBwMfq
solana,J2tGB2EafV2zhbRKTAPzawQQpu3GaHji1opJZ6fRfC7N
solana,63jFdeLngr39H4JYYhuZt4FyVufAnE2jK2kXmiGRh8uV
solana,GiXy46LKbh11BqLCX2SNpX8fkzteYirDVxqwFeY2df9g
solana,EyxDv5NUTsjuvnnsANzMoxC7jaGG8bq5HtPHu64Uj1Y3
solana,7xay5S3bzTYypVdgcpmQtDLfSSBb4htm1fYBUc2YWzEB
solana,Cx9M9dAx4gxGkK1gFSDrxhxhw1UT2g8gBAJSVJTy67gF
solana,BEAXZidumUQ8Vab59wY2wWzjDpucwUjL1rPad11dwR8P
solana,5DdP5GVRSjchRFCYGjWGpJy6bTSTQwNMu79dNGDoMs29
solana,6fRygjcrSmZh87HG4AiBEp7mGPEfQtLMdM9b7oe9QEg3
solana,DJG1hPMgSKm6rkRqNgjUHWM5FQqmRjNtNvto2TSbY8x3
solana,51yNmyBQAJLPiuyXjmfpZt5MFQTZJKZEnHoDEv5h7krU
solana,7kr4tvrXgdStMKnW3egRWUrDDuNQeEBA4Ck7ByLHXdtK
solana,GBKvfYixkxwkYghyzUi9cUMaQFsJ6UgektwBSe338BEu
solana,24G27Z4nr32Z7NepPJEayrHCEhnCVxdqfLXx3RB2gVPx
solana,6wC8NvQSSKLJuzUECpt24srDSFd8qP39waM8inT5WGFA
solana,DS3Z9Bhex3xqdwSmy9GTyPHVkg9ZGQJM14xn71fpqme5
solana,BjyYiDiZXJtcW5zH2kYbHVEqTbpi4d3hSNzeAkz9WydU
solana,F8CcRL6je4FmuSMTcu7dwm9AGbexqoNqdgevBC8MVQgr
solana,9qXMGXPQwAfsrKYZL9VHrvL9ThEWQr7HLcNGjiUN2rmN
solana,131yds3s2GAZFZJBzUA7URXjYcH3q9EV3sVAEVY11sEx
solana,BmVgba6UUVs8b2tuzkoSuSw7dR5XHP347WW7FTwa8m6N
solana,CCBz4ZfSmKr3zcxdkwKDQS1o8juQV8DTYziJduJA2GDj
solana,6gQMXYWi4RoVvRhf7ZGDt3BwEKN6WsQZa1m1FYseHs9p
solana,DU6DHdpujy4Ac4ER6VJdAbhMQ1aNUjRXT1KUxeEVyCUJ
solana,BY4H83CYdVAfGL7FCcUnEBqqwYBxE2wmqzWTzrTTdUJL
solana,Ah3Q4uAsuzFdTVQxuLSfp3M8VPNMXVEJF2keR94AtJ2c
solana,DYcpBYaZ5NqBr13V6cDukRiimfXHaUBEe5qRFehwRWam
solana,5QkoKnjxRvYmrnVuvheuuko615HxU77WP38HCqjZbJ6w
solana,5wV5HHXUEzQk6vStKQuqomkGvmZRozaifBCikjxhnHqL
solana,F1b3WYpYuZhg1YR5uxedjxcgdbk37kDFTk2qPt8XYbdM
solana,HaYSArVCXiRKHJjUQEpTERGZiZV6JL2tsut1kym6F9x
solana,55dxDvNui7PHh3Q5gTMhWXLza1m6BstBhNDVowuUA784
solana,3iyTb1gg42TG4RxipJAGFreuBhLwkzC1AUYiuboaGdd1
solana,81XSTupzYzXJUkYqtqi1GHumic9LVmRvYucEHZi3rDX9
solana,8FecnT84cCvD9T2WwxH5sBaF4FToV6TQVuvrVDBWbeBh
solana,6m76FgxRytPS2AyD5irktGP2Drj4xaYfspw8Wc6E2taW
solana,BALDuegozNPsdkuWyQU2z4WCFLjVjtppbKPxfSxbJyWE
solana,zjoRPqNxwykWTeztsoCjE3zWBXMMF3hBYNSsUxfASB4
solana,55sq3ab8skZ4XnBRe5tgJ76EbpoXwLPQ172WfLudZEH6
solana,AFrdxevC9xue1NrzR3rFoB4j9bCwtYyJVRni6yG1W6n9
solana,Dd5R1aLYaXmW29QfxDZ2DSZW9Qp4kj4nRqQWeMwnmhdC
solana,EbfLhi4W3tmvmUu2naH6ds6ZVBioXjDhxqhq3QdhNanB
solana,3Lwb5nR66mEoqJVbJntBiVHsScqVavN1o52VThapws2v
solana,Guq8HWpQAQrbyABmDR1jozpvw9thWhDfsy6srZgzGAxU
solana,Asa85kyi2ZfWFdpkAi5Q9nuJgaJekdbBNFejLisjJFzw
solana,9wbRVTb6XMQCLUexsY329YWvYP5YHRF4wVRmqgBi7cEg
solana,9Pgqdop14QbxK5XBzpfm3YjcEpP1QviGAjfEFTVT21DK
solana,cBwXtAjBWuigA6DxNrTuruCn2LXoNifpjDEpDaswqEU
solana,DxFH77WHRE5GDG88Ko8NWXPX4Wsx1gQDCWz8MN8HRVC6
solana,6wMm1LPbhxn1JmsumJSBJYQJDPmHJ51mCf78wiSPX2S7
solana,JAgWVvBRfJJXJF9coFpAVYELLTCRH6hNaEEazpaCCRU9
solana,9spkFthRN2bNKt9qmHYUNcxhWkehamdZqtRGPxQr6Z3G
solana,2fLxpDsytA8mAEBbRfLh4knx2GoXq98JxaMDwRN6B3uv
solana,7tmW1LmYozA98BVNxmUWmibiEE58pau15eWp9fGeWtcw
solana,J7tRF9wcY7ZKT7Hxn7MpyyVjwoidwrU31MYywFC26YSr
solana,DFCZ8xRwwkAmPSAqLXbxeTJAs5peCiQ1CgWJqCMb46FL
solana,3sCoprZ4j8hnaGSDq5EF4SVpfGAvDUrwd85eyv3NRn8A
solana,9upNmBVFPxVUDjwEkHWrGcMBqEk6RnJjYWaw3yuEV8LE
solana,6TboBesTvkz8vBWmPxJYgUsQZbKXGFcxTTPvwDtx6NGt
solana,PW54z2FqXTLVkDFNUC8DgpYzCmPgmYsf9c4uEzfSSw9
solana,AUUKQ5V5UxRPQXMzfPfgGfpsraZovAn2xpNQuVU3f7oe
solana,4TcXtswqaxfkqtiQ1XxyGyJgcqbgW6DFaR7vvaa5ghkQ
solana,C31DgPNrh9CReUKz5hA4dm2Q2XwN2NwFB3SGwWVzmDDP
solana,9cbRPxRTthBzUGZS6VQ29ZBzczs5Eww9PirKVccFZ57D
solana,59FR9MDhLR6ZrS7Uyej9U2xPHsFdzgfxiezZSGPmksVT
solana,xK2rbCMiicCZx4GjNL1TWcp1V6137KaCxttVdi2ChfG
solana,774fQWRrXEK7cTzt464ModbfUrsTMNFvmU5XaJ1fWFQM
solana,2fZvZwq1FH5WgUHinx5P5ZRfLEmk9EftZgVrzH58QqNu
solana,EqsHrRJTo5t83PDisr4Pfxs6tmassYUrZHtn5f8Q3Rjv
solana,AuHaX5MEQBumydb6UvJY7TEEimPRjoX6Chu3SYv6SPKm
solana,HjQ3kXq2PfxTTpm7VtMKLhhQ4hGN4ajhAfWZxFcCG4Rv
solana,9D7ProobiSPHHAg9ypVNR9ZZcdYJNSqiMyxE5FZFoDiV
solana,ALZ3Qej4yDa8zsxZq8s1VHMBwoxmZeev8ae9E8LxHmmb
solana,FX4GTVeouVjyDm6DA1qawbv9BW9rX6odiqGbXxrBWkwJ
solana,DtuN4856o4PuhmPACEe6mR7oTFUVWN23k2fN5CUC24XT
solana,BjQeS6vqzdCSXYKSiwMUWbxV4U2RYw1Za3YczLdchHnn
solana,3pU7WY65yHUfkLR3kpWEdmWeKyPMGk8hdYXas4rMhqeq
solana,3mUkUyGogPQUUiyJqN3orztrRCTLA46LbZEBy3ZCUpx5
solana,86PMiDShPFvfnkJspuusVFMfJTWn1PQcjyx4tVoHAhgU
solana,4eb7HTMQaEah2pCo748cYqbFEgk4PMbSwXRfRbN6sdGL
solana,CH57rNUAbha342gqaX27Aa8aKwAsRZ5mVHaoaxuHCsRV
solana,49NyowgE5hx7NXYcvKknXnnC9627GYvVJGia4MEkNFqe
solana,BgT1vTXbwMk6dgvzGmF4foiMBK54tRzGprQD9db1hjuK
solana,C1iNLddsPRe51MnkTfEAJJieN6DFrK5YYmKeP3ye3Y6a
solana,J5bo7WktQKUHJAtFVbMh3BDft9yo1rChS8BEMh4BNdnW
solana,36XYmhZpW68w3AWwFv6sSYQBH6gc9E1hVFwsSePJpQmV
solana,EiyqtRUqFjgPzFD2pyRi25Gff6fpxzvPyoi3ubg79USy
solana,5Sb2DRm7DDfMey2kw7jYXTBjw4BZW9MrbwnPmi4quzLe
solana,J8828VsZJFRoUDSn7yVbBZED7jwoGMRfBBTgHCeXkEBE
solana,GMPpXUfL51pjiq5EV1SaRBYCYeAuAj6VyMBKuzWPuWSX
solana,HP8hRk1skysuxxR1LnsUW7nizW7YdfTRDMZsThcgWbCA
solana,819WpXjtiTRSU1CfqwYA8jTg7gS2MJigKEoRUKHUbi1i
solana,HD2KkSkVXM7MszGU2jCZAe82pju9q4dZf9Yp6cF4kDde
solana,EoCp4v8MYLAPga9HcYBLzbjawSbcwsGfKFsHt2C7o6sm
solana,GL9RsnTfxN6wrLMr7pMx5KvcB3Hg2tez3K9EZDN6BLUj
solana,HdF85odAETHEiYFg7AhgtMH99xLbS6bU8bbfi6CBFszL
solana,EwMxBvyLLSAQmr14XFnWPv9aZhSapoCt9j4rNV5VwawP
solana,5EqXKTWEsUW236tgKYexjJN4gchwC7uiZoGmgdDmbzRf
solana,5jjXVBbMSVyg6aEqYukkC8mvK3A2mjbpd96G6RC5yEZs
solana,F4gVkUEtL5ndyyeRq924kAN1gXEW6iMNjwjBWppCaZMh
solana,Fkaef9kpkzYZ3o2idK6V3sbmCKtM4nHmRvmhM1pyPadC
solana,2T33C3mFE3fFjQmbKM4spcZkNDpFdWWiZQ38MauoMX8U
solana,psbbecHPRpYgy1zUZwDMMgoLWPDruQfE7dXKLJAiU8L
solana,2UhEkWquMdiNYYEQz23zcihLNECV2AJdZnaCUkpv1FhL
solana,GEJdZsVT3r8Zj4C3uxgZFpubC5C91rKPyzBuosZBhESu
solana,HqRGPu89q6DJmYWM9VcPeJW4sWvQxirM4JFQdvC94XoY
solana,5h4GGXhSNjFD3sh5yn6jepjZmqkS6BtpK2KwAYavHFBm
solana,BNjKTcJtj9MnaKRHz4QshWAJbWgxYKDGr5yC2tCjCLPs
solana,Aud3jpkXSafwUDcDF3Tw3qiBRuXatMZNKhCuTCHVo32k
solana,3UEhkbvuJ9a1UKG1yqegGxAYGtYzEg17xMjywxpjSaZg
solana,8h8y8qp1ezAszba5AsBL4jikx4Vxox21fDEqPKNrUhvK
solana,2qmqx9iv7Us3w5a4gQiNFz1H4HFkase6GNV9EtwfDd6k
solana,9KmtmnDkWTnpceicZmRcMgae1QiGWfMitmaQXogpmKXT
solana,2W7WCJtXxL4qDvjZpiiDtFcMZh8zF3Epe6KeFPKzYqbU
solana,HS3LFogDk8qufHKENxtNfbPDALaG3kXG3r92uMJc7dXf
solana,CJSBn1Q3chThJFMnMx1664S2x2Rot4K8KxN7kwJEzvzL
solana,DecxdgyxTHN7PaF1BvyYsKxX53Vrzfhx5L98C7tw9Jzu
solana,DrV1qXr239gVtN1WyXw42Kuygd2PL6B921HiH9oLu4Wu
solana,8GD3fziJom1tj8to8ZoPiSaPJFvqxUGpk7vqTM1HrpJU
solana,Ch4sBgdScS8emDKV5XSCt9Q7mt4hW2JniPcmiPd8uBAo
solana,HrJkXENwb2bh3h1aAfbxJP4gLVUQnEWi8bU6j6jyZZop
solana,8R1Wn6v738Jp1Vxbd4SWBrSKZNpaHHKs7RLs2ZurGFMT
solana,FWhKz3WfouGNEBPan4UT8BAWHfMW4sSd8aANCkXjdUHr
solana,CHBYDu4wFSG2SMKRLCJTnnaJmdQ5mLfFsWCyMuV5TT31
solana,333pkLCszTZj7qMxtDujS4eCUJoHVeGx5jzbm6zc92vA
solana,ABSQugAjuKGyumDz2fgXiYeYPNtckQ3Fgx78xhmCh83w
solana,1usB1za2QfUGsBupFw7uMv1ExJQRkNuhsBNKtgnFr5N
solana,4qRpFChDLsaWQwzphs5tXM4PaZLmFG5grfaACMtBSEa7
solana,9bdmx6Ae819a9Wuurk4XiidvLc7cdRafCrecoqazg7ay
solana,AxxpsTPhzsuymHPDJ9UjYAgG2Z4c9ZBDvv4HjcSu7Wz7
solana,GP63SQVxx4SqitFkKkt64WEqJ3r2GGjdXb1GRuTK1g8f
solana,A8NPbwh2r4LYgj9Lv2GAuwSogDfPTeBLL6fvf57V2MEG
solana,Ez5FgSCT9sajvjzfbEKJyT31V6N1XiZ3LKn1rfT6T6A2
solana,G13Zd2QY4usDrDk2Qi25xaMV26VYB824fSeZ8e7w1f5Q
solana,25cdhy34D92Ghv4igzqChepi31RKLxZqvzmqhLdgxhVz
solana,Hq1Zg2PDsujNomybPexnftrzBBvzWy7wSKpy7wipDKH7
solana,G4rvPHwiNFUQG5PwGnvJtKzpvWzavvdPGXq5DaEvJZoH
solana,7rc5S6AMQstLbtifaBL4sZxkk2zpygFdtX2aWtGsNj9o
solana,Hy6LPUir6jeYpjEXhLe3XUjsHptuH4PsfTVCo4dnydaf
solana,BbjHsyWu76AArZV9wS1t34VGotr6X2g1yBcQft8yKZ1F
solana,29CrWm5ReKGWGup3SLbn2e2tC2EoeoWBZnnFYYSjm7Sg
solana,FCbNJAB71s7NKETjLsUzWgxcWWmLMMXWDZtsc2kVqoNK
solana,93yoFwCtSmgWDPNnQZRNYiDZSpPv54VVFqwCEaZNtqui
solana,5ET72e9f23iWuuK2bEfzhSWZa8RhehQcHRi3JD3n4LuC
solana,J46VMmsE2Jt3brDcawRBNsztBoFyz9cGYhKbeCM4Gsyi
solana,9GhH2xRXC7mUg8jWrEvxfDTC8gqi3yKQqY4RCAnd6Tmp
solana,Hh1XFeVS9m3edjy3XQmEuWWJqJdGPDdeERkv9Jta1S9x
solana,J8QHNFdTnNuakZR7ZBWwJqyRoN6FhqJvH4rpmyCvkZaC
solana,TbUzwLbJ1a4hpZz4kKk6LB4sb3W6QAN6vAJfRvKBLB7
solana,4Ae4fBXKHGF6vuYAghMtBc8M3rP6MfkfhxkuDSwiW8Wo
solana,7tbaaaVDxZttgGb8FEaXp183PB4x7r6WRTbu5Fg74LH4
solana,7sECs1s6dG9n4d9dLpJjC5QG1LwqAdRUJKaJKK6vBzav
solana,9JbaGr27mXYsHRN8ajRk1pXGS4tqq23parjgEijvLwD5
solana,6ByaUJ6sxMjqMoymN6fS1gZ4wto5cq8v6VX58NAgXupm
solana,5q1L5EiHKGaFLYDxc6juJHCyEQGAEcYTFoSt1LBpkC4o
solana,9ojaKjWWAKFE4zBPoWVS5XVwpWavYMVoD5MBrRMPU6Kk
solana,EEscHJ98vEzfCU92GVH6z9JZJMhSV12eg2aJc311sFws
solana,E7gho1QoijNGScDwaciWCod7t6kBZJPdfY6rFqUQ2CQ8
solana,2wBeNi8p24haaSkGyEg64jCfzFrSg82mhYwwaVhXLcRu
solana,7oxBsRHtjWi3vJAZQzM9eKvVoomYeLwamfA8vs2KUSKx
solana,2acbBQFyT2M3S7obxi5kc5bbPimPbRa1yrBij5i1kKGM
solana,7YA1JT2PWU4BwTAtLiKkUSqnMTe6t6FkFVftPd5rjbt1
solana,Hx1577cpbLASwDFmRghakyPSH7a8QyL9ikAFQ8DHuTJE
solana,ATHpyNVwu8AFnHCFnJ8A6Bh1r3yMvxbJZj6f59UJLSKn
solana,9MxCPq6MeVmh3JaM2hQ77uCRBxh6a3d66TX2KQqEd5wu
solana,3FpCZSNU2tgYGuRsxsRrJuhXv2xwvZgHaNmxxpgtbEu9
solana,Hpc2arSrLjq9fCqB8usXVKnTWZisZ22WyjVYMMv9wh8c
solana,7DH56NJKdDXpr6vGMkPs6yWXi5AJ9oQiwr4me8GWMrgt
solana,32Tq5nwq7SLt5Pj7jiP6LJqNJt6zM6nAn8ZczTUKe3Mv
solana,Rbfe4Fj5bpY4tRnFChF1QKTUh3JtM8B5Gfi19DxUVW5
solana,HFakAJbZQ6wtFEQ9M6dRpygdaUbBFdWNrUcFiuzCji9X
solana,CcbsS1ern2V2tmc9c1AP7FqECFFGrNBZJgqw2iVAsgnA
solana,2zy3nczPyYiJvte28fWDf4yqNtSq91XYVMeZbreRkVgF
solana,BuMpudx42UzGMSNpJP1wz6qfpCny9ChMd7kGqKG8wa8c
solana,Fs6T6y28fU8p3qvD9DZLfnzKkoW6LLh4QHhUovkD52pa
solana,5SdLdEYR17w3hdQZkQuipwaTmN8fG9HeLtvPJNhsVqTT
solana,Bxc8MHwqTibs4n9xKCLLnggizMVvmrNU68sXzCX7i4Ue
solana,3Sykqyfcj9yKKAq59dRr1ocx1iAUyMsAnMYkWfsafaRF
solana,DM5kuD9wmRBppxc9kNWSXFjHtDdbk38jrr9Gw5mHuYhh
solana,EqnyYSVruuntFCa2aA8sH4MxPCzjhiRaxQpfGv2KLBrt
solana,uHTBiTL4XHrVBtjy9TwrirSCh3acACjgtS2tHt1kQPQ
solana,GK7Ke9uMX5i4xYyFawhG5SaGoFADbN1rsGQRpMhZr2Dv
solana,DSP2Mx6gpdp3NiEeroef6uAz1yW3e5Z8VYYDfUoZetCo
solana,EeVxtm1ifj7sxeR4FZHupHQ6egqXer2QMo56rkSxrUUz
solana,8yEGqLnR2PJThyKgafdunFcECfisNULfe2AHDAydjyfD
solana,2eYsv33XmATmp493qqJ5cgWS7QWeipvjqjLFYTHou9G4
solana,FNdeH5o2nMgL4cKaTncTAoXq26pV5WZ45LwHS3VFjpy1
solana,Ed5sRAiLXx2kaMaVPCwAp3wXJntYxb7AZaBq6k85nhXh
solana,D8MK7NhU1UkmwRcRNdQZwtcqQee5zHgPB9tTvFMVxDuY
solana,8QQsv5xn1xKpKtuzGtAA6mB5pusCA7BK8L6R6vzqEYL5
solana,CNiuRWbmA7k6S95SqR2YhswpLVwuRrB7n3P4AY3mETuE
solana,GRw6MMnbGMx3qxhzxrEagngdFemWGYiuwKmR6vNDBxwo
solana,GG3WKkinbav2vuRsyj5zHJqYtsHYcmPEk7jbMxZjSwHK
solana,daRKiMvCFRVfxh18veZH7PKruBLtv2vEw3VesWQbtkP
solana,4YezEmab9Nsri3gtuXRwo2WQyt1gBS5Hya6kEswoRXnp
solana,8QDcVpn1Q4DZ2Tt21RmeYpoT8Pce9miNuMEQyhf67dey
solana,FL5U1VThYygEH5cpRXVo1CqVDiF7UgqgszmipbzjDmJM
solana,HRQxinczUR7avZhJefcvq2MrYsU1MBjQrhrq6E8D9rXr
solana,FZgtnpwziF2V9Lu6KzMTtJii3Kg79JBd7XxRZx24HDn3
solana,9KZCoidzvaDXBHXqubaqyryALzfJqdbeiMsg8QprcfFs
solana,6NKN4xnsU8jhonuQoxz1Q4Qsv9DTg6vcn9Exe68L3r2G
solana,B8KXz4HVHzzZZ8nrkdYgNgZJychjHDVe14CUBpo1Q9rw
solana,2BhmK1fp83x2QQd8TDqnxGcDYZTstnGbdBioTRhPGzRj
solana,EMtUWDviu3G9mRS2PNj7udB1KWFUiLbm9LfAE8Tu24oM
solana,7E6eb6EkXCkq761e6UfPoGBiAtSt1dGFBe1sWD6KzgSd
solana,q6x6av1QFAhWjRQXzXqhmCcPDWtKrKgWB6UpEE8LceR
solana,6w2TY6ANeBbu1nimeyoWy4iRZhGBr2h69nu7ukyWaHSY
solana,FdKZbehghRoEUeRyX6b1mnUF5gTMPHkSa97QsyiuL26J
solana,F8hn2YUYMNLw8YUi4iRae6qFVHq93JeQMfp5pGZMH3Mh
solana,3sCPknq56yBWVEicAdF74qwCLv9x6e7BvbsUXdTtnmVS
solana,ETFSEd9asZqr1US8yLijiH7BiTYwpigeS2dBFDPUfihL
solana,CActGMHkyCi3Wuc2RPbhW2wKvJMLYNG6XC3hzUbqnUrJ
solana,GuM63CnzY4SFFxz3JcA3GaXZHGwh21bUKGe3B9FmBDp5
solana,9B2DZyPLtLS3iQcZsncAStMn1g3i9HCKgwu6wwhJ6ng2
solana,AhZb7QRaThYATkQbGPVeedzdvFCx44jYVnNTBUUgcgCQ
solana,2SR5sHkNCPJvBtL63mPYBKPubNQyaTW3t5MCiezgGCTk
solana,AY7YzNUcMUFMCq8WoKp18dxGWKhGFNS6tuDEXqb2wECQ
solana,Uz311YecFt7QXa1vseEdX9sZnAZnUCsXx1E8Z7ZHnnh
solana,CgapFFPtTkqjb8ePHFU9gQk5KKWyJLzkcQ7Qmxtmb7xU
solana,8Pd4jZiPKZ4Jb8n1JwDfNFoNLyySn8ww7iRHDs5qQ4Hn
solana,Hdp9oHx2AJF3kahpjnqtkuAmny8ywVZVuBGPWmnNkt1R
solana,BktP3wqfhz57CMntHY61etbiZE6rB2YpTVsmNRisDzET
solana,FEgwap2BRJP6v67mmA4yn36AwaBxRiZwdPdZ8qKiepw8
solana,EBzD3D5aHaBVrkGoKpEzGiKcJoPz9EnC5Yy4gQjr5MEc
solana,26dkXiHAGEXTACMvZn1K3nfpSMQggFtHJQqFfXbzn9w9
solana,EAcH15nyvrU76M5e4iFRKst29M9o6kxEqv6uQq4cq7T4
solana,AThVgmWGB2MStU2NsZ1s6q5yKH9quee9qq5Kk7yrNf39
solana,FWLc7rWsnT89haW1q17B1UwKmFZKbCvef5pSPacdfPv7
solana,BLd2R76f34GH5ctQXTxa51Tueriix5qRRddmiS8yKfFE
solana,68SFVbjDcNqDZstR2muSk5bW3XdFvKagWPPkR7D33sC2
solana,FhWU2hrZBmaHp5kMixyfg4snHqxLQSUtB4QMU8Pu9r8y
solana,a5AgL1nezdxdSHSRFpwghqnK6Bbk3XYaEBXCJmHbk7g
solana,58SQHr4dyGr6M1TtBWBEdZZ1wNWnSpsTdt4HozNxssSC
solana,5PH65Ea6oqbzYMxqrnPm8CtmUFfg2XvjsTVNxzTRZEud
solana,CizF8LAabYvAXeM9iTKgJcenbRGAYKHs11oqKEsL8P19
solana,T4JTZPXyxDAwzgzBVg8UcWQ677qbPgWKb8YFhRSJ5Fa
solana,Cn2ZvsydbnFhTZiwAzsRmuCLmNNn5nuC44uMPj1upyks
solana,EfBp91iEQNvts3W4LpAPLFDdgz11rKEJ2WA1yNUzUzVb
solana,4b3gmYPJ3kcnXs7EqbZdhzb16WcuEoVZevuW5yZxc9Ur
solana,HmG6CQWrAuj5HXdeyu2ouvAzXeLRcQ2UfJM3QWUxgNTm
solana,69FntDtDMJoysMjiZE6PDBcrMErSR7vFfsVTtb9xo2Jg
solana,A5r5eKNXGNEYanEQegimLTtZEf4njraSFH4uUpH8o47B
solana,8sS6QPGWUBHvmWXBBEnrJV85umbiXcxwhokoqTk7tgR2
solana,4cSiGuN1SkkBP7wJ7Zf42PnPnvSsy1DUL1o8JgBDC6sG
solana,DjjsxEDjGhBCD3wasz24mFZBkyjWJpwFaEZ2uQmykWyq
solana,7KDQ7QxNf9zwKSREj8x7crb64QWKUrRRanfoUNaUJh5j
solana,6WXVS4UzjmAGhFndZRdX3k9JBdknXCcRrLmuX5f4Y3Fy
solana,Ax8tDuWeCv1KBca3wBL28B8ymPjHtnEx5piYf6c1VvWu
solana,2ebcGesThbMUizajJANcvpJ9Kg4UiwMbRNBZNEDygotD
solana,DhP9PXa5oouJ3LYRZ14VGbyinJfSzCuJNkMLneWV2tmD
solana,CLnE8uY8VGrMmkcJc2yEtfNjhcKCTw149wRJ71cTjAHc
solana,51oGJsHMHXohzRhbf95Hka5uKEpibV6JgomdM2VPivp8
solana,JFovoaGJ6CVo9tDkV6kEdkb1RyLsCWCG7Qj7QaQgzb1
solana,4L8SMz1QT2ccFw4vJLqpQHazxSPZF462M3SfxxN27U2P
solana,6r5iSUESQ33A6F2G2WWgKtymRpaieTpJ1Z8hxSnGgjZ5
solana,GUEaiM8Dvd3fczU1RF9wCfwNp5vsVsPAX2QSF6Xhh2BU
solana,9z1fw2Fgmw6qEYHQURUL7H6eY7FQ75Vva6SV12sWd4hc
solana,8r2K69R468y5QobJ82Y5gQwiDxPbtfBqmgrC7eCfnFJq
solana,6ueqMJZrs9CZBG9HuxfioLREPKh6PWDu6MJWFUZYFLua
solana,3Vct9RBHCtMJFKErw2S5U2o6poiuKvtR9zSu7Go61DTA
solana,2YvQTmBL9ed7wo4tVF2WpoHZDMynurSLX3GLHWHJqoX1
solana,99KWQeN4rDGWuMwWqXPGWoqf8g5Q19BjYYAnLHMcngV1
solana,9SH1wSeRkSM8LKm1TzLC6Ja5VD3R8hBdny3GvqyaWuid
solana,7x2vMh8Grxn7KRcQJsMiPQy8iw5CKddotHZHir9NEmLe
solana,6SSqCSSYWXhvLE2Bsxv3ykno2k9QdYLNij2b4w4JKuUq
solana,2MuqRMUembezfGLvw3KvySog4EWRKLfFKuXr1uCSjP7X
solana,3vaL4PFmmFE8JZZ1hpw2DDhqsgky8qsVYLbRWgTaD8g4
solana,5KCGaKKd7ZDGouWbU2FN9nCSM1jzLApeMEY1RAzNMxTv
solana,A9egBMGAtuhX16GCmAvqiYZn1cz5MNjN2UgTxBNJqzZA
solana,7S2dBjPG6WGBRtvGpVeAfRR9zAjAHd6eNhzQWaTaYPrx
solana,HYbM2KDZBaVMMzF85C8twuu1jKtiSc4iNQkQKJ8cxBHj
solana,A8bRF7LEFJDxEJku5RV5z2Nud1qbHQr9mH7z6MQDzRC5
solana,A94abp5V9gD3qsVcQA8jt4pQat2oNb7Gv5ZLKX86nutK
solana,Aeud2h8pM8bzQvHbiMDGdoHo6XQAGnAjmD3y6bKNSiBg
solana,3RuhRXLNNkkkGChE87NApMdgVFCvVW3GH3epyXp41UZY
solana,g9BAjr31feXrQGbcJrdMUNZ5HRmiSSFyLunUkxmYa1z
solana,5U4MduQUsre6XkqWcmAAJBcmxyrgqPPqUuX5KjKoFyRC
solana,3JrTdf9HQwZKgyQqvVAPrZBS2jDe4uViYNNzSLWFHRfN
solana,E5oYBkaqerM6JiiwHTriAujWSLqXeEwHyx1gM4mgUzGE
solana,63QyX8eoGtqLUFQCFocK9PCkrc8sjWcJUbubiuj7f63m
solana,8Au5emCTpJnRret4WLbQVzLqBA2owP1AN3SEP4fCir4Q
solana,5h1RLBopCikuxM35a3XNe7yZZykaCM2L8KNs8h5pstrj
solana,GMrAQV6tagL4en3DRwDqd7K3HLM9tg5S5EohHodNX7x2
solana,FqumFKkAhHpkopMR6v28Z2tLnUBmF5jQ2NJwGSQGao82
solana,DcCMfVHxdeuzAYsiasbNZGVw2fDKXsfN9hracWVwMo68
solana,CUseCCQqecq7MUkoEjLCsaGcgD7R2nBivf5hyvqRkooC
solana,6x7T7mbndTy51DU7dSY66m135A3UwpZ4HyUefgNrFgr7
solana,8PfosBPHC3yM9SmmCV1Wg8hyAQD9zCFYmUtrhPKW9T77
solana,Akg81oEvh466t3PHpLi9Y7XeTgWVuK1TwbyyUMsXXn3k
solana,Bcm6JvRJvjCHnz5R7Td4e7S4qo49cMFedz9HoSbZFnxz
solana,27vURkP69YWPdnDGsWUSxxo2W2Tk7y9GBXXjod4BPziC
solana,8STjYVFawJnh9rWgz3JmowcU4LA46pLoVHsAmNGTSg6k
solana,57QLwjrhuV5EKki2f2hB86FRupsWBuWxzVY28wC1R7YQ
solana,6mHpge4Ba9tLMdr47RmFJvfhVZrQXHy3cmiQvGnBPB7c
solana,3tt3yKFemjWrZx3uUo4EqV7mpHCiAYdGqar3inuuZPPE
solana,5pkZ9VTyUPDdHuwai1eSaABPRnHLiVoUwpwGWhiJKnCt
solana,3zAjMW4jr3UyxxaXZEMSpaZg5FKQCtuJ8ekjKCk7xJiR
solana,AxXFw9srrqmSNXvhiVfzjanLg2AwxWtuMYaYwt7A78YB
solana,E3SQjJARWJH41TnmCQ3YiroRuqLZYGifnTRtCrQVvMiD
solana,2KeT2BmNF4Vtd8RGptot7Wp7Ab5L7P9DDJYLDv8JFQAR
solana,2aPjZgK5j5ASNrBY54RwvXeR8fHDnNLmesbtAk8ZoXJg
solana,2wTZA419T2Fty9ihFzhznkEtDwXfDwr4WTzQeSHm5F8f
solana,i4RJa3rbtTshmKBLq8E8fQ8CCBd443HgiPaCyrkQ7NH
solana,5gYWunoaHV24mAWGEFP6ADK7D5i7jBFJS8ZV3Wxoo5nS
solana,5XgkHvNtRW9jsHvg5meNv4L9iWpaPBFu4M14FjhWj1nL
solana,FWLDmy7BYsQugSobzbD3CmfGG8dMLU9RYEYmzoduRhAG
solana,B3Hsqya6fqDuCeCWhADs6JxKj8eNmf9jzebRyeVGQ5Xm
solana,FfUenPmw434Ab5t8a1f8hvjRAsku3ebC3YRvmqB8dcJD
solana,9zehQMx55Jiv3TavDwjmo9pEzrmKyMkHDqCB3E1ZuJWj
solana,BdgNcMBFUe4qQKs96LRGtVK5upuR2Ni2nwZfQKPmzKvv
solana,2jS1JDiCb4L8hiUraSEPzV6Nfo4M5vC9ZBVHBg5Qb2wH
solana,GrUESbargnDgTMWViqKxbvL5YbfyUV178PvfDRqkSGgM
solana,BbAVruNZw17mibGdevi3Yu6Ryy19wX58gyWarft49BYb
solana,5NuL369meExPUY7Jur1bDm5JMcoV3JLuoSB5LrA3xhPU
solana,FWn4zo7x3eco3dWoZHuLpFLBaNHRqZZAqAvhTzCvGiCq
solana,9V1x4FXdfPas98idwgybFFBUKcFJ63tCPScqriNc2Hrx
solana,BSeuQC8VmthMjszGwiAZaWuPhUbVN7DEu9AzTVt8rEqb
solana,B4EX2c6o1nMsenRWqzMBq1VomDcXQXSyqLqVEfwjgFmx
solana,3XxxXY9kYNN9oxEiNX96kTqBKu2B8RMxK6e3HV6rhpZi
solana,5geL1TudbNDJgiAiKjVQac952Uc3pFZVgQHDGbWAnfBv
solana,3JEmHMGdbgNXXF3V7gCuFvhydUHAP8P4PQxVxZoaiVBU
solana,DQAeAokqa313XaiV9HvhcWcMBhNknV2aQHdagnipJVhv
solana,CCYj5h3zX2GsnnsZ7ewVzxpbUaTpW3gu1p8bbrwUTdrH
solana,DQhog7uCHc6pPY3UVkKSrL2yX8SPSQyBH3LVPWZG9LUo
solana,J4pYWepf3d9VRqhDFjBK9X37fnwbHSUiCqWzeCa5WL8a
solana,BcTNYD8rmcFKXVpUSR8WscSjiKTbMXYUqtFHppGsQdPP
solana,7vXuDTVgyizdXoB4qPGNDZrXJpjq3rH1sVTRSCHtAY5B
solana,HKBCAdVhsqk2Gdk9rpb6u58P43owFJWUhgEBQk916th
solana,3iGEKoVshDtpAv3UkeWqSXJwtpuY6AAwmEQaf4DWZWTB
solana,4XFUFhkRsQe9HNy8bZBr1MVwKcqukXTZ4Fdg42pNtcA2
solana,4QUTKQzXYM976C2vFVzZ5iLuQwyp2uJr23Fwetyk3XFE
solana,CeKYJC4SGrm1AgPnfixrfH9B8YJfsqdpsrVsJwjRBCZU
solana,2nntQyz5YXAH95gRD6CPmthk28UZsEgzMGfR57TK8xPC
solana,98iEqGdKcVjERvPejqtqfUEzvsxs5ohH8SkfPGkdEViW
solana,B9tqfBordb3wa2si9xRP5vtMs45hvyPasPpuExXQwFkT
solana,FP47MZ9hxnShHsRcQ367B68kyt33hTjWnBd8eHinjJ7A
solana,7iUzmmvv5WfYjsGNzXJ1GxDRUYM32cpv8TGZBYmmRG5j
solana,HsAcTVQQgmdNe49S6YZgR5CWdPx6bdoHuk8wXQnFVGzZ
solana,B3P7eHfd5gVqdsDhFdgmgLEW2Tra8bp7HUTLJxkxemBL
solana,EAqBzRH5ecx5mh4EkoRunWiM4WShheGnyjTBY22RxKvj
solana,B4p2vN6fqF7zMjpQ6Go94fcYyRfw8xy4M9eieVaRdS7S
solana,FFRHEGjLGaZ38oDFjZ2w4Xxd8oxQk49yGchjxwspe8cE
solana,EYyujAf1E8oW7XoPBVwNLLm7LNJgFYzS7Lj2vENcLrPx
solana,D9ufSdRitDFzBz2s6wytdsdRxH5Xu7Dq87wTfu57kL92
solana,CphiNUgp8iSEgXa87jGGGzuMrQQaGbc9zFfEbkTN6eSN
solana,7L855GBpL2fZHsBUELtdGZeKgHfgQ9QHMaW1JEGF1aNc
solana,J4eHz6DyeKC52cwxeANyMJznvuvqa6Hmbor3dvQBZNew
solana,EfYok7kKaxeehcubnKjehk6iKjBni7XrLF1jQRogty1L
solana,84e31G6bhyGjPVkaPZqy8oRNNMBm2m8yKbCXXrB3fSUA
solana,3uauTQ4vvNKLovRQBBrR3PREc16nXApSkiedqZ3Z1gzf
solana,GDK4yawFanoBQHMLgpta9cGKb7xi8WE6AvVhdxc7NJub
solana,DKHrrFzQbutxccVpTds3smqSEQxUrKKrA2BSP9UwV4pA
solana,BVaW1aRrosCEUMgBPaYrE3f8kb7ELuAqmTSsMz7oV7ph
solana,FQqf2Es4C3pV4RJmNWLNFGeavepV6HL9noHVZaP677T
solana,GzhV44k6y4mLj7XuJdfc2oKQnveUNGvVYeDYH4zRccgo
solana,Az4wuQAAuVRjtoL6QPutfeCako8zBUcDQpFd5nYYAoe6
solana,FC59VshEPypREPPJ9giAJXigD63rqoyZT5PWEWQEvmvJ
solana,5arMnzUECyZcbq1Qdnn6WRsoXszbRc6pnxG8cJNaGuRe
solana,ARCnFiUJNiBZGS4RVmnRkSYCfwSiNBsYgC3wbrGaoTjK
solana,DWxXBxU4vJVhDK9WXFuSb8mZ9xMyuYm8pEK8ftqKNhkM
solana,34NzqJre12adutYB9ej7KC3LHHXRdouS8mFb6vVinJ7d
solana,GryEeueh5iBK4j6y7fHxBAejB2qt5ByYY2ZucfQBGZhN
solana,4nWf1Shp56ffYoawWyVXE5JbbhXN8zweMDh1JngZWE4H
solana,Dk1KyTXU1gQqn8GtVFAaeBWaHgRhWZSn7pNjFYZ5g1hp
solana,FcKgPNLj4AzAcvb2iqDJzinYk2NV5hE93QFwWV36wY1s
solana,A4XVBY1JPKyqdDcyAux7JzJ5eXFxfiYu3cTsgEsgi6FW
solana,7FPhnxsvbTcE9hVQtS6fgzPYPtzdvwU2GvMNLWe89ne
solana,CpjSGUqMqkGZaHrXNRspABCVanqudsrKJ7nZTUEowmHV
solana,EduLVuPdtkAGwJtK1k2Q7Ymwc9QWZVyWzCpMKZBZxQhL
solana,27WmKW1KUu3x9cH2X7y1pymWbaoUyRQXRj1hEf87FXz1
solana,XV2Xav7xDYEmdAJFrNaaGAfcwAk1meYYQ8Kq23KJdr5
solana,vFhSwpigV3LhVJ2oNN544ASjVcznU46yN3onzYEBLnT
solana,GGYGtrsd961bezWSfJuYSvfjGrWvkUjjvxHXerCGrZHJ
solana,4WbvnXvq6CMRDjBZe3ezziWvxQXBPEryFVVWZv2XmbxY
solana,4GDNxRJnZW19a8CM6HWE1R2YaknpyXPq7kaTSi96dn4s
solana,5RhP1vb9w66A6wyAQ79a7fkteGW2qFinqtXLHYfYd5ok
solana,3mZj5MaJfPdGowm7wnpokrFRKVcXW8B8uHZRrJXnNjHX
solana,6ptwWDtNAD69aTv4tgdnzWkPyHcF4kZMrKQt21AjfgXC
solana,JBwkJa8BCSQjtKoaqWapSjt93DAsuD2qE2rmQWfxoE1J
solana,B1gZ55FoP7fuK7JmfTapGe2zuUewh4DHA2M3L9gkz3T3
solana,YFhtaz9y48iteDg6Lc7Czm8ts8U2jNq9YfhzB46z2bY
solana,5tYvFfcKRbquKRDdxsgZZPFT7JikAuRkSbKStkdhbuCr
solana,BnE7bzehDBarFSvdKPe557p5VDaBEKkomRxXW4oMgjsR
solana,BLKSxtYV1hkcSyYUJbaVtJn3fMQAUTaCLXGt1QEeMV64
solana,AHJBL9AfnYMPW5LBL3o9ZrnGnj3Q4idEXxWQbeBiBBaW
solana,38picYJ2VXKttSwhe8LvnEcAVmGU6sGsDmULg7hkZQVb
solana,4jyNxgCavnJohgDSFXdXNMcEsZMeEVnygAqrpkBDw5Ge
solana,Ct4Gi3A3yW1X6BmhnTyWPcYULDMozvB3sEjHVUFMHeei
solana,21EnJnS2LbY6FA8fdk88p5MWyaRZhhiqCNoFm6nnN1hP
solana,819Vv5RdV9TWo9K6Y9JfcALPS2wMbAkUVtnocBzQSwXk
solana,3djwtVhKc93Nd5ebTqsgw7H9pzGatQHXEKmsnB6n6kPg
solana,9CTPqRvYUj2iFyRTqth9o3MgJ7TWRK6zULk6mze1CZjK
solana,9apqLq9Te4XLntu4tzdEBUomRdyRegdA6re5VCMb6odF
solana,AtEyxjYDey1dYwQxNAhb1E2hsQnv5Udu3KdTiSJaLEqg
solana,4xA2Dv6jcGRyyzXNNqv2ygsJaN6FEiWuS9yCfZh5ohxP
solana,8oShmC53FczePNNbPYM3V4o2UdNFr6dYMo51SE4QMtqu
solana,EAYL9uTSL2GZg4kDuYAz7GPqHk3hkmbSVXpJm1H7DoU6
solana,23Fk5Ni5opHyW2gaW9dUKtb7ZQXPYuRvu2bVWWSyxAZ4
solana,3XdGJ4fKCqSL9bCQzJ8kKmESDwMVXKBLPZQFYaQ2vUVr
solana,5GM54d7dETTsKer9WoakKyNFYPEzv4gjr3jvgpn746nN
solana,74TLBUc6NLrYnDUJPcdCeSY3CVGtBJuhrwybRuZdb6aa
solana,9Een7BJTVBWkJLSaoSS41eSNQP8wL3EMRC1JsKJ7Pegx
solana,9KGjxEnZsc8Pm3y6gVatdqJg61kY5uC8wUraop2yaVrn
solana,FEdaVsr73Myyt5TVqsS4vBf6iiEBtWJVPGSyvboayrdf
solana,E45BKQVpc7XKwju8KhQhYonZagaoZcjbXR9t8vctWL8z
solana,EP3uW2utcWcqc3keosV5w8LtsgqLmq3mLKP3AMrf4wwc
solana,5VGPrg3Ak2w8jA2g26iHjJaT7pv18R2o6sTSM8XhbN9i
solana,GVB1fzcZsrkWGMLBozK5VrYAMH8ErT4xg3qoQbKZ7JFZ
solana,9qErEcvPbmiFNwujcGvfAuFtyEfLaX87ERu9JrU3213Q
solana,3QRGoYBHGG4iKou9SxUcyjyhC6DtCfYQVRjPzY3hnSct
solana,HP2FBmVBLg6y8o7mKU5Kwe42HNZj3ewaibkYExdNBnoN
solana,782ZGoR4JzZPH8sWhqZtUC9PkcHQmKvhRzmZEFMa8j1W
solana,2tvdtDXdiiY26rWGFPpKnH6aEpCJyRBbYM3mopkuGzSs
solana,3W4DTK2MiQjKBzQkfTfC8fYVe9qGN39RqbKRbxN1PSQ3
solana,2gcD1MFq3uT2TbkpWbroKHr21LNgm5D1emnBtEgVsJwm
solana,3Z4tUj9jk91ZAXpbgiogRbXxrXHs22kNZAM2dwh9tETc
solana,GDJ9YVkuPUwt61haSVBSzsPQ6LHX49qd1NTQsCdmyYUU
solana,EDWaTWkSDGa5i3787Xktk3pth8haWjGWWDBNrioHjxx9
solana,3SJkCEhVdWEErbpeF7QreWxhQ59n2xvjzEcANE5aT8Ew
solana,33PpwPgkTTqqPecbb3BsZ3Eu9gt3cnG1ioYht9EuE2hq
solana,5ezGs3y7EZJ3DP69myzgEBAbtGXSQ2UkfRgkEQQfM6t3
solana,BKqJ2bzZ6fD89m8DdCDKzqiyhEteYRBC8wJsbXXWZF7j
solana,7edHU91VrBuqBD9mS96FuKEhE3adK6f7oEDp1c1CisS2
solana,4Le14Qn2aW9soYETD5ScEawSjGNouriBiqf3LFUr6cHD
solana,6GzbtnvzLL7T8uvmnGzfSJTePvKTX2DKtkUs2JqLB345
solana,33PWFXyaXfEZk782wWAFZtphaaMX5o8fbvFPWyg1d9Qz
solana,6NhTWHVqkVhTujz5QdLX3DpGTP67uHizWhjQR7xdyjq3
solana,Br6KFJQ79damrXSTrLEJsuZJ3m97S6gjRQhNiqr6pyqV
solana,ErXaEaUguwjnPvM4vSHmw4CdYrUULpiBv9eTqFCu5S29
solana,CUVf3BTfucHUR4Rhdf3oY5irqWXD7M9vT15UMg3Bo7Mv
solana,J452T3JLX8eoBUdP7XonWBPzKUYf6VP6UPh4jLbzJCtx
solana,FrWmsUcu1DBWdAKQpFEwrqfsgKq5yFXAETXu2jVxzh37
solana,9Sr1j3tDwUywxW4qKLjp6rCGCtJn2vcwYBjQU3XmNxVW
solana,WPHXqZp7vLWxPNC5rRYsbS2N3eXCrubmqNeMFpRTXGG
solana,5B1iSMcNAmWCHGM3x9U2QZd1BDDT1xYfuYViT8q39kSQ
solana,GdXNuQCtrXJszspxaGLk5Tpn134SP8EeHwPiTNu6Djoz
solana,13ZMtcAV5p9rmaP982ZwJNXS2xmhAv3LnTE7TGXK4jwB
solana,5MzyWAafShvYbV7LaSBkbJd9JUtsGiN5mjGFsb4zVrrH
solana,Dn4bY31Xuiubwx8yAB2xc32QssNmXFiosWjCWZWT6V7o
solana,FGkmi8euBAPhQEAA2X5KWTAQiQp7tU26vm1yEhJN7cXw
solana,4eLt2eqY5B6416A4EJG2h997jAwg8j2nJKK98bmotiCE
solana,Hb1FbTypdZthbMScCFk1dhDkVHqk8ZDxhEQSxRjFpW6G
solana,DhKZToYjbwiWN4JhGCWfqKZnd1yFn4sbCG83pmmbU74u
solana,23To28uKsSMHhjXjVKe8tRuRzwUvX4CKNGchGMax1ybi
solana,2rPahrM9dS1mgFDeM1QG5XXQzX3eWczKMisU9aLkEgUB
solana,GogG45uaqPiveFpsodBduhBCrbDd447GLyNsWNtUy1UQ
solana,ABuvXCpx5kjbQNvXu469V8oCez2HL6GejecrVFCmWfLN
solana,3VDLxoRqukLzfRgVBXE6ZcFfT7gMPYpzeKkPSpWyLdSt
solana,4Km2QLKgXoxBfMpZihDa7vYo5Aue54tSdevjcgu9vZBk
solana,HCFcMaRMS2MshjVbKMVB8tk5rJN5zARHzjZMxTDD1VS6
solana,HkoqBWyRostojNF6TZAwdzLwNVNhk5A2M6KJK2Zjf6cu
solana,E9Y1fFPc6JocuMFHhZ94nhVwUyQSt3XNSQpHWLeVCD5r
solana,7HJC6yCZaULchApshap7n6RfTbZrPr9gT9JNEfXUeWmq
solana,4hnpEQTuSArZNHDWPQsWojJkFM9H4vF8r9AbZoTwm2qx
solana,Huh4p6ZrhTmGX5FLtGmbHuW7f95eHt5eMLarwsAHE3mh
solana,5WdPooZo6JKBf3Mh9fhYuQ22vJFQ7Se4ipc8vdcQR9qa
solana,5sA6xD5jqZQgHV7XRjWcuBoDtTGVJZLNi4ynXDNMpQK3
solana,BbppqdChfuCuuZVNsM3yKqDrgLotYCua79XiMqYWyo7Y
solana,7EzGadFTAH1mTg9eyNLTLbMekecfVH9Fd1ExdtNT2gVT
solana,6fNAQMvTuLH4mfEcJjM3eBkGkQeHTpLnuSg4qC1mSp6i
solana,5Hnzes2DkoFYgsMzeM2kNGyUsNhLLZLALnQXZDGiuhLw
solana,6JEPgHsTYGJ8TrCUrJvxmQWNimUr11dwLW4Cw1mPbjDo
solana,Gy8BKpKPNYGd5dRqHiCppYWe85LNGMbMwpabkeHwLfDJ
solana,AKmz53h3ceFzMYCoAYKwDZzX8NdGEP8tsaP5sYzwSzpX
solana,4Ajz2XB3NAH2bzEawiXzKzcAFrEU6DmgPTqEpbqVZhrZ
solana,D5orFL2cCuCedsxNBphfGgYShaekioudHzCFA3XtKfht
solana,6uPTZ4dXWy9N4rdBRrKGu9Y9DUb57eyXxsWJsX9C66YX
solana,12HEf8qSGvaqpEP2hN5zEadGELYhhNNhZM6hmkiHV14M
solana,4K3b5ZtqneW5ZNgWigd2JQa883NdWgnLnr9X7Gpf3hD7
solana,4rp2PwTdcyuDQfuNZM1s9Y3ApxemGqXajF6r7Y29b9zX
solana,6UsidgQrnAVwfhJTPRtwZohYycqzzHCFH2R5Lk61dC24
solana,7mmbtvQ38qZsY299yMB5UvkNESBvr3Xbh5CcFAj551h4
solana,3Ub1sSbo9PdS1fsezNjBkF9cfwappyzfTt6S7usYNEpV
solana,D8z8P4Hsq4eENWKi7Yfb4K5fm5qmmGZ9ZtPAP8ygruyw
solana,4DenGSghPnmzfwBoBy4VEifbxu6YbnRBVKaHLY1gC1QW
solana,HiEsiUFxam9rZ8YYaoYKVPvaGzwiWPu9BTHjKKiPMHL5
solana,Crk79qjGdZUfsq1DAcDVXEFZ3dichpKBY8QeNXa7wbaQ
solana,CY47dyP7esbt6YQBBWV9YesXc8G9oDQm7WxeQ86hYUEh
solana,5szwt1gfj8i77KMRZYCfzWWUjYhiqe12tR5SNKzhykEs
solana,86E8jm9TGy8CoESwWWnHmMpmgw1uvJJYb3NeaxB6RUpu
solana,9jkqmrG52wrdVsLHd4dg2KFoYQhFqvjziz35YoPcgRZ7
solana,9DhkhXXvHQkxosRzyQTP5u9RmZ8DvKR4knBvCqWKxkfr
solana,CXkswrVqiHxaorkGoUaeFmD4CL51cuncbyKoRJoxjQFq
solana,2tpe1JdV5SnNo2rUVDNf6z6K2DEYKC1BCuzE8kGQtrix
solana,H71uYRPP8rRV1461pXToKmugLNvZjzNSt44Ybr2BM94b
solana,D9Ev2wSJXpRCXBeG3kQpkkdVwyEGQ2vPM6PgmzijYbE2
solana,GAneGm8ib4zhJ7x5nmdzdmX31EVFH7eT8mgpqyMrzhDW
solana,EdBPCM8EXp2hsrSnGug97z28uLwYMHzTVABauJzsR4Ei
solana,A5fQR863qnLuwsTR13SXVE8cYSbioTtWKnhjeMaiY5g9
solana,25wBo7bQcRZxr24G691bbb8H2wqdFL2Dv4a2bBwyPLN3
solana,BGpCpdsTEkY2K5qX5RXNn8bJwWARETZkhNvFw5tYAecH
solana,67GUQe6mocgqaEJxzPioGNmk8Ryz17uq7SCuJdxqJCtC
solana,6S99ajcvGnYao8qexfwdRpX62QVTvrTZiZp1N55Dku7r
solana,4fYUjfVCM9Sj69kWzhhrzBaXUhXuied6vtyWn4RJXEn7
solana,DmNTDUWwKaJuwrQbdESTd6C6PDXD92Gw3nfr7gd7AEUb
solana,DsLb1X6NMJ8v16rsXupQSiZYZkqU9qvFqBHmR6RFySLK
solana,8qzAgxn3MjvztR3KGAq6ngPE5k5ZtPrX71PHsEwro1Hw
solana,5KSngovw4X3Sk5D8VBBdFCcyTpBmkn2idgwrv6VXVyw6
solana,cGYCcHc868kkQi1255VuZkTK2Tfc7wZjVxi3cfejnZK
solana,2kaic2JHicXzrxxH58X3HvLQ1AZoPoEVQBXxvCkcS1Z7
solana,DPB48ZGCx6jbgFpvuTnJu6dDPd5WEFSQrgsA2QZQGTjT
solana,22V6rSBhmVSU213bEEqhUwvf4zLDwpeWAVfdk7VHiXkt
solana,FzuLpgZX5a4vEiAjgHJ2WWNwyK5ifTtAYwpxbJ5kS6Nm
solana,6BmNPX8EBrFeNctNnY36d4p7szTf1DGFk2wqjYcgspB9
solana,BmVKQ69Csdbnvj6VDDQhTkejhDRkmWPnx34DfkGBEsoZ
solana,9ivAsnntxKn4jeGBuf4r171P8LfYwKqq9bMooLXXnwG5
solana,BNn226AgBB9ZgQWzrYBL2GB6KwZvfZe11SDPCnz5oQ7Z
solana,GzSN7LHhtoLAN2aycCffkFWRDQcCT9A858HyGifCurAZ
solana,FxV9WA4RHziUEQDeXSyRVhAcNohVYobnJf47nx7MpdBL
solana,2rPPxqGiSh72AWhMxxRansBXKudHx46WPFoVTFSCGmjJ
solana,3ErNtrqV3X5vw4VwLHjT3k5twVbM7aMBizCH2VUSTvMg
solana,XkNjqgC1VFzwJAJsZsSp8vrFjVo7M2g2akXSKpid8pU
solana,BGmaA89YFMKSgvcDp2CSo62nE6bXjTWTgY7zSfDzenZh
solana,H1X2XBqR1eDaN2T4jXrH1MtjMotS1tMZtuZh8yhMTRFd
solana,8rXEvvQv9LaNkdR3FVxii8Wf7km4weEpGCt6C63ij3Ld
solana,DWbxjEFNiVoxTWcmJpxLmcNEeipaaNV1XnqmrbSwQfZK
solana,FbKAFVPioLkDcWmEYZTQRiBnwzvLZrdXHRYHciSZWXyK
solana,9kNubZEHkhsM26jetmEqSdufvDqTabyiUyv6GpcaCx55
solana,56JDQiBSqExYS7Gm3RbgPFsjv1Cr6oKA3WQJshCX1Q8r
solana,F3nwqUvj6my1o6fv12QVQNAow66z8DLCREqsPiP8Kwm4
solana,5gokKLTvWHvVgLVKsaKNzQTfSF3MTt48pDNonLSMACTr
solana,8qwLxxUU7rvgeeAL6TMyR8bDCDehq3zKtntrSQxxDn19
solana,C2ygiFWL3qGcpQxL5udjnV9hND1oyoLruAmvfJUi9RQb
solana,DNoUxMdpba9w6EU3HV3RPHHnq8MV7gYW27zsSdAe295H
solana,64d7ALvhi4uC5xTvKFhwwuM7Zo3dURmAJTY4wboGCk5e
solana,GsT53XDRWxfQQDH6K7GutXKZZzpvXGc9dJuYcsckBc3s
solana,BVSJrCFnchwRTwEB15Get8rGR84DufwVYAMCmAiBQXLZ
solana,yDjYjmvDsspZFiXmEa37DTTuixvPzVcxxqMo2o8msPz
solana,Cf2LZAr3d2JypNsFGTuTgSndpzGprumyBWGx72WY8Cw2
solana,AtBZHZvB1AiaSNfrRwWdk8ncR16RoMtY6zbVRTr1hxU2
solana,CShh9J3qyoJCoKBWKzc4qTAiY3dGbuMdXhwkMG42THTu
solana,2oas69cJfXz22kib17RkRjApkVE9anh7Pt6HMHhF6mM8
solana,59ritdNrqwwRx34MXuAaLNnNJbrvFN9uNGXqP3vLqnWp
solana,7DRUHeG2YZ4bGHj6Z6QoNe6pSAYbXtPntuy8fLvCrJ2p
solana,5npD6i2oNZ1FCZYf3vC7QL6uYAHYqNTVtbCCUjFcSvdt
solana,BjFH3nvPbVLTQEzwYqKz2Dw86WEHxwDhxykJsE1mv4Jp
solana,FBqxV9YYXvaYEGZ8x6gC62RmT8SEcJQ6WTaorRrutLt6
solana,Hewtpz9PtLxXSbxPaoMzot2NZDYKEz5acrB6smXaKjx9
solana,WeBWmFCXz3EPvgPcn62rRW6pqBAuPkLfTsMsvtRqnYk
solana,HnE31GzF5DF8mMXEFbBM7QUuT1CKSWrMuoUGQGUUXf2H
solana,4VPy21WH2m37mrzsUgtEAVKakKnU5SMp4Macgt7nz4YT
solana,2t27gy6WYrbXUhrmt1TehsadXpNdpwm8JQgPL6Vh9xsR
solana,CFXxfahpMKKc1nMh47ujVdndukNSi4RZaKFTHVXguaRB
solana,ExrQdxry1h8iuCbPhoHd34S6XmiBp69v39Km66s5v2nr
solana,FhChenggoFHsiBiXy8xVHZhukS2SgFBGd4mQKZ4i6nGB
solana,HKoEeN96ueKb29A7MnboMC8gPStxzwsUHYs7EhxeWK3j
solana,CSt2ti6rJdXEjqMGSTtAHSpBgMvR7usruFkeMLzvxqXz
solana,3TiPLzSCHzaFP4hmfK9mskTMb2TaWseHzapZeRehpunz
solana,9xzrUVkd32j82u42BWRFL6ZJJRS7GkJ1WfaVxE7DNtCL
solana,CTg42rLq5GJZYs9y8Ngdrdj7NhTj9D4wt6KbU2L8i4qR
solana,5Mdm2C7nfe4gQnvi3Hp9om4LJBHwe9dhUXMsZQaBCNou
solana,EEJNLWHiF1Qc6WdL66A9oKQ3GmBR83kzXNfDyjzN7yvf
solana,FueYigiwXYw6EFB343fAXDbBLQuLLYK5sCp7zHWDVczp
solana,C9FDZ49bGzcy7gc6QJu8VJApJyNedeJFWvZ78vPPuFX1
solana,FzFTdopdkrr1MTeDKnPdxGoQCDr1ArmQVLz7uBPNjf2S
solana,6X8aMPKexLtrULfByBRNNYAG5fFrTRf1g1mE2KXL5XGE
solana,EHPgSv5ax3WBsqWcuUwbTZzgPTunPJmv6FneiYBZogr9
solana,DJMQWHsHipc3HR9BGE9ee7xczMNt5Vh2tKiGHLfaP3V9
solana,82C27nZ66LxUoqEctggZiAHrPSc1hcRoijJc8wCK4zL5
solana,BkerbjLYyvuqr2Q6oxu1Jy3hVrdf1SnGzs1UKvnx21zL
solana,5virUyjiRUBNdtXgyzvSkZqUzdHg7pkBXfm6n7aADaTb
solana,FtGCLbXvHfdrdDtLaaZcCaF996kbMMzXTJ7tyJ53Puvq
solana,CVtqiAnYLUj2mKM2DCJPnszjwWpfNQuFtFQ5awyym8Bh
solana,BynyNGB6GS7aqH8bTuMkSV7MHRq2mx4aCVa41wyUp7CN
solana,CSXJysHqbNTk7ixjmS41e7woNDei3CPKaCWMqhByFsNj
solana,BJPLDywQc7kH1y3RC8JJYUeHMYj9JZdAQ1Vv5x8HeW9r
solana,9pKf1XbMT5vA4PtmPccC6uML3g9qskx6FxYoQotLMXhm
solana,81ExsveT7cmQPuajbSB5yHuxc3JXTEzbjqDEJvMPXAjN
solana,FB4XZehQbmUoQTt3x4Vx8HzauKUwssodRiR2uSosEviG
solana,6gPQr39JY3H5YGcKRCf5uit5W3FWJJhX3TjA55Age87D
solana,YNi7Mm7xaRh2pfi3dxctzBDvDec3bCoY5neDs22LHWf
solana,GNB6hSa5ompiEmBUJvmKtq9bKTrG1983iYyX3o5WfCah
solana,GL24rP2vo5RUcQN4VJ2WJCtVZfAsDpDyx7sZ9B9X8ZV5
solana,x3KHqccLxbP3LwPdnp6QgeQYkzvLf6848kV9HqucVUD
solana,G8EZJfcyLFNfCrLx2oNY3gXd3omVvUV4HA2oyC54r7ri
solana,FTFw57CPLaCQZ7fHvgqSzqfzEA81pQVYuq13fgRWdVL
solana,H3y8EHFQaF7DjvtP9Mhg4ansyMedUVcufeBmBuY25JJo
solana,D4zajNvsziCMMpUyZrcKnH9hBqM2Yn9Mzrf1D4StSBFr
solana,GybWLK5BWrzZvgXUWTGtCRht3Bvo9rPYKBymRqP4cDet
solana,CC5JqCc4Qc8T6mYcmnNqfVUXRgQxaMpAtgTLLaZurER
solana,7nu4kUZbM52KWqPHaPocyX5vqCdSUbBBmzkj51QnWnTo
solana,BXNQXb3GfLF5r6XeE1e25RMVh2kfVzJZmeDLu4WSieAi
solana,4TyyV9XqWhDTKFGZqE3e7DXFdzb9MN8TxYJyJiR9gnVr
solana,JBMdTZsqmFm9peYZQ5sA2fndYmDeV7w3hinbGXjx2kF
solana,GL8xXJx7cnsJPc5cxq9kH5zuR2p7G4Kf4k2QnoNTy8eF
solana,4rAFovwRNX1GbUWx5iPfvd9FJEExBT9MjqQ7J4yHZvy3
solana,5EsZsEnVizuyGttkJA8YzufMv7f38AQhT5hDaY8PuD8s
solana,8GFAyWU3zKWyYdjCceNmZ2uvbwva5g99eeUPuNA6wnvG
solana,5GSxtDdaxMrTRKE39guoennaJLHoqn6ysz87TXwwPpbU
solana,4zCiLNFppHWEnphAPgpPBkVsVCfEXbQ4EE12wBpqhuYi
solana,EQPK23uwyZtMdaXknscoPQ7Gd1SbbYneXUiSyKFWfgew
solana,CHBKVJqV7hjAKJHaJwyxeLAvUDc8R1f6SBFwv7peGVeb
solana,3xHTQ3KngfZCiYQSJzzsrzXdPbE9i8Ryt5gq2z2TNDb9
solana,Cr6wjd6AFrUuWdYTVab7NAU2LgahZA3PVrd642nAnCYx
solana,62vRM1k6JqN4Y1UGtk7hog92XUQc4Yv4eJtmnP9twkfW
solana,ATvoxkX2uzRKQq24h1zTMivEPi4SuAgF4dYPhH2Yyh7p
solana,7W5FuKzoG9fenAjwX3ReBqD8WZpYxqwxHtiGwBEXCKWL
solana,FsNJYyxnuPQZz2H2C2AtAFKkvbRtxP9ZKJTGKbMG1i8C
solana,29nJHs7pV3kwyKm6LEEyT7y1HRNwFfzQ3zkYiwNV1LTB
solana,8e5ALHe2iM2aLrR6UJUJ9AfkJfP1vDko5PzW5D4bAEQH
solana,6m1e6wMsTPvK1peWE1FavaWRbTdRTiqAbzkbPcrwdgid
solana,ECr5YgaetrNCSMTgvPLsW5jBtA9n3hgGAPATZTWf2dpf
solana,BjCgxosGJEFUtG1viab6nc7eokdGjWHYokJ3tyxBCYtw
solana,67ooBuP8uZ5Dc9w3hgEVdkncKUwEM6p14yzmakoZJ7js
solana,8WdHKGtk8mTy6pQzEjGNf8aT4JL9361tAZuUCXvEHV5p
solana,DxfABecgCzoZ7qdiv5ThBjUUmniTBzsdE2eZ6aQkPPgA
solana,5qxRjEUYRm7xJ5CiiVrDnQrGz2TGWg54vnEM1qq13b7S
solana,FWZAbL1byw7ASJr2pcW9eRDS2XgCFLNL752Fr6jdxAjU
solana,5wcSsB6YL181dhZgh6XbhWj7TUCYNvRMfrxqAVVGNpJn
solana,HNxCLZFKXenB86rFkoB1aBiZySzDwHD8UUCJWRAim5BT
solana,C58N3Jv6Z9Zk54UATnV7JaCtTmGyTRs7ckGPdW1REvJQ
solana,5G6gnXekNhvHh7me2ETApkc22gcHfsCHvx7sPQwbJpTt
solana,2d3gyeZ983JCQUhLpZEXc8QEgHKJ7n5ZHbVhmw2g36wd
solana,9Sez8GS5CNC92oFqC4LCBT9KtrCvtmagFHapz3QxJf4S
solana,5gVkr8mxBi4P7ktSsskQyGkXi7UgiUASJjvavyxYPTw1
solana,5j3LYA6g4baUhnHnrPdHwTHhPJHajzhdTzmnKveWeEnr
solana,GqwKCnvmQxMYAvK6ywnRKepQYoKSD2b2Sb9pbfPYohf4
solana,GJ1ExAsbpYqVkC5ithUE4CXR9p8hvDG3r7SbfPNnwzrg
solana,G48w7mZU39RSN9kvbJj7sakEpg7tfwHfudjcSpyvk5Mp
solana,G22vCQFDFAMQYWZF5bgKrGbVmcfiGBds5Q1QiYAp6Xvx
solana,BadPp8Pqc29LsjNK6r4Jb3GeNgYFyrKpdxwfkAgcFqMF
solana,2Nz75nPTEkWCSA58esJPG6epmB9jZgCqoBp5fFKSfG3t
solana,KnJxX8FmFWiCqWYEEJWe7Y9z8k6edzEDkjpJWTkiEsN
solana,8Nun24jWFXsJj8ncSQYBKWuddim5jRczREnboyaS5vpY
solana,5fjmK3a69RW6E4CwUZvBrc8v9sua2UMkuEid3RV2jfk5
solana,9GvRXAZPAKuTVzgZbbLRaSJNnD84kPp6cHWg4pj3M8py
solana,BooNqNr3RzGavpnYpcgyY728dstDXLavAJ4KHB5nhwd2
solana,3Yq8qKq5RumXjrva2GvY6YGM5SKZHc7ctwipBACgiXeQ
solana,F9ET9BxTNjeQwcxFMBGziTpo5wjKAZdQ1KCHaFLBfu8c
solana,J3HacWWj9swJLbJ6qyjpvqt7FrffoGCaEcfK4LJvDYU8
solana,DGmRkW6Hfs2sQMsgLhM1VRgxkLEd2iAWAFfLYtEbFAwP
solana,6cUX37Ye3MaKd23fVqezSAVp8EcepvEZVSNV9Eb1Vq6q
solana,HSpiiHGuJTW4qufWcBKNatuwbfLpbKqdDk13ouaGhVu6
solana,Dqb8gA7Mnh1z87VzfdZUMTvoYo1ZbtrGEPcz4Dp5FU1v
solana,FV6TFs6gXhkQVUwkd3cWmySWMVEfqbxXnnFGSd6NGq1i
solana,9a49wpJ2iW6c8QqbTxCGQdUusTT87DrJWXYNYTiPFw1
solana,7mXof1VhjmhRYT5om8HMJ8TYKeRX2rf62PaVj2zpSy4d
solana,AmrJrXxkdx784fREgKKcsnwUo89ZgDr8LPMW9vGx4twD
solana,H8VFK2AyPKaSA8xuXFgPTEXa8LLDXZXvevqmqHLypfdd
solana,BwUgoHMdjiPXHHhiZxokVLd8hnbBDN8TuAeYMzCAAZaX
solana,5MnH1j9FRw6emxZkRvuwijBs7UqjEqCqfiA5yapnMYbB
solana,Fe7CJtk9pPcvxySc5boAzeH52ebVJxUJ11jgpmueDAMD
solana,Cnj4rdpVZEV7NhxEE7Dtreitu57qhSw6f4KuUbDfTPHc
solana,2dKqw1dvqzu8UD9tPptTLkeE4ELPhZeD4FsL3uPyVvzQ
solana,4FLMEuxabXNbVUJXa3benExzgraC171cyphLgveCmnjU
solana,8EGdJTKtNBTLz2e84ZGvQ5tZuncvRfeGwkUzBCe8KbqH
solana,AnQYunqByLz2gMCyTATptxARwZigkn64qhmfH7F7yBCJ
solana,9fG5kqnAyCgNurWDZoUn57yETdX5LuVh38Wp24J852Rv
solana,4qQmoKuiyBPjFqaoiWXLLfdSgvCr15xYzgUTGumE3oqR
solana,EJVZuV3W9SnnwRgA6fFQNssLr1obGPQDcnnvNxU72rDw
solana,6h6eH7yPdGs4Bq3dHsgW33SR2Z7igjjnfVXzvQLPkbUT
solana,3dwGXm3RL9Swvrdw6R5BHwvRMw7ckaR6SYWaGbAASF84
solana,CJrAhN48usJtBGu742nJ5m97kcB9d5pNcup4gzcyZqDn
solana,EAqNxZCbqdEzF1N75DLAwoRWNtfidKPLkGf9aUJHuAJQ
solana,A39NgmWW2GY6QBPxLaoJyrNiHLjGEuWi9wFuedvTpRs6
solana,nqGWKbtBnpW22HS1JRummBuV4SbiV73TwE3qXJrSsea
solana,DrNdgkCmN7DvpFCjV1ogfKjwSV1HRRxomV8pQH5cEQZC
solana,6qgMjNiQyaxyksH5edqTMPFvDyRfkym5z6QggMAoZwqx
solana,DnAYKtTZVUuEvdCD6YSVfPanwwodgoAxqHB4PRy5no9P
solana,HXjYXBKLT8HfA9ZeKcNE1gqG41rVbgB1bQH3CWqULNry
solana,7a7X9fwDmTBrvzCofkHAoCCuHnMk3LA4BtijaWKnNeXQ
solana,HuGcgqJSoyoVwr2ZX7YLDqKUu4awLnNcYETQyiPcX3Up
solana,GJPzGDQGdH4fRCSn1WhSTisb62yyKDmFQz8DUnPYvDxL
solana,GAvfairME3f8NjyRp8BqTZ3S2BNWdDKiyhS7JZQboJAW
solana,FZgTHvXXSGYrpiZFFqquyiBensqwafqAj5t1ZNFLhjr8
solana,AxzajPwg99KE7AXBqutoKKk7p1r8EC1pvajCNoHhcZz5
solana,H1M2sP6sXeMKUoEjG5yZ7TZoMMhekUkDdkFusd8Rpxu3
solana,DCHxvTgg93W3C4qResCitNfEmJmwj9QK97rL16eacxM2
solana,GyKUEMjkj9cM2WLYErWdRWDU3EhSWpRqaB3wXBPYreiX
solana,B62Yfyk14gRVhLU76giwjWte81o2o7nmtV3usdV5be4T
solana,7YyjdTc2ektE5zAwS3rQVoDszcmEWrBJgbjR6wHkbFX
solana,59iYwd1rbsaUqs4t8HuVP5kY5r7pikVZWmB8e78gmiBn
solana,9MbFwGa5SVJKf7WgyL6SBTSE9GjfZqN4yBuPnfxsCCBN
solana,Baajq3uLe26AyzmXnFgaFso1FVeDauCPH5ieWT5uN4y1
solana,GRT35BZioohFxLDxGCHX23eXnpGvoD8MLLqqT1cgS6tD
solana,BJx7Y6pxKnt9UU3VHdoFC915g8JCQwqduGgdFy7sodKZ
solana,GgJ5m8GFf8MFS9SJJouQbtmmhBSTBHywYn3r9uEj1NkW
solana,5Q78AAWjy5bgLS7UtVWMgyCH97g9RdioGNVjTzhxfxQy
solana,4em3HJwgM7Eunac2dZ4Mm3rweih27bETgqB2r7RveSHa
solana,853h4HcMFYxvAQ8TZX3r6RKwLDCfVRD5nDH8xZa4Lt5S
solana,CTzwzBPD1kZ8phnf63BfiXo19hVX2TN5sEYfuDMVmDaJ
solana,7hvcWkfL63ezqtptqVD2scRTng3T2Drs7cSaAk2Y23EQ
solana,C253v5SbqYv7cjV4hvtzXF4smKbEpR828mgvR6BGULv7
solana,CK1GAbfm1ta8jFbQsBiK4m7fvY25UerNJLp1chQaRCkb
solana,2NNFaXkGZCy3bvjFWWrX1jGDv9xQsxC1x5gBqUNwxwTV
solana,AH9E2ewo2Cdn76bTjF1uYafBc9MZ6xYznVvwqugj3DqC
solana,8MYmWBAiq1WgKgy7yLv2ybHJtE8zw5Q17ndq6tnHU23r
solana,GX5paiHwaRoS3g9ugZYe7LwRmXP7GFVmMzgZPdudCNzQ
solana,GdGKnaFQ3Xh77LeVWKqqDeZ2uk1wvkjJuSMpHyKRTmau
solana,3RdekUTxgPJ5K3Yx8LGw6GMtks3bQ6r1G754aKEAioRa
solana,DhDDdrWivbUmhJhh3rKj4JYppLUv8s3bYzGKN13iimtu
solana,CA5hnvxtzNssC62EUC63wdkTQssgmkPtf9ME5z7ogcZD
solana,dpSJJWHwwd1sjjSkfnLUeWbgkfpEQeEWedd9dRDLwEs
solana,H35Hnyh63CAoqxCFQUcqFaCYS7D5sWSgHrnwYej2nnHU
solana,EAdcJ7uB3ZZQfm6j6gWNa2rJWpdaJWfTcxc8EQKZhanw
solana,8AqM4gxRDz4j7v753qsRnXjz1W7Z7UvojeLA1wDPA3d9
solana,E3jN3C5f1muiK6vkwJ2NARjsB62Tn72w7VAjCNEf7hRB
solana,7Uz2w2XKZmxdJQz9oy8NqtKHKZYrYYkSB4LmwVL3n7GA
solana,8TUzdMeG25rgVQDiDeqeHDdxhv5w4BKUzSoJEn99fdos
solana,hFKWLeb67CL1QZPY4oYHiEr8xH9MxYLdGXdEs8acAEH
solana,Ek1aQ2Wq4K4EdRLn7Qb8KhyQFBXcdHKdFN6yBwt4F8ud
solana,7mRXAHF1zugafP53ePkTtLScvkMEcHG4aD1dWK154Eop
solana,Ep3N8DnfPjcU9BxSYNBx9gw2dAdk6vUWAThLEbz2HxQC
solana,4HwnGgcC5zgNNUGnyxMBkbVrFawMSMnP2TkEivDZnBr2
solana,9cP1MCgjAfunwktFDGdMUoiGXWDqtbTNzFzFmbCY3coy
solana,FDoAnUpiYQG4cNZHmraEhDGJFShnxm15GiXrWLDKQhCp
solana,8RcVrNvoU7FDUaYrSZ13qyWckKudcQ7UHUJq1RsvyCsn
solana,12pyyAFwLYhAZnhgHtKtdLoyhvMkiSsqHKQoJGxf3hWJ
solana,HCGmJAeSm7Xv6SWjRnA21oyE99SpZ25R6qUMMWq3So63
solana,E7F6jqPATk4tyeW85Mjm1UW2pTXHWviyiNwuXnPpJ6YY
solana,Ep6P9MD3QFBHuzC76hsj2JaZbCwuods2PW1uZnwp9dxJ
solana,p5nFyK6a1GqrKZ8aafjMEzu84mEq9RCpQ7SmRjYpb2u
solana,3FZfLJWMhWry5t5TA4ELhETmUTjcnRTmjBk5oKPcYF1S
solana,FBsbxyzJu74ZgtQm7pUqoi89ZG31Hj9EpdrQ1U1Nby4C
solana,DKUH9dQhAZEgYut4bfXGeXNrgtro5JuL71APzwCLZcPC
solana,Bm9rB6jkjuUu2pvovETLaxa8kW2TAYfegF7nFs4zKCyP
solana,J6FDpxAjaCFC3MSkYJv3GzyMWfoNdgcr6L9opKpQNJdz
solana,DrqPhWSFtFDkYvyqxKELGfEm5jA2wZF9iBuU17ebwUt5
solana,4b6LxNokVJCiEzRL7zSRfZE8HB6rMB6AMnqicgttngfr
solana,EYsXfHExT5dAnqHR98pgDeexrPuGsaVZVeUuxtPNZhuJ
solana,7jPU5GZGTPjF4S7fWrbtXRpLdM8gjrNgARqCBYk9duB6
solana,7tLqiUCj9VWaEbn2AMXnxJTYsFrAnSxpUFtrfrBqhFj2
solana,Zhy1QyLiVx6EArAmC5EARCvWByBL3jEZJcEpr2GMkqK
solana,8zXJ9zCED1KefCXJFQ7cKFZgXmPht5ZCBcQqVz5ab7Uj
solana,9FHP1pUdgtMRGe3eTkp5dd5EVRtvMnwgVETopTpwsxEQ
solana,3X52GwMgBkMqup3QTqDkvZ7jEi56eMeMEdm6Fx6jqjQe
solana,5hTRBiymYQrjpLYSLe3CALuZj47gosKwGBmbMqQDdCSn
solana,bnQfobr8467yCCR9pFXRpZYCiG6SKLBjv4QgdgNTjkF
solana,3v3tY3uvtX7HwDNQvXFTcQq43fEgDLLAChF9zK2bSkDC
solana,8QusbEhj46D9MjzfLnPq93gVEXmbcYedtRT5usZ9sDTC
solana,8x64QgGw9tLbvosNf5Nq8rNGa9kU9hKgippGsoGew3Qb
solana,4ZE5aN3kkoXMVQSynBDzPAERhYQgYXMCLr1qkyLQuzyL
solana,DzNsC5T34HnrF5MK4zEErBkgkhrxDg7vJeNTD3T5Mfor
solana,BmmQYKDr2FUW4jgQtpo2DB4yiUSNZt9RrY5wawScgeBU
solana,6ZrT7p4pg6ATKefNaka1upMYtuQfirAn6JYC4hAVEz8b
solana,3Qu33dgHPYiFLA2PuSGdppWJ4pjXQdeNespYgEWW9FJf
solana,5Hi7e8UG6ZUyhAnSFVHRa6jJmCjHvsTeD8xSwyeBSSXA
solana,CfxyTn2vP7XA2ErRY6v8PFPsBvzV3LZ3HVFUfXYQcYav
solana,CVGRJxtT2xy4u6x2exWcYinCFnsYeZdxSEGxVJ2uwBnT
solana,DTPPuytxxDJkkFMbcWhzoM9boJFsrbfnRK6rd86Jbi75
solana,EVBBp1namXJ1w5qvrSs2GdjBN6qp3hpPYMWbw2va5qB5
solana,DjDZ1W4fzgLiwJnYY8dC7ZGySc4jqWVFY9d8eXX1HRDg
solana,H5g75agbR5G9Dg8KQgWKXorvDWnmzut9EqbztyTXUFoz
solana,AgyCNGfwSQr2mXaW31q6hZoPbiird5NWSiJqx7MqvsPy
solana,3hCei5SfXss5WLf1faPsvXJ7GBKo2G8FXYX1i9LkoFLH
solana,6eqmKYs1AkechvML1qNhMyRorKSVCJK19NgVQLQgGo5x
solana,CErUA4sqFNEpBXYLQJLtMFXeKBYd5iqFcfDyAT7uLPs1
solana,Cj95mcpQ6pnWYAd2zQhzKwkDrq7FmScVR3BW5pzPS58G
solana,4vHHNpxeBAe9fk6WtjRFFzR4DBBz8zDsqdBZrrmhegVA
solana,EiWLGPDEAAKDiF6ifPdRBvd1SZim9vzzqAEvzhPDyftL
solana,D9UcBigsokYeHRYw2psWjiX1DoHeQ9gYpLSuQM8MDeY9
solana,AUcQoAqbAP9ZcQkNogDVgApGFguGakHcxmjdWcjKyg1Q
solana,7s1dhWLH2txHBz6MeifA4mDcckhoZymKLZuzUwHQV3K5
solana,5bHLPb9uVyFgD1cnQevZPBHxNeL2BFSXf6AoHphdGiLx
solana,3kkZTwSNvWB3v91wxtbybaqJMyh5ZoxwT73hPHoDivdF
solana,ZzkuNqW8bYiQSQjWKBCa5Ty7fHDhrmCPfhivuJf4RPp
solana,28m9sVoyXjCZqL1LpVR5RFV1H52SnkYhCHs82CBSaCdA
solana,6Bv2YA1chnYSuP6roVxAWV78thuoVhhkkrYh2PxYyLHi
solana,BsePAq1yx4q8CuxSgCUPttywoJnNfrF3Qh4byxDD5zVQ
solana,3V79sKRGm9Rm5qH836jGk8XpoFBCJMnz3i9Ed4V94ESP
solana,2oyYBuZkSFzMVVNpKnHyYC1jZS7qrFZvjxQnjGqy8N4L
solana,BjLi3rvFjZ9DWxFHNb2yQCWPh14T5aRxKmuG2GQCFZik
solana,cZa7R9mj3MejJd7jbHL83csvcsqD7yVELnPHdfsaBQj
solana,2tpQarALKCy2dNQLBxYA3T7zcmCmH5s6R565VFgnfYH8
solana,AZSz51Js7aMj6USrWJGwWAbzNFNY2ieV63fqeyLumqWL
solana,wPzw7r7TrT6Mcnq2596uajrgbt49tM6vHyzAYbnTwEa
solana,7C8bJuh2c1oHbZyoPjtk9mjthvGSWC7oYoHdFnggMbQq
solana,8MAgakEShcYd3TdLaNy65gJWFyeM4cUqia1qHGM1Z47N
solana,7C5E5qbYGuMwC2W8Qo9Qt8MVYm6TjptxZCcsqEYEnN8Q
solana,76gVpkAigscyzn6bHENaS6T9MrMEStiv54oENe2hxNs1
solana,GJyXPoPu7KFvNKnZikg9AiqFk9esVxJfNU9PJ1okm6Ke
solana,7NYxnU5tawJsx2bLBJDaqPu1KiA2Q2KQPyf1Efy7KYd2
solana,3J44MgAXDFUss5N3MgE8LGCsHmrzmuqLndS6dhMVgd2p
solana,GzPd4b3zFzz1nz3zjrFPpfyd6LY9bnAnQLDoETkdqyPu
solana,E9crXugmg69uS129mv68gQz9B32H9hrjNEykw4pASJJj
solana,8oCW93cTcEvVu8osycE92gGRvms5K9uxyyeuvAR7KASQ
solana,EoXAbzxP3qepern6uJ5JzQDrr6utkBmXLZ1NQQGSxAsG
solana,66iuaFymv7JugHNV4qdF9x71Ay2Aqk7jL42R5yRmJPr3
solana,6SrVwD9xtCvAi25KjTsxpmvxEbuhPXjYsW8KeMKVDzLZ
solana,3ARom6xbik1xafgM9MTinbhJ6qVvL5MTkDzZ9TXyYgRp
solana,BZ2Jnf2w78CNs9PRpSGjbyH7U5g8BESbqnNuu4R51tJs
solana,5RKssw5ynzn2K8dhnLfzcA6suPxikVqAMujam8AwJeTQ
solana,BjYsmvS6Vcp3Ei8KoTrzyZ6JGvzGR8jwCMwtjtUAekMD
solana,BeASwcSPyKAGQknYe5eyv1cAvYuDKBk3T1cz5dMKEaL1
solana,HJb2tYu2pvuM6ZiMAZ64VzYS4pfCgevu15DcZQYfqc6o
solana,97yHE43Z1gU33Mte1SxRjVFHe2JEgBUzrNgEbyxUH6Lk
solana,3kXoBVMB3H3pSLnWY99deaZrT4V3ZuqchZDBSiip5fm2
solana,qhW3TRTAp15eM1tkayNvGWzmjHwq23hiGSg3icvFjTj
solana,GjFkcZVemyuAmYPJDjpT4pZdxF5diniHsZah3wvMyBCa
solana,6V1FXmkeLZPynM9ALbFXGWJVXc7UgaNXiz8BS1yMCfxD
solana,AuC498w5KxxiV8mEWm4mpv7BaAPWSM1o4XE4ooweKNTW
solana,2EeWGZ2Z786hBZKBsyuC4jCvdFPgGtrzPE924fKYbiJG
solana,61NnAestfdSkdjCczMsTTHoyALN6tEXSUSmzdMsbmQeR
solana,Gkbh2bJ4NttY11ybEoY6RBVaTP9NyenvtFDFnndu4iaF
solana,3TbnUwnVmHDQCjZfyqtxbHCuc4MDX1G6jW6xLaNYsgwK
solana,6ypvQMZxKzbYDuzqnRHjvviqkSoop6zEd35Wfy5KArYd
solana,CggfT7pcJVg2e2UPQ6gxzbjiTjEYAhye5BRAg2Ped2co
solana,6fUC2RnRHPgKsVHczcb5USQrf4M9njU6HP3CZXmxkErX
solana,Hhh6bLaiPgo3qWwHJdmP5gu2JZfWquirJNdiTjFMchuc
solana,2rEZ99iSEW5cKTNrbA5UgxtFBtaqcRaNdA8Pid3yP3CW
solana,4iG225Vyo1zejR6bCahf1FVekN8kFRhB1rzF9krynpq7
solana,4xhDNp1uBvbipT9R3iM4ww1sSFpP1xNRavUt77aDk3zU
solana,9zxiEH6YUXVVSnJrq8NV4k3dX9DMzw1yC9MTwGuMvSko
solana,9nyCEs5La23ZZCHkUBrAQhZYefwiCigyt76V9fPHk2ok
solana,GEMxjHi52f2GsETzUYdoqVvUmkQrxRK9vdSTgComPEgc
solana,FF684RYEebKqjuv5GpcX5C9aBV72gPJBvrQgKaHWjXo1
solana,89Hig6wGPSb2VnKmrz6HWGB3tssPVZk6XVhpWBo6By8W
solana,62xzztghLyVn3AhT8nguzZXZTgkXSo349suBLsrYDvNC
solana,23SafUMofDviMsH8hAso3gBmiVkihaSjPSDbQGswzc1A
solana,D91DgujXrRg6ZdkUFK91E3CioTe3GNFEnRLNYhECPZ2L
solana,7uAVLjAB3gQ5oDRFUWfxr3uGQzAkDqByyLM2xSLwxsG7
solana,FBuTM1fRkcJRREjJTu8FAeWaVNV3rehS7UkKCmqNn6RP
solana,FfFCnxhRGzDNTiUos9V6meBFTWoQYCFHdiB1XA3d1GeH
solana,6iwWf1C57rUqE8oMLwrAKwAh9vQFb1PxXmSmGGwAQnhi
solana,H9CeyWUCxqbhyqDgu8xFdqumCRVErtzPMCc11ErTCTGS
solana,5VsTqmqaLWfm4mHaVF7eE4w35N53SvqW7fr36ddeGcqZ
solana,DjWektvwvecTm8wqaev1nuVMwHXMA28VGkcBPdj4dK9b
solana,71E2FJQLAj2xyva25BHt6Np7v95YiTH9WZyohozQvgN
solana,4QfnjsLFgWqxvEgJJeRe7zfwzTQwsT5LytPhFke8YoyP
solana,eVvboXYJKXQNYJvppLHHnLbNCGBFjSqitkFWcUQYiZE
solana,Au6G2G52PWS2Txf6dsfZ2LuZWzxHsghvWXRnwa3t3pZN
solana,ECW5cN9a5iKfzT7YZeeUiTc73o1xbdbSFPVyTyVDKUNG
solana,FoABf7MrSpBcX2gyZYbUAUroxYgnTnMg4qTHcvYLS1HN
solana,FSMYbPqqrjJgpoVE7iXqVsvdMbpdxhcjU7ZBPwBWSxhy
solana,Bcmo9T5rbZnpptDV1TeFkcRsg7Wcs8gRnrvHyFUxUWmW
solana,7dzpSPeR6jyhvTfSK3GuZeWT7WXqjkni5jaxZGgmAFFE
solana,6VKE9b4tpepaoEZAqJYKzPqs8VsWNSDTUdDEEmBMD5aw
solana,2bk1TyFU3NhpVkSmjHim9o49npfpUYGEZPvcQVmMvSY5
solana,9Yy85WaSWsz1BXXaMis4iSJ545ESMEzp2dRZyt5GZMq3
solana,GqY6r7ghVNKjDBpvfnNXe7Si8ART4mfAY8ueQteXuNpX
solana,2WgXJbu7Bj2wQpUJxEpY3VCZDZVK4mNs8xdM4AkDgfcA
solana,32pkA62LfsFcMGfegHTJwkDrJvnTUgnz8GfsHet7NCPr
solana,GWMPoAaa2vCeFWDk1h35xjBBSEHq1m3ez344Yod5nenc
solana,3nFY8nUxbRrbqXSfFVv6d7GZ7FXbaKto7tP2gD85HeSQ
solana,G9o1Q8gscVL8xj3DtGveegt4Gmv88mvFTtt8KRrhEcYQ
solana,38E1q553nQEqd9GGe5qT7EPkDzKfLZmTjtC6wKSXJQgv
solana,DfE6cKhuBH4wfBByTCqSQVcxHW2PqxexMnE3QQ5cfjJs
solana,351ZR4ktCTZ1Dk7H58c1iLEWYBUUzbkJ66XG9inAmfNX
solana,voDjYAkxEQ4LZ33A4vEFYcAA3TKcVuhcKeLHMWcadtZ
solana,EPY35kS5hrCnxSv1DWVzai3EznxWGbN1T5Tyb4xoUq4K
solana,BKdUZH7YYqsFYtE22bSj3vGgruVhYnApVA641WyJFtty
solana,8uyt7DCzGi6SkPHiE6LnGY3uUHzChHzV1BXaxo8hMDhd
solana,32PFbsxqYuR9BJvk5PXbrLU6Ev9bUCJ8fEEo7YjWb1qN
solana,GB5LBk2ywdr4ERUyAPoH2fWssmncRibKxfe1MT1XrJ8G
solana,2MonwvYh3xS6FT5xv2F13Sji9vm7f5w1wLe6hQdVgrER
solana,7F9hLQiCSJ6YdVkskZbVkDfs5jotipFNHvLYoEr13xnj
solana,FsVosvexQPJZPL81ejaCwTbbueMjQXjfGHQR4a4AvUko
solana,4JpPt8VSqHPL6tA8fvFkEs6q4a9qGrw4b5SECaKzsrYT
solana,EEJFzWbwnpMP8JXNC3Spyhnpei4NzZXjRcnkbeVAxdtJ
solana,DY7JYB5ATKJC3doWwh3YoWvsU6HK7J1rnFoBtx1coxZj
solana,J28QujrneaWFJoqN8Cci64RxZWNMKnMKikGYViR1oMph
solana,9VEpPyweMitLTS4LW22fFQGq1JkrV4MVVcXPMSvASnBd
solana,2Byg85LvrNzPTbriHg6ybfSrQJdZyz2YRRCPzfmzcQxj
solana,2YFmibGbvHhz3Ng9mNctBAW9Q7x97WFb5uY5bm2F45oG
solana,AHScWSYPyggRVGmRynDvwQAKHZt2CKT7EUKGQ1pkkCGh
solana,9CcFhVWepiz5akUcWQUAUZ4vpcp5VitkbLAyusd1NzbV
solana,CHWoYzAa2SxLcGsrnP1CZxqRjPTjFUu9w49Uxx9y4rmN
solana,CR78Jccu8Hm114nQMhvwJEDFo5StuhEBip7BT5Xj1S3q
solana,D7SyKJVoaXfeEkT8DPHfRq4SaUk5cwFfFgimZfZCHbRW
solana,7Sq5LqRZDSLzsTQ8iw9PJ3CKpMpFiAfmorWXinj2nNXJ
solana,HgUQBJTUzUV1bwb4B3CohNU5NizN56rdYNuA2P6KMFNF
solana,7jFYVSWZy3eLYB76qxKNEkLwZN16pXNdNAAPQCMfJfeR
solana,6TZ17BL2Tbs86A7kqtQ8v7DNRXnSK4tQ6D3YrGKfcucZ
solana,7AwQpSXLCjPohLwnxcpTDwTifccv4DHcfmjDwjvn7KZh
solana,EEqPWmAuVR9FMseCJimqBtcmQVLTesPWJfXE5nVZDgBi
solana,FT1h5jgACSNgZSky3SXW2dWTdJXaki9FJjHiaWJWDqFq
solana,24uhe7cn4gf1Ay4y2m819nJ4B47QFrYwZDdL3bsW4DhD
solana,D1eaoRuH9YQNaHbW5t5hJJWBConvRKXF1iJ91fAQvQ7m
solana,3QAKoAcaBGopcEhXoUB7FvsUuR7hHcXiDLFScpTx7w92
solana,5aChH1ip3gCUHaMRkDx8HEv9NCGm4Y8e3g3Z3ALMSr17
solana,4YdZ9tgyXsuSKqzU4fcVesh8R2hNF3F8Q51GsKmypj4g
solana,6RHcUL9pLNyZgXgvYfABvHP4MD2kru7VKU27nx3bQtyd
solana,D2PVHKNzHgbTEamExq2yEmQB731Q3ajCLx7RUfJNf5Rq
solana,76zs2AYYTjVkBZoRJMydAD6cmHy7W9YR5nhLzaPdFyGy
solana,BzA9nUnSBubraXqXg1DsAozFQw66MVF2B1B42Ua1kB9Z
solana,HT88Dtfr2BfQw3BaHUq6fp87285XvL6Tt4tohEHMK9Mn
solana,EXkhk8HbJC5BMJjLmd27EHv7NVD1Fvfj7M569vE9GWpp
solana,9JYZhXbouLtxEuatczmBPT4tjRuZFefX6UimuWXqmDV2
solana,C8wP9fGkLSGvDGaWB4RVioBpoieCy4zgNN15ZDsTuUKU
solana,3Sm355YY4YKrDFEYm4zMnd5zwjuLAJj7118EW5dpfqCh
solana,2xVEFWLoXnmfCqvA2nBQtwXZP7qtzogYFPPpxu7oS5yb
solana,HveH658zQhDfVzistps7xdWEpaRvyEKoK1wjPwr1KgvC
solana,44V8TMuGRZNAd6wpnU9fsaCZgLhm9fvfHwmpXc8aSZXt
solana,37EWynapGnzYhcmpyMxkMKrd891AA7tDRUE52aKC5Xtc
solana,3RMDErqKbJ29iZAwYK3hdESuqLShzhpj2c7GxTeAwUtg
solana,BjnPUc8AxZi6DK66WFsbwzdB4kBA3KRWep9ot6pFMRhs
solana,CYTmovRyqYi4vwnQNGLKMDdb118TzSdtifEMcBmNdRDj
solana,BmThZFyxvk5TeAEfbKva9NKyRwk1m7Fv8ZJKvjpkdwV4
solana,BmFpfJVAfPpbxdEgC3AT1d3vKFGLpGN6hZYnqMB8huRX
solana,3Cvb5C2KshWGcs566be5Zau227d4aeMZuukRna6KrYia
solana,6EDuzMKYwJ6Yk89hFF6sDqL9txHbmzmKyix3JAXPoKb3
solana,2kuDBQsUjQ7hxQSVciKCGS7fAuCn4YCcrQecVUA6VFqh
solana,2QRCTMWcxwLLxMX9aXqFpKm48Qf54PPQFvfF2XL9fPuh
solana,C8o9MaE27utuC6tcGfSCHF5qz2uzomnUKLnFALfSrPEg
solana,61P3kyf1eWU97BniisH2h8CeNyyZPWpgj3XyMFZLjQcD
solana,p4wJ5mKS2MPQNn48QgSJTQPkni6CrsqXnQR4ugrJh5x
solana,FSmDKVEetvzan87FNpAmkLwXwzCDTTPBNo6hw2irdseH
solana,5QgFRA7HcBDurL8JAiPf5cBgrMUcKukzPQRYstnY1Y3Z
solana,A2xXbExDHRVsjzxF8YcTtZaJJHYpZ6SvVh3SurFSiHGn
solana,CXmaAZESgNnguGa2t6ZzM4gm3yRg1N69abXpAHhCDs6Q
solana,511KwnRf78p1jMRcs6v23e3KM972tUgfSVVLw9EAXbtM
solana,4ZfG3736PrFgkCQPqjKFHJ6AS7MJt1x3vT7TRkrdMxNM
solana,AWLatC7yViao5Tj9WDMaA8x9v1Po7NAE4aX7CEf1qAmb
solana,4WoAhPaNwDNQjYnahSZafFyiCoZCm8iqCLU2qxNyxft4
solana,EaFpF87x8HJJcMywmEkUxukyNkdXAThjesPsLwmJbWAh
solana,CoZK4p7hH4e8h8beDhVVkhfppWNmzeBHKA3681bvnn34
solana,BSu2Sg5xuWFEF1KsgKLd3qh25wS8ykK8Fn1Uv3B4pxMh
solana,CGdMMpZte5oLQstb8s1GysShVLQ9vGEDUEYdkXGsHodq
solana,BjdCH7SmYSiG3pcJSzdUe4AtCfMvMSZ6E3G96B2pbY8x
solana,AbBBVNwxjiQ1ZRGJtUdHDQcfZFx6K5TVqmjN7UVvrvJ2
solana,3KGbVao9ndWx61mwe2GMJWoqa8P8H1YrDRuYUeQTWuoh
solana,Hswd5JtzLtuMo2sqDCTV8jkVGdyNoBcSvd348PEz1Udn
solana,9C9bxrGDvxYBn3FTziyKSFHyWvCYATFSAgdLHbyqM246
solana,HEEdF4Zxmf1ABkRPqnHWmoNCBk1MbxYNhfnMJNjhxXJS
solana,2WK2QKJVDzTGvBGgAJ9kmKECpCQcbV2QTGTN97DVGVtJ
solana,5tgk91kUoKSKx6FH8Hw5b9xJzkCQm8QBkQRD2VDCVYNE
solana,8uBBBB8QgzGsPuismhLvFhWYukJNCa9tUeQPbKuF2XAv
solana,DRcpJDCKLfLhZeDE3m7B4DcCr2T8eLcb7xBo1ie2t1QG
solana,4y7286SZNJ7FTJRtg5wuBt6sKhHZGxVaNGYoZBb1FtYj
solana,B74Phb7mAFRgneAq4x5MRVv6ipmmK1rwEbeuDurGLJXA
solana,5GSNYtB7ZQbaAbXYVNPBhtUxqvi8AAcX668zoetNK6RW
solana,8LCb5Un9sQ8CYv29R19qMvsS2zNTM2RRcTjZtuB1FDXH
solana,ADsSK6CpKRRNAymhk8xh4faVCXeA6XvZx1xcTJoiV1BM
solana,45gbxkTEQsfeBBBjJgeRcJmBbXZsxt7QW3C7NTeumgru
solana,APQEWKtxE9msS7iBZxdTnNj7NxEHwGzqjqqg4R6qa787
solana,4VmC34UZsHoQfiWp25edPUcKw8tq9X7bP98E16CqeasA
solana,huehSWxndc4QcCmdbAoMfjfGMkCFr8pKR1yqeFShpe6
solana,Hoh3dsPkqqQRhWzpc94AjqTqTxd4hsKqG4cMu7r1ewvS
solana,3cA8xipu8airD677M1QmFowRnnL7Ev8wi3o31d9NFphq
solana,HHnv1tJ3p99VrC7ZiM9rfQ4pDwZLGLyRgYcqXJdB15Xq
solana,71Trunu4pfhHBJ9JKmn61xdp4wDeNv6ePRr225UeNVHF
solana,q6zkPh6fHPvXZ5ocESx3qkpWXhLGnogjZG1G3gShqCq
solana,FSr8XZxHBgns28S4bog2YBPLwn4erhb9xJMDDjoqYzQY
solana,9mm1j5TubMXXzq8Rim4ojmEK32symwoDwVoKvrgC2TvY
solana,GKahkP4ywBsx7aYBeBKJY8iU98SMHQuxTb3vQVm8RWB1
solana,A3EkDx9hRqPj8NDSqCa4YD9xktBDW2d7DTh2SLALpXVb
solana,A7qn58B4txeX2xgKFbzYR3ad8k7SH9p2H9dzB7S1rDpe
solana,FXdSEDjQ2meQcEbCW2oSQ9qRsV8WD4doauRXDt51rjgg
solana,4GmZnfQHew9U9MCePLwimHo6NYaWqBSj6iey1NoS1Eo8
solana,AGT9buvNksXP8k8RNte1HkWC1BQ5YoyPNxVWFeev1EUs
solana,2ASHRUEvUL86ZLvgUTWXKdVC8QmNCphmEvYLuHktCPZg
solana,5nPXVesQwhid7gPytt7U5pJV6J4A4SVWmLP6UvBFmeqB
solana,FtqN3vSKHsbrJx8LUcEnmjfdTBFBLbRuc4uhkpLNp52v
solana,4S5pLFWg4MWVjEha3g7hf8h5te3Y5mggoWm7viAXEran
solana,6JbrMNMXiQMwbc3VZjULHnvTE9m1i4Y9UUVn3GJFQqxR
solana,AHakzrS7ivbtt2yWGZAvBUzC5bhCFMo83bANM4Ahz2Ly
solana,DnTKK2bBz979SzZ3n8AtU46o1jpw2TQ8nwSHw6cRf1Da
solana,AGmnYUbERCE7Y5w9dkRBB3YnicygE59pA2QeCMJa1mE6
solana,59nVmafpp2mzPpoumNsmk4KvpvEDTyAWcNurg88ZHwuW
solana,E1iKrtjdbSifoKHbhSZJvpZhU3YjWWg9JmrFKN13e7xe
solana,FjUJKf3uYTzQVmGiCzVGFVzdyLFKjUVMAMyGNhjUnX3p
solana,4dy7tfDgbvM5L6cFmpPHybqVsKhoRoDq3njivwjmUEZi
solana,2VfUUqiPSXmDabmeDHcKxmWpUVGiNwv9wwRBRDc1VQCX
solana,8m73i5hNknBDYXVSz71d79KqUVmWMiAhru4AQvnHXta6
solana,GsFFXPGgwEpN5dzRfzRxZMLQU3qrph1crJKfr36hVX8h
solana,EboXXLibPamHebjfBsFFHPu71fD5UFWubno2skN5L1Sk
solana,6UnaZ1rSKm5cVsap2uo1xHagyBodKRTi1FiCvdwnqv5a
solana,882t8Fu2fiwqKUuFCmLgBgNUAVSRd3WoxjguoQHvDNF6
solana,CM5uKeKKtRPYprR9t4HDjtL9wmPuSQ31F7emZrwtefVf
solana,8NaYAVKDQPDGkNpLLKcPdp37yW3whf6rcQCNX66cKjak
solana,HrAhW1GAJH2jLhmiGZu8YtRQyx7NfYuEAb1MNPAeMzmG
solana,47r6Rps423fDJAcaetHEhUZD5R27ZamPVemz9yY8kBBx
solana,6D1F2r956JUQoZENNbpQGwH3wRtLZJaeMNLDknPza6Y1
solana,8suVZGB1URQFetcTTnsq7yjxy8Dd66ac6Gd9vT5J7hGn
solana,HrQFpTKmp3FArcThLmALd4rTavxDQp1UbDs2xdRHoFq5
solana,EQdcfvBrcDoi3G3ExgAWQpgRwgSKRhaGf1dto5jK6YTE
solana,FdJX8WQX4iBD12QBBCyDY7buiiyAVVovVQxyqpgjpYuM
solana,3yyuM1qp1uPp55DLLeD5qnmaLHufddkEyebmACTnegsp
solana,HLZkARPqJuGesYe8cx25CkHm9r7UX29LbH29ybnt4fiz
solana,2frGSxDMKPzEVwiUVCu4irtEJwux9G93Aq6BdAK8zydf
solana,63ipUqqTTHzdDqFpmUoaQr2i6X3CHcRxkj9ZpLAdDuJp
solana,Es6CGBkuy7skgXA6Td35EGCmbN89gfwJ1F5eUw4jFBVk
solana,Hsd4LLzfhcHJkj8qqCYvMWKW1L1ERFE8fV3ZV9UzvSzh
solana,Cq25wuvxVnkayKM8Ch6gWbhoyKxiet2NUc75xgU8Wr2c
solana,7YrQBadipH2LXRSuZa6MgoqqL5CVmAKW2RR8cBfXmroc
solana,3ksdMfgMPxeaSJ6jAMyEJsBK1R3YGRDWzrDzWbDot2iu
solana,BUSBNDuPkFYo6be3HywjyFrj4eufwBpS1EZPxVebYrE7
solana,9mXSrshDLCQdjRDrH7Qdn1kMr3HN299px9cNaNSKrbjH
solana,DHkhZqfWFAtG5xKf3Zjiy8uzzEWsyjtHcfupNXQuhHtW
solana,6YkFfQGzxA8UdnUA8bte2geocTJ2oddmLmFLYeCBuoAC
solana,BJoSmhKxNYk1YZXrWti6ohfBZyFuZmQU4D3mhuCpzs5
solana,CrCuWjk8wxshsx5ws4NC3ZgtwjxA8gZR7rKnK1MVmvy7
solana,3tj7DJFghQvPG7bqJRq1AZxebaaBVkTvPbq7HJ9LznsD
solana,7uC1wMyb2bcs23SWJaorPZ47uKrGKMMc9opLsgBFrdai
solana,2K4bFirVzDPGeAP1ohV4WsS66nAoZR7HUyq1NetayRCR
solana,Hvi8D5gNbSzpAbYHHya1TcGfd1YFAkPPbJeQ2J4cxf52
solana,uv7LbdCh5Xqd91Cx9fKuQfFg8H9qL7Xs4kSkSi6MEqb
solana,8i2bbm1sJAnZyABxw9eSE9Mm6pDTSHPykP18VsLVZpWC
solana,4VkrdQ4AcpkHhfa9yB2hQdsB32ZNQr1mjgCLCuFtp8VF
solana,CwPwKWqSf8mCGQRUWyCtA3x9UryHhM61SzGy8unwYVwS
solana,4S82CxYLZKSanG9wskNNtGDVn6eKyb6ZU9BkxKG6ie1u
solana,G6A5ZuMadeooPtQ3xKmyEwYuAVSmc7qErJDJmNvikqXC
solana,AZ6DfMjQUMPFPYxyZ1XonHKoQPinh8tSPsvZUaDyQUEf
solana,2TqZYZcHadG1J74Wja6bFekg8aVFryeZ7aAwgMD8v1sP
solana,GKjFMzNw5i6oJ3pmotwKpsWn1n7YzqbFQ6RbJcBqo6DN
solana,Cq3xNwpuPh6zCNUDrWCfb9VYhW9taZai2nvXuNnqXeuF
solana,7LfXK7LFVXXZdQ1jgCwzdHSyckD9guZwKPXMUTZPhvCK
solana,EwyZcsqeAS85t6EMeqkxwV3tRuJhdtFPd4pX8crV6vFS
solana,Az6P8jNr646ynWo2uei5BUPoTKmKBKuo58Me5t58Uxjg
solana,C9qSeWxh5Z8WfesUTt9hkNAgQwiNtkBbiMpL5foSSZdi
solana,2UZ7Uo87ASkfqZuiBL1K4zucXJNnQAWaprrTpVd6uxYx
solana,3veAxktmG8HoyncDRygerxmur7J661AkKYQqCQhRBTUs
solana,FTKnf8M6w6y7uDSVzKT43AbZWC1BQrohjLRXZqAbzTK9
solana,BdotBdmbsvn5zAyJCEpYuxHiJ68LKLsjgsQsHVKhBvNW
solana,9AbY3c3pciUsi6aLkvHzBNavuwkhpi643QCBfRjQZowk
solana,C4Wcaa1Gk3FnUpRg9S8qiopy8iGcvv7cAtjstFEtQCp2
solana,4buZg5ub32QpuBBFDNn1CB2NWnZP9f3m4WDfGUhXBGMz
solana,3hiLm2xKvM3AnnucupNskLxXCSLdxQJovPiqyzmqToa5
solana,2QC8UQoc5ryj8LpqhLBj1c39zuHtkRD5QNDQczTzNGkc
solana,7dTQvDvcxwJfyqfy9BjyV3ryvGr5zYyhwdWWt9AFpwdr
solana,8GJ5715WAFuCcWtTd2yrQan4hmHj1qLvH4VU4B4b268M
solana,8jwNSxYY8nV6FiYuYji69Czjv8oZRaHPE6aDA5hXNiLG
solana,EeJyzJLVQm96hjBwU9vsSTBYdvPCaJJSEiYGZaNEMSdB
solana,CGtyNH235LTH124nJoat3hgYdR7veEUMh8Big6iNgZDU
solana,HyZQXvk22yEAZ9awT9uomnrHr6WUiBPXcPicgEZT1fev
solana,4hXAcxWbJXFtQAxVHYzRbowdBtSwrGSjQsT41MFkg7hA
solana,3himYLqcE3VA3x5CdSP59151W5BwzJKDTqDh9pPuhoZJ
solana,96AYzpaAobeB925MMJm7X5AYk6aGJjKwS2MwGFYyjFYt
solana,Gt7pF1TedeNwg2xZiGGhQGKeivEMRrenxccLpiwcjkgR
solana,29T3yX96zk1gcPykzgP9T7Nu2rEypBrDemCGBv5HzCgb
solana,D3EQPgHxPAuqVuj2YPBnSxysXnmogH2jjMTBszXMrXe
solana,8WgiJckHzxGhv6WytjJaqV94sAcAqHAroVMRSgr6rsZp
solana,GdnYH6XYm4huFnMhmv564MekvTax7Uhum9XAXMQ3EZBb
solana,EZPYc5EfUnUpkyVw9M34ghM6HtBVbJndVjGLbi96DGUV
solana,7qwSmRfHi9o78UMWNAPUJnG6h7PbKcmUJsvVYG6uq7Ft
solana,DQ1oZTUCvs3MPxL4LdofxK9a7WrRY2Lh9Tkidq3ykAPY
solana,HuXe5Ddje5qLtLM3wY5ReYeGza5r2aEdwBLkCv97cMnf
solana,BPzchSJNRKCKq4JxZ6PJVsT83g8ZemHQgX7YhwDA1J87
solana,AV3EeKDhUeprh6aUfbXmUZ5XHAx2b8Rx18zzVE7wY12u
solana,CeEPSCRs1mdgvnrWJQzts8mh9D5vRgXBorWuStXQotja
solana,GxRHr5NGZpyjLdKzjjDCep7NMo44UV88nmH7wxUGAy9a
solana,3qDrF3HEhbiX9RBpy83DtqnxJ3gVJ4ySqRBBjUNuyoxK
solana,AkKpDsdcX2EoTzf5wRBLLqEUjNYvYHdSyEWqcTVzdUb9
solana,FLkjxsfhHCfcJdfYjuXdsngLtbvKTtvQEqJwWsPM3mvY
solana,9xqvPFZ15VMToWwTQuN38WJdYJSmzab3TcnddDfScHhV
solana,9eid2yWE9UdnPh6yVMG6hkHGb6nSfn4QqMPzRpv3u6D1
solana,BrQEJuzsXNEr8ZhmKT2jzSCkgdPVT6KfopRC58mRU3Zk
solana,B5irPSgPQ3EL17g1uRk9WgzWb6swc38w2y1AEJCNzo7A
solana,9UxZZcf2zTMn2JxT2vYrwjV1Lp1qnBhJPLvdpKoyWAvh
solana,GxG1kUyTz5pqri9zY59uiXo7yyX5nCY334gVQ8HRdsxS
solana,9XDLouneak917a68fxnrMnyjYEqpgJ4YXdTkYjnees1v
solana,HP2famATsDmE1qaQxrqS6GdRvn7EBHMkrZUZbzYwecH3
solana,7crpPMxuVpwR7Diu8hJsi7y5RbH3gM8xEk6GZyGsgrS4
solana,3nHL1tGPDb4Rr8r74tkdoBBzxnibseGa63s9u2whpPTM
solana,3Bk8MEZSVtp1yxFH9jFvnZRxkDEaQK42yeb7bZ1Dwiqp
solana,EEcXdLo249KFnSCfsAABazPs3rDkAKB9erUXg3854vnc
solana,JDGqzb9cePfBZNZEQ21gyj3wkNGGdSZG6kXuTK56CMeS
solana,HLYNRBwCE2HXg6AcmoN1b9tFkHgWMPTCK2i5GkrNx77B
solana,2dsiUBrrCSSnwDn2WSN7oZe2SEewXtLfyUqCoyGLBjyX
solana,6VpHth5BBNiUaYEaMm3zpoWENHq34Mex9Dfu2z3qgdaE
solana,AkvWRFfAfoJB4kXX4h9EoFZWrjSDnr6A3yG25PAUmZ5d
solana,AEhqUeWFFZGumHeQZZ8cCEVoryyX1bP8Zsa9VReVw2se
solana,8ckB7QzZEBQqNxGLh3dZ72VZ8tryRnFPVzH99gQfPUsk
solana,25qDUY9qv2SsXwNtHhhgGqaWuaqjZbcRrNinKezqkSAy
solana,GHwDMzkMaSb8hYSrjpHbwm242JfuM1b2e7cLz4hHSzYH
solana,5NayDM6M6NDQmFUYSppQPrvda1Tn2nuVzudMw146TdR3
solana,7njTQqUeQtwk4upXaaC5hSXR75EnKsBGYFLXpL2MwU7y
solana,7KxagBEgAXcmfCuLYHAQ8fKqGqcnntw3aCJnuf3KKXps
solana,G1GAkUyLkKSVdN4r6es9pZRwtckSTEFmu8sjmMTR1m6G
solana,76gbqXUyFuSCG1SNYrG8K1oCw5XEQfKH3Q1K2BmyxuRr
solana,7BuJ5Fx9MuGUBQ7upnvjDsewuiJK3j1hLEKuA8U2smru
solana,5jEEnniWHAfGFmYebCi2Ss9ApviBtz4JzNU5soyGM28L
solana,Dq2wTWFdudWTC3XitTvJNsrUacnUWMuXoZ14cPDbLjMc
solana,4dBHTNwYpRTnCgkTbcfoFKcUvF7GpQAnRsJvuTp7F3jj
solana,EPavwbs7T1iE72bb1T443CfkE6XSjD5xsC6TAQ8zfFkQ
solana,GfHfVi6jiXyGXUyCmAQUJWas8YG4CXDC38RZMajL6tb2
solana,6J4rQC5ZVh2dhJ2BLzzZikYgidB44bJnL46RWLcebfmW
solana,BarS831P5x16BcR4Fg6vkz7EmNcEXmZyyjvHdpMgYKCM
solana,xM6bNr4HRvTxc92D5XZBqws9rYXtSzMkkkNCdXCecSC
solana,AKRZFhHf7V4LyzCY4B1kB2SQW5vpDkgZs9jua3Bk55VY
solana,AmbsT9s6cgGijbNaXFpNYcbLu2GKHsy6N68CwvzT8Koq
solana,78Pq6LfUMPP8QPb8Jv2K7YtigR2FtHJ4MfbPGn1sL8gE
solana,8KLJsMhKxLaHYJaD6UynqNEkFbeeG3EX6eHgGJJe7ZmB
solana,EM89WJiBCFwcmRNdbK6pagRMTF1HMYWQoAt5qa6gmXJu
solana,7mHDPzz4LE2KcKfUi8eQDsWYs5yaARKXvn6LvTJ6Byj3
solana,2r7KYWJhPtcPAGQKuEr1iyQWEt9iuMC8rYS7wBBSCmyF
solana,CVQauzf74CRKQ8r8fKsiLyLduoy9d8qCg9JR8WoJdWxL
solana,Adghx3JQsNM84HWRmSwKhwo5ycXwPg1SXb8ePu4kiXMQ
solana,9hwLqBz1TYGhFCrAB57E9cUZkBdegRJzJFeqhsQwDn2k
solana,CVJKKukmUMitbno8XXs2wXG8jviAoQo3dVuZMJ7AJbhd
solana,48SKxokCcgHHk5kAnFEWjZ7gobQwYPiHCW23LGBxUNih
solana,2jjmSZDvPhjdtBedwcc9J5J1peed8ePSZ1xno6R4oiL1
solana,5ABqRXcMzgN2JNFvoXAwyAn5DQYmkN5D9szHqNaoPJkc
solana,Bow59W7CSUmy2dpKeFcZzzfkRQBwkaKzgLfGJptoJmK2
solana,595uehRakA9ZjjNS1xhUGpTBG6x1jbqw62xCegdFUjBv
solana,54faCg95DZPeSVnLxbafSx4HypMW8epZaLvUjzELhEFN
solana,ETSVSmjt36koeKMnvc3eGp9QXE432mhqeBbDNvZbhECc
solana,F1Xz7t7ByA8K7dryvht9KFEjvNgPjUx7j8aSy6tcSciM
solana,GJw9AjtNVUTh9DQCFRWAUVTLKWr8yYvou442jMETd4Sg
solana,CZ94M1qbJEnjeLrULUocR7LFE2qRyQbnXbbrnR6TKeMd
solana,B9N86skH1W56hMbZX9QFz6nJ75wwQYiysvjUkn7PYwJm
solana,529USfzWgibAzFVWxCjAL5wPUurs5Di22da2nS4a4Kvd
solana,CYDrPUvXLQfc4b3FXu7n1XAxkWbqSPQ7bjaGTZwx6WBh
solana,7XnC4CfQTNEUuVjadBHvXCUKEskG9cFfaE38GmVENBdh
solana,8pKbhNvAs7xS5M8bdUf2i6mcmBRuWWpTXczTYZE3NzmH
solana,3QLDidV4GxwUshwWzrVPNusM1ohbeKeExyS4zcjAYxEk
solana,BS7qsJ4wCLThjzMG7PdmL77wCix3wrnSE18aF8kpdBtS
solana,NDPSPjmhU1N3qBE2hmRX9GS9ciRGYTSHZVqbUNRwn6j
solana,8eeAvVMEfKi9FCqmWexsYz4XdJQRfY8NSvn3uaSDfqpz
solana,AeHnGFQnt8kWXcra9nDZMjBnWtmTe3K9o4g1Yk4tHcts
solana,2SRV1arNawhnMy8hWs79L1swzy69ntZb3H8qNicgQbq4
solana,BSDR2MYkUekohiV7BQFuoih1SHrtnvcvyw6HkkifHQmW
solana,9ZytPdQothTRQw8Yembi3StFLT9LhDPwy8Gq57LDBML5
solana,28ih7dJ17n8ga6GqiyYehhokVaZVPqJUVJ66BMc5oGwX
solana,FgKwA6ihpMCK5m2BP5LzFGriJqDMG1oWkmGMgkz7fGWP
solana,M8Bytvfn6TjjEU22eoaikfSJTwK6s7aAErynvsUdTmr
solana,9R1bqgjLjYK9anyqp72Q5dUMb51YuaaBwY4t2jqMjs1p
solana,4JXmL8iYrEZMtzTn7yXuLhskZ1TPVS2PSaErP1cmSrTh
solana,7gToLP1x3hMTLegw9uKcKztT3stB7wyf2oqYBj3PtTK9
solana,38iY7khbJFEnojFpWTeX1cT7uKBvRdYd4fSXDHrnaS28
solana,EyEUzVyntMiY24XdQmVAA7nab3tRLgFL4j1o9XX2NNC8
solana,D5Ayb4w4RVh43242Rp9z3S9H7hxaTzckBmYDp3uHfhiP
solana,BwQxZZeLo6tRGAGNFJbvUNnvafKwjQWiJAmpUzfy1MbH
solana,8qT3AKxT8k2Y9uwv8u9RhFCxUEur2G9zEjEJFW5DLcwb
solana,Gq3UNBccM8kfb6sCAEdyGH4aAAwry5c5xDAQWEScPm7N
solana,7RQ1Bd3mXMEsPJTpmMftZf5Ht2pGZpyuwSqvvepvVi4w
solana,8FiNduotWFyVF5zYB5fapL8YaeDPg3qQYJL2K9SyAxBh
solana,8wvfqaG3agWDKLVHvMuHa5BfUTZauyoCporreGdqkPsC
solana,2gKukK6dqnKkZVhetVLNtQ1FkV6Miahpmw2sJmMyPtua
solana,HTLjwZfFxavKYTtyFr1ChsZEuSgstiBWaDVmi3seceMs
solana,789EpmgRUSjJwhPf1K8vhPSqkbcFwggstzBAiYNq9cFR
solana,2ZcrR17PZ2X1i3x8Q7AKFAY3UWhTeDqRYpFT4hVfDWsb
solana,2hmtWPLaZbxuDgoaNXNn3BV4G368mdWJV459sLihw7KV
solana,J9v8L9HmvjfwCUe9Q2a9jU56mZwxwrrySHLeQ3BRbkbS
solana,9Hna2Wmson1SG96KW3UPcPvuAGxKWXWR7jjmn5PzvQAm
solana,2MjXiQPjL83SZaeiKxtSEBV6TvX8Ln1AEX2f6AER18eh
solana,8ppNemsfAkbf3xfn3HwDBNy9qXzhv4FDEa7GvGHJKrF7
solana,9CzTYbUvEzKy8hNr9daV1RcsF4i7C7Xb1mTMPtyPWXHZ
solana,6g81mpYWVz5qMExRXcEkLj5Haqfo9nwi3pEMDNYg2B49
solana,ApLMabt9M6XXu7wE73UAFa3FoWhAe7PwPSgSasMQjt9Z
solana,EFRmTkDrsnSQfJCffSsqhAq1fUE8pvGpm2G4nfXSXre3
solana,71Zq2XHw6Lxie47u98QbCTGWrK6ri3fngjnb5BGKrm5Z
solana,EMLNXhcgsSsaT3WbKve2NXjQ61awrbc1s9FRCFeA2S7Y
solana,5FWrFQoW9XNhWZpFoTqifAXxjdKPS8QcSdUAqVhxVmbb
solana,J5pHLKmym1Vx9P5UPTUK51bcVwqG9zLoGmeQ9H4cPr1V
solana,DG1Gram1UeAJTn7MtjWJ18ecmWbVkZj7UJhYFkVMEnma
solana,xR1WtvWCFoxKT4odBELoAkGykZAyovHqsRdVZuygfw1
solana,23JVjtnQGHms6xps5xwksfHmHm9YBdogMJu3xbeBfCte
solana,7WYcJMv4WJ9gXutzx9LtXYeBxgj4AGSjWkb5anpQrfC2
solana,EwFq78LTivXCk25Lni9LDrER1iF99z8kfQANnKEbHHFZ
solana,AvbjjnirjPu83r7REQW5NHc8jaSLiZtnBn56JeK8Z41R
solana,JCSLdvZtmCbW3PXch5MeZy1W1j5iEFhS7NdE514mLSNL
solana,5UYg2JFMZMHURLke3qH2TgE9vY7hw8zsEGaT3UFSAS8g
solana,FXxTHEsjjvAsxbErNm8nfZxzU4P5gdSLKPtVhaE6UoDK
solana,HBSy3dkypB7vzitc5QzSPAiin84GL3rJpJQ18JNcZFXm
solana,8Ei45zHFejn55Qjv2PmSaduqzsfyN8EE756an8X586P6
solana,BRQqqi5mb3i7mdGfdPqzpunSu9v3Xt2tJdBFZ55Z8FcT
solana,uXCCNZJZCkMCmp4ANQruwcTAQeL4CDVttJWhiNbCaWo
solana,7pgCe4QnRyDD6ingRL99MUGdedWmPr7H8t7WXTftf9rg
solana,TLMTtdvyyvYeQ9om3pYMe6ZZuB6ZZcSHuP22NF1DfRt
solana,5TG3P1RmmzJUDLwaDF3e2QKLhNmX8aUGSDkfp3gjnMmz
solana,67JjYaRiCV9MBNNM5yMiysvZ35bNEZEiiv2N3rRg55Ut
solana,EaNQ8YPy9iLCqmrXuWwjKWmhUD1ymoVvkHwg6NPyUdZ9
solana,AEAka9rHq8VCrwNrxuKKaSJHzNnmrGVc441iA5VGYrtm
solana,9xC7oM8ymAVtEqgcAzAU8GYoCaLze7vXf8zGiHFGaVJf
solana,2FmaqdSHMws2ro9mtXSEzBy8tAoXi1S2n7taJAyqZ8zN
solana,2YWDwmBZRBBQkHutyCXfNRZV4CG9nKGzX35GGk5NK4eZ
solana,AhmaBzygFgFLV3T9MLuHGjGcG2er1Bgw8UWP1yoKHVGB
solana,CHY3qnaMuTDsvTDxFHzp9tWSZtJTBwX91UF5sJD6o9K9
solana,9fJmXhKMdew6iURzvCUKDQQzdkxWvKNBrSgMrLXSmypp
solana,6rnDsfAhcs8oV1Jk62Ec1ML3EvZPfanDE2Rx8ccwg35L
solana,EeUQaG7AWz4G3i8oobQmGZnZJxWggueZQ3MGdNgXHnyW
solana,7S4coox1RsJzZNLCDzivS1z4HBJbNrsBnfM84RjYDEV3
solana,62wKTDYKaevuuZYRRdzJZTGNfFd5ktVu6a9mp9Ub7YSL
solana,9hMazg1Dps8nkqLTtdpgCG6K1uDvvJLHvGNcYNkkaf3e
solana,81Mugn2NgZpKg7wjPPUujHB7CZX1p8jEDnJ9ii1vKZhd
solana,7R7D8MYZX48aQTRRKNB8ABCnTmLkUnDiUDi2mz3G8Jks
solana,AfyvCWAjRutRmZ3GSNLS1HH2c33CngS3K8zVeBWuXm7y
solana,HqwUCHBN56rQWEJh7zYPEhERcfWZdNtRR3EYxkwV4EQ1
solana,CR1ncMjJyasryxmAf6EhbwFs1HR917UZCb78zBJgDWTY
solana,4LDrTURAcqnT9vgyqbCaCBnjkJB8HpoJpvS4iDJVZx2v
solana,7Ht4T1QqjsXCCKJDQ2SYqJ6ddRybEKsWte36qg6Cmxwt
solana,xV1R1Yhg1Qk5z4vxwKYC5Cs8QdhLNyJZfEhi7iZa4bf
solana,BVGtqtmseHsFetVZVfuxK45TQmtk1Umodnw1VqdLMU7U
solana,HZTsTfsHf1qAhWRGRrJX3uBMDfHL6PsjLRdYueUcQKkN
solana,3usyEn8i6T4qQiBR4Z5ech7d3mbzz1sRcRmLrRPrCMX1
solana,8BacxtHHLE9pvC64zxvrhuND2fA1asxwmJX7gX2daT1X
solana,oqzcASECRnkA9nneM6L9UNEBfnJZVgUYgCDbnPnHUTX
solana,T1MchhkrMwni6jMaVmnABki2VqDnAi3fVEepr6VWUJh
solana,ERhSxqwNG8GDgCZY8LkHVVR7zA3Jqoy5QFGsLPLTqWHG
solana,GcB3353vnFVu1LMkFNheAHdrkJrGarnA1pZBC6kCapsV
solana,FgNLX6axvTBQjqVMNumskXwPxgfebYWYuq2da3qZZNUG
solana,Bi9eVxmj3sPcpM4DnHM53yUfdHpyHx5ejsJna1K2p9A
solana,GEULsLrVXFC2y5LJZPsN5ocxrs8xhV26XM9AYXJjCB4u
solana,7RbhkJi4nCxA3KAonhJpN7TqneQbeToWHuyy3uBvgf7k
solana,AYsEhqxNcTGPahfVCBULe39XLi1WwbxHvrpoKX8wa7Le
solana,7KmHKCQDBEdY1K2HpZh6b7jbW1T5nm3mdshiz8tWPhHn
solana,4vR193kr7hWMXAqVDqzdC9P4bDt1PDkisAjvDuqxq93c
solana,7eRJvP4N516sMfERvGGxjcLpKzyj4sdCt42UqeCCrmeW
solana,GePbrFywaYx4mNQMmT5Q881msQe1iyoFV6oinKqhYEyN
solana,53LP2pJb5H3GV7LAW12esvzVr9BVeQSgXwzR18urMQPj
solana,FH6RKrGEgpqmaV8dNLPBb5zmF4UyRXTjHASPkPCDnrK
solana,8JtQBbUsfiUwZrNsxQQHTAAJiArtgiMRECcuyRyBBvr2
solana,6PS1E5hQp4D2MeHaFjsbYi68g1DVu8wkAL8Km4FPZaDt
solana,8bSuRM9FeR8sbgdf21hfieGyKESydoCQxhjPSxEZ7GNn
solana,ApFe7ZuQwExZU7Nu5yXbK7AqZ1Bw6En3XYYHFisWSbxY
solana,FiZwBhMnJtwAs88H13w7FSdWtfB2oLfeLRoeLEqBMqJ2
solana,FBQwRfzcikYceDfAyfBMexALZfbbZRG8SuR3XHqnsssG
solana,4aVNi3JqUfSK1bovvFP2jbvCXTpZJR5aMpASCaGt8FGN
solana,4WtbHDZg3iDSQz43JX9kDyDYDfiTHrPTFyYL43aJPuUW
solana,HxaPf99LmfAoDkBKtPSAhu21owKwecX3xFWntCbYMjrW
solana,5VHhe9TVXCepzHjt7JxkUqizwf72uGxQUsqi7fKT5rPW
solana,973cFDeTdDezH5RVgouAK5ekE2Ej42K3d4841aNuMV3D
solana,5uhMVisbUizkgsyUiQZmuGZAbyew1EG4mwX5sqxpby1K
solana,CFqq4FeZhTdcomaNma41uzfrtBnrC6REauWBeH3pJHRd
solana,69E4YPX5ydiUBHHoZ1BxFLnca9QcSUV1YgNYRJzSQUXu
solana,14eGHFVGT2Hn5n4WExogv3h1e9TU2SyGw6DwgWCUZhUE
solana,H7eMrpPEpX2Af9JCK5eEY1aTCGGP6VzdK94MrJg2KpRP
solana,DrWUUeN2wg9rkGY2KdXirF2sbyCwZSNjbPURncYQ31jn
solana,ALPoNVs2yRTPcuSZrUdSo8HVsZzTSdbLSbV43a9NsgBn
solana,EviEntJcnK7Ztu87dpdVwTa7maYXze6c9wTyi5cWeuPn
solana,GNap7NBpuPhnzhvL97aJ3kqtJqCsj8ykFgvkBxseh2P1
solana,HxGe3QXbBqvdVUZ1Exudw3Fyimc92yaC5jZveub7N8nc
solana,9VcfNsQw87k3NZ1xCcLVooaR8PKU14qgWntDfzoCaqyy
solana,EiYyPdSorcFfeVyx5copQwwZwYaCiX5j3sJUGZyZEcxn
solana,68dj64ukg2y4vSjjVmmAYAoWAVKRgbxeNFJtnPH3N26b
solana,GiNy5ChrXpyPQ7ANXpxF1hViEgY3Zx49BKTnnUsejDVz
solana,HiVJHMyn7RLEH2h6DbwNczo5bMyvKHG6yyB7LKbrZnx
solana,AzaJiYfMUvwKsq97FjstgHF5VWPMN1UHR946h3HFf3mx
solana,BDSrpwbunGZmMP9qQ3Meriut5gFfA8ghhQowTXFEyzFR
solana,2HQLhsZxbwhMm3b1AFSVxNzzg6ymvygKFTnagtn3G6up
solana,6zz8QpDBdDX36nx7jBUd9unmhddy1A4buhRBRbWiXTuc
solana,8vvdrUd7VwpAHkHgLpvUXnMQZXGLbJ8BNHyPBWkGQQ4G
solana,5Gdacu18KXLGymLWeq3hm7wxMFzCjrWa8QbmsWXoKDPt
solana,3EkgoomH3TZjTPysqrJpWpHEDPP5JTjpW5PTyHiTTHWE
solana,3D4HPXMZ99jLZNkaAoV4ZKrEJjsSS8T3T6TEfuWDPakN
solana,x5b8HAxfPD2osqvHfqfhY4nCGkWpTvHbCHaGaQfCgpT
solana,JDC7oGY8jjVXk7yXjSiKrkcBt9toS8Y991Sb1tKGxCnS
solana,5x6c3qZa1DBDsKTsGwhsoHfqjR6qDpxnZvSwkBnozPUs
solana,5FVpeux4Ku3mnQDKQGLhP1csJ5AmEd9ni5qe8yCGPttH
solana,4QTwswTMWtCvZYiu3YTKRLpUbYukSLeSF6e5wUTEs4HR
solana,3aTVLGWKboVAtc3SsBp4u7qXEN8A2kKhhR35Es8Uoi8N
solana,GDWzhkVLRBWbHhP9sC2QJmb7cxkvbBnXdhX1RYbZsKQ4
solana,DtqTNNRUKLxMhvin2jwsEv5SqPLFaS3jfGTiGCjzJTp3
solana,8n5zESyjSkWnNWMfQ3NQCRyrNigSUKH5vEsCtmT31m8
solana,9T6snZp3F6VL8GSFZVs7YzcgtyfpgmnbSQPuAWtie1hP
solana,8sUkakNsN173513Pnhj4oXxKb1TkHXiXv76T4AD8BVpA
solana,D17qfT3LDrUhtJmEzgPKWA1mNYbmQv7gpRYNTMvgmvZC
solana,85wU4mudFtjrPf1L16N5vyG47cC5kEWMQTeAMQq6HLQ8
solana,16RVQRJq7x5S4X6uSBcX964dJESs5kwpEWmT8s4pnCE
solana,49ZLTNwVJamqQFCPBdCYR9S1rA2yCaSAfFs6i18XMhR9
solana,HP9YfB58vPHWbZwxyGKRUm7rCfA6V3DVCrKhVAntPwwS
solana,CptZct98bmLdNCWMq6QCv5TUgSFYD7gW4AaLtqpu9CRt
solana,AMLao46j9qdNfaWJ6u8BRpyLVn6xCrYwUP36KFYG4Nhr
solana,2GjxxMCcACsvyWpBhv7Qv9y9Qir5LBWptbTuHfs3kEJd
solana,99hBZSvfkZ6wSHQ9FBKqvXDdHYFzYC99ngp8dr8eLguY
solana,GykxsjvnjNoPvVneBq3QvSrwqfJzabbBxa6Dyp2yNGbC
solana,T9ptABsXnbv3okSrLPc1ZqupUcaXNVGmntWv4UNYNhq
solana,3sQtaws2xyTVhE8E3Ux1btUH47MVSqZ8x9KUx6feaHNb
solana,HWvUUkH7GBYLGNgLzYAKiuBbgCpuBpcdxw8iwcP3EH7k
solana,HGw6EXSnTjJv8gstEN9L9V4QDkurteTeNWx6i5zSGuLm
solana,Ei7JjS9DdLZQzL1iH4DfUrDULvTB7AMZWFZxfUtfWngV
solana,Em6cV3ZoRVHucxbeD3Pig2Gi7c93xhoi6hBbfvyZcxCL
solana,ByjyV3YEpZXtYBJ8DmpWaR9RqcABH28BSeFCRwncZje8
solana,GhNdkJZRC3Uwg8hEX5gx5jUjgU7BzUE47xFDdzJdyqTY
solana,3tr8jsdDeH1Ys8SvxcFbyJPhT5bLAa1LQaRYSD9Vsb1k
solana,D8gfFeuR5VrpGsWoX51WRxfz7RLqJaca4hTEvNVkGnbx
solana,2SopbvPc9G1z3zQ8aANfBH2cEtgU3ZyxLG27TewF35DM
solana,4qjMzkc1kLHUSd7aqtMNiHrgfVWii3oWwkk2ehwqbpKA
solana,79DN4ReVZy9sxn14N3uW6tmh9BkqZJX76hozu4KWUH9h
solana,6cpwEZ1ZMVEwsSEYewStum4NcMeSFftDQGXmkyo1iRt9
solana,FZDCp1r18Z9mywsAWQvVYrJW6fbtt8gFjkVfqrXN1Sj
solana,Go7scYdWRPtsyw5cHKnKNa2RxiLpJEa2BF7WUpxS6Bk8
solana,Fxovoo24LYxGkho7ZZNMRRnQ9A68yEBVXJ7ubxFdXTzj
solana,GcorJsJAraeK5QDmkrEaE9ju4Jd8Jp3DMbU7vSLfT8Mv
solana,81kAWzJZQKtUHxLCc23sXCriWd8ucheLYV1mCfE83nAz
solana,Ekw94z6k1Rmng8J1ixCJrn8X7NS95eMMVTMwzy3oKuVW
solana,5yir5uNwkeK9qPtmLP96vCci5qh4mqbYQ4WzFAVXAAzQ
solana,4SqRPF1HdxqCscGST6FSfPP1KzoaRK4gS2R5yf3VFdnW
solana,CFASHD4v8g78hUTK3X9d97qzatayEdJwShae9p4f5gWd
solana,7Q4VZmzzBU5oFd5mXqb7nicwjHvt2ya9qgW5Ptcc44Vi
solana,FSZzkBq2Xh1shYYxbpoqXcuDkHfBCybvYjgezW3hBDcY
solana,AezeG2hUzmYR77wDM92GbiA7eJxHkJsK9hBSaVGwBMXC
solana,CF86PwxDKaVvqdKdGLq86BLki9ndoLjRPbg4PyXnWGUz
solana,51YNrrzga2GSRbZUGAbd9MR8Fnjr4dEdRLrwYboXyn7p
solana,7kmuoNESwWBbx76q1ep2LCzuierzoKF477EtQrCy4k5y
solana,148q3TorCzbgfgngWuo5xroBdkN45WpmsrAMgUbpLdUX
solana,Da2hSyMpCYSrtbx3L9pewa7JTdim7s8jGsC7YmSvVxiB
solana,6X3WrNwM6SHjSnQ57NVYnFXaxPfJpQfEacQctrPCvr7t
solana,HXmRWwL7hoR9yNogjGERMwo3cv4qGC7fBLGt2au4nhNs
solana,9LKy39YKcXzPYwn5CUkfuABeuqDCbbb1pgFVo6TrCDfc
solana,9HPvSqDqbuwKkPhnnjwURNeoNGEHdEw8MwZ7x9rYdj29
solana,FE4sGYwihreBHH69PmJSzXYUuSCj5vEJGXGAVhdPZcxS
solana,6fMEJXGXwFNwwjEFuTrLdatQcVFR52Mx77UxsicUesxG
solana,8FY7msTD7yPYCnUCwFEPyLLvyLa4ukb4gUZSkzx9az2v
solana,65hMSFNGSKRsENNXkQfGMSm3BAQTQt88a6MafqP7Je4K
solana,AzMeQaA1hSzFVfMQiVGprHcQ2ZVuKX8uMSYWNkcgRUkM
solana,2tvoTQGv7vdHFxzcd2qL39rxoBie3BV2ukDgubHPzR4m
solana,4gqv4Nev9834WFgpdLd9asUXirrUTwQCrhm9ijMp3sYD
solana,Hq2NShnzjjnXkqhqT4588CxSkucKRDsQsP9Xi6N4dxFc
solana,B7Dy7c4XYm5p7h9umUDKev39QcCSwx5MYyZEKXbHcMYx
solana,FqqByvHTUnHrjjYxidhnnJznxKtJPxwtqXCmCZdp1ciy
solana,H1KeZLjzBceaeXScocPVuRtULSNinY1TwjHYJewALzQZ
solana,548ZZfLzi8dzfcnZgPFJT1YN6QhWsGiPaDKjD3nNW2Dj
solana,SnGqWFgN4EmQGN8S4bW5eun9Ap6YxK6yM3EQB8vXPhM
solana,EQ4qC4Kp448nzbv2XieesjY7QHW6M7bWqG186woHEXDq
solana,8Qoe5P7ag2PhT59gzoYdiKz18eKYxFZsnxp83PsiFmVc
solana,3mkfhxSmjw4Q6TB1kd8e2eNjEpaSaoVMYWuZR4V5X1Lb
solana,58ydHnudxASW7UntB8ZvFUoSumx7cjbyH4Zu1LWXXGhq
solana,HEDoVyjFxk6YZBLjCozZ51enjNqWSmvzDX6KtHYFcdoN
solana,E4pgrTBFoSXbRPe5ANmwRoXFxm9E77TNaD6egvnGypaP
solana,GqX3Duf7HCrBRo5Cx7vr5ApXYa7p6Bg9Mpc24Gr2aFRg
solana,f7txeHqtXXkrmthpcE4aWyJJkpreF6mriamhrKVfyYp
solana,CKnehNnRhGG3m9JKEWPDJorddJ7hEnvYKfFkr6XLCDWX
solana,2amxSodF1vgzEzN3TLvADFUQujjGJCjFzoF78z1eneST
solana,5Skta79NyvaPwfkzmTjJSTcC9AHAfxiUvNj27K2vcF6j
solana,2TTAqN2a1jJPk9GrdheXP3u8cC6QGTua9ADBzYbdJ6kr
solana,H8J8WrGT4yvz9sJU5Gw7L8vwXtkA1Xqym7GcvYa9SHpL
solana,F2So4g4MVgofCXQGgKmqkdBYAviiHcAtkM9B1HEZkWti
solana,61VkbxY4KbdRkF6FLedh35pAxd3SFfakAjkLVUnxubA4
solana,9GKfYR19eaQ2NV5msRKnFsRD8iyutGCwt6WJRTKu66UN
solana,9HzwY6XyS2dT3HkBbuZEbtvX1tgnCX2jJMMJ98F6zYGq
solana,AkkgnZRhSNRxhuBBFmFjqDronfQ8rZB4ERLmS87vfZQr
solana,8rCHrkjKJQqzrubX9PFEwNPsXvTcEXEWTpR23RweatNq
solana,D8hdbKQspWcVc8YtTQwKQSVaePmrUwxjCAswhjyAAYCo
solana,He3bNECpuXRYjBKe3qmotxUXFzJLZ9UHc3jtKwuCtgnt
solana,ExBzSM6oxMMeFMdNFA75DWS3bC8qX4LoyMQtc5BNwHZr
solana,BnaygGr3XRtUufpmpLZhky7PmWuQ48BRNRjsYrYvPkoj
solana,HuvWSqizaWDAj1QygBK5KDzNb27qJWrj6p2H3L3jNERw
solana,5V1B3yiHmHTL7AVSdDaqDGM5LSTZntSrnw47B6WdwCV4
solana,5ktYcahSjK4619cUdcHm7aV3Hb8SWeCXUHPCKA4E1qp1
solana,Ha9Fz1PthmUU6kuouN6JUuLie4nejMysquym9bL8FCit
solana,5XS3L1jZHFaAum7FDne8yxaR6CzTH53epbai1feewuc
solana,6RzxRZHR2P1H9ZuJecPR22cvgMAKHUXSiHQC6L68zBFX
solana,9XB6s7VM4nZzR4zC9SEBwrWTLXL49KFdZP3BDjHSvXU4
solana,3E9K2ca1NTw2U33KKaLBcNVLgn7nZUuLtD8JA4vbykaA
solana,A6VzmGMLgPmySer6EtbSQkbc2vYZDAjrpSjFeQRbY5L3
solana,3VtyckXANmKtad3f6TtfGHCUiK9Fyd4UABioRhM66i65
solana,Db1BUTRpBFdfW6W6bxonaKEbHQsFzBcBEVrsowXkcvmX
solana,26nwHV1ve6bw3dQwgNdx7jV3b7AptSKmoC65hhMvRN9G
solana,B3in2f5Zo7AQ5oYnBTLtx6STBUP4QpZnQ9VY4a3rEynv
solana,4wkFNP1DDHWhtobtBpgq79aNbDTwPmpun1DmhfCQ8qb2
solana,GoSHdNHP67XHQG9s2oSQnD83XgsjZZjP9zXDh5ccxuCB
solana,8XaSeZKgdMiKuiy1aKTeg9GxLsjxPv3QZXXvwBvLWyE6
solana,4DmCVnf2Tzht79jv1u7VhgDs9QSoZLNS6tpPDXCsXp9L
solana,wj8hMXJgRnAdJunFbJ7iyRSB4L823FEK86cfA3gCxsK
solana,C6WTn5LmH7GZWp5CEBibX1SPzH4wgMXXRBjG6PfyPTeG
solana,ZCxAnVkK3FJZGsh1iu1CYXFU8ZdB3S6STi4nMrw8vkK
solana,PWaY7RmvVx5VmFK14gNcZTejFjWXVFCMkUGrYQQBG5N
solana,GGLq1K1LbUePaDJPoEX67FH4R9xhimrEVCUN5ZCGmKJU
solana,7Ldxrzvht7vfgqHF2ZUcsj68RjSx2Rb1TVtmJMAgS6rw
solana,52nozgaPuiE2c6QVJLNbKCtgLobkwZ71MLsnnR7zoFiv
solana,8ShLmu5ojFzStkYHbVz5GSVGQUU7AJgiK4x6H1ZRyuEZ
solana,2PipySCXy1tmM6BDojhb2UXz138V7tpuyZPoJandMkvY
solana,5PDUQBXaoCkpbvuN7AhbUymeriL8goWRR1utZop3THww
solana,2mmzi9MgFWCzAr4hDFmHntJBdanE3nbGZdSoAN1sh5mQ
solana,QU7UuDx5UiXKtCiWisVraRchtmEKYR3PpoDk9fwja6t
solana,7y9HyNBCwSWASWLncwQYSdoLB59YSaxpkTdJx6DCYkJ
solana,HXdKmUwrvbZpXoPX5p5WeqD3HiYAUYQeVch65BuH7WYN
solana,FHJ9xFxfQkguiSWw1UZQqmcK4HtpLkFjg5n4V8FKWfkU
solana,BbS8iMVgRUWoTx6x8k6gqGgFYJwqf6J1yrpk7QaoRLr7
solana,4gSwFEeSmVzjhHHAfuuyB71k1DgqECKJNNLYjodD2AE6
solana,214nbtvQtR78HcRFhw1iTaNiYYFSq6ZKH4d4yyqyqsFd
solana,G2P1QpAsc2WxGrXd2S9muLdnZ17GjoCvUEYNeTCiTg8v
solana,HfMd85X63Kd1Cmje2Vy2TAGbZeJD4Ga1kyDjjCiK92Wg
solana,D7ht5bS3c66aMhsLV93M5KeuRyinb1wmQn9q83RqD1rZ
solana,GGeKj5WvnbGYuiNQfT4ncW3kJMnqJiHwQk9XwLmUe1zY
solana,ESSvTvdYZNhKDpWuf6rtCiFCqaU6jxBwbmED8YJ5Zkkw
solana,HkMy6fprsRvVXLuQjQoy6wKnaDJ6huQQm6g6FwtPUr7h
solana,MCnR62eP5w3uB6bg4Sa5t1Ef2iNhBsDPSYU9rZxYVZA
solana,FmCQesgZURaDoQZM1taPCYz7DRy5ayXA6w5UX85KeYga
solana,Fp9FmhB6z5zmEfGSmUSddENopHR8CszdqLXCDZGUyhtE
solana,D4kcYbZyRUkYkUNu1rBqCr1zuXz8de4p8yQYDLpctZrc
solana,4hdFWJp6YxxoGZr2GQaXRNDBgTuZuSWBTH3NtTAnJJcK
solana,6GX3p6VNnZfvxPvjojWEko4ETomUAyrgEw5DMR4R5DUK
solana,5Kg19KcPmPNJe3HjdP3oNUYmaiZZNqdYmEEmcsiJRezS
solana,H5nmgQ9Mj2GMP2NnCwb5SQgraZ4YgtxE8b9h4djrJgez
solana,DTmrniA4T2vaMyipQEyKnGbTPr69R6zKAMkp7Y8heMYi
solana,HBQjhg5c4DucdBttNzJUfc1iNRnTdBXK9vDTmVgS735s
solana,A5G2h4YbRP93TCz4EvbgQJCysyzYJ4FBTsZG2CFDtp7u
solana,HEyw5CDRXhXZsTgTgn6pWBAKeaYYQ87hENzvitpPPYTa
solana,2P3B1Ra7jskoF11JBxoNZ9bkh1WgV2Te5s341WxhgFat
solana,HyhQ5Cwx7VN1V5WMgpwJTb2aZ8vr3c5jsqZgv97Ri43J
solana,Hz7JrXNEc8fkTDJ3X9NqeNcbhvmeSdZNfvn4SBWp25gM
solana,CB3NGVyLJkMmrP2AqtE5GBg8MnrRyrgQRoxTEr5QKLHu
solana,51sq9acsXEa1gFjG7H1ooNUffsvSC5Z6ectaWLw4K9wy
solana,5x8wn9XCnBEYARycAhJyXxCZfcaZcKNFLFhJ9bRSiSVi
solana,7QYiA7xSqwxj9WjhKqveR7N5YdShs2Gbyxd9fnAuHZa5
solana,BpDNyyr2HmxVLfav9oHbX9nrbtWpaTzYqQfgVUA2edJ9
solana,7VDL49it3QWtHpWkvruFqSPQthUcDNh7XcRGm38jhTDF
solana,DDR3BBNUuByWgeoax22VqjK5NUBDYavFLMoZKoYJs8Jt
solana,9fnskVrxFoyK6TDfgmZgQQBP7p6Buypm9oDdhsz9U7AL
solana,BeNPyCXNZoN3opDaSa8AX939xanUrMm3bGNCbwCyBEYG
solana,CCjhTmA9r8zRMQfZTRbyi3SMwPmSCc8ZfLQtrYHdGXw3
solana,DXnaErq53ztRDt6NJb7FWyUZhTBfkkofFsLuqSYoajze
solana,7rG5tX6r7Ham7JjKJNgK6We2JDJM9H1muBQ2rh34uxba
solana,BRBriTiYXu8giCAZNXpQRt1zkoJMr6VuK9RUxVJScpaA
solana,DWVeyqhLQBh2MEhmeptF863HNrLAWigeU7zCPkr188Z1
solana,DqP5SRXL9k5dQrroXrF28Vu1j7dvi6BoDNifTPxcNH6L
solana,8dziq2zifuQHZW86Q1mFtZnRjunMrz8kJWN1yamnUxci
solana,ANQUGEU3D8Ntym6YUh3bt9juJA5XHJrAYdXVnN1sQd4k
solana,HjgqsZzJ6RK3DGvD3QU2L98jTaNffHrfLttoBVU7KT1J
solana,2Jznpqk8CTFvq8ggGe2n7ZiFe87KDgtdWmHKJrMSuyqx
solana,EyGDPLDcxWKu7iNSGcf1ge7GLrjZ9v94DScNd66SmwcC
solana,JDiQyQMsGL88UHoo2ELQqAvWdqWanbXVF5RZhNxwo8Mu
solana,HnQabCQWFTm4MFCnoiSiy5kxThZETkFS6wkLLch9TaQK
solana,5FoYrFD1jR4pVYrEKvHAmq48XQQYH7ZPB9Aw74eAxfES
solana,76Zt1Xwegkd2QWJdb1vZxU3NBTgkWVGJY51xLMVpSgfq
solana,7hngaUkb999fKzouxsi3Bf3vTRfHmPEq3DeLNzW7Uij5
solana,HaBTKHU9rVNSk5X6kDCQ9nQoJdm5kR6v3Hvp2F85fmoT
solana,9SqfZbcL45oWxsP9aKCrttE5G6Tcs4t881LddZNU4NV7
solana,D1apUGu1XSrZrWt6gew6cmHomP1KGiQey3fzVgbCkkvM
solana,G4JAWdpKAsXNBPbLZyoQrownS8wheh6CyhpmQUsoUGZA
solana,VRUdtNJRZBW1zu8TzgUWdpnnHjkMcme8YiX9UiCs228
solana,EPN89u4cURcxytY7J2njEox6xrJh87TM7Led2sEqzVT8
solana,FpP6Gi8pXzYpFfYuvAYJRV65pR6tuqRVg8AdrXZJSeQ5
solana,66RGRD7wTv54zySr3bvXQnNXRTs2dkVACyMqqDNPcfwi
solana,8CJ67URAUdPx62jmpWcsKSgq6PZDPprg48Qr6TtkMYUo
solana,7Gi7xLTHvzLCh6bWxP3g88MuGYTz6kxkVrZUuEi8Z3L7
solana,ETfNwq5rKFQ6pBGprBtSu3prxu3G9sGLopg3DGqYrUUB
solana,gyYgdodgRtEKbY4cWtniGW4LgS5x32GQNzYMLb18h16
solana,DByDYV3L1KcdSxEbFa76hrNa6JWTYSjm1dcgyZwsBeuh
solana,C7Xuoh9sv3W2SqSS1Ad8tVQxagvsufjEhNG3UzwPmAUQ
solana,FYdTSiGZiAkZ82ALv5hwsKYf2j8TjygbcvqPnVfFSqKv
solana,Z5KuXimaDe2toiBg7oPGa6eC2NbZXurRAeS92kxymxX
solana,DFy7HwhnqP2WV9TKxhNdnWq9Atrr5TzRuWeYvgz8NEKK
solana,HzPF3zQDVkHEmViaqqChMfzXCyng9zvkXa5qZ5bbaVFs
solana,3kgJRSRgdBA9bb15tS9NbR2qsRhGGHYxtyBj9KeqB64F
solana,AKoBd71LpjkHpLc3cm7yFqUKgPjjxTnH83RYFyyiZqXy
solana,BhVTcTJPntNX9gmUQxMFYcCopSKVGd9gTGs3A4AaPjH
solana,7fwWueD5Pk7TXxktF2TKH8f3bBz5c8TL6s5RUM89V5cG
solana,WcVUTx8bjAG7KJXWvEr8ZJCYr7XW1ZcKUk1RHths9RR
solana,2g9PHu4ZLchbqfsqmDCGEfzRhixyavQpKZb5mtkWgD3E
solana,3hsKpWeTnPynxHHWQXGuBYZHJ45eE3y2koSUPLctDYwW
solana,CKih6B7pfKEv6BH7pRQMVn8ogbHPNzpHnGC8JWYFL2Dm
solana,ELd2A5CnBZyadJPpnuvEGuqywB1FH1osb1G6v79Qnqrs
solana,E3m7vv1rFodHWgXTYUw6ajYSL7p3ByYHbQ66uhhhiQYV
solana,CnVz742KJzh6gJWy2bhrnv4XwANDM77pYL68AR3f9CXF
solana,C5qin2t3tcmunvgW9S2z9LE39VMsJnRFqGT9C3BvzHMF
solana,BsuZdroTmMuVfqnDohnMbQAtVzARHteNCyqjdV5D4RBL
solana,GJTbstwJDRp2QDeV78PotFwdF5Jm27cCa7RHjU18jFZq
solana,4gf1eiRRoPCdeHj2zZYEbDdpDi2bVPaMi6QmhTfvXjqr
solana,Akf7Bg5uC7FVur3iunb6YSyWFBxRi2q1yPt9AYY8FDyA
solana,5EwoXixPu9DPcSok5sPdaE4fxQSc6Zm5qTpZWA8EmB3F
solana,34tvahSsYC6SftkTaJQYvJJCveK9pJ5iDkton8GZn1f7
solana,3ekS3YGERCUcJps56azNJYsHTdVbEoahXF3rbfiaYSGU
solana,4JjWDyS9E9bVp4hGFN7SzM3YXq4rVSJ9UEEGTvL9tHpq
solana,J2dhCDgiU1B4VBuVXA5WcmCztYBLLdffrW9UeqwKdXsX
solana,8E3gJRK8xJUW1z3HrXYDzaxBaQGNMCSv1f118VdLFTt8
solana,F2xFufH5ZyWaQ3pmv4FSvPxTciWuaNoYbpZ61qMQxfZn
solana,ADZdhgvrYBeLY6EZTWCSZAAWubGVFXyZazESDZwCbpdv
solana,2xEEw1J62MRPZbD8uUnEFRH7uhZVW7bPcubpo4y1axkx
solana,AZUG2F47yHZgYZC7eAjzDxrbYv6A797aXAoaZh79ggMY
solana,3p3bXeKnHWFRtiAajdHsF9o1QdTXGqrsPC6psWAL5ED4
solana,A1uJLptNps75gb7dZP5oQpjBQiPzAFgedE8P79yDian
solana,9PQ1K8PhDFWx5F7mBGydTpn2x6rMyCLtR8ML3vSvXkio
solana,J3QFyMDUcAFDEwkEbgXDi32dsQbVSEwKqDCsy7L6Nan3
solana,8wFmsYJi6YpCmD4tDctQnd57YBsPR8FjqcS9HAm4zCyS
solana,Bd3v4nogsGYSipdTxvfLVE75847xCcEWQm8Xk8joFe8s
solana,DKZhrrppqWr6Hi6JYVeJjb2DoNf4CMJpHQXdUWxAmr6H
solana,7HBx1MMZT2k5KQhRhN2C3LcYZefaLRLCsrKDD86AEJvV
solana,AwDLhPzdTwrSWicRHHVtaqADy4mKaesWZfRm2pEKiivf
solana,5hQuGC3sx2yKszE1moKNeP2EBZM1Yn8gfbxFXJBFK7PM
solana,Cejeb8zaVjoBS1yeA5KKPrRhokQo4vcdTkpcmcLzkJ1Y
solana,DWCyBu3ZW192L5JesRk9PYys3oK2oqXr6NfruWLi2UNq
solana,6AGkJj639sAHCmLokSeHttBckFwpHF2VV235Yvde4fpX
solana,AG3KpyYZAXhPYbGp1Bgy8XCgf47iX2AY3YVAJayzTsfq
solana,rkyS4xiZ8ahx3qYK7gKAQCzGkp8zyHaDMwkBN67Lmkt
solana,5ScMekoUs8TpSgMXWmEuq2KbGWCv7KPMptBCHUeGBZN9
solana,GLtMgGNnmiSBXJSVWSLUukDpCG1yccETYo9Qk2o5HaDw
solana,Hv3x3eTpASemVbis7fwJNfT3VB6cC9BbXnqWNjx2M4fQ
solana,5BfLUUKn7de8XTp81Y5WNk1vmYQMWfQg6yPzceug3ZQQ
solana,ABg1zwtETcPP6Yxd2yMYGt7wc9e4GcHYrHHVFNksb4c7
solana,7sD1t1zqaNoDhUekxrzKysLnaf9cDFcbLU3VedxEgpEV
solana,J1PTmEB16VBfckF15ep41CEuwm1X5DpgXwoSsdksiCxG
solana,CuUMr6Hb4nZKPRXohmhoAANWgg81R3RYrgLkKzLCbsig
solana,C8fBXoFmxfDuLtZXRArXjSNgmwjeN6UsrwFDdZ4xazRi
solana,Fi9DUkcZz9sFb1n7uSc9L7t6Zt32Q1nzpy6ZvJmMmpyc
solana,4VwoyS99Azed6H7MuyqKxnxSmtXUkbAm9xEdYG5bp6oa
solana,CVfCmvWQmhY8tcCFYqTJMXA7BzhMMbzGjGRkRkoRFMdW
solana,7yLrVpiUCNYTV5mVJt3suTwBNVH3w7QZLrBs8W3cWo6
solana,DWwqPocyipkw1jbwvEDqeY5weu9fzpPCsLHXa3K9KzGh
solana,BXAJiaEgGgw6PYrXc7A4c4t5WMz5m7Fz1VwNM41sh4Gq
solana,6W4fwfgEKRcv2m4vFzueEn6cazSfvzdv6D6eVnZGZJi5
solana,BU4pHqqecJjjJWCEhSBHrD8Va1whpbbBp89sMKyh2Nbp
solana,83Tk3L4gbHjCfhUph7YEuLnKiSv3KfT2B2AKZMWCsJps
solana,A8mVPCboikcJtdyfNcp1BD47Y3RHePhjrLCVacLMQmLi
solana,12WdU5JqViPBq8u32bju8BnnJ8PLe1W6qKmMdujxeoKN
solana,4pGPf4sEANLks13N6etyvSneUuowhzQAxUieSfMBN8wz
solana,EwhjNTyGERe7ikVKxitbpWazLYLowLcMnZvp9ovebJnW
solana,9af1cC1JrrHmg1LDkDxKoHm8r4jTCXhrfc7H1SsquMbY
solana,AFU49hdaHYZLyKG4TL1yuGFviST8rzPKZSghBorNauh1
solana,5soCJMbmtiZvRRgdqFhHtd4Yf2BHCEmE5XaXtnFRHxp6
solana,4T6JgFdcWT9f2yCx1yr27nrizHg5vYVD5yJhA8dBmxRt
solana,6kNG8Zm2NFRY5JpvWgbED75k71J8JPyBZXSGJhHdnota
solana,GEbCZqmGGW66Dwx5nbv8We17EAGM16G5JcuxSTHVR9mj
solana,BXcdsTizXGvkCLeCXJmCnbLqLHiXzkYbY4cQWeZ5uXpb
solana,nDGgaGWKPSDd4WBzf361MNM3sQ8sof46BuYzQoUZiyq
solana,2Wfe2kDym49eEmj3xKR8jXAk2fPpqJU6TmhhKZSWk65x
solana,8swNCPpKBUMErtyKzHLyBPYrDnFQCqEEM9j47Dti5DVK
solana,CbkTtHdKSS2U3Q8DWU9kf7HWESBCsGmegBD2E6FWXa8L
solana,BRzxGuME6JxDHLsEnASnHR71Q3pe9Gkg1fPhnjgndPiz
solana,DCphHjhnwUbSWfXKgrRostKWA63BnKhtcCs36xn9doTc
solana,7Qu22EUzQhXQFjXGKdKtMMiZ8gXVxFhjaMkxA9SXpytr
solana,4RA4S9kRXgzwEbq4kVJj7FgkMd2kxTXxRbNUhksC3znQ
solana,Hz1br548JybHEUqTF1pXgLq7Y8BxsqmegfXpADZsH5ho
solana,4CPw5x5VzkzPc9Q1SynPZwvyhHT2tga8YETMzdP2NS3L
solana,BWqHf1XXKzGcbvUYscMvHQDjHivSb4i685oo6CGKgRmp
solana,Ggrkyc5eux9BauVGMfR8ZWRpgQcLmn3Vt7dZKNBKJpeX
solana,5xVfSW3sswwA52aBQ4AvTHfQoc7QGuKFxHvMYPqYyZ91
solana,CfaVSCfqALFjQPGSzqRVbLU6Qt3LoGTpK56aSZ9HxCcP
solana,FUw3amzs1UHHFkPvWYiwsJWMHwdNrCq6AznhY1jPAYE
solana,DWMwMC9PjvWF1SBjAsaLcU9hW9nKgCkiktGUTxoQKGeg
solana,E7kQfv1PBUzqbvMZLgXC45UpGcM5u4gQkZfWk2omipF7
solana,3xLuBZEqzpzNEtLT5rQyQCvuZ1gjkqNPp8Yxhu6w6MLW
solana,71CM2157MBt6DytL8rx1mmpja4iDCDTTFfrJAgiRLWrz
solana,FHeAz6yVKzkJwcGy9uvqPcLgUpK8LBfbXPEL3g5hYksa
solana,J95QdNpebFgG5n5MaLSqXFCMfHKiTKn43Wo4L9vrS5Cx
solana,BAwFtpYf3Y6bHAAPYGKPTKb1DL5MtDVMt1gUMUWzyvoc
solana,GPHPpPXaWadiffP6eZaXJyRTFoiJs6god2PpK1w81WfQ
solana,54Af9sHc6d3So6SuoGCFHxyKTGprEgEgUAwBXiH5mh2o
solana,8FN9uH8xgFG9KwCfnT9AZsQ9tqxDS9fAHqvH8ALqHwcN
solana,7G2bBMnpsfLUadhsYE36CQ4YVTg83Vm2bSCrmedr35vx
solana,BUu7rjRH4HVQYbT9kHFxv4zc7W5HsxGBwNPBtUxFPsnu
solana,9MHqhacwehQCr7gnsCmwFHWh7VQuACnk5SJVQCYkxKSC
solana,BL6m3nSLdpNroDbH4LkC4yrapWgon6rwjhBSmh9aHHu2
solana,2TZyin96v7sYF9fh9nzkFEQq9rJuFV1PJpn2SbngXuZZ
solana,CnzWrURRSc5JYNDebBdnL78PxHm1eR3NrsvwqDscsUNZ
solana,8Wc9RGjrRQKCUq9QUEEwEKaaRQzZGm1tVL7oR9y6Zxsf
solana,HKxeJqJmDws5x3uBLwnq94hUpuUUzxKCAqaTRRAGmQog
solana,7ko23dE62icNY8B54Vv1tvbWmswm5LDLpF5BS4FFM7Wm
solana,2xe4CgA6b5nF7rFa9KHXrJMRmcWosZNUuZ8oJixNM9JJ
solana,Bi58BhQADJ55qWmPmSu9ejPyNWqK6rRnqxfkQvVL3FK8
solana,3BDZQSZbiJ7Ukuu2mnq9pQxxkYAjzT1DC7K1m6nitxWA
solana,68QXcVo9G8vG87s4tr6C1WqxkF1nuUxpqTNn2uMeWzDR
solana,5MLTNtrTuCecV5qRiXh59F3MKuD49T73vPTzz2oicvmq
solana,7pzHzpzUybwqBuDcf4Z62ehj1iNMoPfmPPTtP7e7uMgX
solana,D8pp6CkEAuJE6rnJUvDXjhF2CRjiWcsfcj3fQFshkM4F
solana,DchXWC3QFBpq8dXUke6vbTL8rfaEjMTSN4J5wDjsw4np
solana,Av42tFRg4ykoFbXCU9zmj2tUL6uMoy1RWFLG4yZBrb5q
solana,5JZrG357hiha4MR3rRmgi19Q4z3q7SZPwB45YcCoQs1v
solana,96VnU4LVmAsC58oyjKKs9C5JiyY5z9tbErbqKWySz9RD
solana,GXYXKSw3KjamWp8sBrojYgAmuXKZsi4nKtAY8SXRe3m2
solana,4DAG9F3cob84ju8VK93NpXiU7kBZWbV6miMooSHXVgPj
solana,EPEVxUVG8ec4WiJF6JoLUDB8WXdakDncGmFcWpvF7h1k
solana,DgbQPxSU9QMS2wfsqvJxYbY8Fus17Bfp5vDbagdJxSgs
solana,3yi4BTRSbWXm9P8RDFMtqCYjwMiY61A4FPbkNdHaieCz
solana,5JB1aT6bVYT34rrncNbDRJ77zw19yz38KeYaNkFGtK3j
solana,DYoXRL5nE5vxL7UuXYFn7C4wkWd8MnWDBzaxLkE4Dja7
solana,HyWfeomcXcqpXWVZPrHpw9J5wowZaXyY7kg8MTJQG7sP
solana,6cV2Vh8sHzdWyQkB6Aku8KayeCWw65fSJp7HwmybDqRM
solana,9py5img5Hd4sqYfTSa59wBevLS9WU3kNqRotVtZJymam
solana,3WyPgr61org92pqqALscbV3yKsDNz4TuQvjKEkP6freG
solana,5bnkRALztb4RF8Af7CC5dQUCLx23wqNVuXowz9JXPh21
solana,EESZMAZsFvX8FfaBEw9ih6QBfBzEXrk7mLqzfyq6W52K
solana,Gkqmk9NpK4ezTGhahBgn1Rqx7oLumSoSz6yrQJZqHwiH
solana,EJM5ZFdWnMsWimbvFQYBiN6J3hd6JkFyu3LpkdqWzZSy
solana,44ER3pweT9HES2DuF3eczhBP5svvNLdFmT918Gr3NBzK
solana,Apg54giUGL11X2vm8Gfsreo6TSQnuSxxe7fkspmXZX9v
solana,8tNjEHEoi2LsgybJviFs6QoAor5jYMGTNYsjHu35vnrv
solana,5EYXxhVT1riQECCTLqF7cXwJFduQTQBqDkzpbGEAkNTj
solana,2sSBSYp1CaFdkTvFGM2CYx2996DWNHThHNByiGpPmA3o
solana,F43zE4vQEgZ4Fhvu49YhFBj7GRxmeApumXZYwakEQkzp
solana,7kh4jRRqoYxnz9UMi7y49DChk8eeD2J3ctk7JydHpee6
solana,AdFGgGqbJZtgZubJJLHjbZSXiVRDY9LfCffRpK5DrEew
solana,5xj6faXC9nUT7dSHTo6cTwQH6cPqVYi5vfmxNp9HPtfe
solana,3GWJaPFmiTZnQ6Mj4oJ8kLDNrwVmeBDphHXV5iwgsJsk
solana,4azhbKaWSsPnx3KtY54YKsqAA3V4izT18CEUCG42UVEV
solana,2WmbRB6AdYT4m1Eq9iL75KXCeW6sv1hjp7WYqMBEWXre
solana,Bq1pTAqcHpP8bPW6FKe7qNbY3zfMn6mHKKcMpW5vmQY1
solana,423oXi3FiayMgBQD9zTG3sNfitrBiPg1CreYWH8isrgS
solana,HuZYTMMcfukaTogxjeNjH6inzwktKMh3cX9oPspzciC8
solana,C2Ls5cSgreWD7gGdyCbiPeCrvzvbC68BSFYxtbt94vXQ
solana,CuhuQ5zYfwJUmx9AhsUY8VKiH1cMyVAaQsNhdRNHq5Q
solana,2bHw6KkofvbJkADyD9fXZyD6jpPTHhsbhE1XAhB2Pe8n
solana,EFuXmoZYU26kg6YQMPBEzJQk5gKPqoGD1Y8qyJS6uYGb
solana,GagyBdqqvFtTsMUr1eBrgJUpX8jGK3UJT3orWVZw6qxH
solana,2jgW14Y5719GfmoZKaeq5wGLxJCfuaLgq9X1By8UM1Cu
solana,GJho6QChDs2yY2jYX43Htz7g8DgFaS1AMCLrKNUBGNVB
solana,3bVqU8TYVXp6HmRL6N4DfqELheycXuKmpSi19rUdGGhT
solana,CMHL7mxcC13B2aw56rRUY7bm51PUKEKND8UnYRFkCiNv
solana,BGVDq2zdU2FjnLaGa1nNWhxXqXFuq338wHqwsbnBhu6Q
solana,3MFVyGqAnv398XPMY7yWKGM7RD4rJoNzXhufPEdcey6z
solana,9d6rCLoSXAGbfSAvSn9rTZ92KYFQkpgeDYtVjwmL6irS
solana,4BW7D4m3tsvyWz1SDSTaEkuCwiVzZg5Cdu9K6s2DyN7r
solana,8WUoJz72mYZZExYG2zwLA6HVkhczDyNABXaobB5Jn3of
solana,HskaXsbMt8pw2772DLBQkgaLruNoz9CU9EMKWsH7WVrz
solana,4TJT5yWGYhV2wmwEmsA3Rd73NzsrdVaDtJLe8nKSXgJy
solana,A4U5qejXLX27wsp5W4LrmyJwmo2PPLtQaXNHfiV7e5Yy
solana,8egaB6mRtxVDmiLNdGLcCGZfqSK3JwKvmmQ8t3KtiaZY
solana,3emmwihfXvcHeH1joevqkJ4ZocPdZwEm8zkxoNhvtTZo
solana,8TP9kMKYN7RvGgbvDq9bcRBxKY3H36zdEgGdXivCHYrG
solana,5RkxApYjJh97HM2VcjqTt1woNTgjHDrXcaU3WnpRkx5f
solana,8Kj9iWokj4HM5fEBJLB3hBqJ1oQkYcFLfPXD5ppBvx3T
solana,BL3RvRHPWSW5YiUomhMNRTCi36Ho6ku8tig1Qwwso5m3
solana,CSQHErUYHvwnfBhtoJY8gesGcYCRbNjsCyK1LJBiw8TZ
solana,9PQVrV75wMLedbZFkTMNYgstJmCibCnXFU8DNqu7w9To
solana,8U6MLgmyUZMNhMSfMAkv99F883tGG1X68ydhb1sJ5uac
solana,AgsY1KtUqSUrTnKKnPBXLuYeDxwW62CQDXNMsdx4sF8E
solana,GrxzwUTgH52bzUa9UYLudBYzUzdzA7C5US8M5UAwFqhj
solana,DpZxeGuP87BEoamw5z8fuMrQTEAxcT6i5KZJxeWixRu
solana,udMXK4Gx29scktTpyTTZHvGTTA398pgwcMsqkTKktxa
solana,6V7Bt17pwqfKii6xjM5c482YtNGaw1RzgbVysTdvFaGa
solana,8wedkPKqouApZLom5N4VtUeZ63tjAnscmkZj4k2XX5HZ
solana,Db4i1evKgXxMmpBRufMpQ57zmQ7pafsLX3tjxf3fLh7N
solana,8utTSEfcPVvyCHWfnUezt1BuwZLbSBwSAff3X7q2LhVY
solana,GqE6nWu2k3ibAN6UqT5FppJNQS3Bgi2dKSgChpjhHQNy
solana,37w2PhoVugRBLFUFQqoNH84y7XqjBCdcLNYpyXiFvpFR
solana,EPa2zsZrtEdRVjimtF5E79gjUKVsgu9HiHWXH5drfRP2
solana,6XG48y59nA9tjJiyGft6NiJqXhpsCk53Rhwxsbi7smx7
solana,G5sSy98fNipYRVuQbXJm1krZDG5GA8DiC4T32pL2XuQ6
solana,9zKqysXskdobTyPiZhczKzGn1TwPKiWF1Tvhg8XVkDa
solana,aYdcDpimJ3SFaA5yuGqE5gRLvh5LRp3eexYekK2Nnd6
solana,Fn4RtEviqSMYmsZtrGGHtEbo8DcRQrQKrEiyT2HNmuwb
solana,4pVMKQxGaMJiji7iwC7PzLyVK8wBuyLepW2kbdVRqTDt
solana,HzAKsxvH6GcrMTsULnUTH6CAZHJAw8aTfSoLwGiDReeh
solana,GyBKfrk7H1awxVxqcfcyLMJkcVAt7KJDtpCn6EcHDwWn
solana,73878xgk9BmsZa6MsAxJKLBFkir7JKCUgaEceFBbAjPZ
solana,GfNGqbKoiKmjoJ2BGhPQDfTtm1NdcPfmfhEkayj6sGMS
solana,HmYdTyTQu7oc7WQNySgHhxruzaVNsLebkdF6x38fxzG6
solana,Eymod59LSmEjGJx3KUaVXnG2z4eSoM5wVXWkFxVy1YhC
solana,GUhavgea5nU5RG5WxwMgoWgm8wuGejEqfdPCH8H1gM8J
solana,75F9L3ych4xXnm6TKKE24MCmHFKyD4YyJdUcLqT5gcWg
solana,GhvBThe7TzUxqXqCXNw1NtCaiMKnwRN7XKUaPVDPKX5p
solana,4BzYmrCY1Ynd4YfgACxDFbdG7w6LHtY3BgAxD3kP8cZt
solana,3McuFgWWtiVinauT7QDVpPvzMBjKj62ExLZi8FTzyJBK
solana,3pv52EgkdmfZwHnKDze73JTw31ZwbCQh2qx4sEbjMYGk
solana,AJHnVvgFEBaQNtqeuW2xRMPaEuNxY9oPJLdDqLjnfm2f
solana,33FKbJ99yZyNn2KWzqgmceCnvzk8QWSAFP2ZEhWsnr2H
solana,8UxtQjCauiFA7vxZte62Xjcas8PyszzECUecj1rPNRHF
solana,6zceF4gkhuVZw9RZZCghTE9xTcNtjBFa2PSkYP2Z8LMU
solana,FZECXhQFaWwXRyNrTnm6rLTcR1hPWAGn5X4ueDYdXK7F
solana,BzoTLh4p5tQCSfe5wvoEx8nqZxRYLevpT4hQkkxTMbnW
solana,AAUcq1wHc7qWbEgaLgrYypGysjEWuHPQPEUyjNPMuGP9
solana,HiZ8oiUVtHVtePjJUfeeuikZKgir9hkAP9Vy4LBGxbjb
solana,6nD5oRk5EM5kWq72NQGkCtz29tSaGWXiqikduLdG2Ay9
solana,FAFQdEs684KFgTo2KVtxs8Y2PCETuNnoYvxfN17bSJRe
solana,8t1M6peTZEVj5dBrn9KXhqjnuCaN8yRFmRWgfyV5GveZ
solana,FqX4YtBxoJT6iyoMY5mAqA22jcgPU9QCHsUtz4y3RusV
solana,HdbVdqDaN39Y5dHKPZpvJCHGRy5UkQEAnsgU5tSRGbzF
solana,8PWJ6VD1WbwqpRRBBbehLVHrzqDQQfwJMLgNEU7EHFbu
solana,HhxQ11g1sppFkUCCVm2r3xrbbdVgLmx91vJ1ZRRqqCSM
solana,89eBrnVLRha1cCV1747q23jieLzmvR5cyA4ez7ai3Vyk
solana,7kYc214F2wzbEDW7wfC2kVdtLs5xh51nkafzXAxsjniM
solana,AE8xRPcBHaEjSsoy4dg5WwRtjkSi1FccboQ6Qj4kPvbh
solana,8J3VapmieaAiRRfD1eqq4TMd1LcouNwLQBm4woT7AAGL
solana,H26jfwk6xkraTpp2wVEuYHu4oVMgtFPt5HbnQJP1aqwJ
solana,9PqmDBn5k9VgxZFnsYT2i5VbDYo2nnXJKs6ywVUFLMEn
solana,9PZqYb5qJYYkv9txJoivjPNPBtiRhuNVWRu57k86pWio
solana,VfaVyCg1WQhiAJRhk89ELDQQd7icrc6rzTjMa12vTsX
solana,999QQsRBvREGCwp2SrSN2mmmTLhCsyxWwc2b4i6dRPZn
solana,HSbXtkusPH7ctFdSLZNTTGisGi11XNxqoV8uGbdkg7YG
solana,7yTRtdGc1tN8qqkddKc75hRyDQUpA3p515Vjj2gyK8iW
solana,634QYR81gUUZV8YaF7wKrtVQ7YKAEqnWzih2ncnLDtJN
solana,E1kEZcQ1iNgmsiaU9r78dZ2hCKt2y8zw6nghVrXAo7fm
solana,8LRteEc2zkLajJuvQfvYrQUqCv5kvjx59yn6cn519rwa
solana,5Ta5Mfq8eRW31wnNwEoipyBmKKLLbMq4dyeYzvB6QgPe
solana,4yYk6JYSncAxNJJD9sEYGPMgbKTUPnbGXNY6Nwmo9R38
solana,EHr2LuVHWtCLDESt6RoEtrbM1Y1qxxjMHMpragt2sB3L
solana,Cm1CHoC8dw5iaxwQJEsw4BpAtiNktJ8YjDNRBt9PNCop
solana,65fBo5NFUvu5r282UbLbzKMQdtCPiVeN5A9Vb36vz7io
solana,9DPvtPa5rJfe6gNmEWT3YEUVSDRmUUe8V8vMBfad2g32
solana,EcPoSNfPsDwqb8D72xPvJ6csc1SrCKS18jn4wptTY2Cn
solana,BkPPddkYXZPLjPHyxz35nU7qM9mmtGTXYR97FyLBJVbU
solana,FnMwXkyNTFzCAEfaJ1TBgCLEULeFdrXZYu1izhKPdpKx
solana,EfNrWmqerCVWtcdPVXnXG2gNbwY4RgKLgWtZFhUuJ2vN
solana,9SHqGch625biQLzdeRMFGxTQxGWqwq8Y2nji6MLFEBCL
solana,EUFv5wvZCAwp5TnrwfEG9KvoV8hAjdVovBr72jG541XR
solana,8zW4i7ABqfwaTo7vAU3qtt2NyzM5kR4K3wDJBbJvwM6e
solana,6FKS3TjLBfzbRU6EhhQiAstUhLY4hsjk837nRWDjytD8
solana,C9NJ9Y9CzmGjhNsEsDawWptZpZWpMfg2swA9MHxHdWkc
solana,8prZwn5o1ouSxiM4dpgEtDcFUK8hDBHc8qpEdTkDVvnn
solana,DLZcQ9QkN8WLWKKpAbVjTrHg1U6ucs3BZB26tYAzrdtU
solana,2bj3xmp57Z1FHYSdbQeGPKzvXnCtt4ktRj9uqV1RbUfw
solana,6zPnJZws9VxR5jDwupctpxRoH25UZ1Ery3H2Y8pUCye4
solana,7JJVA3WMDxMzLvs3JTnqbGsvRikzskYFzHJwx4kZUL3d
solana,6oXG835GUZzjez1WBUTDy6BXMfGZGdNDkR9bZNJyqRjW
solana,E5db1WsYcSjWx1ZT14AUgwPtD7ND9zzp55DkrmQxWMJG
solana,4rEYvh13XRsS1TRNHDkFzxoS2upPMDgXGVGd9f7GRuML
solana,EXiDyzVMH1rHQJpreDehUvVUbmUdWru5UdKoeSxZhtAW
solana,BSw3WwA14TTzEusYkKKErpz6VZNWfqRSE43fNQGR1xEG
solana,2XcC3Cwv3E2WKJJSAqd3H58sUemDdmAN7Nq3RoqCZPyV
solana,F4Vuisc5UdoFdxCShsmarhPuE8k6bTAePi521r12LPct
solana,3DsQnXthZfSY7ZDPzwXisQpLZSoe44vFDqaobk3wzatb
solana,2aT2tUhNNyigpNApm62VpJcUmdUTBk72SgCVSBRUUWj4
solana,HsxpVXTW5KqPuE5E1RRom6Wxgy5td9VX1akNtXmV54Ws
solana,5bhXo4eJhqAmAouLuFGGE9aMqR1ri63wo5N2gohFH9Xs
solana,FUGc7C2qyoEQ6v3EW7pGBJsTupiSKaRP9gjtHmpotWyU
solana,4xBHSwYuEM3ELbfBToyFuBjwTL9cu7cjsLD6hw7Draag
solana,Db2Rkp6ZmR8D6Ca8DFW4ZXUvS6tTQPQEBn9Vjfnkp7aU
solana,J3bgPcQsfs6X8fo61LKGU5ywQH7MdRenWnPWykQA7szh
solana,3dapgUa1vTyZA3UNjzqYBpAfG9eh5PSQ6X2YSzo3J37T
solana,Gx2UEDMF6RgituuWxAz6XgbFtvwPJob3X6wCGnArUaw9
solana,EEHXM1jBfce8q4dUmjCiu95iuTRNxZA7i9VMKDkNscXp
solana,HiodSXHfYeLMqYzY61jV1VoKXuSDxVmcyRWctUbaTxtZ
solana,4TSZQXHSyLKewBVFW5hKTuhoQVJphPBChhGUYAGE5aXf
solana,J2udWgsciZZLdmGSkeLse238vwn5pgnmChVEeQQ7rwSs
solana,Bgsks7V9LKELKJZ51ed6g4LD5eTirbecNFDMDCbQiDJv
solana,5mgLe38kAVgfhg3sBjFCFNbcWdJnuzZwMdAoktZGxDtL
solana,7qTcswo9ut42YUa6HF3mCCi9qB6S11npD9hXBYhC3Kkf
solana,69DNj1xoYcjgCwmCYc3ZgC8dzFiZmBTNyT8CypTr5XMj
solana,37KMD9VB1DR1ir7Bdmifg3Sikw6tLv78MRwmDVieTCHH
solana,3y4QjuFWTCn3WJgKma8RBYqXVA16pxAW8Ncrr4hbNZC6
solana,GZ1vVpNxN8pBrkskWF7aKFBdecd9ak25Z3MS3YFcXDGN
solana,61QPq9bZ5ruVrriPBAcJ1Q1oAnnohVR1oPqfnUsoVDaW
solana,BiPZaUmecLFf6zhj1J1H8TdDGNmC787DRctwduX2QDMy
solana,922kMfY6ZYstomLywVy383gMt3FEXQiesZWZKLuPaF2a
solana,6SRRS3KMHt9iLuHpPcopEnYmdcwwttTxunMofzsvkWEK
solana,FDr1kMM8PgRth8uQnQqMcMSU6T4WZtxfnNb4DdCvhZC3
solana,3T4GHdauXowjFcEreNce7KruDYyg4xiMpjrxt9snkrAB
solana,E92xEjNbyYy7rf6F1xzdsJANSa4znHBWQxTDWMTUFsnD
solana,AbgFeNd89n7d6AhFXbDqZYURkY7RQ773sx47Gsi2ANhW
solana,HScDj43raaXqaernhN8dSbVc63zPUi5XGYUHdLNjgyg2
solana,2q426D1KS5dhB9B4fC3e9pk8pVc71DDJbQPrcC9fSDWk
solana,9KBBz3eyYXeAZQqtKjhB68APxVe71sFggvQYfei94CNZ
solana,CLzzGTzQvysXFrDiNhq9terHmLeXz8gwEd14jWMswjXo
solana,9dhCx9p3WKA9Rnuwfa11WSdq52gYsBhiixWYCfpdBAFV
solana,7QQCJNxUQae7AYduJiLuydb4Gd6hNHNtEtUUJiQGAmzH
solana,CrRhWbfLGyJK4TxHxDzgdRNJ3uCf3Fu9naC4KapsyjpW
solana,qLRxQ8RiZ6o5eFdGhofHitQE3Bc3z5YuavwGbpDfLjx
solana,BvG6ptqHT4ss79MCj2vcUnqU5AKG3Bge63yDamMg1VPw
solana,BKdyTpMrnexoHVsFKSN6y8qcMcYcbuxHCcyDhaSHpVFG
solana,GiGx4PdqqBXwUw2XpMp3tjtwnE8ufhsBFmaW6J4ptVzU
solana,CEQ4bF5CQWvPK889iaLoDRyx3QD4M96EhGoRnvfYYwm
solana,GhKwcxq453253rLhivKnX7NE6oMQkMnxh11eqcz2tViF
solana,DE5vCugfq3nYfh1x1VxSrgEE67YGsaVDfdPjvUAg44vJ
solana,2cHktgwHgB7ms6jxFcvcKSk7Du9kbtBj6zQ8pdFd5oMY
solana,Ed16gbmDMRT9EYFHZNwa1M3YidFVp6p5kWXvNax6xDnr
solana,8T7TBdQLK5rKXPbMGYPVw9DjdXHBg6rGndEzNv9R7xCK
solana,E11z6WWVYA1m7n6nuK8RRLmnU9H5B8Pzm5GBUWAGMSm6
solana,4ffp7RaUC6y4ejMT4SsD75iBGswSm6hZq7qajjFWKTxt
solana,9G1fQ2QidWGTdnkmTU3sWRcXbHfYvzg1gdFYTSbARVvY
solana,A7NsEtzhwnd9SigxAxBtp3iwmGdCu2kRFrGVHPHNHToS
solana,661YNAwPAUn5HJhGFzNtUJHs8seTwTspYPzTuwm4ymoQ
solana,5X2CoXvPkFG1AryP3ChhDJxaBgvpptv1o5SCkgRmtqEg
solana,Gi8eBUpkwnzgLqbt4XAfbB29LeERnJSFAm17U3SuYZrF
solana,CoVHBXRfsn2ZM7wK7kDWLAQZG3eAb7BwnynithajgESt
solana,G8C9pvc35TLpdPQD5ahzt7Fu11UmvxtV6kBwFTfDn8ea
solana,589oAwNi4LDzooEhEcaAskjksxnxfrwgRMGPVkNHNGst
solana,3WhQSYh4eVFapuWJgtFBj3GSCbUworBW3bCjk8PsuSsE
solana,2AbB56zNQWDXWEftn8huqeJVjxbnHT4seeb25qByreah
solana,DYcjLkXwRbeSGQbzLN8WapyF4EsPRWQv5HUfQYLeNRN8
solana,5gif9vRamFEpshLRH218LyG1ruAEat1KxW96vCmFGkYm
solana,CsC6JadVtMmpPNXzVTE6Cso2yix62zLzYS2CBiBewngA
solana,AZVp7xd5TseMYczqXaYNrmRemMuGtncJSAYnSE2Damwt
solana,A3hDyQ5AsFiJcZik7xVgoUTo8ideuwDWDKyyvSUoJZYK
solana,5BaTbfLzTpzmJKMf5Z7DfJQqJDP19CJHVSf4xUgCyh3s
solana,7RPHAvjCceYQKbtzN5jWBDkwSWBVURCNBKp5ZVqtGKYv
solana,4DdfMdR1xWZBdCCS5gsHJ8o6bnAKrs5eSmBBjh3X78XY
solana,HuWQ2kSKnhjjb1cwVmfHJH8siwwQ9csdKto5HedU7tJ2
solana,421S43ohcEXZ5KPGZjw5PCnNBKCt937NmX2YhZP3PFcq
solana,aT3VAu9huShxsnvpZmYCbzyAughdsMeRN5R2hLvUPjm
solana,qFUQEvGMKGD2isi5kii7X48UQW5m1nWZoN7hudZLa2F
solana,9qpqEFmjr2Ayk88FY5prKPgeT4ac1FWTN9TtJJeDmZSW
solana,9LwAP9vMdAmpf74ag947WW2SniK5NHLBdusySgYSMHGF
solana,FHzXYCwPPPhJaiX5fc9UMzR7umDpmsmwibcs3BmgMcRY
solana,53cdEbWc5hjv9aBYxMk6wyW6fRXjrVhS4TUXrQTB6Xoa
solana,CQJdqvTCrzGNSaWEKZCWiFLqVDKMeeVFLYVaYKRdMtxw
solana,CUg8t5bX4vWK59vSZzmcwCcG5MW1wsmscPVv2xbsYtxG
solana,3zje4xNh1Vg3AFjeYt27CPsLzD9xuSQNF2ADAeQViJdg
solana,49rqmdBaG3SkCCvBHuDPhNaX5hdkgenmmcHYBtMTsMp4
solana,HDZ5C2VwuZWUD9iPYL7zTXQEeEZ3R5oaXUZfnigaqw86
solana,D8FgUcd3dFwzYuibKSGp2fa4AiLiF82HNaL68BPrsHA8
solana,2ftfk95iwEUNYVbvb6ob5YURvoFT4qdwNBsR9y4ZUyy6
solana,5NosKzAiCu6o2psasRyQDW9Ar1CV4ghN2ZtYFmVphJxA
solana,SLPwzGxTHWW8uAih9ZJdFvzxoLoh7Us6wqMzAUwJrBV
solana,EWVXvhqLWUuSWAsGFkUzm2c7gNcUykkShKXDo8geoGH7
solana,6FCrGzcffudZ35T6X7AouHTsRysuHcJwNJnpP4FpZ3gJ
solana,JACgB318tASKR9rqf7UN5UTjpbXN8NNJYH6J51Tc6wyB
solana,JA8kSCSsPQFQWnCSt8ZQb9fz3Pn2hJ33eA6mmwoYcsXA
solana,A198SdU3WPX1NRjgXNiGGLrf7FXNsAyi7yFdTEebfJ3n
solana,7LFVAZPeF3iYMCLYVSH45za3cFnjnVut3NPdRCAVZAXn
solana,Gar6VDhYP6zD8XUYUSMAKJcdtvhhp79HLtfK8GJZAeAL
solana,9TaoNq3ZpM4Jk17b2yQw4stU3NrXiSkZikYgq9wDN5Cr
solana,DWUgBQxGZbQzqC3Wt6DrcrUS33BuMKQJ6nMaJr4S4hft
solana,BVeuHPqduHU5rVXHdithtWWzYP9s3qDpcBQqnpKA269H
solana,3fmWKAWzgYg3ZxL9qyPbnaH5BmoB37ariBsbX1LNRTfJ
solana,HcMDgwx39bkf1fPQFHLhsVj7B3oEP9Gj46WTYQ41LLdC
solana,G1LX9SdGuQPEhBYWXWWJHVzN558Lf25d55P2A7ez4Jvc
solana,8x2PJJtp9UYVrpGJ2dzKDfLNzuhgTk9YURZYv2ymLe1U
solana,D7QaCPRnaEgJ37skD6hGgcQeRjovNz9GKVcPPbf1Rkz4
solana,BAcDFkrduptQXuWQJEmF2kLTXz2ccEDBJidSCL5Ytytp
solana,7o2FDwNixAf86sNn56HxGiGsyg3HTnoCYdkLFTTzmP5u
solana,AXiHpVDWLwAJHXh93oN9xHYg8QqWFpc2VAuPy8HTFXR8
solana,HsCRVA9BB7VvZVbYCsiV7F8LV8juGig7vd3pjW15AJx8
solana,6yRxAGdSCNydL1nFka26CaVH8hGHXj3UXzreScy4dKwK
solana,8e36Riz6UNGqsJuGGwAubBKViTpg1XkKhycX9wH5KjzD
solana,FpbR1ADLcUFuTJTeu2e7nec3UYedrT8yn461f8eM67P6
solana,9rCTghENjhLf9k2rcaV5cckjU4XZm84HZ4nNJmhQBVxc
solana,CinFSDn59s4XBMBHD1pdETnVZzfqjMe1zsCDzrdq9R1B
solana,CQWjE2z9J6Pzbe87AYXRRanasNYxVmRDwZVu8JXgdyhs
solana,GNHsjfdJou2KFWJLeVpajpdZQMdgJ6AFgfPyPtjEHpFf
solana,7nPMXMnhzADc6Tker4uq7ZzfmDPw1nSgvfo18F6uzf6r
solana,9wYhXnYAKpRgF6FuUno6vyKu5AqVhXqaSggw13UWiksH
solana,HSh1jMZLETPBsHTVxjqEpGRnVdhFniJo1jjCAhkVeCTW
solana,2FA4swfRZe7ZhKtS9t5jcxHSxqJQUjeRVjqAYAoMHhT9
solana,J7zwfwUsFWQXPAs49XhiQtZLMsRBYN4oqK8dkA228xnf
solana,7SNCM3a769pWPSjzoUgNqZVn6J4TqUQxToB4R3Jhq64R
solana,23LUCVzFjzwPsW12vVJFmGHC4DmCusETq958Gg77u8iV
solana,8GZcosFZzWahLZqCjLqFrf7hpsv1gQB7e1xyBqSKWmNs
solana,GPi4aMCcim1g3WjU8xAGtXb4CCKp4RrMtcR2pVnxnDfa
solana,2aZCZT12ThWgUG68ZbKjfpHQo3nPV1cyTX5AEhBMiTDK
solana,8d72oP7bnKn3rAoVcu9yEckQ7RBpZdzpBFeSLzbdj7Ap
solana,AbwD53n4ZZ9ExzWDtoXQT2rDJaov9DeJnGG4yVoiNbhK
solana,6XJRBEA4JXjiqCdLbvYKy5coRT74Bbiq6XYn22PwkF7y
solana,AbHNchr9sftHgNSvA8hedhHt6paopYxQeaKiUycy91dZ
solana,83d1JeQd4eEemvVW2Vc9fnWGWUEPcERU5Khn1L1tZwE7
solana,6h2spxQ9XqRcsW8742UtFwNzyMVp3gpWrh6uThoR5Lxp
solana,9CdLo9i62NqNNSomXpSrNCv441rSXnitHLuhN2bwqDQd
solana,HeDmFkj952jty192zFQzzbL1sYyPpCnFe6GWLaGvA6j
solana,HmLPjjf3NMSKazcL7Pn4oi1P5fsdCmVLHPQ6YSF718Bv
solana,7Df6QLcaP2NGm8PJoapupnPqyva4mF9XAZo6Bwuh3Yae
solana,FoMoF4X6kLvysVfLr64Kft3erCWq1QLxhjoMm91Avjfe
solana,ENEiwcZ4hv8keC5FYRGYUBaujvDhZi9YYF5D4Mpm9KfC
solana,AjnqgmbU1qPDx9CrJPJ8rDK3a2bZ8tiGADVRAyeTTfDn
solana,9Tzbj65AtYQtraVKZrCCzNbz7KWYDWmxSSGciFgvNFc1
solana,DHxLroMLAeozHHECgx8iSA8mS32rLx7LE57xwc97coDc
solana,HMPDsTPC9Bzo4a74cXS2mXq7DxqNbRTAoPEkkrWXdZvQ
solana,A4zXEQibzPTwS3dYcroyiMMTuYssNdDa4Eb5VMCDmcvW
solana,Hrke6VCp91bvMyxxJhncfAqwJZHp9utGHbPWrBv7RSQ
solana,9XxKGxgSMVvd61BZYJLiqV4TDAjf2imBBgCs9tvHF2pE
solana,EHN4xgoTNmPHjTVaRyUxohQv1T3yYtLvk9KhCjTqPUe8
solana,8pFZZNSH1McCrYwTs64QT4Xj6H4YufkANkq9RU43Ww1j
solana,4KWV5EFA5BrjyMkvJfUASd9SYnM42GG79ESGn1Jd2Xim
solana,NBPcjew27nViqCxBiiaCTbMVfzCjvRpAxMFfW1N3rMw
solana,DJmUzuzriWbBE9FK4RDj7nRSE2gL793mDjrCiaZ2a9mE
solana,91D3wmpCdvt6N267PiFCfkr6jxTRnzK21JvN6EKQLBtr
solana,DbrPy6u8WriMCU9GTRncouPrnKXWeQYRnmHdivLAtLvd
solana,7VzCfRTQGeDpbm9mSQSFRMb29jWQjoy75iAUkCesRGoj
solana,5qZ85yJbWbHPR8rEGZsZc3qgDHAHYgFqAGd3sg7wGaT5
solana,Ej2NSNQao2qHYBravuV5oKmkYVUUhKszV6zgYrGAh64k
solana,2EWCipH7AG78TabgMy4j9bAMDgTMbRotUfF3nWTMQ7ZX
solana,ipXX84pcMhisakNfr37oniiVY8kdufAtqRPNfCNr9c4
solana,9zHUVsGkGwRYNjjbcpsW527Xi59EnN5kXFt1bjb3JjyK
solana,9Ps7hPhuTdxznfTz36U4ZnLe5ApTvoBUCQUjfkm8XCeB
solana,AowFiwxyt4wLtETDfBzJvgpqxGZa9dxb94C9PS9bHyxH
solana,8HeLzeeUbQ5DycjJEp7zgZCLHimsC5MNkLCCnjAv8xGC
solana,DzMjbHKxtbHfckeHtKFxogDK31BDcSkZnGSxtM258ntP
solana,3UuVV7JCKU3L1579qZnycnswujXjzWRxoaANGsNC4S1y
solana,CjeN8Jo7Nv3HLw94Zg1hRE2PYRPd2Djb3pQEKafDkKs9
solana,EqMh4wQ5tPMwgGeFxYJjNT2KvyGuJLZ5nWGGbUEt92bR
solana,FE7PG9gJDDvfi8USAj5NwqUg978Ne5zoKdtZDDK52sGv
solana,9P79uAczEHAxbb8kgZZgZk5SMgquSqrYfxpwz7TDVNJp
solana,aCYZUXrNyFvcVGMnxv7wZFNnMub3XH1v3JNnUQF1D9S
solana,7gsw3j37iWrF5BfBanwCqPiLvbTvJsHxyv4XyRtLN2V8
solana,7HG5MLYLdG8CPKKvs5a9oZwEMCc7uTUFDzxriS8qLrA4
solana,2DeisK6YbUNdttyep8Zup5Hj8KNVNPp328xzcaGbu3yU
solana,4UEbwjLHy6tDCUQuocD6wYwMjvyAwy5623NWcerNErVx
solana,EwtDgVRwQLcEeUhGSkdjn3eRMVCxzQrpruo1F8kHNj7s
solana,CAUySgrsmGjDt4zKVZ8CBVJHJVqT7Hnod7GkrQ4w7A7z
solana,2jsRtcW2bpgm5Zq2Ue4LTeQfECoQ6gUZqGire12B8Rwh
solana,CUhF4sALSyKsy2rjvU5kfK9aPHTH2a4ssmaYBmtjCw1x
solana,8rCsEYW5ghrcxaFzUVXHRLNZbTR56Kn7YsuqnFY3q1Ky
solana,2KyH5WzBfUNrwKBzXZV6zorUS2gwq86wk9qEAXtxDbbP
solana,3QGQ27CkLMNayjEoi9u76G7xEjFPE3bf6ALiQdnmXokL
solana,ET8DmMKWFd7EHA49UyVzknkj5YsXnTZgUGkLYtLwgFft
solana,9mXtJnF7PUcSJqdrcWxSqxjs2dpRxNW7koj9BZfHAMsc
solana,CE773Zrgt3QM5ahFieMks7KxiyYmK3FLFwFsVTPqQELG
solana,26DT8GgxXemBkZccR7M8tkejDGeqKLyUBNhoFPRRbbgS
solana,3xTmEvmjeEamqxWgtUwzaaPaKzkufoXjMbgHUZFw56fF
solana,FuDfYXBBSh6qFQZeZbDJufU8ssY1HaSn5yhZT9NgcZBs
solana,6nxgLuo9GoCJnEokY4f1F2epwKpcAwpytwv9hdVPYcXw
solana,8PUmRRMNuU28gNJYwwBeehZbZwbKKkaLRuH2ohx6UjQd
solana,4xRWLqE2S1aCMdSybhAwPm1FoXtTPUSPr4LQRjZMMXmV
solana,Ee9usUvwSD3gpH9LHFyt7Kar2mLe4DGF1fGT3JhvJv9u
solana,64NoA4kqUPXBTn8RnXD8sd3C9qDhFyBv4UPH5tUVuag1
solana,2xJzZEzCrwzh1TLofnFmfnBSxfNfWPAYUJqQQMT84JXT
solana,GJG22Mm1r1NigpYsxwmRbFYjSCoTYTRW77XCbeye8gy2
solana,ASU32NCQPDbwH4uQicLFyMyzq9arGu46YH3diy17xktn
solana,2B5x9Wt711zaQvqzJ79xGpEA6WSiCYJXUKiKyYfPivuG
solana,HUqJ34o726CBA7yusFKUGXCxudTpiJRkfxKPzgK9mZQW
solana,7JkBUiVHpxaoMxbbrzLWUjm5LVyKoAtxifERPTUNCuKe
solana,3ZAJfoFV6YbSuHsaQXaTQJnDHX8oeHh3ptxAk1Kkbogz
solana,8qGPxrSUEjBixTcNiZQdkH2Ln6P1vYwX86jr8mrBSsoC
solana,j9H8yNhqTYu8FsbHZb8NTsGAqX9beQ8ECMrcGG5HVcU
solana,Bx9MDDLv5FdvKaN3PhHGLcg1nnCMCSDAL2VgGfdaKqf4
solana,Gu2kFZ4y1YKqDqcddWugbcrow4RftfnqLFjSvXtxvy6b
solana,GLmM9Rg7f4bXqSe5dDJAzJ9dniMTd9GuPjrL3Edep5HH
solana,HiGrNdad7jtsG1ATWpfsdytR4Nt9QjPFCjt3TEcC5YeS
solana,BC3QKUCMKDExjjt33H4WBhyRPSidMvPyG12aQuftGj65
solana,AjK2UMVsQYigFtKgNppcgAb8DCVLcW8q784tSHrNqVSa
solana,ASqNXjgoPRDbLGbVsHBji9Yf98XiCTYNg51p2JogRyfY
solana,EgkmTB82kvtajH8QsJS1q3gkezeQkk8GZZD1Sdk7LL9Z
solana,XU6tNXd9yfitGpdAfegkAYTTLpy2TGrfq16YHzoyM3S
solana,3bGiNeGiQ9xU9ZFwUZyjNTVYXVARLJQwFKZfbuipuN7H
solana,Br5BhoSbp5i7gEmpT12Fc4pCw4hffKbgWQFH511Fyfuw
solana,3Ct8HYingo8si4W8ruLbySqxcLSrY2L2athDUoS49m5E
solana,4P8h8GG3cokgQfVdyVHN8fcpmnDcy3ZMdbFaWerpSUGU
solana,2neh5vn5STuzwkSqD4buCpsCpDNjW4S55LKh4dt7Gu25
solana,85XP3P4qzySizqtR1sM7DxVvsQbjMbU4qPwGNLrEeELK
solana,Gs44xvsiUsMgyvBw3W81eiwsD99NzkrTdBi7j2SHoK6d
solana,ESAAxE8tYNQkphdWVBeFmDfsgzm1dmGQXK9BioPiicRX
solana,3sEpeUGB9Sk8P2iMzqL8ARk9J1AnX3x7SGkzcg6k4E9d
solana,GDH57BhQ948SWWcRwrwt143Uv6L8Fnte57r8v6q6DzZg
solana,AkAfxed8vUdeDrQsqVeWW5B76GaBDFXnZEh6fLUNBjbD
solana,GP7A7mrKTdcaXHpA2m3Zphykv7veZFNm6MNEyyb8DpyH
solana,4L9E6WmH4NggMcMW6kp6h688T5GrPgvu2kyPu9RabCTH
solana,GXoFCSvJc7LkY8cNHTHzZu6jPMUxTB447qqBPovgzQmi
solana,C12iGYQVWSB4VMYi6WJAztAtSiJq8hm7sUWmreZDcvZH
solana,9aK16hVmjEEVBCFNxjiWAZKWPmtAiXQ8ETWKmFtHNVWr
solana,6grMiSkyZHL1nz3MA1hw1g8gZMnkBRWpHwwmkEdnryFg
solana,76oF4Jw8EAvnanKVty8dMEmYGuBTuyk37rbuL6s3o5Gi
solana,8mVtBV6gkbcSsD7riJ1AjPHN9USKWSbrFUtnwYCFJzUi
solana,461dLYhVZaGKRrgNrDqw2uDXSKkBR3Xfouxo771DcM4x
solana,jcgag3CTjsjsWWRa697i8N9fZHw5SXCRRRTEq9VzY8a
solana,54fRDJf3rpuLdXGixJKtmXoW2694sh6gZMqxtnb6CbFA
solana,CrsvBagL3S7D9Zmj8KCHJxmSS7Gen4bA4p81qsr8yUio
solana,6WVvxycgPtwpNewBahjB5PfiBEKU9BGsYXn4DQz7rXLX
solana,4StAaauDiMGqikRE2bQNAZs32aQ6SDPbBDqLxyJRL2Kq
solana,FEgSAKRctoB4XEt84KG16Hg9EngQaGBijobc3Y71Us1Q
solana,7PuT2UHyWLUnq3sBA1HCWRSspiWJGq92ngrfxUQ19FkK
solana,6EnMRn99kioKatisbES1z2y1pL5rr4JeQvihTRTAgxuj
solana,uL6DdyjyQw55MCXdLBxscBY6JQyLqBgZv7oAovx3F3c
solana,4FBBHG6Gax5RdrSMP2DZdxoWQrEiCLfPhfeQTWKcggjP
solana,Hxaft2dYnWyuxxiEy2LzVJT3L9kbfJP9LrZZKoCcWYDT
solana,Bu1xgNHvetAUsNFkVMN8zi8BE1i2j1MAS7cc2U1HiRBJ
solana,5WJbEDyzLAkiEvDSJSa2Rrj2RY21EZBv1uoxo8MnsD16
solana,P5HZYttMZgW6A6E9WmweLaCNT7dy1W69gAXZWM3amdi
solana,6EdQH4pDGPnKN7V8XFJazcA4sh5LYxEktELgFttsPL76
solana,8mHYP5is4QWEwCefHeATUNYzvJC3w6kxhewmR5CtzE4o
solana,3Bmq7MkTktmegE3uLQoUvavnePPCn6f9yMFCSpUt2Mke
solana,7gH4HSSRzdd6VUiarhgmVZHfJjGwLpYThE3z8K18cWSV
solana,VRUxf8SMBkZhfkxZDMXCsYjdUPyruYpxYjfFYW6ttR4
solana,2252dFU3aytzz83fKW9CGb9Mw5Q8HdNZQ5f61eDJ8dMN
solana,34QMq7eUNZ3Ac2vCgmN6xvurQzSgAK8NbNoGgSF2DW6p
solana,tEssBLnWXKucndL8wmFTJDSVCGFcxmfpML8EUBH4a87
solana,G6uMoqML82VJHBgEeCSCREEGYhSYpAGD86yWZrtaM5RQ
solana,FB3ofogMXrBbE8bo9pyt7Cf3tqf6Fq5kpAfduiNY1u9L
solana,7cDFzsqLRC7BWufc5biAE4hfsYS3eJ3AANctLXYNW7SW
solana,36nT1ByvGsGNF5LggTMWEd2hRb5BNvfJs9cDtMSDmgrg
solana,xanfn6qMEaiYMw2L8ZSdGfyqF2tBbE7Q9w5uGtXDhEE
solana,4RZ86i68uQ6T8KDMFa1dq7w8dWfJcYtH4M7HSxjeYCpy
solana,CzPVveHC9FrpZim39U9z56SuAnHsJCPS1frqDSoDAApy
solana,2KVGwPecnk6Gb1WovRXdhJTtEZDjM9g6ALCjh2v7568W
solana,HnDLnW7MdtnLajT36xsXG7CT1u7GA5CKiT3Hn7xEacNo
solana,EdAVgaAGw6SPLCt75ywbJXKRJ5n9h1wrhVHGwnnmvu7K
solana,FDArEHm6uYsAauNmZBP8UiaLPxBkkEZNCB1epoCEL8NW
solana,APEuVVbBrk1Qz2nAAw53wCXPN9g8y7Bjhdg5Ds9QK5L8
solana,ASje4qdynaA5kgaFWrAQ55TmTuu3aHjGHEhZj17vGHPF
solana,12yt9BEgURP3SiChfENx5yf9uqiLqxjEJMPyHzLqqugk
solana,4chBdmWmyBaQZgXWGqAbjRDoofK1dMEvdQ44PqjSRFU1
solana,7noRaoSPS9a47BSkcyHo1sZ52sDtvBUsJYy9a8JRtXsz
solana,6cXgfBvcjcPRLfYBm8ERDYhqPVVAMBQdRDcAMe1ETWgw
solana,4RG3thX92HCkMnNoXzoSWczAbxRMGwHEorEagfH9iJx1
solana,8tsrUAGX5pgGthQ4Z5g9wasCBjfEaeHnJQF5uajptqmi
solana,3eENyaesWesJwb4KtifVTeZ7RFM2PrU38Fx35ang1tBZ
solana,Faa6bX6Sh1mm6eXgyYVnuV4ZoJ4CEWgpu3LrAmJ2XP8g
solana,9V1m6AhugCXriY4xPLdXRmSv3gYCcSnJYftPMWQBqgKv
solana,HwaGwmMY5eJYV2Tv6pENcqkpAQB6We5DLa2xKkXEgtja
solana,4hfSUoZhx2xdLy4e4MvkmXzMeeYJZcBeFiaQatEpPUGY
solana,6r57Bvs7ibkCWkDi73iQvRCq3tB2Hbt95hhCvyZGgXia
solana,5qvwzUsQ3ZSE1miE6TcQJEQLXdFCGudo2aqzLZ2A9CcR
solana,7PVTZbc8kbHFe5W1iZQpbWYTs3GigRoQFE5n81rsGztW
solana,92QaSACtuEWLe3QzYMiUQjKRAtNYn56tvy9vmH9xEuyF
solana,APqmoQGNTZuFLRkjZxBp61K7V3EGd9CwTBu7fY3SDhHG
solana,7cVTQLRJivxMxzPTsWqhbJxrpotefamPtGzPLpRooWsJ
solana,4YTSc2DFoJApZThPFdhJsuT1iRWzxonggdq9aApq2aRT
solana,BJQwH8JWLxYeBwenPSUsaZ1Zqt99dKrBx2vishZSaMzo
solana,GpwqmA6BTvGDB41TozNR1DCXVF4LiJFjtYFX5Xn4YQB7
solana,GdrsCXkXTJeNaVC4wHPuhQNY9RDHgp6nx4kmziV1U5EY
solana,ARjUT1UEGQng8uaY9DJkjzZmLzGeQg7iSRAWDoCFE2qY
solana,FagWPedNB2praJ1ufqfAUnLthFD4mRKZaDvJuXQirYRR
solana,2oRUH5yBvCYFKSorzbDcLGFr589GiwhaCs9xpJFDdX75
solana,991ZEoHojnSPVR2phPx8LxU82QriN3VyHHp2WwCB1qL3
solana,5p9Bj4LWFZ2fVfRzdhiCbrHGfJfgeJVb8X5sXb3RRYCA
solana,H9K8mm3kvV5twG3rpgqiRRvqzPvF4s6h1T8FMPXjr9MT
solana,GpVyLuTbHrqe6sCS4FRTsF8e6duxk8BMxEuR3GMjTrp
solana,3SoK7Q12AfpeKBu8fiamakR8RedTovyBEC1GcYbYAWst
solana,91CpYR5NQ6ERzpkMXFvytVw2zgC3w57dMT6dMZJNWpgf
solana,JAZ1C783tE2yHPwTQDbGLgkKNGFrT3BRSvzUyxTCHXvj
solana,BCRLfKx2vEcy173cB2zVGRtp73huLe3MifQaT8TGpiGf
solana,Epexpx7yPnLjpVDxfhncyRpddf4gjMzUELWLWWG6Ery8
solana,5GD6g5SG5Kwjz7YXBy4Tufw8WT5t2DJBUPqBndGefYas
solana,BMQqb6P8DzAJ89f7vLt1b1vL46f3rHjXjwoMbFDXwo83
solana,3G8dyauNhKAEMfKqCDsLrAUJSzXFQ9vHMVJE5exzD8FH
solana,DNeMWDr2RhHM2rCd3f4CWqLYHsY19BuQB315hM23162y
solana,4aDeRHJh5JKfkq6sGK8kvxANWDXK6xxN5d5m8bJwWw2Z
solana,4Kn9ZRVSWjraq9h4NKG5ZcsogXpx27MnW9grpcPpLq34
solana,C1cNAh8brsGC7Bh3VPn42W7Ye5mkV7mD8urBRzsk4v1C
solana,C3KcjCZHoJy5arG61i2CuovPmixvSxsK58xvZ5WJUd5Z
solana,DeN3Bc42niYiohP9gwyvZC3ELbLw2Yty8jCqjt5tv4xw
solana,3fWqJuwTk4RZ2injovmYTFd9ZMqoREG7tLSWh1tvzKK9
solana,E3HN7gSsvGCZv4pCAhFKZd3qC7afBM6YGUshZzsrBkvK
solana,GUSAaKemH4K4Eqg7TtCQdSBguepeWXt8jp3643kZqbcx
solana,EhXDy388sgWwhnNNsCQGjgy5QPXn7p1b3su2EUu1mbDe
solana,4Jq3Dq8hwY5iHDnRQ5hBXsMvxxuySP4wSH4MSFd3UgHx
solana,8JVvbKhRtKa4uYvsdZtE4FWKwK6n3PGe2LN9UrEQmrFH
solana,3czqcjNnjK77eimL1LH4k2LucZmzr6P4GUyBCRNo9Tqq
solana,2ttdsbQdMD9WnaBsxcEZoDLN3TgvehZm1E8vc7DmTsNA
solana,3y7GfzHUQLVnuoJvzzz3TdDhJ5zTVXQGGS9yczD3JSWM
solana,EXZTD52WBxo2hF1LgTccBSHBqewhnyS5yssLB6Jgh7WF
solana,D4Nngeku4kRB4XkWovKXi9rKmQcpaBXN4k6kgCnLp6N3
solana,8DwoNNhS1JQyjFpHwHh1KNsmKMSxutyug4X33Z5t9w2d
solana,EDJH2xoNHNHdL1NctqSxm2b1Xqaymk73nEmKHjdCEC23
solana,AbozPUjohbx9nUAMSWXKXnVL1H5zKVe2fLuWiKpiYrSw
solana,5x5rfdXparRWsZrNntsUu5sgAeyMonpZEtBpEnhQASKk
solana,E8UUzjRRnmHg9vNsfr96LpSENbGWYypuUcaxM1bg3XCK
solana,J6Zrta8KKdgiKQoWFWEn9cpnscv6rFNMEbenov5yga23
solana,9pa5zQvGJnq2wWcigsZU5iDxQ6Svhygvs2HPGGUgKjyF
solana,CstP3XScNtzSek3XRt2jDnmeNHJqk2CH2jTTSBQ93y98
solana,9UzuxB83nzpyvcMLStBEQWTGjQdNamMntGrEWrgp5YEB
solana,ANVyWVZ6T72RvKKauyXqHvrNW7B8iEhgqTRtym7i2CST
solana,fGP1hteXu9yJSGQoCyXeuaLopjGwQLok6a97SLHva2f
solana,Ccj3Yr4uLgqL1vnApmHzxVafpsGBt78vbDo5FHSR5q7G
solana,HLrieZf5PudMLiSNF1CNgjCEKxFE8fwxRNUWbT2vAzdB
solana,AGjSGyFpuRf9ebtnEKP5vkhALmP6hzyoqfWEbsGuHYLY
solana,6rWj1x5gkLrMiyg4jo5Z1BRkhvTB1xhTAQ6QPcQFURim
solana,CNqVmHnUBff8nk8PKjhq6H7skFRopSHuMqT69e57FLys
solana,3QUZZTpT2PSDcLvPKERnWBoLMTU9E3nMARabdjfjShWX
solana,9T789nogpkpLidLD8jnyyxjaKVZjUQ7g8ZrujXMUHQGy
solana,FnHC2DkAjQwe1L2XWCaUkb51HWtMZt3W8xwpYGNRgALb
solana,FJSEjnguTCaaDmaexdpagij5fEr1W4Zw1wfFgVousZHr
solana,GecBJYni2eP1DBzmRGrdR4is9ZL9wjAQehPLZBKDYrZ9
solana,KNP3mCUUyS3iDuSh4Zp78HiAN9sFDeKpQWsMGrQnsb3
solana,r1K63jbMWd3CEyBDU1EyPqdXBvYLkVXdgRG2ndmTZy9
solana,9fi6LhZKgVs3aNoxwxvAmUedvU2t4o1ZwiCRmrnUeDvx
solana,3SYthAu5qCnwmPko9qHNrt5Ni1zw2qarM5J3aq53AtF6
solana,GSVS6w5r3TTsBCAQFRi6Z3pYwhkMPJiu754nM4Kwihtk
solana,E1Q2GBKP5WPuo1YeA5Cp3SPj7tk1V5MPKbppTuLB5Cjc
solana,ASxq21SLUSTR9QGVSZXEg4tdWHf4dAmfzVeKbHseE8Zi
solana,Gw8UrshFNVZz8Du2m1tbDSbyLhDpFhnMQMWWTUqG2cUP
solana,DTkDLpqY3YrCTyfcF5LBX1UpcUi275d3uHLnNqykPr1i
solana,DkfBrF9BBqCsaxcUnPwkJuEuhRvQZcxP8Wm4xsNYwsLh
solana,CB4eAFhbTXpnhxt4Ygz2wKs3iGm5yAxgRofbAXUwD69v
solana,cVLPi6f7wE6LVisteGCBjJB5LKCmQD8hxopdBvQ6wnj
solana,9zKQ8G5QSzKoAQDYTHZL8t9jikWujsy8CeqngBPg9YFK
solana,AizZeiy3cTYiziS5vT6qf3rfbpTsamcVqyZjEHiQKRjj
solana,23hNQJgk183QdeAP1zM3yGf8Mc5WEhah4MbWTKXnqkD6
solana,9vcNuK8EKPzK2Cph1knWJrJQwFf3kLVdKwB43o2h6YLY
solana,EHuGKMHLsVKwwXvBreJtJsvbe8Z5YubJsgAD9DEEEJ8r
solana,CmX9y2a1X2z3BfmLFZMLcWH8EiBQF8AfXngqhRp1rbEj
solana,FeUJk8K1ksEFCo3QXSCtyeyr8Xc6iLXy9NAy6Z8ABKkW
solana,7uq2kEPJ7kf7mZ89YHnX9HoenK4N5qhrNYgyNzb7B5hy
solana,9cq58PFre6ookQrsiMDbWEfChXa6LTG5QmsEkrfsAF2H
solana,3EqkpqhPpPuBepVLbAJTW9n18zC2Yn5XtymrZm9Wp7GS
solana,7tBYwWmNBEbHgYDng2B9iztduhj9dF4pvX44XM7SnSXL
solana,A5hHZwGxw43aY36HJZwT8wNjw7p49wbS9ufqPmz3Mk79
solana,BNKdd4NhFRrNU4LVGFFMRxMX2yuAr5yXMRxFmcBbfTtH
solana,4T8Gs57ZxJtcM1N9vpAGNvntG8mhLTv5ibJuTexYVJfQ
solana,7c7tmfesFYRaLu1G6DQvFP3RbTfX9kWM91WDHqv2C2ST
solana,CbUYHzAp2fF6cZjJpnXnqGhRGYUCNfhbDcuAqt9NFDAs
solana,8cUN1JLEP4Z8dB2YpNNiByTgyXVK9LbPvwRpXbQuwLXn
solana,8jgfkhvtniofpfrKpYQi9EP8z9wyAweLoH4PGpaatgZD
solana,BmQ1DNZSQDJDgB73dZNvD1oZJbpqGEqsjFUx1hptPzwU
solana,HSrMMkAeLPbBLNv2UJHQ1biNqS3ehqM7pk2WQpvtWAMo
solana,AR7dAmMXHGfC4fpAxa6SvwDSvejr6KMsmd6bFjJN7hj
solana,793hh6jFRHXWBhfSS5qSis3XX3sSrL1fgWxyoDRYduyT
solana,Bg4nWsPHx1ZWrF8vD75B4FAsDd7SWYnLu7PMrPUyDi82
solana,4ydgLdDJHbnYnsGpfAiAMp5bmUAkXYn2mDXPvd8JWLhP
solana,3zyCpVrPhqsiKG4bauzjZSRhE6949f1t1dzENMScQPbW
solana,6DRNUoqKcjHAWS3LZP6xNyspQguxD7CZ4YNaisbERr32
solana,Du2gm6t8tuQ34raaTyPs5dnbGtejgoyNNu1z1Vx68LGJ
solana,H2qbGU7Q1SzJFgZTP71z92mdEqxELc1gziNRbwKnV6az
solana,2jX7C8YivcxiY5t5BXcU63muPTp1bpvCr7NrXqzuyt9o
solana,HgMwpKa4gFAujBonEhsU8Lvb2gTrr6gpWzbBbUAgEsBU
solana,6omvjTKjrWo1K15jjazJ8HkzvoTxFaijVnhyNjHtGzcN
solana,A9XnM8qZiRasCttsaE2tGC2GYyPD4Fpz9GvR5RpkjFCg
solana,6k1uZ8LKMUkHD3ZMDv4YTikTPiN1JGyzzqAh5KokKCL5
solana,3d4FpTyorjJ5htLCWXSSKpkkhBUJv4aM2BATkWyDsmFi
solana,93GFnfmBMKXDz4LdesxEVyyPG5hEZFPcNfHyYMF3NXug
solana,5JVZbPsjpJfRi9oUMyW4bdBxDZKf4x4dt14BSRGbdAPq
solana,2hwbsNDUmNpZBa1mwuyj6pSVTsvKjeZvosVGT9tuGXz2
solana,813CGvWNeyfUMK62oLGtUzmD2FtChiHFYGT9JmVtDFgR
solana,FMXiqSE9bgJwZj7qYZjrL9EByVjDnBfkiEnyXcmN2dSF
solana,G6DUyx5c4QuZB1MC5MQsBCY4qXT4a1JsXeyEEg3sUN61
solana,8aDe3CXEhu5VhVgyNchu2MmvL4pwdSeasgbzcLRJ4YVu
solana,Hp1AkBrvNxydJZk8mYdTVSkbEP7Xk6eWUbVWXdbpxk1D
solana,Bvh6FCajea3Cng1Yn57zvQZZw1vuCrrLaaV4N5pvTLC3
solana,5cJSJ9WmMn4Mw4dE4Roy2F9ibqZ7S2g7AV4FgS586A9m
solana,Fxy8nUtAQRUkkwyTbXiEfvjAp6EKGpjEGTqpKmJnU1Lb
solana,3686RWxJtPN34LbhLuNKY7wtJ1ciNKUiLrgYvGvZTcj5
solana,6VGPF6C6NU2baDiS4BbT4NM2myhhTcArQDVicKi1NXcd
solana,A9AQUDin9xFcbPxAPL8SvG4cx1kzyRWEBS3pNeGKvXRN
solana,76W8ojPk7VMmqeHmdPvoZQM64rD3aR3VK2EsXg2VxMbg
solana,DBfttzTRxk6XD2ySHEBQ8gooepFKtCRgjvrQ21ngd6ci
solana,8WhXnsNX4YbAV2V6zPRopKkP3ze4kppPwjbs8ARTG7de
solana,77avsD3n9kcgaSbm8o7Eqk5hqHK7eBh6jWJtBSqpr15M
solana,EzjAKGRiQ5DUyN3nFDzWwgz2SU4WppV1uLsU1vJ2wPvK
solana,7w6WAX1c2MxuYpsYia6V4XSKWspYLhVyeGSMWXYyCaLz
solana,BjfZgfJxBpfRE1gBUPRJ2FjaUkds3dEHC3RazsCs4gEE
solana,7aKbaDrU2zwSyBtebkcQWW2AHF5pftSGLiE2tpwF6Pn3
solana,B9RniK3nFVFK8mSNzNoVLHnSv2y1TDDXkjgcmoHAj15y
solana,9SnVCkhRGZk6zXESL57PQQ1sob4uvCsVjvHsWQB8BND2
solana,7PLw17Eo7DxfaKoj4aQjPFMYKioKqvNWVZB61uxzYU6P
solana,Aik3HmzUEJnGD4rMrvcvfo9746tUfdYq6wcpgnLPD7F2
solana,3d81AaacyJQMJRBkBATyCVSMFtemGc4rWxxPQ9ABLkpj
solana,B7ccj99BgSjxpApWkKSY5MvtMw4UMNSFkhRpmXZotcyg
solana,6sGJENAx8zjXJeV36Dkas3edm6WaAFbRYgHtBQTXqKQP
solana,8LBhVmpCKj9a2FUPRqZ5TurAuEe5kV5mJGivKmtFcu5j
solana,Hi9Gb29RQPkqG1qqdtW48pPTsjYwssUJiinU4baS895y
solana,9fQMmsU6q8foaVgh2y1CUDaqXDXE4FVgXmjapcFaBCoM
solana,4nV51UkaoZ7qwcaKKemmors5AJ5eM4YVgtJPsMDB84sE
solana,8mm91zshdpGmtSeeQ8adm8s7ZDZQDFzkqAGV6iE8LwX5
solana,6BpWX2mHNyEtKrCAvWmqu6rjBz6UxGwh8TjvRcHcz5KB
solana,3bBccBoBTnTFBRiaHK6gCD144oesMffmewi1bHCxaW4q
solana,7g5LN3Re66xqt6PLNEruGUksn4C19j2o7rMzdrDCwhMA
solana,DKYS2oC4qVQ4ZhjdgCGjers8zh7xpYst5QuRgtxaHwvT
solana,5ckhtqNBQrYtnvEb2wuy1dhBtnq1LP7wDMDwgdb9YXpN
solana,FvZn19AxqUVwQ3BXJHgSGxzqz9qX5gC7PoCLt7wCLmGh
solana,2V4hdgLWuBo7TpKsG9oijmmD3ghQaicxs4jMtri282iL
solana,32rvddwLiTjjj7CSAoBYBKKY6NbLaSxqsxPo284rjNab
solana,B6vBm7Z3oW3Gzta57mUsSaAXEJtLLBsJHYgYMp7Vihs5
solana,F88yT878PFu5HQKt5SQegNDjP7cHiikcueq7thikwn1w
solana,DU7siGjBy7cccfRXFfPZR72kxxatcgw2M8vEDP1vUT6Y
solana,57uiazLUExF5pZdJY7LL3kLUjryp844gh6Jb7MPG6NxE
solana,FkxGEXgfXD4NtA2TgVp71gByyFCSLzmN2FpajzSt5FUy
solana,4m2VLrVZD24sEZTopchPk6Rf8ygpgHnDLAZy46EnRvJE
solana,Gic3TVBqCrxsSvggGCq5UevdigTKa1zQoAYspat476tg
solana,5DcYAnAbFEc8kyZCU5F8X9t36Gdq99ugUGdNGLjF1SAc
solana,9xvh4Uozzqb5vBxfjfbCeTX5R4TFwSJnAGGmzmvDzaNF
solana,GNkC3oX2zGYD5vpHnGV8B1fBLFReYXkF9VMJ5w6wy4pm
solana,3iXQdU9C1EK3imN6HJFAWtn8Rpfveqwj2kvYu3dc4KAY
solana,48fPLgf7aMDMTsHXP2wuR72pvnuQv86s6Tqjwtdf1cxY
solana,5y6RNKsBoxWChHP3BYcS8Keaj5Hvqrk1n3dnmyLZKAZK
solana,C6LdgzzGxgcRRiTkqTSPZ4PXFXnL3zoY2re2n9pEomMz
solana,GFsLpjJrAJk4dXBMCz1BT299FmHuzaP32a5y2zRYFmTS
solana,9dyC8odRMKpXDRAruLNEfKaK9GeUUreqZPT54oyaJL66
solana,2WRDqjfQ1HSxBexikDpa2HPR1EcpHAqzWrt5d38PXP4W
solana,CY1EKHNnjsL4cRACkHsVPMgKBn4wy7u2WURu4humQT7L
solana,4VrAfYgXhXRUzVs4wHWeNKqt5viEeqV97vy6xHTQH13R
solana,9Gff9MyNPopBArYb4Leo9b26capYCLo7gB9DNsd7frTF
solana,6G3L6qRiCpkR2juSmLsFJZGNmugJP6svcxX944hN7D6n
solana,4w3R6QjjWs58yMTZDbZuo19U9QqkCAcFx2x5MwyMo4W7
solana,CXQYu35DudAxkHJRQHv79ch8srgko3NvjrtwPusadN7a
solana,72ZZ7T1W7xZRSFWVP7x1f99qaNEtQmHqdHfqefZZTMwt
solana,LPRVE9FRUU6JcPq74xQwzdfMNhsETepPrxm1hpixjDk
solana,2QW8BdLy1t7BbtwavJdv6unJ1EYZupfZf6Dvs9BVqaaG
solana,65FERbxxRwWDUpb6K6cFrtm3pNN6TftNSFgbkm6SxsoC
solana,3YyttiaXfx44UQeVmE6F7jecC1XGURjVMTRjka4S5vRm
solana,wJbpMdE19mjwNLFrto8JjMU6wwLjQ4vvcZHVpcbyRun
solana,3b4WH6nyY9m5aU5qh7WKrcK7hSHFgPz8hwd3DuzZ8pUH
solana,4dVhZhWFHM2GrDUKBXSEahJ83zVenHteDbHDmVzGu7KQ
solana,ECqXwLq4ZfCW42sdwberxndwa6YfKKhYpqtFRDcDQ8GM
solana,Dkk4agCuWDjMTgxzwNa7d4xSkSbVhFh4PxxiqW1bujmJ
solana,BZ4wB54nFRokYNMiNZ1p3a2ssmkfpJ8fKghhi3qUMmVA
solana,cArh8b7eqgRmWUBT7axPF2NUzTbGu8MSjnH7cPWyBUT
solana,GKwVrZAvKN299zqhtvqbGfDRV7xig6nUbDmcftEm11Kn
solana,Hum2ER6DS6nirukwCdqtSWRXYLFpR967JkKCGVgKXnzN
solana,CaDemDPBhy1pLbCaaFiAQv23J3u8yxV9QVpbpEbL1ep4
solana,HePzRpKp9jDzVbYJ9UcGhUVfEqM9GAeNK8vKcjdWWc7G
solana,971iSJ7BcJfmaZ5o9pYoAS3ihV74quzCTsmpJAEu5fRR
solana,CVnwydNqGEingtWFVuncmWPmtaSTLdquSdX6L9Mh2Wu6
solana,5Uvj9yDwirRcw9J9XqV24gBoSQagMAeev9chqKXxkM1r
solana,FxiLjMT7uuRxjbFp2oSrPuDV6eTj5imMohjns64YVDvT
solana,59Esk5iDXnnBJPzPNDWJ5ygjPds51EK5Q1Q4FZnXLskK
solana,8iDC4WP2WKGNAF34mgk81Tu4YYsvMFSkE2ByhUeRpL76
solana,CbFo9sCeMDJyWpaqzqtuk9bMu5MNuCvkwn4R2y9FEjQx
solana,2L2o5tk1G8vtPx3j1U28gC3W4nNNv3QHD8n5QYGx3ow1
solana,6GrFGu332zXvv6mGCDvkYDraMMaqLNgEuc2DdtLLc4Ms
solana,pd8AeLn7B9pnN2nEGbXpGPtzMyxfZ6NfzeuFwazqVa9
solana,AsMLY2MJ5E3AXdqVtfzEeqm8kckq6UqmeYNNcQDpzFi
solana,Ack1MGqivcqMr7am52tT6XkJTDbAvMow9437jhtL1Nnm
solana,4bYvjVgj4sG77knJvBkn4TvtM71FzZ9griNZkzJcZbKV
solana,mQ2BdVow9LDPAeofbbQG2rgC58CG3jkCoAGEqHvwwyo
solana,GLPWhNjnzfPifwes7Fb9dfqpNexqL67qdyRMGVtCFANL
solana,ERpcS5XTxdTysWgbdYWaGFeVm6NBbs91BmWDmsW19zPH
solana,BG5f5zFtXoSBKgLmB72yT6MRQyaCSE1W8wpXDrajZLXU
solana,B9pAGCYAUy9F5nZxVPd5f6XMsRVF9xav7jpsVcckb23q
solana,5yCZT8MRtVbbfTYwYZ2fGxG2gnhMCop373hrPJ3tSi8M
solana,7YnwuVVkzfDkjPTC2RNFFbu2HerrquBGRtTTKENyfZo9
solana,DQjxdA3Tkq1dm72i8ERKRHCRcU46rf9RE7zU9BDwVzPb
solana,588q1YrssDHW6pcDyXnmHrHMo7T1naYFpfWYE4ngmKRU
solana,F5Xb4ryusuGWHEdB5K3xG6dW41jNDdyEABCqLVk4ZaHA
solana,DZU9K8VUrYrfKCJNWHiHFURZ8Z7AbYt25qkY49E1TAdP
solana,6V4Nc4A4tUJBqjB87mmzoT2fh5XDKmcsZ9bX8NdME9Bw
solana,CqsyqLYpyqyxXGSYXsWb5YroGVmN6XVrb5m5gpvyTemr
solana,D7VH8WqyKV1qjGoxtek8APB899JJqAatYbDSowe2Kqsn
solana,HnVg8GVKndnePmYU9ogZbjLSfNZLLee9H68RyE3nKd1o
solana,F5cNFVddd6L2jyVbw5PKbv81ndjzmSUmRpNggx3ub6FZ
solana,23G52jfa9xbU2Vh81zsfMcHsQZQMTLTceFv3zTtdSiau
solana,AsNjYB1NcfvnPcoprupnVLxYY3YtREJGEDQUZietvhoV
solana,BJ1anhVUeBxr9RLEN74gZA9KbhWqkd1uEZ4WbczCdRL9
solana,6GgLQf6tbN3FRz4Kuk88YuLrqMKUgiQsAkJXypoqVMDf
solana,AjTpEF8F1g3Tuo2uKKfWcxwJ1WjAVAT5W7fgAdbuMXP8
solana,DSYAX59BY1nbH5tc95UxV9wTSzbbZo3h5yzZz8y2Biac
solana,BwnoSsCaqfJCfvvAy2VToJR9cw8pqpE46wesJHVe79ex
solana,DUi2ntHqG44sqoRmpUKYmZSPV9uW5gK9vxPucSRgTBeX
solana,Du7k9Gq7VMemCaUEYwJ8DxSiRw47EpvspFF6kQ9sKyiY
solana,4GiBuS1V57mz2oPRN5yiH8iWv9XiSjgESKeL7qjP53qo
solana,ATPGFTZGW8vpUrdw6gbTqBPowzztvDhDCA5QgupxrGxQ
solana,7ZAYTcjijRNnf3sZunqBcY9Ew2GrX7UHmYpwTBqrjguj
solana,CLt3xbDmqAAsd3PtcMJgYrbzFo6Ao1ns2jFYvydZ1XF3
solana,5kMYR6omx5qTxWC9spQQSFpfAVDBifMohMTzLhnag7QV
solana,2VRFGRQ2mL7a3qCXRawYXihM9s7dHvhuiKxqSNsQ5GpN
solana,86aBBeLaUUTpL7rSonVNomTSSGyo6Z2ddZJTtXeFWYh3
solana,DAvA12ExLAhxxJqkBV3UCY4d7zmXagnWveSMRXmT9vyf
solana,CYV3rnAdwWQnQc2smmHxV9CC9jeQqPTRiZrcszKkpdE4
solana,3RmJ4RzoWePKmpyTysPXzsFqQEBB81z64KjfjewqLBm6
solana,6BzCwvHfzJk3kxmVa7WBHvocbtd3ARJSRbzSpgaBNEmC
solana,4q3ixUNxV9LoiypswNJ8A9qdBdYGoCLsuPooMwxun9xz
solana,CeZoaswMXEHArVugWEdK2kFhQkvkXagVRhyAhEZBAt3a
solana,9ZeooVTtCFp2LYVU8YQvmfCJL6KzSBM6aWvHzNkgUSGB
solana,EgnbtweMCqW9s8d8HQZLED78UDjRs29eHA4ZRkmwcTRD
solana,8zpdhJVZMPqgigppgkerk8Yjdkc4Zy6TuBJCePkY6B1H
solana,HFCbz8JNtJrDY7oM1u2pBj3F3M95u9kJZ8DoGZTCGQMr
solana,6h3T7qkZHsZ1c5qoZeHA6ccos7dZXvFbvTTD4opCHuNV
solana,8Z5mVNajiYS7iaCSUQiCZoRr3SCW3cNocWLci2jUdDDA
solana,2C9X7MmbfA7oKBaPagZeSLLdYGzyEPkCWWPyDbuqaK5W
solana,BhiTe1ygajqf2ERCjgQqMCURRzx9htS3nje1bMQiPTVa
solana,GcwPQfC5PgbwVvnt3F3hFHd8SzDUFBF6XLi1u2umSwTi
solana,GNfYrC7GWnJKZFVezCwrWA98B8vCZT5NgyFzSdV6Du66
solana,CPbjZouYyFw4ae6ons6XCDgtDMWThbjBBgALiSCMhF7d
solana,66dtAZ1fe727XAuWQjkntSaCmPgt4W6oNg8S9CpukH7G
solana,HZuujK3v9LXEdFU3pkA6vPHUkSjP2dhTZ7L935DYKNWw
solana,H1P1R9rDxxKQgtoEbE2LjhxFHxccZPA6ZfpNck5SECYW
solana,5nYBj3sr7XZKeZMiGDrETm2Rb94YERDh6kapFSWRSv8i
solana,Ga9SpEt3gA1TwH9BfbmGJ4h7Y83DckvNQKd5vzzpe9Jk
solana,CKam1R6CqWiCYWoQpzfvs1MDi1xNmMb8KTVhHaBcadSW
solana,GWubEHpE2T63C9X5rxNMXBD7tzs2jE7D8WYZmpT2UeNQ
solana,3KSD27nAKyhQxpbaWL3BGwcmsyEAd6F5ozTTvmWb2bje
solana,D4P9v2gRniUVYcNTLKbZacCXvAWDMKdbnvMpNa59LYKD
solana,9Hv7QFz368HQDTCzzji78gkg6SMA9iiKgKjRCc7FzfXU
solana,4p5LzKp4ofq5dMFzFyYH4iRGmqsYzibtUqhCKiQkY7G2
solana,FVGLihczHEKnXYuSwAGm32DdARbogULkqASdYPrF1ABk
solana,DJdxABaybvVByaWzokyLynn5DSDU6vuH9LXBkZvfBGk6
solana,5ptt4eq3ZtjWTVKs9pJkWdujZsyHpHL99JdtUYiCyh58
solana,9Km8dMycFBi3ozCuNKknyLB2xiWAgsChKLrSs52p96C4
solana,CUdS5rTB2DH5LgT7kWUWxT1qaUAcY1ZbdKsViQVVtXsV
solana,DzSPQquQsVsh1VmSCjZCLBpkCDJawfBpqmd75dBCtFRH
solana,H6kymq9tGj2nm66TirUCm84SmXAK2Zk4sBALjQeYLYEu
solana,A2T5XZZiLUTNatUxt64WYjiPskH6wxFJXoCEU5uB5k2V
solana,4PVUiSPGQ4qijWRzbXGw5ySG2SK8kLtXomCqmKa5DwYK
solana,C57zUqe5HDhj47HFs9yAGevfs2TkEXodDVnVzBzqAzNQ
solana,ATfp1y96XkrFESYS8DG7B4thiVudCcYZfYqSUWBv5FqR
solana,i2tu54nCUQLsN2cznXWKRZ8j1pJtN77o2g9V7bKCqu3
solana,FKh16fVeXC9ELJd7riQGqW3wrPDgndYqASy8bpvLfGSp
solana,2kGu7asjS531hW3sDve2MfVhV4NhB61ukPv5Uos1zP8k
solana,Ga5uzhhUytBMQTQF8tXNYjcM3WprvdBEKtFPmKu1N8NU
solana,2pDumx8UhkrA6SPAbzRmyvwLMyjrQmuMWpmBkL3mSRoE
solana,EJwNwdY6mmEBijeWiccFzwmyF5dDMU8Hoogah2NKjrG1
solana,DC9egBFcm3u7F4xTtH7pNcNaW2TYwC8KtajUWoZXaJJN
solana,AMgk1oQaFP28SUbAcseKKJPqbitFjfbXQBy99dH2BLA9
solana,5vdm9CvDw3BBddAhLrPiB1nCHLEuUZTdmSFeytJyn2oi
solana,8TgEJW2EQFL5SfpJhkGpSkMbpFSVHNeNjAsbkLKynwno
solana,7yyW8MzJ52k6oi3wiEc2gCkZc99CL3iH48KsGVxGWmtj
solana,HKioDiMgWyNBwpU5yyfGN9CY7J38o6c9ML2EGrtobpkx
solana,978EgHqLJseCtgtay8tavezyYiwxkP3N7iWdtY9nU7hV
solana,8x7LxxESE4NetVBUkWf6hXbYdqe7N3sLQVucfRCGttRN
solana,F2B8wU4kYQ6udyApB9miXj7kufYYb8sRdMNzPrBNXJQx
solana,HR9EbUXR1iBZFZCdxwiheVdZcdZKeJbizgzysFYKn7Hs
solana,71donVGUgfKQwmgNYZfxXSZXYNFzD3dnkWWKZqwmCqmy
solana,Bpj5WZ157PhMQmAAKCu1jsGaCngTC46Z1rKhVfY5bsJe
solana,GX8maTi761EynfQZZbmWiMHskJEF6raXxz9reCBCPHRu
solana,H35pPxxJ95g5QBpYZ3LLMVvWLavKeVsrgBSapnh7AUjP
solana,ACiYXjaukDbfszPA6MPzHoeU2YLa88eA45GhPjsG4quj
solana,CG2BVLMW7u9V3hMt2JTWs7k9AtQkgGUoQ3jn7UqMBkpg
solana,6drizcSpqyC9Ua7Rj5yR3JJU4o2xnFBNzXCVuZMitsDq
solana,EJ7rpVaeGZNRxyh9taMqr4fhfSATMiLjWj6sxSrH5nvt
solana,3q4Bcfiwc6bF5dyGA9f5dpwJgKtiqGZwTAZUUwHLLAXE
solana,7f3jFKLFaAayWyQUsWDaHSZquksyHM7MAEYYkfgtFFKB
solana,BiGq1iXotXnx1QVrHkmSKoaoBGGzMxFNmvLsy6R9Xiec
solana,5MAo3npY4oYNDNYZkCTVuecJJQA389guzDWbWPPasmWq
solana,EG85in5p8Tk1PKdDKeewEkjXrTiYLY59thYiUEaw33Az
solana,CymDhc7YTzsLx21Ts4Fouf5WxgzyD7UhrHeiR6mc78ML
solana,5ogJCDVAdzxcexN6UJdYHnExEW5g9tseQCXhEVBBqmcZ
solana,GB5eEZNjtETbgUQBpkKCHTopNxEx4F5uT5P1VqUsBWDh
solana,HdhpQojKWDzWHECMF7ekhoaUCrVZusWjB95TFNkWnd4p
solana,vagF81p8QVcNky8j3jnqJveCKpaPUSVPYys1R3QbLoQ
solana,Ey2hufuzPJ6R8hPCxfX2rTV5DckdA7zppzbYA1e9LvLx
solana,32bYMPe95y9L6NcNbHy94Anq8VeQfGmuBJeZM1D5owxS
solana,C3ktRT7YhQsitN3q5dn5GEM7qSh66n5zpG2XYWiTaoUc
solana,2hgZNYxHMo6H8JK3gY5ErfjKPRE3FMYsA8AXtwih98cU
solana,GJemPjyfCMiqvckVsG43Yjr1GG7J2zrTsgBvJGs1qW6p
solana,DG7zuXtEudijbtQiA729ts5Pm7HvbE74nxbHDn3xvZeM
solana,Ayjq4WPv6HHhUKGeTDRQU8pM8LF6FyzAHi6JmDdqjMaz
solana,Em73fnwUQHwe2ze2FugFKbVTWhK3ES1LUARtXaU1fdfP
solana,JbicYZkJWkgkzFqiUahzxVY5ihUHoZTr2RcQ5AGnx4f
solana,3Bokooi6sMoStJVzCSm2brdSUSkppQK4qEXDXR4pDt7s
solana,JAaYTdvgyzCHvgY6xSQivyszpYVdD9494pEKjvT1u2of
solana,AAec2xm21mBUEqTo4LJNDRtFacouAU4BXJqKwLdv23m3
solana,8o7p8qeMh9GghgkuAfp3C3fXVGNR53BicCuGaRfeBT2s
solana,3H2T1MeS1dHTsbB6BzguVe7FvpBvBphcoGpqPwr2gcZT
solana,HDZAnfKZh8ZLBPHoNRurRrxHv2e5oGuGWjMBR5MD4QdM
solana,DN38bvgYkcGDB6N5uhpam7B796T2PDbguxanBaR3zZgC
solana,Gc5q5ZUuwtvLpqiyPKpBeKf46N3iBMt5nkRdphmYEjrd
solana,59vaitmxD8nqEe62SRcYALvcbN5GyJdZhrRg8g9p8Vby
solana,HURjjT9B6cYoT8yhXH9GHbQkE1tL8JVWyx3Un5HBFrYH
solana,CHsyt5pTd5zaeCWvsteNNmmSGRKwGHj2upxnwGDZmebG
solana,HMMqQY6BwmNoB94YYs7RUYqGaWFq1u8ozszc2oZBakMy
solana,7M299QimBFDcUrfd6bbsXinEn1wtg91hNaedHFXUCG48
solana,5zoyq2uigwLKCSBz725jyFW8ztuV1GgUW46Z7DEKStco
solana,238VVKqhp1b2y3jhG6f7ZtLcNrw2KCeQ9ApWRN6HzCu9
solana,2q27RdgxzYWdSnXbYt5dbEue7S73MQfGXpyb3RZ2PcWA
solana,Fi6a3db2qhNb688QzA1FT2kTrgNrvsmsVMgXMd9Fow59
solana,ADdbDC8GMYMEFn35z46j7xxhXTQ5FFPkZHXnouLKZJK
solana,EsD3KocSXu36D8eTF9dXMe4pYsZMwhL5J3kTXxcxHLcU
solana,BGnWWfk8sKpgq8SFZVBrutfYmPGafjKPVMbrbs6NpSxD
solana,7zAM4yVjk8k2knaaN3MpYdnrAvNvbmpymNtPM6Tzks7V
solana,BATvzZxQCc1xrvieE3msLLnxfYuKVP4KjDQJWP4zSvDQ
solana,EgmxhMDmQJtjW9j6mj8Pkt7vrLUMQGvA9vr1NRHtDL8a
solana,6bjMHHQrjZRjH1S5Rt8rjRS8kiknsufs5e2ykoo8vSwX
solana,3zCUmbziBy4pvm6DGKge9wv36UDcLcpZdjU829CZfmvr
solana,7yQHZGBcx3NiezZux9iQfMiQFxQ6c1pgY3DtL2XpYtJu
solana,85EdMWtButubaz6etpievLpn4SJVwvY4uxDy1g68U29n
solana,85s3sDukhcapNCH2ckbByksNStdmpMuJ8ZVWCS16FxYC
solana,HKRCJCnEqkjNkir4V9HkCfSMYmX2cyS4aCV5vmBA1w5k
solana,AGKzkxxThqKSNiPzfGp3LtAitEXBmeStKiaA8xm1fAJE
solana,D2BxYXmj4qcKzw6shyAHwiSjpSvY2KXRDNzQYW2FvrMK
solana,823NrthTg1SXcyJTa7MMsfDo5b4cZLUMM8dGSP7mpHuG
solana,8oHJ4L3r9VKNvgxGSN5XS8VfG84KzBfVaiADdspFqDsA
solana,EQgWfmMyAyuvcwgsk9FnrDQN7BPAUmE9R6q6nv7iyyHM
solana,FrMf7UkqZ6Da1qAkWrZgXejNoJcLRcULBHEdhmu2GjPw
solana,7wLRtc8EEgPwfYhzXPLCkvDkRJReGMvDyNTzEdS4NSR6
solana,CnnXxqWk99e9yX7xZ6YJrnsos34NaD3i3qtMRJSqYYPp
solana,BSzd2QRmGyQuREyxTe2jXWpV7uyKR1F1JJ13PWUutiPE
solana,HCxKFaLSYHm5bobdgQAQLg3BRRXu8jQnN4BJZh1Psoz1
solana,HjMar8y8uckgUiWYKLMRudqGPucCtgS3QJHSksPKAzDM
solana,G4a9XkXCVy2c3MwV2A8hZXzbdEi1nde4ai5HU8bsQYsm
solana,4k3m95PCqjGJR5AxpKUzn67QrEsHWxtpzQHas85ssXQp
solana,8UMc5ZGPAVX8FrXERFhqCYAGs9rFugbYTv8v9Ugsb11H
solana,7BFhaXZWZnFCQ92Y6eaRh1H5xHeztFj1CCvtyfB2b9ow
solana,Ed4thmtd6ttsE5XFj4NcbQao1Cdy3fvYFT2CUUahUxwP
solana,7MyxWnf6SNpTp1Q7Sr1N3W8NaR4mfmhFpvkxLbwiirFa
solana,GLqjqnm296FyP1NjwJViETt3zpt5gkUQqhM3rXQno2my
solana,52WT5njTzoBjLGgfrLD1kZDsF2jwAZisdWY4FQjRvfQB
solana,DFE9ePccfvXyghu9D47ZkMPvX1sHnNdEpGeD1YfF9nbr
solana,8a4CmoZrrk3kXDLCwPwViVCaDwMicd1YEFgKvFV7cyWT
solana,CWjQ3seCBd4mGdjb6btJiMtujCgWxdfp9uGBdk4UwJNf
solana,CNeUZB4SgGLyXZncZzVQquzkyTy8m9hZoPqxHVWGa8oS
solana,E2df2S3vLfW2LhmNNn82HwKojmWzCoXAWuZBQDVAAYRi
solana,BS5zKkQskG68QJy5qc25HjTaFsPV54odQpeckmNtKupE
solana,4fZ74cqvNCmyvaz1XUqAW7rpECg94z3d35bnv63QR7bi
solana,E7EY6kcC4eD1hynWJNmPtzAbp6cyguyY2zsqK6ZusVhG
solana,4NcRKuWomvHhMU3PeR4sfsYuDFDYxpqXud8qURrFwj9N
solana,8hdwid1ACp2P3QdfwgCNozUMX7t1kW8jDFFQuBZMhuSz
solana,BjHQExvhR954EXiVfZRuhGYFJnqZEmF2paMjPiHywrjr
solana,CzYN51osqCB34Mx9ZNKRyGoRVYiKfrcwqU8sFEhhVaqs
solana,KQtJXAX4xKzGFgMAG5n1uuyo3qLcoDaHLkMHCifsecG
solana,7ASzJu7DxH51Kr1gurAFLi5KJwvzQWXzpKiMgBFAM2Qh
solana,EAiKCqVgg5VjA3jyHfXJoB5F9mFWEsT7EeoX2VA2mBtD
solana,HJCRAwJs16r85ZBB2G5Tuh8BJCsKT8ZJQ9Vnk6mZdir6
solana,Gkm3eszPLT3ssRfrVBAkW4NaS6fGzr8PeDnf3HRV5npu
solana,DbExsjkaBVjtVL9FBP3vNzWdf6EpeUktNMf1agFzMbtZ
solana,BecYKCFUdBZA2Tq3R5gSnyC4rzFQeGVNBJW33zqmpkTh
solana,Gf8uvCnPeCyVvpoMxweGHvTGY5aaZNNtpRQxsZbRp4Ta
solana,6Cj6qWh4fV92zFyiL8JnTdsBLxFVpFbTMGLWxkEvwZBL
solana,433Zb4sQUWTW8zkivDW1tAXMcUsfA9qjeFF161XMoVUv
solana,4YWxJFR2FcDvMLYn7exFfkSj8rp784yQyyxqoGdfwzYU
solana,EPiX2tBiBmzihZao811K6C2bnfRbaCy9udZXKwfrwhST
solana,Buytpur8UEM2FhqE1JyUzDhzmcPUJYs7Bvbp6k62YZJx
solana,EqrgfqMHufCVrUYvEdnznC9RiYwpx4W4JNZXKGjfxwoL
solana,8osQm8UCM85jn6jBbjzSaLqWBWBDfrBphr1aSZA9gwjT
solana,3iLrf9VxP6tAu5hRMmdk5QRmwUm3s351cjT8ZrbbrZpj
solana,J543BxKATd2j3cXFaocnYZXCBZqCccwPeENMML7k67s8
solana,HkhW6pdfv3npN3s9xuthcv6jPNeZU6EMzv2mpQRGmq7W
solana,Cwg6ecossRVhmgP1VK3pbYmLfW6nEzKBHEuc4UKYr16d
solana,C8hDgEKqNwaBdA8EQgYpeoYuThjr2jiDaWm9ejH9aAp5
solana,8HrmfLntJJyu4R1zaj2qcVfCG29hsywjTT4Szd3qaJdL
solana,6ZSuEVFxGC3B2DKHmAYwnHWkv9MJfdrAEShQLnoTQ1ED
solana,CkL9JnEbPngXAx5rzor5dSFABGhh9N2HTvuSJTQtG4PC
solana,2sJfVvRsJ9NMGYfhSKASvW9P9KP334fWHXmhhCBPFjSV
solana,8U1JRUKsH4ne88QnieTe2fLcBAEvxF1mhZHQoLgTfX2G
solana,97GDr2K4tQhmM3cnA4tGzSNMih6SWtcTktF8JVz2bVuY
solana,4NvVjZeA1yqXaVLUURqenXSx9LqLXiuGSSfd8pa5At7m
solana,47db7rdkWqwDiZqyX2Wx6sBs3HFbh1V6FBDHMgD4Neth
solana,2NF5N1GuazjFJnZQ6toiVBEEnz8yMxJBTVc6sQ98Wdjw
solana,Ht9X9VYvYmCRN1Nrx9C54pMdKWwYeySV1xtRLGXtJ73e
solana,DEhs46EnKqVbpcj8q9pU87XRkaJLSeXCiNghQgrBtprt
solana,8YPBZy6NnQBoN8H79r7JEtgZRLXtpkD9GGugfyjsvJty
solana,FUnmfodqvDyC6wihWXkT4eCbqrVqHr3dAsNCqgo6ug9Y
solana,Hfjojw9ZKMrHZaFBczN5PfESVrKULiNABcTFCuaxzGhq
solana,4awxWkNd1o2sLZMmsg7dJTVhhTKwmTmtVaEWa21iENNE
solana,H5Cjt28SJVvzS9zCP7Y1meE4Vqe9PcMQubrZi7suFZU2
solana,ERgLCfkHaZELsQ1cwo6XFYWUF2LZJupewBiYovo8ZvJF
solana,JConx4Ec4xEJjwzGHmqHNUAAJMehDiUC4HESDCK89Te6
solana,FdbCX5sbC8VsrQvUgmGsSEGWcCzKpqTweowdyMNeJdjN
solana,35ia3BFvxwKgX2tUtucR9Kw4yRw8Eq366UvqybZnC3Ns
solana,2rEuNJ5gp3zLRYbk2Rtj85gtEEodGM1AXMfnWoCzehZy
solana,GAGbugWvkon7F7Z9VMQhYiBmtP41rVsvgaSnnmMvHaZQ
solana,GT4VF5gGa3KYhZe5ysMUesuf148xERV1KDRkM4rbTzoE
solana,AWwyuuzMdyuYMtMLYKQ5GtELWPwv8rLEfyNSzQ893Qd9
solana,2Qu6jFnuZvHo61CaknS9AGBaxKVT1K8EqJSruXrGLm9L
solana,9ChNRVgFHTMAyvVMU5jMQmmxNLYJS75HjbgxNZ5BLSLQ
solana,D3RzLicpyKLhf4W4DNetgEqJGeSrHGTWUkF2MDke3TQo
solana,5UnXmiQVMpXM4L8oiUMB9u5kokczVima5vU6XmAnkFEa
solana,BivHyqAyaXHHsaoj61pNkXW2Zp6tX6tfNRwzoqB3tHz6
solana,Hr3xfKWx6GqUia5ECJbiLod395sjJZFHTJjXysHqdLA
solana,GFE4aQv4V1HRso4bABh6p8rqBXDmm4j2Actm6e6EvWTS
solana,EfTjRYkNsgc6vuHaozHoUXC7vLrxoy328e4f9F53XBbd
solana,AyGXjE2ax924jHE47Sa9TTTmDCriMxkgtmJyTxqsJkBe
solana,JANVCHBbihFcvitNhTd6NzX3q3ahz5UiZTHLsVLQPByC
solana,6zWFNMeVbFx1V7S2x3rMCaeCiDV6Cb3qCA2cqmkYBo74
solana,FrHZNeNXZqm36GSfKjAeuT4Pv9sp5f57GmurpWFW5xaY
solana,H1xWhVJfCN385hivVUmLPoUqP7RCzAcrYsHyfE4M3FTi
solana,6KZGai2umPdiVpFtHeswQskiJJcrFU1aoRA1UMEySciQ
solana,6kNZrxLapCsSs3JvkmSwJ3FxyU9Z7Y1vCmYee6kDX7Da
solana,4kz5fAYoeCHUDvmPb9ptB5kx29mo372bY2x26fjc48nu
solana,Ca4JytRFJkSh4MCePSECNjKpJhEMsqCoDpH6YDQyJ2UM
solana,EdbAB3DtLN7uR31CYLQgneFKMQjxMohV89DgVYyVLYYC
solana,HRb2AuBsfX2qme3jbPByhQXu7KCcH73XdLHmjaLpfYLd
solana,B9i31Ppiecqq346mB4bpm4CpxfkFjgjZBDMXjYahFNGy
solana,7S3h3RsEnKBBfjWCijFhnxyFy9Zv55DKqShrebB4ugCF
solana,9JNA7QMV48yAopRCfEL11hgpxUaABTz5d35iCRkXVL3x
solana,3crWGNk3VGvEaLHLzRGBgm6KbzDMw9mW3QV7wjdcbLca
solana,CZrtXTkheM7KqLxLDybq9iBv8PwXv81DzFjefKhDMHb8
solana,F3js7JvCVXLpccNU9rqEsaETJKyFYybuiGcocttg47GP
solana,2VKGv6fZuqe9N5asECnmA1WvSbQth4zTrHgYd1YJcSrs
solana,2SQLrBxrepd4foY3mEyqvyAUCii1YBxH3xFXh4GphvKT
solana,B582XUQpA8iqxue4ED2Xuv1B8L6mh8D1mtMYXxbbdyq6
solana,7TzesEaaXS8v8wG3Qtrrj1CgrRGcyt95TBDKh3ucgce
solana,CMwnTmGxFBjw4yf37qcA1AaQoP3GKn6y4nrjSkgogP1K
solana,4nWKNVMgFLqtgwWZxAo2VLkiKAjvuBYFot1LdPprmUte
solana,DB7edBRNjH8vQVeb3jkmvBvY4ub53kdzT52ZBdJr7e95
solana,EKjxwGbGN82fJM8h7VT9Lc4cr1gCohH2mjovSHACedF6
solana,BQ2UZBThYRwHmyzktUq4rNG3pmPYv21kYH1QNTpLNi71
solana,3M8qG6fx3bC5h8CQ5Q9YMYawHpaP7JxkVg4YeoNyM3Kf
solana,2kEETvYtNrpU47fsmfpjVbhHypdFM7EjNyKt2kUQcjEb
solana,2vF762BwYsmiUajqGVym18fcQfFHcFNM8N1ePTLxrBcF
solana,Ay5df5KvuLm7wgdDCJAiGA2ibVcwNXvbYJfPMD9Z7qAH
solana,8EZREmEHGCz76GVEmHXJRGBnZQE5JnwhtkNypdXdvr38
solana,4vp63cpE59LnFGPDP2mHEncC5okA1DKR8emqxW5SSyB4
solana,415UbBBgPDoAXaEQKHysKNAhCujyvebTp75sT3ufgjsD
solana,Av9qjduVUEdnqcLiDNTFy62qtMXDnxXzNnMprvPECWZm
solana,G2BP7B5UsBGgv9KHsZwHGssUBMrhXrkXq8eScY8zrczH
solana,5Q523hoLiKK3qYLL7WzzppydkiiRHZEdBnF63xXKMGGG
solana,AfciDEEReVnz14nUxCBMHHUNkoRriKJetCRWh3hqs1S2
solana,FxRw1FfEWzQXrhvnMMgkb7DYaHdLovEAxMLcs2BvXxe6
solana,DHV9AZ3RmdouTzzTJDADcGxKgVy6kDudiSQNsipU8wVD
solana,HYq4D5FtU8ALNa5eFTkXwuB6mz1gQsc6rpm639DN343e
solana,5XztEyW8zkH18cGy7GzLzpFSNdu6ALt8Z9gMYKqdv2ct
solana,917xca9mT2csR8cLnB8StrALxF55CfbRESseZ5FaHRRL
solana,CXXSRzteKuNyyN6kJukoaytnvRkShWMzYEkuQTUudsvL
solana,9cXDL6yt7pu9nWNyrTHywMM4oWC5swhHtsYgNosyANRC
solana,2me1iGkMZvY4chE9nNnuDURaLigBrXo9eP4iTDYdcjSG
solana,DXjN6VxUZJ3PZ2a7exNMABC4i1yMu8yPdDUNHCyzK6aK
solana,7K695i6MydjNrgAGBAxd58jnHKvikoEBdvSfcCoxbBeg
solana,55CALJPMsUMD8TxFwzmp1544xCsRAisGrZfTuyAW7MZZ
solana,CUAMiQzF5rSoUYmjfnBG3reK4wq5Mhwg4bHggJHaiuSL
solana,2gatxfi1DdbpcSqrzuSm67ek3kY1A8TfSqH6kitcAu2j
solana,2nh4AEAoCkergSpi1z5ztFP9nrkyqwsrXARTDgrJBFuo
solana,4fbXA1ksEEkE9r35UkrD79ruVKoBsuQH41srjvp8qVFN
solana,DaFWUZcTNJSLyQQ8Cw8duNYbhEomsipgg6caUMCV4AUH
solana,7BgJfzes4UDuBfhZ56KqMZ5Z51aUjK9QR4mVu7Yi6kUu
solana,3pWyM6usasvWaPKWaK95sB3y737CumHStAXmx8MmbEPg
solana,4PcLuWSAQvALkakFMXbBhU7rqgrPU1Crmh5a8ixzw9LZ
solana,7eiGKDaRuYa99pcaHjyTQY9PrJKN2Wzc5GczzgjmikXA
solana,Cb3iMZx36aZb4trhPCR93Qv7roo4t6ymTDkfjiphbBKf
solana,F9Nr7wTzjJkrxicAeCxZk6PE3eYLcmeeJZ2vHFHJ1uE8
solana,3NuHCySgUJeYRGtXeZcd4vDL21dbP7HiT6yvSf9KWJzY
solana,E7VxRmERLQo3nkVig1U2Z2w2JWqRm4UpqHWSFJWfJ1b6
solana,4NJ9uXcKZwbSNu6YX1FProE2f5tQg9myi3qyuwYjF3Yf
solana,D6tJqTw9WjiFfVXxNgZTiMrUd7p8H5AouRA4Bh22PRiz
solana,3DPDwKqoPzdRE4A1nUKbz7GycAzyi3GvZSznZmWmzQmW
solana,F1UyERxYVsfbR3yAHs3yBv2PYo7cntkgVLkg31FN9W9z
solana,43JxCfw3dr2r61r85vwHt9egNbHpSCddiR93wDMQ38Gv
solana,ymezyuYWJEcjfnEgfeW2s4xNzmjFnJ8XB6xM9tyLvNK
solana,GbWwLkLwcxTFJGV7UZ5jHAWEGHT84fATzNCQtbyUZhJH
solana,8hQeVdPoTNRF5DqBtSUBV4vEm3xwYRLoo1HKCptgcQUM
solana,4wfw7r3maHbQyPRrAUP4NLKWq2VwKpULtpne9wdZL7NE
solana,QAfeRKcG6p58pWZK5prQ2GJRjGMcSV2ihcf4JtkvLbr
solana,Gm9urV4BRFJktBzZs7VEjg2LWupptZQdnyDhR7uHUQQw
solana,AGfJueyqF65Ppkvd8LpfX25HQ9ZHXtCQLDEudcYeFMk4
solana,DGdf2ztGKUb2vMKNYc57pwtuWLysaAZwnKpTimPePLpw
solana,9Gz4WSwkLA9TCKZq2KiSQeRXpVLG4j5a9pyjjAMSDR2k
solana,5j32rGt6Q1B7nmkwFXr6pK3azU7qoZZHC5QVR1P9k9bS
solana,5jrMb47BjhntuPeCDBjDPpPkMa3WdzrXLyQWiAiRtNMi
solana,3YmsopHpiDukcTGLw9SdH5z23HS8BVxGuztWtqqwUXea
solana,HiMQFx8eK7KmbiS1Q3XxuThvn5QZruqV26RiMkuXrnwy
solana,BPNaUaGV1WqNUvhegNLg2KiDsv4RmLNV3McYNVzjLh5f
solana,2LgE7LGdFSzbcU7iHxcABAawR8h8Wewxm7C3NrkKhwMi
solana,7Bsot3xxu2ueji6UobTUS1ncw4JXFceyp9RkZLscehFF
solana,8NoTk8hAA1Agg5WcaHYjnyqgzGa5kgzjzw5gs39DgEAX
solana,8v4i7MCzx5ibERuJSVUqBaNJzYmCUYmUDZVHAPg2rEkQ
solana,1ZucEvXH7dZkbMVneqU8JgKdQzViTFv43giH3eTXa6s
solana,Hc3d8CG62ubte7hTW933YkK1J3E7Y1sZiSLjPH1KcK17
solana,7R62VYv7erKPZViuA11YPfb3xXk7WtEB7BmUXqbAz3iS
solana,8urNDt1UtERyruUeT1piRi3HezX1VtfpyVQDSWnNiNKA
solana,38CLwDwVBJ1oKbpKmULM6FtAkwyPn8oL3Z2bb8j86ZrL
solana,A1HmM145jFKuDfScjdCsPC1uQsKBbaLMjWarR5QRDpxb
solana,85x9itsbLEJtFezsvtL1fbs1uXRzvwKHDgjtmTJdLhc5
solana,3txqSwVc3jJLFSaxLBc6ywxSwUq2BVJ9djdSDfFj88Kk
solana,dfLK2WhC93ACU5maNQrRekdxfHVV4xxcfDHv4XMgEKo
solana,Tg8P6MtGDdSsMtcDTFmkAcrRSK2HcithfGrFh8g4QBU
solana,6SeWco2RpGtwQH25Raw6jaw8s2SNceiN7uKpb48FnwXG
solana,CFF8MZvHfEwiVN9y5bwQBD7GAk9zjQ6EYFaGzTzkkR5X
solana,EJE5RADRegYH2bRcgEQBQ2cLJobUkPB6pXQdRi4X5cFj
solana,C9CBvZYCD4CDhY1hXpoqQBksDgQRLBznDUQbDR5Gp4PC
solana,2kuxpmGchftKB7JRHTiSac2SGkHKPtfr1qLgHN1rKCMd
solana,7tJkdS3JoJ1VTdLapGWdUVmFySVXo6oyLiJfSPSiBTb2
solana,13uxfwSUJFJN62Nzj2iww8eHroAEzhodqgztRKhhN7nC
solana,28FjGqezYwyiandq8Xxn3DhzGWmqfRPswvQXrNmjLXNP
solana,7vYdEC1LxSxpHTdQXF4kyY9hT22H74UEWrypymjSWp5w
solana,AcSeSLNa8HYXivQifaVgjRH4DjPDHYEFMNoK96VGb6nX
solana,Db4BpLU5wBXMWzweMUR3rLwm6mQecpgaYNp2ruKvdv8J
solana,2ZPHtZfFiFpirdHnkBUxtEdMJx9WWms2gXvoWSALtaYY
solana,7U1cGRrWaQPzYoKyZsj4K9qbNncMJgoswaUJUXAfsNn2
solana,3bsdsJRrU1VAHEnz79sXmTsNc6UdGQM7qJSWhrGWDXn7
solana,oyf1EyqytqWp5L6CRtQWCMeQA19e8uQEgzoSJAiMX3o
solana,4pT9rxjJZgn2DXnUdcur3QrZ1qjF9ZmTi6VBrjwY7qzK
solana,29GzrsRPdWMCYALRN3RRNZxqCdqQCp1dndre6m287hFr
solana,FbMiY34Fzxo6h8Rie4rV2rspgnPdrHVyUvShuwYPQfNr
solana,5ZYXJG8gyQkXhx13BNSvntx6qhWBTNL1zJ2Zybo4aHou
solana,He3pLMjtEm6qSPpBJHiQbto8GMtJC3ZNZZaDxQ1ax3e7
solana,GzE3bqCjeRWaQH37xYG3Kv4knDW1T8wTMey7FgZcABS9
solana,Hew121CzamKzREupxbLWDS9VbS9dr76LhChfnsFicZWc
solana,CMgj9uy7yZgp3EgKEPaovTzLyareDCdcR77CUbNn3QUr
solana,GruzwBaNZYh1TNc1U3Cq8yBTM8JJVuGYbArTAvw3FgDu
solana,GqUfrWnLgMc9b1Te7AW6xhAUt93MAjqWBrEo2hQjrEYW
solana,6Hpo5HxmeRaEcMPcBJU2ZhdErsfjk2e2igdv4PzCWhmF
solana,4PSdSWahVWZa5RpWyseu96tKvwU8HHydyqG7b6bzvF5w
solana,GpFcXJZ8MnpUJaHLSLg3rvp2yMU8QU287ssDGBCc8TaD
solana,EUyuQ1WBY6s4m9VCkYqBreEzWZ1vQtMbhoUEq5SSkK5P
solana,9EGFmRSHnifCJBE5JJX1hdEE2mmwYhiESVqomoSgZct3
solana,3rmtQHiZEavvk2N164F2ubrXfSzrhQWnBb1Ti1BXkJ1v
solana,H68FqpakA8N4MXgAE6Eu61YWHN3TbcDEtz6UaxoPpwMU
solana,21Xvr8GDAVp4AxsjfH3GLZiLjgttZ9nxmzpGKV5wuqXF
solana,7MtMY3AWCVYUjLoWo2oYMAikAJJe9NbaTAkaHKcUjoNR
solana,7h8rT4L3HH3ETuggahRcQsPxJhQaYQk7vbvVmnUoBM5U
solana,GdFoTksFjD1Zntm1yx25nqNAdoZa6QwuQVnA8cV9ruMM
solana,GXBq4BXb2fCQUNV2Bww4trBHTVbQsc5EGfE7NGUaeEMt
solana,GY6TdcWggC34cB6rxTvPNKnYJ4cyTQuQiYVEcf9dn9vk
solana,8ZALne2f4S3whWzBB8WMJ5ZnBLrNyz6SGpuYqUVgmyWy
solana,FoVeFhRrEsZ3MFwqSsomQk2scH2Dab4NHW4mevm2jfWV
solana,C1RpAHV9k2uLFpGpuTqAMJti124Pum3cGJYY63Lr33iV
solana,BkjHh5R9mNkLbAvVrHFxkdQF1DPYFSBswMDnqms1uQUM
solana,GfjzCmd9UXKaWxnZYagQyHe4NX8eww5DcHeaQs57ozWf
solana,6cBaUqgfmpspr97aP81f45c4NDVcsoxPRC6T9hdeCkqQ
solana,7NXFVWrZetwUzXosZ2f5ZVu3U5D8e6Esu16HFhDdMWbx
solana,AVM7YPnWx45MBUQZSXGs6XoV4L9RXsPKqMC7ycqQsswM
solana,D6wcKcua5o1tVzudeBnUs4gYiikcnvQ9ExuY7dC3EiHt
solana,EHZtH3Nqc1Ba3L1EGKQjbtnMPMEBJLK3oDJt3qUyZRCM
solana,EUz9YaY9a7jdH26aKHpHXAzM3ju9rpbTrK6avmDkyA1u
solana,BRgGS5ZySSSbY83VFgmMRZbHMhnncvKe9fjW3beLpS9y
solana,44suf1A2ZpdLfWLXPLPVSVqUwD1AKUC9vD5hbgqhreRZ
solana,EKHtR3iFYSmS9Y42u2pPZ5j6f7Du5r7nqnFDh1wE73Zg
solana,BrYzNf2KeURgwxNWpk5QUhKUAhB6NK3pD9WP6yy1wKDx
solana,4dFxiR5y8owEiEKZ63qADomA6dWUecdEfbqGPCsMjgD1
solana,AuDkYsZpw5rpixRLe7hj5LSJQKDUuqaVRNjg6iB3ShKh
solana,4ph9UeBAFHqTop1cMCujCcK3g3NT5cgjQBF9fvJsRM9T
solana,3Vk4yuXtXfruFyBxu9tpvtvGvaB3tebzEstdwu8v1LFY
solana,3JWSvKTrwnUDzgpCxqSMpyKQPc3cm6Hs8v1scpoBb2VR
solana,BCXuME975LdT821RyaQWsHsLbHX9m8sAyyTUjyfgkoDp
solana,91RdY66otgWvx7SbjdrBdtHWJCvZxz4QpMkot96JWaJi
solana,HJbFnJLKhpNfgwzm9xCS9onhXin7cv1cgXrwF2GrZdaX
solana,5eeC8fSsqHrn7krKsK9qPbsNbF2V1exTYVVUHTTst879
solana,AWCCgbCQeASHPVh29hZQYKSTzzG8riq1bujZrS1XLpQs
solana,rL8j8n8RxSodwtRPfktJKjf1AW9CRaXo2rtKp8rgZky
solana,FUeuD3xcaMoNJ5htiDApzfT4WJyhdoByc815M8CBcbaa
solana,8PMAZspu6wfxBcFXXoBtCR9gmRnb2YdcLhy86BPRE3Zm
solana,CopA7yewSoe2XdmKGkfz9NPaz1ui4MjB7iEWq4FZwDDh
solana,7kTU3CPPXRGLKevFsrAwbVpvAmH9vCeegd7RtLCzqKUM
solana,DQ3Ls5TQvqJ9vwhJCNQ5RZBXBvAoW5zHV4dGd8ggZV32
solana,CwQvHsj4NMeKbakbTJ7hH9Dh4ZDYgboYREpeKyj6JRcE
solana,4jdG9XEMfw2wHQyb27gFFHXNHZ1Ri5vSERcxaHLaV2cG
solana,A4SY6dC5S2HURwtqtGAhG9ro2hbT5RpC8KsXaieGC6BG
solana,ryjkVB48suPckwzvvAzh8Z58LnEhEH6CqQygdVHmrXR
solana,E6yQ7bAc67UZDmrzNyFJqUouGFrUQoo77HGHCWJjCM5L
solana,BFy2swY3xgbpCRnkK1kzwPp6PGdbiErdTudGUmeLttjm
solana,4Q1YrohxAEs3rJybAU7r9fGvSZC7LFGxGdcDzWz1baFz
solana,CJ3WLHJ8WaraKfzDM9gCUr7ePCy4EibsjCLwVN2AHqPW
solana,G8AxAgm2S7JsyvrUkepTvLL8XhL89S5p53SZGexQLy1B
solana,iixaAk3W3yRucaC2wjST8tcXwztKGeMMgvk3vMrQeiT
solana,WtrWJm3kf7BVeX2JMNogPkW46gwtqWE6LiamjXjeh7t
solana,2znhSCFfFifTcges8gxX2AEVazMtimMCbw3k7pkTmAim
solana,6bksZBgsVt3LdbwqvunvV9h6Aby8M1WaQGFKu4vQ7YNC
solana,44r6fGqr6ogZLPmSaLRtSH37n5pgSRN5zYX6UG583KTi
solana,7KyzWZP2YqjzNZHz7BBdcYFiWxMeT6o5rWiSt3mqWC9F
solana,3JSkTpKTejut6e8TPjGcEcbJUeHqtPo8wLnMfcRJ38dV
solana,G9LJQ7ihP28kTRQXkJckKodj6FMSsCxv8eWiHQj9irz7
solana,7LpbcCUJvdbMLx4SGg1NwN9vTKJEaAZWyuSZsYqWy2q2
solana,8K2Mma643QF3ova2BgiMToaX4PSRQ6nVL8mpAn2zPsRt
solana,CqSBUFvmYyWn211VoCAkD38rWSVNenEuNHX6ieRmTLiv
solana,Fp34qmjYipr2j4bynDXH5u2YFLVK4XptcREnTThkaCef
solana,J1rdZyBzAceHzCipgnMsdcqSr6uwDvDcppVUXch6hwam
solana,FbtyEdH5cC4EatGpU9Joxr3rhHCDV7fU6Z83pd7RkCmS
solana,D1sdYrVLkiEe9tDfKufbSECpwda6FecPUfwRUT9oatmS
solana,5yR9tqk1oQH9xLBKTtJ5c1VmugTpfdD3MAGMd27mfXw2
solana,EWRTwvrpx5wcRwwcGuBKF96VAgkk4TKwq3ZNiPbA6TBg
solana,5d4NTqpdHZuYKrm6JvDzcv3qcj8gAc9hdRGAokup6b1J
solana,CtZsANUEHVrZUJZqLeYRaKTw398gMdwuaAU1Knscb12Y
solana,GpvjWrLztae152kyq2SE3QzpawwZygNPE4Wiif34mcL
solana,ANEh9rT2dRx7GXJ9Nf4coLoMvepuP8NTBTShDeAD9yx5
solana,3g7439kDR1EkCHxTrAHHWKa4TTJG6e4Q9skUJz15J7gN
solana,3taxbsZ94EmXCzdzsekC8x73d32iu2MYUeuxmEpi5UoJ
solana,GfX5TgGVR6qtXsfjykJtxwb5usWaevSzUkQFS8FR3urb
solana,6GJXNtPzrNX7fRtoNxV1NSZQjDdSZDPsErq3e87THRe6
solana,98hx1u1LjLUDYVVXucYBXdbmiuuRmqPCP5iYenbYyMvF
solana,HQir6Sd1f7muguedngEGtd3frbJsSXDBBWJFten9cu7X
solana,ENwhFNwp6h5JtmUd76dr4t5Kz4ZnLKrpSWvtqHdJG8Yb
solana,ivWeP2wEQg7ysRS2KRjTjtzmpEZFDzfCZ7Mw5ce8ND8
solana,CU3bNWYFeHsPV11peLaPuAPLnkCxXyPednTyj9gAk3MN
solana,GkFCMqgvtzKkB1Y7wJounx9Qvw8L1CfooRBt3GE4L1g2
solana,9yTD8XqzxQbPL1cc9hHzqNTwL7KhVfKuCo6NSyCMs9WS
solana,FsN1sryENfDdFQVxEibi6MnsRESng7cJVchyFE7w6vov
solana,31xq51xCFAFobNQtzKV4BCoT8NXPs82UGk7utmpqxBvA
solana,3gCjPzQ2PTcogC97eYC2mxTMgiAxGSwQZQSPr8ch4P2x
solana,F4smzBgmg2xKiqYyyCcRFHB1B5f6C19toFNkhFPpaXAv
solana,8Fza18xr2ECcLxpmLoYHwQ2ysuQoHnqNwvrDNiyUUNSS
solana,8y6u46jKDcH5TmjbZfcxNUmzEFhFaiht56ErXrRtzzPX
solana,8DtLt5QLUkkfFk3e1phGvGtFkPni1MayrMo5pDZsiMAB
solana,6XBTZuhzGFdBicMeHdcKa7aL9mBpSZYM67W4ZopMPSnB
solana,B16zZSnx51KQcCUJFkKx5HvaZgkBU1TaqaVh4xc2w4Jc
solana,Bj2sfyJ7w5ZfzDQm8UkTUtEwX7wDsN6noCbLnomEqMSK
solana,7cZuLkS72urXjhTBENhXRo2KRiNqPKNMUxUt77uyFm2u
solana,DVjYFm9bEFf63veAQjSU5S5YX792URjAKhJCgVaYraCP
solana,Da4Qp2DnYU6HjxEAVkAHqF5K65HWcjnidAZtAmnyNf1F
solana,2yr3Bgp7MJQ5dcywvKagJbrANKpAqdELje1deHkjPmMQ
solana,AskBMrBQnoeBjEhqXMaJ2T67CCjQX8KLiPeNABmWqh5j
solana,6HtEfkHhkmhuswHeDEKzfiRPt9AT86ykRazhC8XBoee7
solana,GZnKPDyhZSi1wR3Ct7FfjpokvFKHvWjYDzEDFLhVPx69
solana,peDPGPumKwHenKCwhbXBasWv11pVd2TBqpcJHDbwNfA
solana,6RaXCmHnDCBpA9MEyzj72shXgmT4gyvwjqwjg3vxiWQN
solana,E12H6ZZ4oGcSpeZZ6sdT4zMGMA1pkQ27gvj1gSTpnHZg
solana,6k6kJAGrbxUoZEWz1C8s7WMz9k6eVJFJ2DDPujQ3xeNn
solana,EcD1nCUcS7Jgis3uSkJJt5iBwdkfkV4qPbbnaHeC4wJn
solana,689vihh1DeF7hKUQMKE3rfKvQ3Yrk4oGXDCtvXYRXueA
solana,2Jw4TG1hpAzjuhfTPMJFVThdkqv6yA7538sYRDK3Ubr9
solana,71Kmv5FC7KC2zrziMaSbvM3WA3fyV4Z9E8YJW1udiv1K
solana,APyM3eazgJTqGS2RRWeZVZiRqfeTrpwYFwCXGsWWcrN4
solana,9DLRCrGrmu9ZLzp318Y8t5Z5cL29J48fRFguPDTJtyQJ
solana,AQa2YUztwjoafyh7ukDVFEyT6aGeWH7rpxUxpFJdusLj
solana,HzecUTLHCB8y6TWvWPCtVBEvaPjcmigEL1VN3NXWBLYa
solana,57bsrg2sXbvwv6zp1AizrB5yekpcc2tgKmDQyKveosVL
solana,3p7rJBwK68HBeaSzQqFgJQ1wyrzoyBBcpnCBMSZgRFcM
solana,75YfiKDEaSQBjvpsq7JQGWHJbKibWEdYFZTejUcUuG8y
solana,4qwkMSzTkGq1BGYkL5rQdnRkyVqvYCBKxDbzbXWybXyK
solana,HCBP8kxbz62uHyp7JTEEVZKTQsn7mddKpbXueuCNZKfo
solana,EiSyDa6JfjPefTb4FjecKjhFwv7p1hbGGnZXkjMFpS5q
solana,BskZhkWPT8dzDNyio8qTAB2LUQvKKHxVkJkQXavsEF7J
solana,CVidP518kmmfdFWVWcJQfdWaAMpEMeAtHUMXEvV5CYFZ
solana,2mra1zVyRCqdv5ejX9bndDo8TR6AfRpE1GWgAjDSV9A2
solana,81LgcrEUUd64K74vdRs3Rwc2ZLtxv5Ms6mHweuyi4xm4
solana,C45CQfzUXKmT9qWNWVvw7UWcoVnvvKeNEzQxkuRUwzE8
solana,4Rn7sQkuxFMRDrdHaagWJQwwrqDYYU5T2WNEBvdJnNLM
solana,Cdytu56gLpNy95qawcdN7oMgLYKN1kiKqyGzJrdPNjCd
solana,9dMp53r1ou76KjQRL6qBPpPq1pRwKmevUAD1iFfFufLk
solana,42NdoAxpR7CjqFKysEEpEeiVgxSV2LNrGkmLCk3UKKRw
solana,J8N73nJmo5gYF4YLboeASAygws6S4GwL8u6EgZVQ3pw1
solana,68aT2k1Mxa1Gz6pvpbdM99toCPUBRTmyRfKKmmmpU1Ep
solana,FU4Z8an9cwjnqDnhmbQaQjuPCJP5K76QLkgLnbV2HkaH
solana,HXjJkA5SdjzWwWeiV7U61Qsi5g8KGkEVoVK9joMbjcEQ
solana,3pkA2Xjod5bvEcrPH1zHQXHgZPvRMdqMAoZzwMsczFAf
solana,7CfEYqjVgQKgWxgNjoUB53a23YDQ8GFJPZSDj8p3NsGL
solana,6hM1XefFeyY7hk39sgsgsm4q63JLZVqoEDYneU4kdxxj
solana,4rYd7qHGEAWiWpAXzoTdHryHZ55f3WKKU1T8YNZxGLF6
solana,A2HygzJqSK7yUR3HqJ5WWHhUuhWFevWX3poWyX6UvZBk
solana,odgu3gX1mrB6EMsfS6VSn7zGJSXSzvVcmB8PsXz3UBD
solana,6zuSkHcv6rWctDiAAthKpmBtqaCQq34xfvATgGgNvKuL
solana,BRZ1vevzLG7ExnNstjFf9kKL6iMxU7pvF3SNTQnwNkxA
solana,D6XY7p6EfJwhibirLWpVcysrA6zEZhxUn2FFz6j7QaY4
solana,7U54rwH4kwCq7q1dedJm4uWeiD5XbxcvJcnKXdBASkwi
solana,CBcM62gc4Kvbq34XARFt2kFBX25CiZhpkrB28Y9wj9dM
solana,FvHgTcfT3ZFVwxPTC5E2876M2zKXkju63cTVPiweXRo
solana,HNTfwx5xdjNooWe7iuKrkdSdzToXKTMYwR3zKP83ng3
solana,ERz2hXQyX6hjGrz5Cqg54mLabZop2VUYZk8p3j1r3fgx
solana,AikaTb3Ku3js3MTJYN4yWrBjjNELP6wRoMKkn13CVmKJ
solana,ABDLf8g39AZFmF1ZzeDFyt9xgDVN7qnvGmkokgC8G1u
solana,3EmdcZAMp96wh99iJRMCZXC3b4savS2y6LEt72X7h24F
solana,3HCWrUa2ejGnNYviis4bYJj1tcdiwsyM4jvjAdZB39ER
solana,DkjzS2Wy7zyawn2s3Dr6nH1LqeQ7n146q3KnTDcRE44R
solana,GAQ1GeiLC64UQ6Jvpeejo7n1Trto1wsfdNBiEbkAJJJa
solana,HcKPTBmKSkN1JJayJjNspMNbDsKHhfRohzgNkb8sfx9d
solana,6tDuDGuQbf3ijuex9KocLGiMVvWUuLyQuYXa2KLNNc6r
solana,5oekQGeNSFZkeprLAyhJ3SLp8N5G8ALtHGRmWT9ZUAuJ
solana,H2nUjU5gsuHsuiQnpK3rgPL6sAsns1De3HFkUAfP23vy
solana,CCiduWBgFftttk4iKkZvE8aPkiUa1oX1C3UDD265uEfc
solana,HA94EdGByWBKbT74sueKkhJMAGXxRzCZBMHi95hVtcX1
solana,49EiqLVaKwb73xxMPb5vgkPzvpVEGFDpKtM6Bwx3iTga
solana,6nWo8NLYo1sng1UKd9x9uiyAVb1B5b9m4bzuCUyXkFt
solana,5589KaA4dvgh9RRmaXWZXhAmD7tkjuM7Kt6gLnVVmKUr
solana,HCGzGaVEreSwG2fggHHdUHvsSUdUDMqkjcnNDVoxmAnW
solana,D2i4beVj56AiyqzU6P1kUgxJqCQbfnUvf1QviMBQWhSn
solana,A5XQrtiZmaHLgsMj8TAjYj7jXnMhjMYpUwWaJXBAT8on
solana,HVKMeeVAps1cBsuzVbrrWL2PvEC9d1dPvcb2TGVMt3HM
solana,34rgKtL5gULWoL61jfaMCKMGaxqLhFquNUB2GfQDzGVF
solana,FYgwDfT4Brn5HUvqWM8TBFUCYbzeUTugp1RstVooyAKP
solana,BtTHVu2CEuGNUPNePCyfgL9szAWfmyURuas77QMGUoAj
solana,AufdhfcKYVdUKx2Xwxys1yC1JcmGk46gsWpSu6d521iM
solana,Af19dCYbcxFTTuDJi7ATT2eqAoQnCrqqFF5ZSpaPmd3r
solana,E3XSbNJT6TCjRBTsw6Su7pBzxfR1CqJthddFmtBGKRSQ
solana,3AzmoiEdfXEMtg4N6YpXU5vSjnQVK3P1zQNCz32D2faX
solana,BmJBF5Jx2g191Rm7wuUzVnigH8yfZaHMU9dVzCH6y8Py
solana,CiJtHsRU7LStNYGx1UUacfcP7cKxNAwePrx1WzDxvzQ
solana,6QYk425SziPqbch4mD751ZXc8gvahD35qvq3iWE1wtZv
solana,9zn2LcSPXU9AmtNe1uHjw1jhKNHbpLaGPViECVwkXrw2
solana,GZxHeNbC3oovkCLVFrTYK1ZKtvWobmmEyZYgSL3Gga6Z
solana,FSvdZLbNhzh3J4Wx9VZMgyKc1G8iYUw8uTvau3vfj68E
solana,4xbfQoaoBWzee2w8roAfLSjU47WqZdrDqvMNZPaNhc7v
solana,3mBKYEN9uDYq8HDGZVzsaU1emaPRGWBzrQvrf8Sinv6v
solana,5tuwBGtRdy5CGaREprvZo3pn145EykVHuApcSHBUAZmg
solana,7VuXmmntJzhEjmudyJE9PjvMbPBcsQVkM1F66qYHuJtL
solana,927aeXe1PSckbNsXsHKfDzQyhhcww3hEuQ4rMe6N7PCw
solana,DP9cj5KCiwZHF2ksB7XnwAKammzdCi8vLZVjpEkvwUdF
solana,3SFU9d5iHXv4FVvNypXaFX8KXHYhFdvn4wVjgReBfNZq
solana,S11ESN3BBqkDDfos1zcWNDQWF2e7LfgN1ReRuZZkrWj
solana,3RKau68B6bzy5VRfqkyoMqFuhKsqHz2ey68L68QuyhDQ
solana,FUqmhBfmjWxm9zDNxvwaTCY6976Lkh58iUpuBZu36Mxu
solana,CtiWv4cyMdFaEGs1bs4dxgUMGdZUdqAbTXAxxfjQe7Hi
solana,2pkzUQG7LZwi4F3Biqgw2hnNx2WK5hzu9QaGbxyRw9fY
solana,CLqvDPdGjPMTMLFwEWpFmVGcmmBG9nUGNbpGgdStLwqs
solana,9QPXQAimoADAw94ZuA262f9MXDsEsj9nfGRbbpTLoWzW
solana,Ck1YykQQtfcikwP6FDw5oLxGbn5oz2WT2WS5SJGiQ3i5
solana,isGPTFt96mx8pd659N8TKuSBdJzoxj2fCVug2CXym3Z
solana,3nwXoB6eEhQBAcKGNrbpnZrtKp21e3d41W8XRCFYhs8X
solana,4toLuHQa4ZmpW5WRwxhDgWeDUkVV5DpKNdCU2pkFhnnD
solana,8dFt1ZVa7jdq6MBuykeQ3yYDCjs6zzG3yjmqpeCPa8wM
solana,6My8FNQHwodUdZK1EFYxN7rFAhUSgLCtn8aW3ZbZrD9X
solana,EUa1a6NJFc4SaBR3BvxT35JhmVyikRHgdSv4hE8RxaQG
solana,AjweQKDyQvR5J1zTEpWRiQsFdjgUrpUAS3ZKPMgUtUWF
solana,Ffgpmq2v3m58sMs9w6egioxytCiRt47Vx3pbCW4W1hKo
solana,7nGaNWvUbGSp8HMW2X1sfhew77U85EQkfGq5tbh9A4jg
solana,9hrEuhT48Fb5WDDcLT5TAyMHoK7S1qDpXNzhvsp39nrL
solana,GmVACEqnXra7xNMkXsdPpHYr8LFjuiEH5e6FTT3BDQUM
solana,hRcXXstffp72rjJFHYPsFxBWikoQeKGhMpziu2kFRFD
solana,BHZLu4qwUHYxqUiTL28ccrsM4PRBK4NMPVspJepcQ1tc
solana,BSGLLnGDZ9gsvHY1hGvmKoEzqkf3K23Ry7i5qEkshWrA
solana,4xQeAVY9h9BbKZpFctpkRAk9goD1xD9ovYmxfbvkbkYt
solana,2XAY4nTpCxeoqyRrngN56Y4ZR7PeWKqUHLSxoKSnxEkx
solana,HWD87FDgGTdQh4E4cFZzFtdpheAndzbrobFheEw4boFZ
solana,9gRKGVtAwuAe9tntuixQMrjZcMbzB5gYSi4qtPXoiKTX
solana,Cs2TL8S74X2QEkWHcYetztgy1dDQwAy6adUegdb4XrjX
solana,9B5RLvVnWy77W8wsGb2SokiZYGUD4FcFur9bhn2gpA78
solana,6TD355gUHuD6kvU2NuYwe9pimUn9KB7UCFHdbwLbgb9G
solana,8uazpPw6Bm3WfWPjD3aXuFuZdKiPN4z1K6eeDV76RWfa
solana,2gEVWkueT8p3FgyC7rCGZ1STjCDcdJB3NvDVX4eDGfhZ
solana,D8mQ56m7PiHG7PjH12BooSkEZZEgSnGDPdhCczp8niLH
solana,352HyXKCTPZH8Gycm8RQrXqrwyCX7uL5CrYXw3bkMuDm
solana,BfgCQsj2gVkYtjyPUzoSATdr9M7WChtKpkX4G4micFbv
solana,87HhqfjaxbEx1244tV1kShNk9RDReddN8pkqc8v7DgRT
solana,HUeSMWWUcm8JzwgGjzAnMWQTCGRggWg23dCd2NZtX125
solana,2CTvc2cuM6GCtT7iubymGzW5LQDGUBhvykL9k7TvxMPs
solana,DZEgt5sPGTzNp35SfAwEwpup2GkfVStY2SydgqnuKdnU
solana,BqPYpVfmnt6XEpzWkytZzSSuN2z6jhahkp3fmY2wyN2V
solana,9tmZzzKcfZQjaTdKj2hD3DH7sjSGPmShvjx3tC8eNQkz
solana,D3rdhXjXXUikabqVizRwbsgeNacu44vyXceiykvUonyz
solana,8iDoufDJhw8KBuPFZCvftRx3ndqbb5BgzACekTBDUowH
solana,8d9pxXCqYnitodZFRUj5GXngTSupQoGvtMbkpBWBHYH1
solana,97uK2bQzEd7mCDnMXnCBvATeAsoSxjKQYQosELoPtji5
solana,DqVcQeSb9cCkGsApCbQG6cFyiG7HoXdvzKbsbfhvtdqs
solana,4CX48FvrgsdXFcq4ayyn1scSSLQhBkZZ37k5iAqP2AoN
solana,isBwHb2iUmiTkR3629LCmEps2VFBj4fJJs6BsXojTiz
solana,5ES9xthjcFLZxUYa3JhW9rzviT9DZwB5hCNiesQ6tTjv
solana,3epYq25ncafR2FsNEwkghPcwEGWh78vVUrgYys3j6qeW
solana,2bwK7VxWsSXzpbbQTv7vbbNnm7Cic2kZjd3agKpHzuWm
solana,36u5bYUCbEnVZHdeTyKPx5yUnnNtg4iR8miNJYRWYxzA
solana,4arwvrttTjUeNzQtbkuANXkgGZd2rksGBjneYDu7DyBN
solana,FWWzr7Y1A1Cso45eRRn7K1d7XLK94N8oXo1rgBkK2g2d
solana,3P8oLcgp9FVr2RmjSTwa17ZJr5zDGoKcaNyNUgoh8jDz
solana,6tMbc4qtBG947qxZ5Fg4Jc7ASWhpa7qd6ZcwKQeGqLwh
solana,G8isKBx6MZs4bycQmdmVgoigNKs6jkixzoonUsUz4arT
solana,HUiFD4ccV5NYUdHcxbTifngc5fZpzCPgN9CJmnrqmqZN
solana,AP8hY5CdCD1Xa44zXwEtyps9ZPC8pSVjRa4nZM46JnPn
solana,FmfgT1CXewsqVF84R3dAv9RmBQtvteaJLEg1FzsHRbLv
solana,BPQziV1peNrTj8FN25rtJsqWpfgM7hosJm9CL2HKJXkj
solana,5smBrURVdP2FGQn4FSTujohJZYRdzfM81tjBAKdbB4yG
solana,EYXicwA13zPQZrTk2MEjy1VQMd2PoqLMCq5KTnwajQgD
solana,FDcR2HJCVZYc7nPNj8qhNfWPCJdz1jnJHW2UMYzXyV8A
solana,BneKkdYgj8QZYjXfT4pGxTVs8spRj844rVSySRMV7THv
solana,BfyLFJjfUx27r7rhZXEPwAgHBJEQXXMRfUwkpdtrtJ1V
solana,9CAcZrcAgShG1uBZVtV2JceSX8DxGGwbqPgFqc6sifJ6
solana,ByaEByF35wBtGGSciJa4SVJ2pJWjyPnXdJHmtNvRNHsi
solana,5D9sz7SSAbMEEgHuoCHDS7mgEkJe86uNN4QqqMtcKiKG
solana,2ER7FuXy2xPJ6ThFHWq7idkU9mYnAPjiHjiYAy8KDgZ6
solana,RQQVV7LpPnzaXXKMVx48FAV2Ed1x88TDzuarsz7xG5M
solana,EpPwHJ1yw8H8bUWcGBi3uZXxeiL1pVpzyqb1wfcj88sE
solana,DJNA3hFj32DXdzeDeFxtQQnVF3G4TGiAvYwBZQ2LJU7t
solana,82EmfqXLUppgt3pqumH2FS5et3LbdkCbXMs5qfnP4ZHa
solana,5Rw2nbHi5cHsFbMwcv8nqnFH328ZtDLt9MX81kj21Ro7
solana,J3Q7qUYVbfJpDB412YZLMd7KTg5qLxg5HSEGvHygxztz
solana,cwkrqCXxmVyZmLfAPhW6tdEiVxnNKVh97K5djmXUDGL
solana,75qGFQbgeKJ2wuXi5GvVZ2MjJpAfkx7xWcUr8PPkGPhz
solana,9mXHzXZDFJJqiJGF2wqsizUvzgscYHVi6e62dugyqbdk
solana,C6Ba7VpCuBTcXcUNgWipqXHwE9Ls5PxcZd7yPwshyoob
solana,Ak1k6yoriAgCtnm8PND9QTvPqQ4J3xspshU5rnLJarEj
solana,HgHF5h8dkym31KdSQNw8KwRLNZupPYW6rPVd7JW1kM37
solana,DHjYmz6qM2Zg2KhYo1GiwRfu96rrSbLEJh9S8ViAY8Kr
solana,CMtAog1kKMNv9SzzB7yFG3fmhcDdnLHhjKR389xFAh5
solana,abvocKuMu3drba61pGwpjWd8VW8hSNW1hx39oLVkUiC
solana,D5Wsui54P8eju6ri9MpqXa78G4Yb4mV1LQ1jYWTkhCca
solana,42QGEA8v5MQ67Ns92LFgJgkB9LSoAg2LnrUfGKbmU1vk
solana,G4Qnb4YpVm7pxfdDvPSiamTsrV5oqH1G3xeZ9UPb7V3c
solana,FBf3WLQYNyHCPHKPJqVy49kMGZihW36vRFgyWkY5411d
solana,DQL9BKBbUKi4UurvbJ3dfiDizxNMhy3wsNqjL1CGg6f8
solana,8PPb4LkgN8grRdkxzCazVdUPdprgrycEdsnMyKTR3L4
solana,2HzeFC4UYatrk7B7PwrpJDoAaCXev1GrGd9JmyoJawJw
solana,EnuTyoktFSprYdvUsdhK5dsU7X72YhSN1DEuiUUL21PL
solana,2psMHcqWSYMn2294QnNQymgE4QKVG4N9yKfcSgBdnUD6
solana,xp7qoiPhiYTdmrCQWFoaA1eFurU4xBbGktzbw2TNUcS
solana,3X11DFidxw9oMnoN8Dx9rKBunpyjUEJTBh3H6RzAUkSc
solana,fykmLhJVxp9duSEMDkA72nvx3oKzUamWQwNntU4hdEo
solana,8haT9NdkAiCnBkiCPrVTbRLJD9HqpBGwXo5M9tVTM8m6
solana,4HprtRf5R9rXjdLRFWsgujuFaczLXf9TsbzLZGbUkiyC
solana,BSp9YbwLxY5iRieJ9bPhXnAtuE5HtvNhEb9jXXWKDT5y
solana,7qei3iKqPWnoQREWgDaran9qZiWvVhWvYsuUvRgHEjTf
solana,FYy69gtBuqYnDWrzEDvVft8yN9KFjHucyDipYiqLjecq
solana,D1ogc5DFBcKxwLEmokstgLKRQALMq45griCGS5wmguhG
solana,CpraBUF55Me5NKPqEkL55KnvRDNLe16APWfYdvuMDiKP
solana,E1E4F8gkpjpxpKumz9r2mx41sm6aamZtoVJVeEb9Mgdn
solana,EFULTRAnN8859rJqCRnzsPmHYzQxzaRe9RQEh8GPeVos
solana,21Ha3xhJwJjaL1NtCQpm2SmNDFSJsGda2ADk4NoevBWv
solana,sp5Mq89ytUhPQabRhVGqeiJLccmVNCEpHgLTz11HEC3
solana,EhEvZQV7BWgtTuJ97BtkjwdHuqCV4C77CMPtyxCXH9m9
solana,5Vt4XfWrTcu7rqrwDZtAwBoaXrbsVXBERzhUd5cmAtq4
solana,CV8hxqexTKRDXCknXUsjAz9ufYwmmK1qnowNmUW7wwqy
solana,AiLm7fq4RVpU1xMh94UCG8tUKz1MrtxmhK9HALmTp7ag
solana,EqSU5NPUKo7YDWKeewxchHcUybHRWP54ADA6YmgEQuVi
solana,GebebASWG2Khp7Edbj5YaN5snTD4Mpb41KW3Eht4Fr3R
solana,FU8g8qNtN1iadovMz42RHjRvNhSrQF9d2XaxeBDYdAsB
solana,21jyuFpAbCPCegQPXtdp9JvdXohaiYM7apJQvjFk7BTp
solana,5gassZZhACMNDs4hx7fSXe44LyQFRgcrjA5mMw7KGHyT
solana,7SNq6gyMVQCWqw4gjFhwB6jruNA4BoXeZ1Lp3SW3FnwW
solana,A8WsAJwsAzu1W17CpDufEbcg7SufrcsVVCyhUG9C8ZeM
solana,4cEsEMNF5xtbCRp3vChGXJ8p5HhNXSAW8zGdaCtDFdS2
solana,HrT9dgEHnY7NXENfu44ukpR8QQEEGNWnqn8JaoAKPM32
solana,2bRWNQxyF4Ki6aVbRVUATwU75epmino8DAhhK7ftgkBg
solana,DdoszeF5jKwftPiKAEsgmaHc4RQgEYTJJM3RXjbcSGDe
solana,5wxWU26Lj6GrhC1btD7CXYQKfBfYrxQCQs1EL5pTZRPY
solana,Hdmcf7svDpmeivkG7JBFFQHYmNCJMxJkpDFw4AWoc8i
solana,Ege5e6A8YVCe7RoCCBzgUGcGRpNsViqufpHbWZfJU1bD
solana,87utkzcw1jVgDzsJUXCKXqK7WXgJEGsfXE9nNK42XLJv
solana,2jTFuGVuS6uXhyJRXgBGKY2JDrezv2ptJLe9xn719yD9
solana,Hg7Q4YyfdUxgy3CjaGaM4nvG4ovUeD5jUJYigDUjuatZ
solana,2xMka7cjB9MoasRGSEewJFR5XzgPv7jyJc5vHjUfWFcW
solana,GDTcTnoS2U5ZuFgMp9KnsvdnRFJB6G1v7N67vV2ZAfyJ
solana,FHNbHVFWz6bFqE82GgBqdiEGjDSNm3HgHFjd5Vffcfc6
solana,BiNX8E2AGkMYUK6aRnpGChEjjWzVhQwWVfPzeZK5Q6rC
solana,9YAwxAkbxfC1YJ97HiX69Wgf5qBzxNJK8ybczCazcXi
solana,9D1aoHo7n8WYJjQskBDs27fL6yGUVbcSW6L1euS5dYqJ
solana,AgcqySgJfmC851wFyrKuT4onri3CnVCLVJi8aPswt7Dp
solana,2SuRxaPefpxFfMLEF2funvp7LkmSwMjUda5k1NEUaiGV
solana,7vzNtwzUGsGQ6HHGqhQpsxVHeAquA4fJd1sc4fRLXz38
solana,3gV3m7SMJV2dPj6UV5usZTHSjiHf6WtGuykojcQbA2Nd
solana,EJEKMnR9MosbQdW2hyEXBKjkGqbJAGTEbegtCP7hJZdb
solana,CSMaJCBQb29TaEQWKukWu2oH3wfxh3B4PcvJigLXxPts
solana,2AHjUj7bN44QEefyeHPrGRSghNeMg4La6jAHyHPzVSMx
solana,91zbx7rPCCL3iJkHTmWvrqDP6Sm8F8aBBcmNxAPmADBb
solana,6RDErJEd57ygU7iirVHVa1nMLaLhpHebZLraYFX12QuJ
solana,J72QGLisPLz3MsecttnESGtKXiG3UP8DmEbPG7ayApaf
solana,BsJfyFKSmQ77Vv7ndcuW82XD36wRdZhusDNSrqmwjp33
solana,9nK7DWsVSPHHD451RodVKSx7TZchoDZFttmRKzF5A8tZ
solana,3CW6ub5hyUNfvEBrfqLzxRKCyaF461DVeiQeyiPi3p3Q
solana,8YSzuXX5BzXe6TQxhvDadKN5u6f2tYvfvk6QhW646cn
solana,DpTL1zYv3Z7r59BFMs9uQnfA3V31sTdWJt3zJZTkfxAC
solana,A4kFqDsMcoNLYPQyE3XfndvogrkMoVZsTMUfkB2tfz3n
solana,7UcZK4fh2dR6ApGHxbWzJRAE2wZjNq5mdjsGosQniA3D
solana,BdsuxWejaMywZtt53So1YiJuCquX978nG87mmTJmhk2Q
solana,5LFdGNfjYMFoBsdfJANvziXuzdT4NCj4pHJU34KwuA8J
solana,5mG8YfxSGp2Z6puTXQCvpF2C8cZmTMewwxqx5fz4UD4F
solana,9z6WQdhc9ugGJZaySu9SdZv36xKaGoH2A7jR8aJ6Jm21
solana,3iAEDARRy2J7uPkkQcejgGnNyoERUyZWN1avjqiGE5C3
solana,Aw9r6ph1XkVrX21Ywrw5KnsDt6NsAb5QzHYh4DP5q1pF
solana,JA67fq7G1TmRNh6oiqbXrNYq7iBFM7DvKqsoLVBGv4H1
solana,5KCgyXPuzZzBWT59CC5DCBcCmS5qzPb9FxQmrPxLNn8s
solana,75FVAa88Cuz6D1Pvo9cQmrEUMBmBFGToPRXvi1ikSm59
solana,6UBuZ4hbuBUXfmLfqQZ2sJtQS9Phj3RGq8naWQ6uQUrx
solana,2i4gc8VSKoF58LB51HZV9P8746en2FwZSLTXiP5ZVkYf
solana,7FGHWEciQNt85xXoLtr8KBy8TRNVrJ7XAgEBHJu6Davs
solana,D2FUEFRWmRnd563E3UDbjT79YDJAEoUJsVh5CJEs6S8W
solana,EkUW9mDwqCVKssRKo7Nnq1EEsR4sDjUXQA9KV3bMTAai
solana,EPtx3cKcXJxcANBZdo9s1hmHNCoZNZ4KkWpvNfifDovF
solana,AwKARQqvitVbQyHzCuJQwacSk12oEUsnkLbGN4SojFFG
solana,76cHREaPrYQ26Ghk7DcX9iKFEajFenpkKHV7CKBoybu1
solana,F3HJAY9wxFafHEpLnWPVWCXb4jKCfC9YSF5zUvzmWL7e
solana,EamzK5UXS2NUmHgZJMfBwj2u2W5YF6ECohrWeTcdQe1j
solana,C8civZwiUTVXYkyxnMZGdxvHvqB14hD3SSL9nh9baHLh
solana,GZWabba4B4zUMdFxG9qHFegFeW3qnvNfRwVDh2xMNAWZ
solana,2oamUYDkX9X7mHu86Kb2jJLP8FEeAezG48BDKZZY9v8Y
solana,AFQs7GzQorysDorn1yr5SS6tEyjKe2V2RZUh6eWNQNPn
solana,4MhNkjafXGVxqq6DhnSFQpiRasL7SAhBERRE71yKr3TX
solana,7o49B7h8pBrLdjxK4pKV3ngmxhdeceM4zrahpdjXZWP5
solana,2wn1d75yjhUHZn1Sh3wphxAvRac28xXUUvvs8ue1sN9F
solana,6wNSG27vHPApAzHSASeNgKrGciqx2cR6Wqyi6PUARBGL
solana,7o6CX1C4PrMDYMJ9xsRH2jurRXgRcC2EQLQwaw3hVSws
solana,uua4BE9WW4KB1n8kkwet74wu2Cmbvd3bVnvZ5mz963t
solana,3Jr37upcw6cHvC71FXPX25Gu1P3SLHJnWvCwRUNueath
solana,2VMYSWLUYqaVTGYepJ1MT3z8VXHSY1YUpJ1iQfvjmA9M
solana,FxHwj1YAGrMS4u7K57t77boVXppsuWBJouTfx471tnkh
solana,3p1Q81WSRUmruazW6i9m4fKYUbwLoQ5fVqf5UiAJG5QD
solana,4aUtPmmwfXCmqkmF1JcG2KqeT5Jfv7MLZSxNAvBBgS4y
solana,ByRnVTvrKzYhyebP8xVQqYis4XKstP8y2qz1vx8LxQZP
solana,6RsSKZmffqLvQgXPKdD3AdJFU1PUxiqTeapjpCTXfvVk
solana,8BymKV5Z2s4a4SKLVbvk68XaUijgHtpSZpq6jBDj9CXM
solana,F3dwCAL9MZNwPDtRmjyv3YffK2ahpG8R2mGVq5AD8ahY
solana,GSN49qUp6rMYQgcFEKPrAj9z9UjdfT9xxtQJkoeYaC8H
solana,2Q4uDVkejShNeLwpFMvrPnsznNeE3GrSL5enLeX7NcJc
solana,969uJWEKGgoqxTVQ7p4t4HZXwvwfTJS2WfuDFu4xfj6j
solana,2hx4xrS7oorH1TxTwx1RcdCEuKgbtrp4eSQi6bauT5Nc
solana,HtPa9psYd4kXKNKmqm4SqqYWW83zP6J9wcCfzFcQzXnG
solana,AhD6xExZEUMssxcjsSpyhJJ7FwnFdbjR2mYCY2n3Bb3Y
solana,HcE1UbgmioDsDNdUvWccP3DcmnW6gEpNANFsDuaFC6pr
solana,6qC5CMGcCJm7GUUn8bSMChbyeNmRVZR3ncdFWwEPqgwZ
solana,6bbfBW5sceZiUHSJVBTyvev4Dbc81mSoF5YhEJ16q4hG
solana,B1LXGpC1Sy63aDekQ4K9A7GWaqy3boZqXj2wZc65skdK
solana,FWCC85fDaGpQzX9nFhdYgCbVdXtuUmdU9zFCZ1Cie6Xs
solana,HhcZczHCcMsHtHKKH5gguQ5URLvUZwis9ndb5zEuaE49
solana,5Lt9YhTTZRxqv2cQMa6HD85oQLHjhig5NwefWxYo22nR
solana,7nry8nN7V9rLVpv2q2m12EFYGxi75en5q4Bnc5iwgSgq
solana,2PZmYHcBre8ib1kttKpRdKPwyoh27temzZcev7A6iDCU
solana,E2yhq7bdNYd7gdkZnjFj88PqkPESpiPvT8Wq7eMdo83i
solana,BiVxcitzqTt6TBAvJpLZmBVmQBPT6hWt7jGHZBx5RDBK
solana,6XqAaPXgSj1emfnMXrUnGTrJQGxXo7ed6tBcWkGN4zfh
solana,EpUjGY3nYzfZWx73coK4DnDXA5Ggd6fKAMv6DUbKNp7p
solana,8vyrCXUEckJ5n7QiofAa95wGib2yHddaHqr2TZNLDp9f
solana,E8bH82cwaHnJ9f6U2qGso8ZhPBU6kccScqLvchBgAqtc
solana,229aa5zP7PteEDEB9hvmWsYeBSc1m5R9WsXJ2Yh3qmFd
solana,ESXy51bdyneXodxznQ41pi5uxKi9dSGGHVfjsm157pwH
solana,GryxUevKeKRCpKFK4zyJmgxmykPysCKyn2E42omokAaf
solana,G3bqvbXqKqQhXUNzHfcRfmTPgrGmWSJAsj3oUiRqizJf
solana,CY33iGtB38jiFZLc1uuVpMwTgxbEveHPz6uu7q6wGswF
solana,4DrQWiXU1NQAUEoFrzvPBnMyVyeWP41SHi1k9mcj6EFt
solana,82c6B79hcuWiTDJ7CNGeK7aaLV1H42vJncRe2jLVZYJ9
solana,EQj73qytNA7Sm3A1GkqwNS75NTPK717EMMWFtqPQBSJG
solana,64xTL4AcH7gxggVMFhssw97WkMv56qeCCyeJCsCGVmtf
solana,ANmjdcsvGhc5LJgANUyqSC9nUyiBKUbqGt6jrEnA2xUQ
solana,JADwwxy19KCFkAns2tqKzwDX5eVAPP3i31kBAk7F31Bk
solana,8XmwWXVHhRqUgb4Eb9B3SwjijmLur6m7f5qXWVaEFDQa
solana,HcBGRccZvMTEk6ePhhadheCjfrw2WHHr17icsEi1FFL9
solana,22hkpptgq3bfc7AkE1M8iNbtJiVgQr6ocELWfjEzjXKN
solana,H3hZK43TuJmBpsSmfu7myLddwnJtfnz1GAcz7KjDJh6f
solana,CDYFmnhZwAeqzx9EfANfgMoXKJyswhbxz65xN8hkfJdc
solana,8L8FT1zscvqKFexKHU7ytAnsfJpJJVokdMKgAHmeaptb
solana,CPykuVyNYvFtXSgvUb52RG9s7t3TUxSNp3oKkYBP4upf
solana,CKLDCnUTScXdNNDt8h6C2qMtNLUP8rUK3aNa5iaWM1tP
solana,H6RQ55c9iHjx6xhDpr68S7Gme91n5SdGFLQu14GRzD1X
solana,Dniq96mH2Q1K6X6LjRXK5pbvX2afhHcPb4reu2tBFaBL
solana,3f26jTDckTVTQzCHjtZNakg62vKtnjmxcS43z3TYEaBB
solana,C1VQZkxXbYNmvF78CgWHakAopyXww3MGKCAqThGoNYvT
solana,GXE2WHBFrwbsCU4BDwbhvHdxH2FToJsxd8zkjxHaQmpE
solana,9SeAgNUD3BQnWss779EyJLQTSsHQrFMuMH75sQAk6Eos
solana,8QkPsj2eZZiVBivxUKJGqZwrqpFFEZni8V94M1VEdpNf
solana,4Fj1WzHcuAvZ5VAWAiqFnq1991JHui5w5dnoMFBk5b8L
solana,39mTjiyMbLtfVHMqPSiVo5KBmeK76apr7gQLiHTQXmyA
solana,AmGwojESJuN6aduTqycKou94rocvYLVLtY97Dh8dqHAn
solana,87RVxDMXWW8bD6brN9xhEhGkvbAPmxB4tEzNQU2oF6qy
solana,6m85sB4KxPARRGeoS1tMjqeFpcBqh767pGz5z136CC1z
solana,4RzfGa4JJ8jW1MsW9nfQJ6Y1zuEyndYaf2kw7zGbkijb
solana,4TRNtmUcphQrDFmDt2yR4YbeHPgcbBKncx5GzAtHqbZK
solana,BZ4QJ6sUeNcd4joxbRADkR8CKV7qsuZ2mTCSxaWPbZf6
solana,E6YMs9dQwzD82EAWpViwazK8vd1HvzPCLyHpPYhzEo8b
solana,AzXHvWd4f3dcwrhsnmfh4xMoLChF7bKgz3uN8E5LDceb
solana,2sxzejcp3YhdgM4uPfn2t2pTnJUZXFffvbFptd9LFu2E
solana,4WSsxNk8PYQzhZaAQY3gaKGn5XbxuE2SFWhe2GGdUELf
solana,D2PnjmzbSQc8S1jJVDewVAWnAhYHgSk13PnsgnYxp7WU
solana,DBz3uSdMbUmZhTxBwYHi2g6kytZvgB4ha4Rc3kimc2cG
solana,5E2sGtPoHoFc7dtkdi5WJ2ofTYDGzroPHZ5455yBRfkq
solana,FFdar6WibknS1MhjbMJwmHMmQrXmfbWhAJ1V3gKbbbJ1
solana,GuxD5vc32SpxbHPrfE4f6NRSUNM82EkpgyvBuYvWvHtc
solana,Dt9WfEKMqk9WLuWKaB6rGikLNiUgHrbSrdjv78JXM9kQ
solana,2e9fCG7X1khapz3naa2BwYBBwbPipZbgvzhv2m22ojHW
solana,3tUcGu1KGsRbCzy6ZTSe7jMPVzD1c8u1yNDbpRrMVSDm
solana,FXuoKt8r1RjEgemFDW7JFMMak2NMrheSM784rFFaRMqt
solana,4rdW8TMkVF59hE5AAhQSMVyweqYpSPqzmxCj1tK7ZLtB
solana,AiTKarGirs28LWJnpXg3Z9qd7pPdbFratwADciQbpPYs
solana,GD55pJsxNwNm46Qbk8MZtzxwqWU8a2JG4jBZgfFkxFXb
solana,EaYK6541YkQfx49WV8SyT7zWEDQSA7uB2qX8qTTJfFP1
solana,51AkybMum7ACsvcjZLC498NZCYzvWSGrpiW8jjG611Mi
solana,3fmzboaVUJHBe6LJsdCqrX9SuBDg6s5za8JhEd7xczSF
solana,3kfD13tZiGpYvMxS6fwCPhx9FfHwia7jEzvCkGd2j8x4
solana,EDmECkxPkjhzHQkYpv7D52MxQ8RhRuPoMgjrZsoeWjU1
solana,8P3WkC2n3VKXpAne3boGonezRffHNdsfrgj5outGW9os
solana,DiDuVoNyQFMfvXniP7eVEx7zKWv2wcujvAdPUAD63LDj
solana,HynXDRwm4kFSxUsg2iuYdJPdNc1aKbucHSYbq9pnQCPk
solana,HeUZ6gh9oVA2NHT6HtVeVJYrNwdR8eVgZ3AEsPGubEDR
solana,DhKWvEYMVQCsoF26Qgkz6dAL7PzsR6AkvVXvYLNWBGwk
solana,8CrvBjTZWCbHXrYYkn5Q6WoksNbequCyofxB134Qr1Rm
solana,F5gmVooe5667YbsSnQM9pL5U4fXV3BEv6c4r5VE2RHv3
solana,7qGXHa4FTqGkLciqvJwoMWM6aF5NUsGuEppMRLus7hkD
solana,APKwG1J9igQXVT8SjNfTRGB6thiCYr4XCfJy3qQfy4tL
solana,3xWSj5vNKEykHSpRyyWs1zsFuJBsjEPxydJ1GExnsSyA
solana,9ni7nLmWodFcyQvm8GukDg3poAB3cfAzo3fA8Tbp89oV
solana,2X9APotMqpQ2bSCCqWWjpx4guAMcmh6yDf9YQWzXuNpM
solana,BYhdm7JKXDYVeTuxwaRCDrrkFTJf5yqqBhs2b2pfM7Wh
solana,EXbPLvV83nyBEMwezShivwmFwReJzEvZLtm7JNBU2QB1
solana,EMJatzypo6sncefzEPqSS1ZBrKaopbtCJUecc8hAUUPQ
solana,8vAoWgAfN5LSZLKRthhWKNi5HNL5vBPKLGAzWuhokMrg
solana,55LdteQtK5YewVds2cAWbUMmGofDmVCN1LqfCoqVj9sZ
solana,6t4G24cLASZjUYqRJh24hFktTnfCx4qzWDCJzBxN6T83
solana,3RFXpgnNyjvTASWdpyHCsykQHzW8gfJJo7xesa6QQDNc
solana,DGKfZCBi9yKtv6gJmJnC1Kq3QHU2n9MQASiCN71oUo4s
solana,LwPgTgm2BwHiyYYTunzwUBknUrDUERXiiqEBJeiXTqb
solana,EVZ19TNVQwTEWS96YYaS5HVN1prGLwoquZf3zcnk3ha
solana,62KP2MurfxBxg6chd8Ua8uK56z7yL93wjNhXGHgAkGAE
solana,ExqwEvD69QeUiZfzcAGRuHsY2FidecgKoTFGGM5g3ece
solana,66co8EmUj2aFWQck2wL9hLBzchksr1ZJL2SVsWZoDeij
solana,7jpUz3XG4JjHT13UKbnkRzbUj8YvqDodP5YQ4zbVrAhj
solana,5942SuxAd9nwcAhStWpzc1VGLvjqCmRKYig8BvW9jPCi
solana,5kyPftyQbSwNnkC1rA6JVHALuEciZJ1ATYrnwtBZPyAK
solana,f6bGeTgVRUWjMqpS66kiF7Vv3s4QYmdL8rgCEAEqjiF
solana,4sZ1LQ4sV3vbCxW4YZ1sqYfFy61pAZiHirw8WykacFg2
solana,GpoUt5m86fA5YhVk7yZaTR9azZzugA48WVKfSKgJKvoe
solana,8ZgsTAN64zCddcmr7q4pAqmgE3CwKkcdfWwTNs7XgHRi
solana,85aVQAwbc7Az23Jbs5MM7AXumvtNqpnZetnXKaBEeha8
solana,CMMji5PBF9W3obk6ikv1xieKHf5ar9juCQJ6UQQ7szTB
solana,7vVybfVtT39xVB2uEyRXx53ron96376Ktj7oDTqs55bS
solana,EBRKT28EnNDDtkeis2bJZgMFhN9VoApbLNrysh2NzZec
solana,5EC7TvX5r5KCiAucg7sqT6qe1DRnbP61Mw2swdzAKuBc
solana,9jvJWJwouFXUyJ2pTSs4YPs6T742zwYAXL6nPXdXNwVe
solana,7ohuUNHRwtfVYs32PjcSimmE6UzND7yzerUVzZPrsJJB
solana,7WWHLismyXzdUxJ3Khmxbjn36wp1nKacaq3QVwXneSqG
solana,H24Vg8A2garhrmsVZfPDkNb81pT7AXhHNU8NQSFJSv2R
solana,8cUCKwZ9v1as1L6YXXXQNQjU58ypjCDPbTbFsMWwaCzy
solana,DJA2diQdapzz28BjdUBez9vYX4BvxQjkgivrPehYWW7f
solana,GEAyFkHecgEKqTx4UrnhvmAbgMnmxdtW1rroMuSzxq2u
solana,HxEb9c4xcWsyMooTqffmj42oxrK58XRAy6GACwAj7UWq
solana,FJM1Y3Nic3EPHKRavvFcdFABe7dc5d8YyfgJuvnFNnGW
solana,D1FeteezixnrTFnz11Cp8m1pcgVaW2gCTjvt6n3WfRC5
solana,5YtdzTk8becH5pscr9F2xyj3L3KTn63HtKgHLEbJ7Kzf
solana,713J3tz52v94xUPvvHKg3ECTjexrrWfSmmASTbZZuE6i
solana,CcAWHXHegY62oxr3wGGnhT59kRhML7VrT6xgNa9qmN2o
solana,2oBizPA3mzdTuggCnQSZLtWobfeAawvy6FjjE6H7DQ7j
solana,BDdk1JsbPiT7FsEyTK7Mgh1QfFaaf7rz6R8uyL5TDHtY
solana,EFEN9qipWNDWk6tBvNAwwV61D4x2YJcYsaWwjWjTmwWd
solana,7UcdCaYjH5AHdHxVnkhEykGxMQkDoLLDC7E1rq5hJrcy
solana,HYQdV793yrXjgGNH5EnHHrNhXErAXccZRf4Nc65rBKRD
solana,HW2RDKqoa6WfWm6evsQYXkfBPXThvv7pa3qgixwCLSUK
solana,7NJwqUqVSWAuLU76J55zG4WdR9cpBJksY8WGjUaR8CE9
solana,6rzYJM5NRxFed5UjHRrVDZvjLkHL8CowANLrGu9CsLtC
solana,FhoEzTfZZcFYJCp8jLu34vfoG9SPqP6xJV3yvzteUXhQ
solana,2eiMuPRSwNvEHrkzUg4kCpXoWxmpa8yVnpE1VHz5ZyMi
solana,JDW3YgDXtQs4niLnNbcJjp3f15abaTZk6dbbdb2gv1Bv
solana,FVjBpeinpHb4oGczjYYhbTLsuomkBfCALNVSkEHmFRdX
solana,BHyK8xqJvmW3yhWVErUSFBBSco43Pn5JNsHYpEuFjMdP
solana,CP8BhFazmi5rQNCHhQZzcXVnSXt6dr2aTHUhN7McviKW
solana,G2pEwxc3avSqcMK1Xv9pySJm2vVp6RJkPeurYHq7Jkm4
solana,Gns7BThV5pMBGu38ku8B4rgueTh6Dpc1QyVdTsKNZLmb
solana,3pKtnPu7NQfScuPAyi3KmwB5ZwhjQiWrSTd183FmfrU5
solana,GVyhgqahDFkEQGbqpuN66yPoc2GUw6F1LysyNx4UNQLW
solana,2c1p6aX7CVh78f9zXF8u2aWqccCwxcMGJFt7kmN2ZGFs
solana,BWZktJhbucx1pGfa8Vs8DyodvwZruz3EmrqM3UjqVYrZ
solana,HFGski9TV5bAV3td6aduRmKXVmeJ53KaSMqFGFbjK3gm
solana,6f6xQcjfX98PgDesZ5EybxTiKiUzbYXWzojsa3rZemhr
solana,H4CUh1zKqJ2zay67MqoNaBtQ5QnfhxUJG8gHa7JsPvNn
solana,8CQAB8wNTFAs9xTWkwPeBJjS61zbfYnSeP1m4KYo69pT
solana,AKLMth6DxerHViKtmu6jCx6mLo7E2xGFcuFF5ZqaW4w4
solana,EXg3ekmA59TcY3FK6anC1odLHS1jeJpNkv3XXyFsSnJJ
solana,kSnQd1VnV97Chgu5B2oWUMwQV4CW5gkcdJpML2gCT8S
solana,BCtukHdAYbEhMUdYQeHPtbMFA2zAtj7t4u65ithvgsxt
solana,8LrmucvAKzoRdmRRb1rd5q1fvPayLsxFak2Ez6KUasGh
solana,86mcg7hHiCNmdsphYc3KbXQtkmEHgyZBUTXni6fcFSzG
solana,5oVg8HSpTuKsGZJ5fvwoJNBGy7cbWsUbLMW46w87dz3P
solana,GWmKruWMLwqgxiNnyAjg6ffacgKNztzF3Fr6RiQbYSGp
solana,8nmDRCp125SCNWP2y6ZzDsayD6o464mFn27C2XUfx3qE
solana,JB6tfaq9s76snK1JcAfzowu2DnBGGd49bthobNXi9ZhQ
solana,3rkTKYjuLdUWhJ2JRyKWZWEHXWpQP2SKaekd8znTWdKN
solana,A1AN3gpUHrdCombBPgPYoSdfJvhJZW2q3P4RE8ajDKE5
solana,HnoxhgydLNSCvbCRHUKtJJLMWsrMhud3ck7fuUZadGzw
solana,3yUQuNHEPFJeJDUjwUyYcGARG13W7jP8A32sXZGtuaQv
solana,3LpJLA5G6iAMy6A63AZDAvYgvANbeNXSkQAUNgpsqLMt
solana,9oiRD4PBbNGCc7sUx22ir7e4NRrRf1G7sURpsNK9pMdn
solana,4bPs8axxa6mdhfnC8Bar7SYrp8JhSwevYXLCnCNDJSgH
solana,FuyUVYdbSQi7oAqqWceodzZJnuLhMyLwthu27KPwWUuD
solana,Hdh1RqBHbqmXz2Cf6gzFXWLTGjD5rbVH9Vf2PdEjdUN4
solana,3H3kk1bu7fXnebrDBhV4zjSwctKBZWTj9sndUd9NYtHf
solana,78TkPJh2MhDzP6QyxU8EqXCtpr4NDb7PbovufFvSfVKH
solana,EM1GdsgQgTNvq8E3LTFHq6uR6PdWQeWUvwanfHYDPkyS
solana,2oK1LbU1QsE9STeLCkvqPWwJVKyp1AwSywQDWaZxHW2B
solana,Ck1f2dmqSSoBgB74efCdFqEo7scasy4R7EuoDcTkkmLb
solana,9VwWX2DX6Dmwj7D4Xd6hTi6FnsXcfgdFzRW9zvoWpuG7
solana,8SeoZ9sQBhmeifznsJWbXewqshXYLkBSDJVATGpPGBAP
solana,4qrXzU2B3PsZheKfTU9YjL9mJezjpvxFhoToC1F9u7AC
solana,2r2FxH3E3V31WyYPvZ2dgXvkxNKs6Byegm3pku72Euid
solana,AQ5gP1hWBCua3Z3ZtGBLE7Jzcy6hVUZuTz5C54p8erPw
solana,BAWjPNJEAcYrzVxCdv8DwY35ZZQjN1dM1tqxNG2FN1hn
solana,AeVMG4R6gQwNfWD6DKq8beUTYvLCqEexvhmXqZv85MPw
solana,4jL35itNnLPLPfYidT9ThmsYb5Z3147m4gaF6VCY7fyk
solana,G6gEcjKCVdcF6Wpz12eVhM94Zs94hBjksh5D3XCutMHx
solana,4rv2Bnt1snN7vuSMYS5pWB5MKyThQU9WFToYVUGu8gJ5
solana,448Rjv8Yn4GNitsKVdh4fDQgw9QzdTAyh83FZrx8rHks
solana,91iFbb3LWRwB1BBFaksYDEzLr4mnvermkcjKos52uKaf
solana,3pDfVk1HLkJ1PkEJKSXqWwj32ckYPoSyKrZeZ8ZD4tuP
solana,6o2cra2dxWXitTDFNMWV7Y3tNT2xpYMecUP3Uq2K2Q29
solana,GrwKRSQq7rKnikHmX9n67ynwGYkNSCozQ7cT3GN5XJLB
solana,GxKWso4b4pYeYVekWSjtoETCcszFqZrYTfyfu7Lj2g5R
solana,96UQeeQ1bRRDNjuZLUMuapeJiRunPQNucFHFegjAaa5r
solana,8eGUtbkGNgvjRNppe377b5ikch8gbkJGm1ggsgdq4JA2
solana,AN2fSuHWJHyZPh1At6bj79YGPyab1U46o5rQTKBDxnqX
solana,F6gfFXBWwMmKiHBJ8XuaVu4geKWWiPEywDdJx4jto368
solana,63PKSuHAjT3wscqMwRHFYCCnK9hNYE8P7m7dvvvEFGCz
solana,6D2NPXYgnqZvEXNpDSfcFxjgGQkirW9zaXPsdjJcY4wS
solana,2BcvqPDPT9in5eoB5RGzHVmiEBzqvLKQKd3cyabXHQMA
solana,EMeX9in8igibn3dxeL7L7m1jmwMHoSBPiXzfoBcGGrUQ
solana,YkCWoRg81qgpU43K216RyRLYhGFD8gjvwm2YYEKvwvm
solana,5kGKxkvEDihXfZPoRJze4nDzYqCqFFE5mpWRJwYjpxzd
solana,D6Y8QPbVMQcJUwPG7tWS3pJwsYF1rMncQE6yk1QL1C6G
solana,ETFtczrwBecDHPxX5cWPoGVC9sQdASNHzutWk9rCi7rX
solana,DHCdy4VGcoZF7PJaBZMMvH2SoDhgYd3sZw5Y5WnEDgad
solana,zTzjAgzgoAbMHW3RQrbqd3s5fHgfYaYERrQgAvJ9omr
solana,3Xs6urHg1uRXJEuNsHPjkFfzB1rWFsqA2rPXyRQNnxky
solana,28CMPXC9M97Z9Q8QfE261GnWfZ3MDjeT9yUTHNZYtHCh
solana,6bzGLLRciFnUhM1FsYMZmky2bFW9FmTNmLF2WaW55NKK
solana,9ewbDTwN71G5L3a6LDAkXajaLokbgJqsRBbsGWEcdps8
solana,HzSvvJm9TyG2V492ZtbATfSmKV3DgdR9kkGsbd6Boq3y
solana,9WVWrcwhgXATwnnAgP6vph4oTbgQPMUJPcZfvbib8NvU
solana,GiT7wh62gZX7Ffo2BtnCJeqBXm3pf6qgduEUkr883QYF
solana,Anc4QDy112VagVVxVWE1DbUTzdkV3JyAqZWtuRvAKPBv
solana,8u5Yebp536Bwfi5YaVgDLjqpMT4HzAajXx2VK9pgckEo
solana,8P46ZCa99Xh7G9GWuL71obFKZF9JgMEykkEuiYFo516X
solana,8NZwtkEWNJTcjsNPoo3c3tqQnecyi9NZpntLwX2eWoLj
solana,CLaao4QBvVyyYAR8ixr27ceqFB24VbMkEDuKx1EDpknX
solana,5NPrnykgHkUWDq8thtxTutsQT2SSvZUFCH4ft55HxqDZ
solana,BHMoYPiQF3HHxfe2v78iZz95UfTEkrzfE3C7iRj6xHRu
solana,5x6emawFLUhuZ5QEBjiWyqY83Jh5qFhZDk3wyxCF8gz2
solana,FAzurkPn5MH9rr7XAKBR9XHoMQyPV1VHPz8sJpNPjKme
solana,HwCxwtq6nSsEgP6rGcwPMhVWbLp8iGYVRev7rYcpq2Zi
solana,7HjDidB3wS42oSkpghLgjFCcV4X8Ccrtns1EpXStZXKN
solana,6cV5JpkCY24NyJGLRjCroEdzaa7DocY8uDvcaNYhg6Vp
solana,DYbuyMpVUz8AjYkc5ucWocHpXGz5fLkjndUeDfeWXow4
solana,G7TDXmGGWURAPY89xxWd8x43asz4a1Q6Vj3M5QXSZJx7
solana,BxaUV9KZRkPDHFoQGhy4oi8eAzRKxXhJAEQvQZsfECCb
solana,CEaQ1P6QLrKYGpXFwTKgWG4WJHVitmT3PgV8w1RuNoUw
solana,9MZqMG9w4owR8vc5nk9yNp42NE3TYBg25yq3YqHNRb7X
solana,CLGPuHYgx8UZWBdrYdnna5ExaQEkeA7W4fSZsyEVWddW
solana,3TLRvLx9F2ciGcGeNzUGZHtc8fwV4rNJTP6x5yNUR5Hh
solana,G8S3U6AWNBTTZoxfo8e6zTnDSVDJqacSneafGH99ywey
solana,BibFnr1kZ9izKSuWJooQ1R7AwwzSSfqQKYaUCG2YfPFP
solana,9P7bHbP5TdPsNTPE38v829cU9gYfjLfqTradXR1TCTN7
solana,BZ351oicZqRY6s1popuz74sAeDXnnTaBbYX6zq8ZnmEN
solana,HadFGTZKA7juEs5bCEvroVVW1Z2zcroFaXffYJxoGaa4
solana,E1vwfnLK16Fr1YEXUh9ifTQ9CFscFgtbvjGvZwaWmceE
solana,9D177BLJFPdW2V6yYwF9mk3Hu8zhbLoFgJb8htNjPBLB
solana,GGCWMsqcJY1BfQxU5TK7HzmZdX9Z8iLAtwXHxxpk74oS
solana,9xPvMmaaGmEbrCmRdQUw4sCy5s6eEqFGx4kL5cHVZZej
solana,8YJdTVcTLTbBYxFh1Qbrbrx7hDy15RvdmSahka94VzZr
solana,HvJRgUkZPXWp466VSkBe9pHF51uJLywgo6QjCeKshwy3
solana,2hXBmr1CjXkXoWHum6F61pEebXhpC4KbmjJzi1ko2Np8
solana,HQxa6eFu6Jg5wPPG5MScaDuvtHUVWMMsMVtVADASoqDS
solana,3Cp6xmo9z57qvSKce8iG4vBnSpoQuM6ycwyFzEvkeNQG
solana,F2bybZ3qFwqw7vzNeqjEoJU3NNoF1DrpMSTcTkKp92e7
solana,Dz3qeufPM76qaPgJC2V7NCpD3rQYzMpQ9Aqo66Wa9q9t
solana,Cn8gqHWCY3DmKs8bP9J3mv3pEr61rBqKN1bqzLxURh9Q
solana,7GKP1tefYo3AbpJZ5UpDkWaxnnBybLdkp4now8Eid8Ua
solana,84QNxCGK7iXt8WH4jp7FzNcoqwriMEfZqxkHzuPY6MtS
solana,j68EFzmCYybivRLi4HZtzSRHnXfXCLeD2pkVKuH6jZR
solana,27hJ4PfAk6CdckfSde7PjWRWwbPB7SXfmKfr3mB5bQ3r
solana,FLNFKYpLiNVGSwqZoNvZMGJ494tZmPQZtWEfcFFrnjiN
solana,2mpcYopFKyVkjNmKiwmBQ3igUmNANFdPLArHV7Q8w8ya
solana,5mhEXXjxafZTuhsgCiv7HUtytrRwnjrwXSWPwizGqeEY
solana,78kHtJjpXKgKMFMsLA9GdxzoPKSrCeLUy3VcJysc46v8
solana,4dk3hTEwSkJp9zNat5evNvd79YUhnzJ8fkqSqQDmWFej
solana,518Z4H8fHR2zmWRifyY7t9qGpMSVY4M59zddRShcTzLb
solana,EFQrBjvPh5tuogqG1rSuML8argTN5z56k4fVjai6cbTL
solana,BUB4u7g1kSFNHJZPNQaxRyxPB38TD8QXdnf8f1Zsd3Ym
solana,5ADKHeJaFcsSJdd5Ck9wbxUkPF3HYYYQpyyu3RdkPszJ
solana,8h6Z6tPJXX3gGcqNTfWvxQYtR61dNzGwbcxCUbQsgCnE
solana,9cXgkVWvhMki1y1nmRbawYmotUfRctAUpaAeAzAbGBhk
solana,FaAkp1YsjVyKUHDuGrhS3NjgPJUyfRQqTdiZtjfYqY9c
solana,BMBT8WiMK6kNSBkLEPwQodNsGtbWrFuDxRVpwdUYxrYH
solana,HeGPz2dw6gok35rpu9TTpFhVVcn39tTa2jEXzzVr4yDd
solana,3y5e9ywWCnjdUmpdEDqChJuR7nMsseUCE9aWHvF8NaSP
solana,HF76gwETP77tBbpLtr72jeFwQ7nykc1jUyqbpujEF1zy
solana,EpWJFWvgubp6q4cE2bpxwdmzUpL6C62mEofCMaQbBe3y
solana,CCNJM8Wxc3eH6qJevNCyoc7ZHuuRYxZs9pTXj2Kqt3Ep
solana,NzfpyLEz29RaJGBfYV5i9zB4ddHSdWmbvtRLvjWNukR
solana,4FezxbKMBsQU7SSbjMwG1UdXcc1FS9VS2YQfmjeRjrev
solana,ToUysYh4dqydLqULmxQ9rXqV8eyF4pzA37LhTAqTzV3
solana,963YKNaKs8MpPWSWrLm2CJYW3VTYFSBdQXmL4PuVXCb8
solana,8NTe2LHPynVVnvAz69YZs4qFVyGQvYHk82gvawYCoY68
solana,2dmyYFHmHqH7EbgExjQNKqev6RJ6fmXgkME3AEjzWfDA
solana,5YRghMXY4fYCb33e1obhm1SbXPvQ2ZNrnG2ZiHDmjcKo
solana,9iHp6Z3uNbhM7ySDtTR8SNiEjsDVCqnb24fRPwv2oreu
solana,84mNT9P7wXv18Tdao8xzexa8ruWjem2rtyFy7G8DTYVE
solana,9HWd2uAZHBJiL8smCdnRm8vdMYpkMXGQBT4ZL8r5zAP3
solana,7Yb1pvv4iMkBtLq8RCkhX8kiaLWZ3dGm6NmjHAqRPoJS
solana,7kKQzKZ12BMRjNSmUmiyAwjsMDCUjbtnmmEvoePYHuN4
solana,pa1ckdMi44R3834obxceAXSsJTyzRN5FZgTSrbE3Gix
solana,4T6mGEvBGMoMFQiakFZ5rJnGnQYGzbBEaagHD4JtP34A
solana,5eSarNLVyA1rH6ZE8VgtZEC56zvubv4JrXJRRzWkWy8n
solana,HvsBkasoTv64FuPfbvYZPv3jpFYVLRCMoqqLahWr4cJg
solana,3K9QrySJb7FRyeHGDVn4s1ch7K61z4xQMund4hdRqqD7
solana,imQtrwWwkS5pEq3Wh16EgD9DqdikCLWxCs6KvR1anyw
solana,tFLpuxzLF7PXtwCmsHBadfMpwK6yH6Y2jpN97744LD2
solana,6dbk5iNK9Ufi4e5RpDNqki1CdVtv8zmkTvCQWaxgdTrV
solana,87ggHdRWKqQFhiFTnWHG6aDFaWXM8oFUDWx57NoJodfB
solana,Bhkj7ARR7zyctjnxpK2hkBDRUEThRgWEyBuXYAut8nd5
solana,HvFkyEL4hBuhrXWNLsdPhhtjYmDXSG57ee9ubF2fUApV
solana,AxEXm4gJpWUtmVbSbqpvi3VLfpxh229Vt4nZGjMbwqbp
solana,9CnDn8cjWGMZEBcTqmhnntjy15XPLxPM21JcEnRN9DZh
solana,HG4qSRp5SzEiFdaAJTCdcpZ96KGPyP7CLDRp8drrLYtv
solana,39BiuByavgkecCG5ZwGoio7HqLcdHm1fFRx1q15hiumC
solana,N3LeC2BVNrLogKBsox4MxERpFHapDZKNyGPqVtxDd8y
solana,fhHQBss4Q6bhewXBb2GJ9tFrbATjaCKyJ6fzBszXoEh
solana,GPNFwWSMza276cWK7vd6RxGTkxY7mGEF9k8qEAQFV83f
solana,CgzETpX3ayWGhVKUAcJ9XUYgBpbFAqLfyBaY75E4zmNb
solana,EswAwzHkCgkrr9ziqHQB3vvYb9Auav3ejRRHxxQkqej4
solana,5TaW9hMRdN2ei6mChfMYVpXNsQwt7ZtJmg1H45cZiHKu
solana,DW2GfMgXrbWn5yJqgpv7B3bFYx7V5WHqhoAa9xuEkvza
solana,65RcsJubW6MgcxkAsGBtu8KkP3ZcAJJ3a5YgVFkCYT1y
solana,GyBDiL3SZANChV9zDygJ8SiA5SBRqkCCm1LtGLuWQQzS
solana,5cKmNo9pkHG3Vi74BHoanXbTSyGdZ6KuNjCdAiaowvkd
solana,5CUTvT21rRbYYVwL3qmyvfABRQdNfJWwqKu8rVkd1mR4
solana,7byCK3HtYpi47ehXxavvD5r619WyBxnKjDej8JNNptm2
solana,2SwLghuFqZ8ZDk1snELx89Q3eSYx1LdcUsPL3LgaFLxa
solana,Bp78X1yQL6G3vTBvGqbCjsAZSdgQ4Nn69SBz5o7fWm2R
solana,FjL6ffmjM6qdzQoQ5uyrGehYKQWGJtbfCBsr7g7WZvQ1
solana,HBviydq4ktftinGRsDYK8To9z8yaEestGXSz4M5SLde8
solana,7mwRCvQV4uPCrJ3tRUigFNtQQjNbRY4g21HMk1GPjdwW
solana,8UExtvp6NsH4bWGG3w6SYavGwVWtRQvFSJy21cZPhKyi
solana,D6vL913V7GxQKYh8cMEqKFZry4s8daJuoQyAJDkTziab
solana,ApTSMBN6MYE4X5iPbaahNUNowzVefAzf49QjyJiRV5U
solana,HzhDsbmUUaZj1XUdJ2WQ74a32wRt7zwHUpgk3mjtv4R5
solana,8AzBzmeZRrRAWdABHXon53QCAufvAtAuyaDQD255rFhL
solana,BpHeY3XZmLdKravpmDwrQCe753Jd8ZBRa2pt2mfReWtt
solana,8pfT3DLzG1khYbsyYtLAaKpnE7pUJmbZ5goQNnz1D8Vh
solana,8c8ofvSigcasDP6D8NQYhAGBTPUMKNTYKT3FprH6ojq7
solana,KekQtQy3ChGbz9jyVv57mhqXZiviPe8Hk2YD6myGBEL
solana,DJ5BZEve92QxyEtrVHgoY9BbhboDNSeyzS6h8ajSsvX
solana,9qWLLG3z5kEJ4YsNGHoGAqcjwREkuiqW8Yk3FWsubuCz
solana,BS7YbbSDsi5fPzBbAmZKq4MuT8sfVMe2qfxYQommAxNc
solana,3ofYtDpfioJd8jzg6mYNf8T3vWHCc8ncPTBS1wpScdbY
solana,4rZqdaaZXZXLkWn79xgyWuZ1T3uBmGAzHQGm8oGc82UJ
solana,92nmwqwxRZtZFZUEsQmy2jSs6g4qJrdtJDGKQsYSRcho
solana,AWUt3zYb9nXmzw3bjhYkECPMbf9eUWpPXpwWtHoperQY
solana,D6BHo1YnRYRmjYvnxiNg6WppbPtdbaqVusFgWo1cPoiJ
solana,ExMMVsBHghUaKFdPPDBtRwqfVVZqHVz3yy73ujxZ8Sb9
solana,7uEQCyWJLMmqzfgXNGt1z6XfyWe37UZQmXDLQ2LUHPFb
solana,ErEvBwbzDYa2EAaTZYkwqZJwh2obKx7BXv4di3G2zkWw
solana,H27M4oQ7iMLAndFtBdMV5pkQD4JRAcgBhSx5Y1XVMidh
solana,4778Z3uXLhMBBJQsKaBHJPwLXfaxvohnoPjBqwQjhS2r
solana,cny8dAmoj5VHZRVygGPXFuLghjRonvxxX6mPXfLVu3R
solana,3KpQ4ZNxhz2LEbdXGeeJVpL2rMLY9v67dYSMNGsaMWAu
solana,ASoVvbb7RkNcZYEUxXLo65Dtm8ajKwyHo9eY7ZN4tzv1
solana,6hukRepwzZJk9u6kEpBtatMnHw8Lop1msd1XX4J45EG2
solana,Eny4ng2eLaPz87yBizVt5FNZWnpqb6pSgbtjy821zAPK
solana,3y729HbFbrZUuhgp1Bk21BryrpJuiDGoxxd5aCCAPXvM
solana,5tKN9ZjR6emoAnSpYNBYPSnza595M2ypSK4eET2cdnCv
solana,CtjhfbPUxW4PXyLwGRPDiaTWTPzfHdy8viz8C7fqHaBy
solana,HmVbzAJNhtb4SwwQdkqFT7pd9TjQS44aCiPU8vMRfFFh
solana,417jt5QKyuUhzmHw7s7j9LLovcd4jHbZ4eXW1gevFa3R
solana,6ao9FGz6hBJ1zsBAPCVwxpvyyfkuRKJacqJWfs5Ugcmk
solana,9ca5Lhmhs42HLYjzJ3sF4Wsz1oSeCLkd4fDRHTChyjYV
solana,ENRoiMB6SqBd4jqVtnSW1NdwyvAxzZJTKXWLgiCjb19p
solana,8duHhxx8uPgye63BwXWgZaonX5HcPDCoESdvPZdjBeCS
solana,585EwDfRy51z7iteQ1zyDdiLgE2e5cRSJUyvW9CSSd8Q
solana,AwNco658WABuu54meZ1ap6c7tCHBoBrnmWx1zV1qoG7D
solana,DJrxYkgkX1hi426fyLKKhAWNULrf8REhFMZWomXasqor
solana,Aq66deRCMqm4VD4gxn2RaNRQzUNT2i1T2vn7zsn1Jkgr
solana,FRsPDJBZsvKdN8DpF2qLG14AiZWSfW2V3jvrF3S8J3s6
solana,Bm6k2SwwLUS4eS5AqZQApWeCv76f4v2BuCmQd1TtH5Vm
solana,DMpe4ipCgJcjev4cL313ombSrogqSe194KBx9XJhwobD
solana,8NqBahusRNFMQ8auaDMevw6nWFbEF9M3UteoEGj1ZQJY
solana,BXSX8qZAC7jnxj3thVcC9JVBxkMtWe4MBxiQCzuwAGPX
solana,9iRZJdUe5EEHtTryEaaakMuB5gqPCuPC1TB5qyWZVjAT
solana,BxKEPRnXtWJEWBUwkNrn1AawMW1PErft5syrFeisrzs9
solana,E4i3GPEDeZFrfbXaX8xUmFcs9hsh5mgkRi4CSJW65gHP
solana,5H11iZ9dJqz8wAf9t1KTvEFua86DTh8PJmennQjKYgeq
solana,6tsWjPejuRViTF4rhjDgw5exAGuGcrDVurtiar4U4FRe
solana,31e6aGAM4kPsZ33kwKgvaV7dnTYk76gzjC8xUyFckveo
solana,HrbF4rFLZj6aZjXCAstCGgMpMkCQ6dFitHh9J8wkU86T
solana,5SymfP2hSUcfg7viQfqyvVNHuhtqyMPvSunaPnqMWUnc
solana,AgQVhZtUGGDy2FpeYNvXk7hg1AZZMLFadEoxfEyLiEXH
solana,2M1kcRhB2s9fCMn1BL8t9LRb4PF6wzHzTP76SyVJZLS3
solana,E6qf8ig13fvf1hmoPCsTzAgEdRLLVoB4TkFHGqmv98Pb
solana,4kHmNC3VvU8ERXSowUVNt82pGtfkPJESkJh5n1GHWFVq
solana,CMN4T89ijQr9y1J6nzrpt9sYg6eSd3fQb4Hw7nYXm15R
solana,F23DrHvFGrYiSPJrbxK3VR3KkvazM3yfRFhtqfjwKhFr
solana,ENqXxTE1EtEhdxZaZngW9QT9z3iWgN3KFpnupTU7JTMr
solana,GpzPgjaXqspMnHiJqmbbV5BmwuQW4yHA233PcEFnPSSq
solana,CeJwBeLt49FBgdNcFdPAUtxTxLuFBqwXQfkCJ7hbLyXk
solana,21mP2qYusDBvQhzhyjivdCCpGUfu63X7h62iHPo2vJaN
solana,3DhE7SwzsGkndLfkP7U1YzSEVtQsBFUnuy6NNHKJdrMi
solana,EQVJkaRV7DiJoLiG2w6qu7H8XC6Pf36KQ1PDZs8sdYY7
solana,8xWwKT6a92VitXehRWv2z1BaUipe4ViXBzcXz6p1WcQy
solana,HhBP6EPuUNY9seTpRHTzB1tMoRHJTj7FW1DxWuEparG3
solana,3qxCKsP1sS6eYXZjCop6mc7vVWw1txac3URZ9DYScjx8
solana,GYcpoE6RAK4ds7FjtuubNUaX4FXoQpGsQu1f71HnD3Ci
solana,CggH1FRedVdQHUjABALK86vTUPvtcbSqV172kfvhz1r6
solana,Cdm5JD4ar26rwjHth5W7HdU65PBrhgFkMYgSRKAw9Wxy
solana,77TU5UcRgGWLzQe27nkhyvVa4dW411B2h6T3ekH7TBdt
solana,FCPqbvfjimq869QQXMb8RH3ePQCqXJd8nW2rsd8hYh3n
solana,Gx6NHMF7B44dev8JeDCAYzT45Ph46dRaGispodTaBEhj
solana,5FBtUDZSUBjG5Wf3rBhvfkw73ipUMrFYh4qmLHn5eGbo
solana,imkYygNj57TYfLtEYqUxd7VTHNjZu9pcMkmKo4PBSZF
solana,2XdTjrReqSWuzCGZ9UQSKDcjevbwMqhfLyDAtm5zEEeS
solana,DH2fzJjPLF8QwHYnkoQorJEcvkSgEY3JzhypZjhWMai5
solana,AWm8BzNX5ezTygfggybjN6qBmNfnuzKh4zc6d1Ad5aYG
solana,3qdKZnn93Hgdvj6TWT7o4BWUgYrjiy7HApdeF3eCpf5T
solana,5Pmg2YB2Za62X21KeKmaYEWnvk5YmGwcMbrYBUvQSFLS
solana,5FYehSzhpt3vrtzFSWb6FRz8Xqim98f34HWPAjjQfgMa
solana,CLcjb73x85Vdt7yRdUyTYoDsXegyz2ZT4oDsnmRPLTt8
solana,3dKiWW1sgcF6Z1wVLU2g3fuHrWTGXEpNEEpxZsYS2zs6
solana,3vmxcymzMUya4oYTXVpWRUNbrPJAFqjAEZDjtJspVKHf
solana,9nHWjp4LzGdzGvZiVBn3NZcdwqtwcwRH2K2NLu8wzTyh
solana,EFoDEAcBdrUB1g8XRUopnpgtobumvrEwxuyGpm4hMWQu
solana,6KTkhQV8zq62236cnXX3H5aUP4peVJsYwk6NwR8AicRH
solana,2ZjuBe94aafybGxmdfZGJbfptPFkqZiaosXxRKmDVd6w
solana,FEEPzfGDRpYdmnkqyuvv3WKMcjdwGXT2JFGfBx8WZjdP
solana,2z8DJmq1nxkGq2pHww8fbTUrSRxdaMdHbTspXExEbFqA
solana,8pdeyEsfNFox9abPBDWD9RpJ95c2mRH4kQBzYDBcupSh
solana,HZHgmtN259ovc3nd4brFb1dM1JV6q8yaZiYyLvorujXV
solana,7DgcJdMjjfqEmdWojF8VFfQRc27sPb3v5DfYtGtiTSG3
solana,EhFFz7GMj3qkK1hZ9n2qyEvQ8s29soCnip3iHmunwUip
solana,5ijDFGKw5xzD2Zixe9WcVdWeqGMcSWd19wVwwJroKred
solana,7gpxD4fRgU1Ckoe1mf4GjV6ot2ocmhsgyzHvE8NSkjCN
solana,2dQee6daSsAcyrdSLzgPEdtHUWcDfJywEM3E6oNEqUoy
solana,77BM9DDG1d3b65uuLzUgkrdF78eXL44kFZMtS7ErjxMn
solana,FAwH1GRPEVwMyrmDMqkhYnm1ufdDY9mZkkEnU8mCHcra
solana,Ck3vXypq9xXwwZzVy83t6TVkTqcpdhje7sb4ADuYRfZp
solana,7JHaguVWnq5oVqLkDMmWs2H46zjdjGosxxG6JsCAWYdM
solana,GvHQJdEjpuZK9fTL1Nn2mqKMNNSKfz1nRSXscEcrKPpQ
solana,htSCgGe31CbP6u4c8L6ZRijizJja8PHTsb9GWT2Tb8a
solana,D5mYhaZ1QqyPCQoe1e2kJU2QXuAfwzQz6AB78ofFatHm
solana,CAKTJEqp7Ai13iQEAj2uCsBozWVrGySR2NX9k3BZ8QJQ
solana,7musbReYjLxRLPypA4DkZUuMpiiZVM8LSYp3aH12VRet
solana,DQECse4B4zt1dXYrYw6iFaihJ3Eu1EqD6LhnSKyAu9Gt
solana,6DeD7dExSzcqgWaLPFWE6FnWdegP6YdLyodTk4JdAWRB
solana,C2uF7Kn4xwF1SyFwztKwyuVwxyJ3MY7y3bmNTtayCWxi
solana,FopHE1trCxGsWaKfcD8jRHCwHAt4FBXohEsLZivFtW2E
solana,HBGWRm8T3ZnmUZpFYVX2k576LGf4pfwAcFYu9mvzz1TB
solana,GW3a3ZRLjhT4CQStj3Nc1chPQRiWwkAqeyeRQoNHLhFc
solana,67LumdtLYT4wPbkk1HiyckZ8wJwaCuwqwfEEwm2ndHDZ
solana,2AFVBjaQvr3EKtTCAry53m2uQz2nBcYT9sc9dthY7b1p
solana,3QuGebUbzc2KNyCJwtdJyAXHschzbgaE8hLACtzWbngK
solana,2hhXcptJmp2Z7HSeB7UtHuWc29guTxfab6f2MUsXvS6T
solana,DtYPX2g1F9KDxTuZgArFZYmfjqT771GTVVKvDngJxSMo
solana,FMRJf3j7A9UFAjz6w6E1Qw93nDFJda3nb7EPMLXrNhya
solana,DCEzk3Xdea149RJ7aar9zVTdLNyqPvXZpc6ejtrxALBB
solana,CqCPZTBjYbmXQmB17PqMoU93BDockJBiHc4XujL1D4jJ
solana,E7biZKbba1pWiSPShYmA1DiqDnWJYqWYANH4fcoAYesL
solana,6uPBCwkBrQoDD19SGzjp3Nv4XSHAzJvf5iYtvP61vyzi
solana,DdycccojURbeMG9XUEDqH4qGMJWoHnDtSSv1P1rAEqbc
solana,EmhsTxqeuAzAXTTLVvKvcdku9e5xyjxU3hMZU4BT9a8b
solana,3oRADRD39fw1cs29RvBVPabSVNdJyTCXk1w7ypQXdS4Q
solana,97afqxeWPrcpH99X3sbibL9ir462a3CMubFnSuunkKS9
solana,7E32Wx1cZz4ZddCyT9wE5cstu1YWhPg82MDNYbMZ3bww
solana,ErBQoT8LpTEP1UP9YDpVgbqSVn6E86tfXownFkThGM3K
solana,48Z9BcguPwxQ5MLUKLBFNPrRtr4ZdSMkhZrvaGU1DFFo
solana,4e3PsLQVVZSzFkgnKbUsH2LL6Y6cxuhkMNh1uTFv6554
solana,5BXJkVVjxVew1foytPosmk4PFGvDkvdwpeomMm63nhdg
solana,9pXRBBrN9UCW2jCN4sRTjyrUsePtLit881LUvPUi9tVh
solana,AKQvGU6sM2cwucYr8GVjMhY74traj6sLrJbTZd9LVc7M
solana,4JETntX8C3VDLoHV9JAp6RKAPYSYAMH3zakAkrXoAM3Q
solana,2mqyuwjNMb6LKddQSeECDhVmUp6hHPrrXiGGCLK2KN7K
solana,BXLrxyLZftHn2px2wZLtt6ifhxqUweVr5ZeDuLxK8eea
solana,FMCFyAdY5wBeqocRgQRcZvxumrss6D8uaofBpeBcsFX4
solana,3WHwXEsdY3S88Zx7gJ9EHfra6vGdFchjtXWppV177x2M
solana,CRzTxcDNA5aC9xGm8jXEQ2hqZMrNi9JYTUcPAThRFT8z
solana,61Sr9gprHLAHmPvqbD1B7Asqn3a2etC6H7Gw2BZrzyjz
solana,5SgwPNp5RahYcgFhpF8KevpnkS5BD5ULTRSmNpXqFQrP
solana,S32j2DVXpByED9HCEvuEw33GoPmUKqbp1UXSNc4i2ai
solana,3nJA8W5oAF9pFgz24R6MMQ6BAhnFVs5hz6dcKeeyV1fN
solana,4kN3vCYcHF743L4GHgkJRsUGazaog2vEr8JTatjF9gbd
solana,8fMXM2wqZf8RYjshnbEriKaSmAXuibWkZt6mNKDqCRDq
solana,8h63ykYpqZvNgXp52UPmqD8wvkd8TxbdbszKvEK1uwF4
solana,T4BT4UGkd2pv3bXn4QqGSos88Ru5QnncePEnNtFEc3Y
solana,6Eu665TeUMxXGwfLUbZkSZUwyctkbLKQXZ2Dz2v3bdph
solana,3hj1xAGBP6XY4QNVeHJqwXsPmQofoAbVpwApj6g5DVX5
solana,HpVfBG7YAaSVjx9rcTVGGoTjSi95HYbiYNSfMNuNeGoY
solana,EzpDRNGoYGC9kQgHv4x63V1gXjBMQe2gqYwjgNZcmPnH
solana,D85HTeJQzYYgdgiabVaFMMwhRzCAFYicJ9T7KGDwHeCp
solana,5Godg38b22bdtG5Vv1QH2btjaC98xe3pw5ebVQNsANBK
solana,HZDZehRXAN8GRtXXA3hFTUQfH6FMTmuBDqcR5tV4WhQa
solana,2wPVQQfcKnKpRV63WsbQYBReJhKFg1cpW2dWTwjQppuw
solana,8gUYuAzWiXp1T1WnJtqLnsX1FtxcYFWGW8gwbs3S6NdX
solana,HgH3PrNNcCVBPno5m6Tyc8u1cC9SHy3KDtnTMsLNMQb5
solana,DvMoCPcGwGrDy3jSypNamq5iEMESZD6KnEQp9auM4jn
solana,7beyD5MEgZfnBfmBrLVy7nJosUgxxry29VkAJv2b8GUe
solana,9F7GvsAfXXBv99Y3L4SsLkSLpS22KKAfnvVYH2Sdq6jC
solana,GLe51aZr6ywatWNriMYbZwNcHNUuSBP8cbWGv3htGCWy
solana,Ejo2qUDzFCrKLUjFvtVpNCVAECguYM2vmwZwm3r1CDHJ
solana,EnFHmyqiZyPKHZW61p4TVywU3cVH7pp5r8GWojBz5jFi
solana,EbwSSYqbGgvBNai3ZEhNn81fXvKHCFgyfnqKmkyrC4fU
solana,4GU3ZewwJ3ibxrc2GhY94Gnv8e3tadfvsN7NvpkdS98o
solana,E54x2DjFR1ag6XghyHpXZMWMC9J8xGsBYvqt2v7r9tF2
solana,DHm57CejQnL3d6nPL48DULp8y8g2ntYF8r7n5YP7CZUz
solana,2drSh99ai67axJkRTzCpDhedxZ8Wxa3eeZjsPYH9WQ2E
solana,GQ45K7jceT3b364z5NaFodS8o8fKZBEWfR5JVBxZpKoa
solana,CS3mgL9KHdSDN5V9DGFf4Pn5zG3g8D85zdmsht99RS9t
solana,9Uq5aARs9GCX4wa12ownfmgh58iWSzeCiBBEkFLJU9KZ
solana,B57oAaYztPpBtDSDatkPiUZiB8TxwdvpPBGeuFEeZ8Um
solana,3khkmgxtC7Z9CfQgrpCtypzPSLkDW4KSHahFqNFcg38J
solana,AnDKzzpJWFqT5meyCgUPsZmhqbGegvgkCQRvC7JqE6u7
solana,EkqjigWKWvwhdL23YqfuWp8SNLKyz6UYM26DnR8ydrbm
solana,9NBCJkVqEur63d84Y6WAdJnT5CasWajCAPGKC1J1p6Ex
solana,21SJRhvBUTg64cWicPi1EVgq6LG3mfhjC6kXskb9ks8L
solana,DPG2kn5KLzeP3yNKVeHt8AbwzXgrRYK63Ks8sgXF7B7y
solana,7hxTkofvrFppKoLTh18xbfn1NiPyrpYztz1MTRaMtEpa
solana,AetET2kQ6SHyj7ybZKvLkZcehU7pMmZEVW9F1J6bSqVt
solana,CqoKJTjrmkuH37P4JPGuapvp8BoPKC6AbwWPsSdLXmQY
solana,E1GFGmxQ5196yVQsA4NcLzndLdifHZmyyTmjHYf2zWBF
solana,B87oewrys5DYE1ZLWuDvrVieVmFfdVGUesjj4e6c14Mo
solana,Fm8yeLNFoq7xapsKBFWALCxb5X4RdP5SGU4TerccusdH
solana,9JvHfJnLG8ghykTasGGUKjRSSh2sXjKF9b8YdUxAn3Wp
solana,CnU8DtaXizyupR58bFJVpbLu7LtVwLf8o5wt69QEdGEc
solana,36jJz5uABjdQKT5EgthuM6N8oDj9PxZqeZN1Gzstc2Vm
solana,FGtVVWcUev2X92pTzJaGLjNVP2hwfAhTqcNjQT5GPTin
solana,296PmGTKcvpxFhZ8oZmYLZBQoQ4MRy7oUJ9A5HSTyjG7
solana,7RmBwTpPt5vb2mhXntkBR3bzhmWBWBGd68AFJpV8D1hT
solana,F51DuAzwXcCjaWwmKyo88fmEH2hozq2ppyjN5UM81d2z
solana,AJ3SrL7r3WTRzywGRiWi38YL82vbn8g7ZTP2wLHiTrGH
solana,DVeLBXmugwtopNYuCdaU8jQAGXymwj7AYkhebez9zvbY
solana,EUUCn3cphdQo9eFhdwMd8wjkbtqT2Me66anzKcM7Ty72
solana,A5NPw1qMsjiQHVv21MPWWDSQ4EwvpKomk6YGcgxS23UK
solana,GurUEB9fgRtYwUwTYSMaDuhLPB2yBYNc8HMUk5hKtWG9
solana,7MED69ZVgjbhMeFDErbt1Qs7xYuvRcJYZ1FbtKvJgAqZ
solana,AWq2ScKeo28JwfWVzR8RRk1mKFp87e2rFAhAzAc3VAHp
solana,9W6jx88rH4fKp61GFtGtdTN8ZetBFtEWkfNxPYJtphb8
solana,6f389eRGYCt6Eg3cDmZHiRTbD53Ufo6o1yrpadQRcfUe
solana,FEGQnZQYxJQxuNzcDrG8FzQC71E64nMgt2wWZGC3Y1dZ
solana,7JWYvCF1c7evxzcyToFZvYBaN2gJUqQmXj1PH45762HC
solana,9VWf61fTbwT2PNDWD2puQriLnCNpSstzP4wSeKFo9ePd
solana,5D5UFSbQFvfty9mgYkuVgoCenQYo5vYe6Fj6QMRV9DgD
solana,GauTxTZ1Qk4Vxwx6Dv2ttBR6MMA4oft1GVraF7ZUSAzS
solana,5ZCyy2yJYR4df5QNkXnKPdLxbC1tLZLozAyfUwKhW5cv
solana,DkGVj3sHXdsCxvV8VHk2jyzqx6rAiyseBLttBWgp1Fz5
solana,3Fo8munJapDXV1au5fhUVCMYqodxgRowYvZiNrvpay4C
solana,BLBMmPUax7jAbhbXxSAGHB9zQkvy35KqF7XL3maDa4QT
solana,9uHQNSBDWXfcWMG5A4ccUq59vAEwRRywje5FsqjtQ8gL
solana,ECT6eGHGkcr2tYVhzou9yCTCFPfj8adyAXbomcvzYw6s
solana,8RbatRCgvzKbkPkLSY5ygYszrDFqDwYGwajxNAnNThpM
solana,6Tq5XZt177PyouFe3b6Z2j8DkRLv1WVvKg4p8JuCvp2g
solana,6qUW4bB6nBsQc2RMTiyZCRgMra1b8ySD5XE3PQND3o3S
solana,JNXozRWQeEWCxxPcjpmfijmRCi9kjmoytHZdYHNWBTU
solana,BWUSJCsKG1351yJCrwb2KKmBoivAAAdNG9tVXHbfuUeZ
solana,6eHUGD8ASo6Cwnb7RsfmDgf93pNrZDQRbJRFt7B9WgCt
solana,9Gi6ZFdPiGyv9E3eHJVHsQyjHra8nS4WD3GdRDj3QZLq
solana,HgqK6QkxJAYp1Q45d9Gs5YeUpAJxce4XxPJaoaFnYx9v
solana,4wF2jBEz9gwuzm9zDVxQDnJhi4FzNQRdoNhYuyQVYjnH
solana,FfSCireqWYBLENM7Arre3TKvQFn4GE1sswX8n8WVoJ1U
solana,H8K9wtpJE8gaMC5eHSp85sBKFNHbN5xSCUw3pMB9ExE3
solana,C3soKrWPDqsYctFpxkepozK3KP9iAsijn9vX2QJXkxzJ
solana,KGjGZBqPAcnJ6wHm3mcsDN94WiMZe64XGjtaiWaeAXW
solana,CGX1Nz5tvPwZbU59t7p1gsarFGU6CJ7p1vPc1zPkdUKu
solana,Gte1i8kXjN8oT2E5VUzasks9FyrifsZBiSuje2AafupY
solana,66zdx8N6g8LgEneoKXeduACBdVuSGQTWjigetC2QHFR3
solana,3g7MT2i4iJsmYATQvt6UDx8aQSi8F5FmFqo4rwuUtsVd
solana,Gu6CRRAjyEP6N6hfWsLJr2At8zpL78TegtEwPPCDtJhN
solana,GnufYedW2kCR25897XdGczkKY8GFQhQdSwZuFctm3tL7
solana,CUgcVfHPwSV49W1hfDHTZ7ESG51f1VgvMqYEXCPzLXeS
solana,DzjyWH6roR9yx5jTMJ1qAjKruohD9uC21VojU1nR2fK2
solana,5p8D86Q4T85MnwpWrTuv5FmKpXt48yXvE9rah1XMZLq2
solana,J7QZqmTdbh39PCQaXv4igskaXNNuniCDDqKB7Vvxus4d
solana,5F4FuPgXqi1FRN5eEFMuWPnN9f75s8jN94WSaUTodZG1
solana,ECfEp1bdG2RGdrqWCVxKQyjUFALKiCm3iC4qe4wiPtaz
solana,2HyGNuPwzQJygj57Y1FtugGzrfgGwV1Lawc9K8vpio3s
solana,AKfdCo1qYJC81fV1GKi9sKhgd9k5Mtw78ebzq49P9cRE
solana,F9bu7NBaFNy1NhXQWTfGzWp74TsmtDzoW34wVddZr6um
solana,9WYQERzu45AxgeEapnND5tCoWYq2dWuuRseU3QN2VXQR
solana,3AUmhxJ2zwp1rBGDXXUeyxy3C8q91ivdjuvNHaUxCXFV
solana,6ve4eohVsEUUcsaNPBffGktHMtmoxxCtuV78spChJJv4
solana,HJ5Nf51Y2Ng7M1zwXBrLZaSVwJR2wCxMTGsQ89GQrtH4
solana,55fwGEUY8SftnaCR7xLKENUNhAHViwSZmJnWagPGvjhG
solana,3L2cC8Rrrgce77acuB1JUkdyHuGhmi75TEaxs7cmNtpx
solana,7w88isPwydAtQT7rN4T4LhWdsisioaa4Xu2UiggjPE5F
solana,JAR2WihWyNWY2xt5s8VGE2xtE1Q9RRmErUWWWD4ek8rX
solana,9GgLqPCq67nfavswYfJXMXDENC2Ecm2UCYnUyYfFh6xY
solana,7fiVA68sn5P2tRL1a1WES5wj1Qap6pk2Pm5kusao5QwW
solana,CY1UQK2ZSTXYBx9qDBgLVmAJuV9YJKv2EGtay4QXmkEj
solana,3rDzgyeuxDDmDzb6G8kNBPJYrPVExrfPtMbi8viqCTLR
solana,7DFLwPF6fMmveC9ZKGUyLbTtyCXMgrDzDBPHPC3ScS5G
solana,8zX799if4LgdJB65G26qeb8fHjJWAgL3yVCJXdn1fNCU
solana,H43ooZ24ZG8vbhMeGdMxsUH5yVGAi7UqjSpsRA7ZsSMU
solana,4kyKPJqi9udMYZiXGHh3P8hgYNZJQpBY94jRSzcTp3hJ
solana,2MMaHBskrRrw35rDwzCMUL3Kmc4CRbUHnHoLJC5mDNXz
solana,DFcDkPxF5j828dygCpoNqq2z3zw9qEKCXsipgxXW4HrB
solana,DBxpknmUtdcdkHMbEuNxX36Gfd9ZvJD4PWAue6rmjeS8
solana,B3QYBUi1FfDCTr3qDJrSRbJcPTWcLaS8vtSHH1k7Ct4r
solana,AEPdeANWaNkAZ6F9PA3wiooHPkYxhC1PHSDg2hTpLDW8
solana,CnBWL8GtzDX7xzg5GYtrDuDjri1MFTR9UE7Mcuy7MGMy
solana,8gkXWpeJDL9jNbzBwTWCW8xuipHNhwsdTq7RzqksyWwZ
solana,Fk9ekanfySPRzPkry8tgnbx9MKWHqkGNAGkpQRLeY2fN
solana,D74n2iGnsuRYwYczARGG4GjL5B24dFnCuk5iu5g8EkUL
solana,66tk17gx1Md3sXqAZS9vc6wHHyFVa7G8jHHBmb4hhBHL
solana,2TysHN2GXypD4ETNcuBQGXmeRvQhszx9vJf9GLigzhXS
solana,C4RcmB6VxGhPoN1M3BK8igvXPumB9k3eGjed6CerXkv7
solana,6AQX5LXrwjtpRfAcS3KJhXEY4iLSZ4waNSR5fxm2tB6x
solana,TdrU3pu4hJJJqAjkxPoXCmDcGbHuXbEe9EuK8LBf8ET
solana,HQmRahaKyL26vKycw3C99FpPVkj5U1Q8AccnfgF5myzH
solana,AMvoPmPkp8cCokBTZVua2JDXqi1BcshGHgUq19eEDLoa
solana,3xfdQKjeBrFddokw4UcXPXd1bCpgo93G6C6K2Si2rTbN
solana,BeSrYTChC8Btwrn5bMGu8octmcd6PBANLMpW36wvMDAX
solana,Eb9wVcesmYWyts4TDvBgvKYRcMUCPB4EFy9aMJX7Sx4N
solana,E52QE8RZ5nK8pogZbD5jmjTg7mDUX3PJi32nS4EkBtcX
solana,CuDXnXyyNtwuCzkwnjBbMDoozBvvP2FmHhHVbwUnfb4z
solana,Fa4JNu1CMiDp9PaEX4SnytRhbj8doCDaYmuuncaARYKP
solana,2HWQd9kbkJbTk84GBQgqvYeAwoNEwvcFDsjUajTW2ih3
solana,3JxkZijnLzu7yBC2ZZaxiseXw94YgoZKRT1FfPoaGi2E
solana,GMt7UvEdMNoAePF4yFNpmgjPtNFmkR3pyoPfNTyNcUjj
solana,4WbXisZUzq5K4HCCSPK8nf5tt6XnYhnZFPXJie9UqQqZ
solana,CUaqbCgccQpbhZSP3CuGjebYEFFz1yaWKBKojJC7pkB2
solana,Ac2qqg1oiff13Uc8vLtaQ9T2VPS5sgEikKbdufUUoVqM
solana,91WgBLbNrnJdAWq26XUWNx68Ni9z893fWSbjMhiL2XzP
solana,6vUA1oAe6Hd9rsRgrLqff8GpDsuEPBRmnf2KJb868iLE
solana,FF8DTxwzaMpxGe4EQJ2G5ep7B1ZHnsZskocKFaJM7T5m
solana,5mwN5rPAevqM4Jmp9g8arAahdGtV2YpiuVXvt86wJz9d
solana,5tDmu4h8JctgutvaDb11i4BTKimVyhQ7Y3AXjaeGKndE
solana,FN8LCb7cdMfWbpZRD1xJ3afS7VHq8dbrmaGie8qVD2iA
solana,KT7BQ5DMKrCMFf6rSjzn2HsWodpM2p2ANTxNesZhXYU
solana,FANQBVzxkuSxiVFrsUtvMQ6UPVDyXhqtCn4CrD8ku2Ud
solana,GHqwMJHYciBVtHSaXgvxUcQQN48qhWWqyoaV4EiCtjcn
solana,9YrdzQetZTqRxMLcA5CafMq1gbJi1KqnGXK3igES7vNq
solana,9mftMUMyhhfPYuCeh97vucyJkznXFTHRZs6ZHraQMDpP
solana,CB8jqqQeLz7iMsohcK1VBJpzRoXhGtF1ZN7wKTbgBnwD
solana,4ZNqbL4s1B56A46NhCAqLoxcn8Q5ves3Au6ZSCA6QxdS
solana,Bhm2f6LpoYTefZRM8fTx5Bvba6M8g9bR4poioTYUFqpT
solana,7szWCY6rK372DAN1rjS1tmE2zNz8fK8Eva8RAguQBhkz
solana,3DAg3TgG6sbsHTvRYALX55yoLejQcErfQQAuuXDEnfcP
solana,4ASuxowsivvLoacU3hjSRrFDBTnGTMiAynrN76ZozxHX
solana,HWip7shqxSfqKGSrp8ZsUkETqnh3w2oFxW2BvTSoQV1G
solana,Fh626d1fAkGHoFzkY7w6su6nHfAAtSNTqArp8Ms5Z4EB
solana,FMAiKrZNVhYNv3cs8eQd8wd8ysh3pGgYcGpJc3FbvoB3
solana,BmUguHQJaeE5PJfFYXY4YjFqKDkPMwRCmpmvCG6DxqNg
solana,EjoahiLTnjQ83XhuSHkRyjB3A6WPqVCJKN55XiMTDMQ1
solana,DSyhuJpqQLY8Sc9psJS6Ju3gvwV4driJfn4RPq4H8jEG
solana,8yULLWbmFyQj857saRJAeJmbUqaNFAtV4NqC2vTxAqqu
solana,AWQcLaDhqGGnADC6y5wzMvravnpGdYz52Xgpi9dWY65m
solana,32w6G56Tx8TmG8cSWHQyTU9Nqgt6E6xjdcgtmxPn3XRe
solana,2cGc4xGb6cydNJWu88o5GEJu3UAcnKdqiQmRVZKNNKAb
solana,2tNfsGsefznNnwXToWp279M9UenC8SgmqUeWW8X1PzX4
solana,BM9858Cn8kebrCHDXkNkYCjb4hzCx8NoHfjFYaRLMxvX
solana,3UpQDdviLMFnwEHp473BFC9CJQADDyjNqsz8mCvY1koq
solana,4vRpdc1xZQhvZWRs7jQQzut13CZ48VLime84Y2gVniNZ
solana,pjmjWFcFvLeFoqaXkp3nyfoVThvQEaDGQRjXzaAp4Dt
solana,B3GGqXEABK4CWHqaysNtiBehbcah1MG3MaJsmjpa67VE
solana,J4dv2VCoacPkrvtAogDg7eAegufAs3R8esqRrW7odA6T
solana,G2i1Gwe89DjPyLEcTVYHuK5vLjjqpwcFPzvRt1mKbUPW
solana,HJUqLjeJhmBMQRaad8bYfknAtDzxJWUZjzRZyEdJJExZ
solana,7JTJDp3E77dLYSrmSLJanKPRwTYeTHeiaXYuGCmEtHu
solana,31r3Cua8a1s9tTNyGLc5fkz2Z84ku4qKCKBjK6ZKvaRD
solana,DC3k77eue2AEFauYZapzHoAgrx2MwrkLJvKnUkfigfiE
solana,AoSVuj4k7VsAyvQBkzHMCMXDrpXyZna67zbNn9iXnvvi
solana,9K9GvZfzNHG7g7DJQyw8rdDjmkXkZGtrcxF5FC2Pxvei
solana,7G66ncVk6pyPxpjb248HUaWiniSqaWCn1MFTN995DhY3
solana,8Chaho2GJbekHuDiEHTjbvVPZ6pbmgGB9djggvgmg6TV
solana,EhCecdSjX3PSYRE4UpmLZ9bFii1iTfvuRDnNAC8d16qL
solana,4sSjrDGYqj6pVdrba5YGPCeetUe8jhxU8PzZr5TkV3JY
solana,8fFM3DwZFmb4UbNijbw1LJ6PoMpJEBaPo5XjniCDkHYi
solana,3tGhfYvzBVWKHqt1bWbzWPLMHVgXNKpTyD8BmMC2Xbz3
solana,BbJTsCbMJQgH8KcsZmvcNNixsmVSmLFyaNWh7Vo9XU1p
solana,2gwqYvtdZVw8cLq9qYGdH9ybWVRoNSf2EoCsHveKCFQk
solana,3RQAfyqwuSbH9xxK3KoaUMgkY194848fQqUS5xZJ1xCG
solana,HrjjnuT8sgovjwkUs7aQdiBSFiJsax4jbtAM1bwsjTET
solana,CvwqNibyBTFTGDQT4FHCh58LyMEcemyrWUpfqALrGvHe
solana,DoL9cGrPv9gkbYUxWGs3zpXXBoGPngPLoJTgTQvy85gv
solana,6jKR7Q5K88oJoYtJFevLoVzXeJiWRNcwY3rgGqAxPVS4
solana,9VcXru6p7EH5oLT6j8Vo7MohG6rGL2BqtXbaNBafE61B
solana,269Ewwg6S2qLDbXWddMCxLMWLxPdcALX7BkPb3onqGH2
solana,GLNaDkkYiK2mbzCx2ndzN6e8BSWkdsu12MRcp47ta8TL
solana,CHCdXmMvuRB3knaSiCkuG2brLmeWj66KWMavUsJeSfBk
solana,4NvkQPth8Xetx31WmZ17QSGSf4emqAa9UpRjbAF5SsFu
solana,FEG3Cyh6qhuK7LDecbBdoCmSCm8a9oJuALE86tGvvN1J
solana,3UCtGDSwkLHmdPXv8BCBiZwQCir3i8jxR7nHbigCZTEm
solana,2kTung6dwbqQP5txmBBhRw8oiArQx23pvJTDgphnAWYT
solana,C9vEddkiwtsoHXtoy2yx7wiWrvdRiG9ZzARtUUZRyAed
solana,9z8KWXdEfBpUo9BVmaj6Lo24BrHmrmFY2xAPQK53APrp
solana,E9Kg2jNUQTsfMDE6ng3Sf4qXex44r31gbvMrn2AQ3jg7
solana,G651FnvKnfCJyHYXC8CPChDKn5uwHirY4VpVubPvz6bh
solana,ATPXMTbUobm2LpAWGTuoSxwMTjUcKadwW5S4pRYYRJCf
solana,4wDd2TYCWKUQL5qNPyi62NmV6eaQWqwVtdAdvHQEERgb
solana,BRvVzJhb6EDpf7ppRQGDmi87UU6JnHXxBBQwtzNxGanu
solana,BaaAFSADUh9kDGPpxT3XGucw7oiEuuSxGoHkGjNNiBTn
solana,3r7Z9wkLN8TD68hDbsRZYAe4d5XM6DyMSGnptwk3Zxs3
solana,2dKutRBpf7gy2CfKVvfwjftD5Za6WiVm64s5AeRQNaaB
solana,8baYo789a9dCDeVjNn12H3mvkuhUCuCySshJpbEi2Zcf
solana,6vrd2CWakYzEXwLLWWKokDhwg5uN6zG7KQJp5LnsKQoS
solana,J75LZ9xETKHvmBAi7TrS1UqwK9aJrHY6goFWE11eW5ZU
solana,7c3UtCMRuNNHjzLHmzJR13xXwHrhuWpJ6MS3JQuavChn
solana,AM4Q1SNSbmFyEjfqfE2thBAFGu4RLZHDxDC3ehRtymda
solana,BeZaRt5xg49fedKCa6W5VhMmnRwEiaZSqZ9jDDs397uL
solana,BNMaytMfL1xeCLUwpYffeazjzCTEaT9nFrfz5oEhnyx9
solana,BvuDhjs9F7qFaCBxCNNAL1dkdHVB82CbqJZKXe9m37cp
solana,Fvnt9kJ6Ws6cvQ1jreEqMTyABAyi69vfQ3XjuEpT6K8b
solana,ERr2pyH7pEijUPbQqm2S92jFva7Jf6JfZivu5q6Nrwcn
solana,3DyK9AbWA7242R3SGxQsrZQ4zVT94mUME3uBfKZR2GR5
solana,2v6ehhmFYaetbsCxseR5a5JqkQxMjz5i9Q1Vrwd2BFsY
solana,E2zvdcgj4sfHAxNaHhKCktxikSXuUXQGmKZyucVZDp3R
solana,6XDvF2JkjTGd9XPRyA2QW5NrgCy5GfP9YAFNAdqdSH6t
solana,2u2FhK4gLQ4pYQmZBbxMN6oEooNEGg1jjEbJCfHoqYV1
solana,D9QFByefuBxDpWPPpHtb5f7hSDAptKhGnnYUnZMiENEC
solana,9u6UXUyksWiLE7jonzFUvugkDY5DW94juDZsRGywM5is
solana,EFDtEQU4uYvereAVWL3268g14RbYWFGBqbGPWUkr4zT2
solana,AZuPVg18jbjrTMtCTS1vCPzWzYaiwPFyFs51n42hGwwt
solana,EbHZBZzWWfcbLxK8r8NEC1bUMCUSVaf1i4sBE9oWqfp7
solana,CVvMnnzGQExkTePZn4yQwQ5mEWs82L3ak7QhJ5Nk5LFd
solana,YHt25Atk9YDyuk3hDq9Tf67sTMrnh3RbYdgJhDL2mLX
solana,4vecPaMQp312MVqvXPTUVbPs6rvwvEYZj85342goDaXh
solana,6C8zkXSK29o3yBFXErypsuzLsKTJU12SvKwpn6wosEWK
solana,23bSoaPgzyYKnCcbYp6Pu7Ga4HSEfT9Vc3wcqpSuJeDy
solana,CuRSToQRUQZqDGCjzAPLsgwFLwJpY52gxYsFBM3m6kHf
solana,7dv3Xc7ZnMgFTcYuPksSUaVQerGR49sW9W2fB9p4VhYr
solana,E83cgZxoX8nqvvFsm1XUsJUueqiuqPEwQTy5iFQZJSka
solana,GpGQwzXj33fsoCj23qf3KczAKD849bNn4EfkxfZgkBcv
solana,3SP1EPewvptseYSN4sKAQhbCy1ou362FHZPnXcUyTNjF
solana,8mP463RJbPnPvBTj1ZDmfCPCwa4N5TgM2ZLtwqctB8u3
solana,4xyaHkv6bx7UmLrcYyNuq2gSbB85dqA9SR42h4ZzXnPZ
solana,BfSmPggj4RiAfWHPRAZp9SeSRWGoAXKWMMpNsRbaky24
solana,CkSBkw83KXsjbf2TAarzkP1M5tBjhgraWVbe2Nmy64Rr
solana,9r9cAHabGF3mwbRopFycZh79qrr4ya4VrnAtYAeKSL7y
solana,3u1dqddiiKsJznUZ1Wzg4xSFbmngQv39rFCrYT4nPNxT
solana,66imJV85Pr9MzYH5nuBuHzVVvsyjcAQUuKoShXcShgBQ
solana,AhDeDBwc6vpQLkbkHPXHMdpQvJTCX84GDVZHyFCT2det
solana,3CnUGVoxwbi5Jd8FtEt5mDkwgbTiSwNPrpsLaRnvSSiu
solana,2CBLJYV1mpzjVu7FXEcKyLhxpnMqjGRk2prpxoMxe6Ts
solana,EGKdDscBQzn5Fqx1oHKPzPJBabuT8qEWCeoTAEzsr6mM
solana,7WCWhAqDg7aaURoCnMFuKbj3nEZ6tyKabU25sGuSroWn
solana,6UAbioaRjaEgdXyK42PSa91U1WZtVZMwWwREpQLfNbMY
solana,9PP8yu4rBdbvGgpCXrMb6a1BCvfKUeW4Hq9ggGUjpg1C
solana,AZND2kjyWDDxeTmCJDmAe3PeDBp2rv7uLwBgZPxXfoJc
solana,6oBi8xd1fTZSJqczzufcoyp7wFXMj9HySAqc8bHacn5o
solana,6TotDZ3QB7sTEASg8vqxqRWnffBvoA4QZDGZB4AgM56T
solana,4n4VbNQWJPRYV4Mnz9XcbnWodmPqEujhyj1UBT6JDART
solana,CPaxdqpV9ZFfHR6XfysJ39YaKXWrzRazkoDm1v3c75nZ
solana,CuUtAJUgsHCpzovbENvstYGZgcAQucM5tTn1Dr53Bg5
solana,7ksTzvxewzCkvAKRDj8rcb5fMNSKR2Dkyh1TZVD7rZDy
solana,UFA6JaXgpg2C95N3CY5fqffHpzB5SG359PK8oTMhErv
solana,GjR3DuCcDZ7EkyRuSjANB6LDMJc6tHdhJmvMpvASUm3y
solana,9NCJzMESDkUvpm9aTJngQskYnoAAAYWsgrvxC26wrLMw
solana,BSZAXpVi1s1jirFYQodyWzuQXg89hNjtjumUAhn2Lw8z
solana,DJNfvMD3vtPLk7rDGHQk4v51jUKZSkoZrvMAJ1G6b7ea
solana,7X5QesEzWSHqi3z72gFSNz3KK78cpXhUaDLmrs1yG7Cf
solana,4zmHdpDPX2H3Ys4JmU749P1RsryvAKiSrCsc8VreUbdA
solana,3NGTkooopcATQrVip6nKX7wGqhTGsC6eRJGdyptdtHDJ
solana,5pZaekjk4j3oHYyvSMp2LrscyAXxDwUqKMa8Np6SQ15o
solana,5oMWSQyNsxTR8KU6h7NJ9Z1fNoLLbsfHoeDh6HRWJegR
solana,emyqxmE66b1tzjZvtrBsXupsJtK8XVYgUVSWmsyMBoE
solana,FAcMqfcL5x6T35ufNZkF2QPs4z9TPyrXk9EbEL1oup4t
solana,Fc4xufqLc66NjLPiVqZGEzu383i8ZwxuheSHXhri2AX
solana,6NTPT6G2ZpjnXnUdEmXr39jPBDEmcJz2QDN8aYvxLZv6
solana,7VDs7rxSVTWBEHmYx6AhF1VJn5zYX5rCZkUhsniQ8Nmy
solana,BanagWdVBHSRr9oE4wzV6WfZcPdYC1ew5nhqKnGM1DJS
solana,FKrQPPHNwSnnRW9nGgF9hPGmbVqTvfe8ju3RWpFQUqSy
solana,7UNq9Fmdps2xH8jauNs1kj1JutJXi4A8LkmaFW2Xj24H
solana,9rLbSNcDzVLCn2XSyPV3563vEULdPxy43U3cwrZepNtR
solana,DaUBQEqeUQUW3s8Dt1m3J2RdK1uEpDSU7joZfgVSAzoi
solana,7SbT3n4Ma8NVggnLH7pCPU2wmQ8FKeb9LRBC95xcGMCf
solana,6fy6P1McqJKce3RPQFZCxqhrCTk6Xjk6YtEm23ykHeBw
solana,9kTokgk281skBkgx2XqpqoXhBF3KM3NB6cEjnRdc7JZp
solana,AZz1kjnke5QAxsuuypRDqVg4YsGuUmX5wbdgn8SJxa4n
solana,GGdqVc21tTNeCnxX3RYSQYpMG6zZ3yYyY7VAMc6bet5Q
solana,BVr8eCLr3V6pKV2nVkft7yaZxHSNd3w1JhLStVMTcVrn
solana,6JyaDFxxLziBMfJQdcezbTmTrASgV8ZCdDNumn2JKyev
solana,6RhqEf3HJKDQ7xmj39mR5fTCDAyr2bEJUhxvom9YhVaJ
solana,E8AUsivLQy2H7D8ZBTf66wHi6xPyjXuzZzgJZj1WH7rU
solana,WKfWfxSgKLc3vAvz8R6AVSLPbGx6Daq797zZA8aha9Y
solana,BY5ScybuWgfMLVsDQ1D6hCrZKFDjGQyfAyM7o9uwrpBH
solana,9KVTgb2w8taiBGtdeTNJUE4N531dxHw2saR4DzyUSnPG
solana,4ZF1R9oTxc1idLtKnTbKZtFZHQPbnMfyNc9JYLy5y6gX
solana,ERM1J2naDNiRauHVXR4khpojYm1DFqsRQAaFGoSNjJNM
solana,8Ba72Cf4q2S2dAxqCnC21wi5Qw3gC43k9eRrvsrpDLPu
solana,8cwghSwtoR1gmGifBoiRYpofbcbCunk4wdWUpqkCLx2e
solana,CyjTvncQtXa2gZHDShn6Bd4HoYhhYZ2tTfmJops6KW12
solana,3892kaZEW2zPxJHmDNJxB8Sb64MHk9NRykb7FGDA76FA
solana,GPHPLGr324FSKh8BAtvaW8pRBoqV1wDGmuxsQGUUm2J
solana,4TmHbGGax4J88n1SnxXK63MqmaqKhqvbVnCd3kZFNAP6
solana,9d17n6qXDbRBZcp5mY3GuFmsFsHmS3BV6a5NgnXqUQDP
solana,5a6zfpwNDb1MuKjMXCkUAVJBpExqAzngs9tNpz6jsdt8
solana,35VToqdUyJTp71m7qyJw1pdSp2mcm3RuMj9giQJX56G9
solana,96Req57VkjjamxVe8epk7XNNmL8eb86uTm1Cw3KP4cJb
solana,DF34cGRisfPEkj9tVNzKsPuaNXBGeXwgu9LA7qX4K1Dh
solana,5CRS8Pj6b4MJwNmdZR4w2Z2scBwPKJ46cyWYU2GRYCNq
solana,CfC4Ae151q4fTTybP8QFzoe4M3fXBSVdxQK7swQBNiZC
solana,G9RNHzZBtvTFXHiddWBvT7FdZRX2e8prsP9FwBTGaivr
solana,14gDScSw7q8g7ZFRFtbNwA8t4s2ephTCY8wDKNLFduMS
solana,FwwjeA5EGZMStF6YFQ1scL5bzgLErUBMW4bvv4pjoGvd
solana,66B861N8zJ2mgxZngbcA4pGmebd8tjvmBuyW77hgu5kY
solana,HinoWQM3A4iPkQiqQbR9u4Vyp2wfP9dRHFgUqmkggruM
solana,8io2fU2vfpS1dt9YXcCKaFJGw8PuVx1zzZEMe9sL8WZH
solana,FJaDmmNSrpBdDcLVaJ3cJAxWV5JG1zodTWSP5JLM5D8Z
solana,7kBjsLLknVsQKSaeuRqNyoV4NNNA9MyurGPLtooJPJ9U
solana,4B6AMXXqsTBCqtJeSxqm8FMdJdzxUHzT6yD2Zj3vxQZo
solana,BLqnfdZjYf6AffZqJ6MTyosvwAeFykzRm1Usd3qYR3AQ
solana,8PMN6ZhGQKXqUxtmfUhKByh6RJXBsiMDN7FAA9fWRS7S
solana,8Us5VqcggCu1sLMrvZHg2c85gPjipJD9YA7NZqXjhryt
solana,3Bo7z7pyFBgx4msLjWhHApMJZQEQfSVkZE6gd1fAgsas
solana,FizDH4tcBnqrDp3fKwPkXf467mH3J8axY16JL3tSDwVi
solana,FWJvQXcSauV1UEbkVFaQQmkr8JSbUdAFLvRbCwMkZ1Hs
solana,F1maRFkhLq1MfN6H1sySW23NVKMyUpS5jUVHkxjEPaQr
solana,Dqnev6qVfzTHbNkrY7gg8u6p1qpH6wTrgXUiYUmurXQR
solana,2RSRkXy3ZfjmLf8PEBQ3s31qD8TcuJvggP75H1a8etN7
solana,Fmy2xwntRPM5V2UBdNf7HoyLWVeUmSTjbzgcPFa7s4F1
solana,D9QmWjYDZM1T3wgfq5qgtMnu9RXeXct19Pq2yZVZY4CU
solana,CEgYZz4kyb9mTGboT6mmEDamjELyhohEVrcV2APrmxVx
solana,28HWH9En13oZDJFHaLJvmqaPetBZhwhXiVZcP89AX2YW
solana,G35Gd93JyW6ZdudqDdv68j3icvqHSCh8nAaAbTCsGJP
solana,Cg9AkuWbH3eZSsujrdX17UBK4N9TvxNo3w9Czs4deXsj
solana,A3EPD8HrgH5HsCqQV9bUayWLm7Lu3Zutkmvadx9vtRD5
solana,2HLyoFsReiFF1GzXw7zp5QWXaTTBPzLS9JUyPhxp9tRE
solana,BMSrdDmHSvFuJxJfXtQHofUgoHhCfUXgjXSUfyWjMyjF
solana,EWsFtnd51cG2UV6RjpRmGKM3a1rijSVUhcoyhbUcrkPC
solana,MXZXhPqUVC6v2dyDNnJHCfLkojngzp9pAg4bkzqMJUu
solana,HgAy8dVbYwbSYeMx2Q8Sa8SwFJPzBaKwwKyQaxSySdzy
solana,Dhrjqre2wbDdf2RB7DPUDbfBtYsomPQuYFq2oRvj8oxv
solana,GWgAjFmwS7LNwAuVF3EqbSSBCRWJtaLa8bqDDMRifes8
solana,EzrnmDANuxYZFkeSyBJNi3PF1XDH9uB5FGi16HuFEJpJ
solana,4xNiBgqpMmBVn2QvTRQaWswPkMsXMk537s2PqnNQbcWu
solana,4qxVbjV9ZthDfWnyG3B9opWX38NWffAZH4PxsUYiRFy7
solana,DGNFHB2iuUbXgLYcFhM7b2kYQoNAbxuvhS4AJS4LMiRd
solana,EkzwofzbseMhDNWdvg8xM5Zq1GimcytqeWj86e1LjJjY
solana,8NV9nzrWEheMxhxJyDT2QUnoQya4Et49tAG3iRYBMC79
solana,2EL7jsQQTDBJYbLCzj4sdPUJLaTtLYE8bZZxpq1T5qrW
solana,CrCxdYLeZYqp2xxzvAzahkwWzshSiYZncgZp3TLm67DM
solana,3S5iKjisneJxwfogJ8h166g46imXmCa9owAgngRXLv4C
solana,8rCMswAeg1sVNjS2BCiGokc18L8SwAhjFVX7TL3PemMf
solana,AegaxakdGqApUbyXUaQCXNTJoQW6CXnCATBfHV5Y56Up
solana,Dx2Be1cNjuXvSZR3wfgWyDqnJccxDswocCo77dFqShLe
solana,D438tPgxgV8FDJ9rXUwzPN4qqHYJGmXKUCu8cFEq27Uq
solana,6fqkm6S8VMvCo8n6g8HGRpoaQbKkijYxpaAWJm2MdAFw
solana,BN2gHUCEAfoaiKM4LwvuJaCaSMciNmWhx6ZLDknzHTzj
solana,DWM1cS6MRRF3GVwEKH7Cdy5fAyYpo5cz8HoPpPaNuuxz
solana,FBixo2PK8VhWbtbFPWuYmzqCFd9hrDEKminbHh9xMSqd
solana,J3CbJqvf7wAwZcQuh8sTswBfocB6SXu7mSdrkRb8vBC7
solana,Ht3Ywwu71PgRYBvyQN5v1NPTr1sBhc4o3k1r7WUi3CrV
solana,CsSkZPrgR8ZMBhFvwZo4KedwRwvzf6N84LQmVYGB6BEW
solana,BNP7tLGZvquERZnyv5iNLymUZ9HV9aFjS1AugRT9hbMm
solana,9tAGd1u4j3BMpbhgm9gkVSQhkb2TSxPSVZ2urpi8Lc2a
solana,8vtkvyUpynpBhBsi4yZnTgeHn7y4d93mrbtWWPRP6P2
solana,Be3Bq1YasdtLnhBXbuQFZtHR1ZEj7TfGQAZSJqgKxEAb
solana,3U82sxLVZFWNZ75i3JmPo8QDQygakzZhfdhCYEAj7Ljr
solana,2wwuH7SEDfZJkTB7zT6sZ9jx8vwEshycX9eMSpYtTqKn
solana,MizcgSmtUvGnq2zbLujgSSn7C8ybkzjHZo2uFyoEKB3
solana,65RjAbDmDi7gbNaUCU6nW2PKNnRWtqTKMW4mqRNejXmZ
solana,4PbZSex6HtTcswQM4j6sFDgQzjo54sxGQhT48Uto2Rb2
solana,9ZWAoJAM569FUDVQek7ppfyGTPrWZqf9BZKb51UpTMwS
solana,GKdvk4o4doLnN1cdzwribEQAwa1sPAGa4AKVRuiEsh7B
solana,EffUu44mP1aXwsqbZTnmXDsnG8U51t5untwiUtBiDS4h
solana,3uceWZvdMoQAoHkcKdu8SsT6d22YM4HzEZJB272NzT9n
solana,CjYzJaTLZvc7TJeCvptJrYPvkmcfuyHX3S8f3WG6Fcde
solana,L2EKSTkAHp4J4b2kDDJTxCdC4vQ5Fv8QVgmj1ZswngR
solana,4jyy6aTGxQpuAvYXHMPsQLv8pQmTQsP1KJTgmUsfMqvN
solana,BETB5dUdZm3wT7Cjg7ajnq69V9CWG4BV4oYVJsQ3ZsoF
solana,88fE4iLd4MVu4i95FvVM66utxGHEj1YevmjJafgGAxJ
solana,3vj8LYyfQ9R4XKd6U7C69zCiLz44F9AJjFV2ka87r2Cf
solana,7cVAkqEFatbVKG4Ji4ECcsoKHcPkF2arwBqxqrBdARWg
solana,9sfRLYoXDzVhcDu2Ctp8PgoUCPpGNQjrhMVohJ7gcCM9
solana,7aKJQ5zvmKvvxjR6xLY2D4CT5E3zZea9DkaGkiZ7FSPz
solana,AWSUuNzteVo34ahCtr86WEZsqagEkxhu1s5ZZa4Puewa
solana,5LU8dbHYTuMpVDjPBKBDYDR8BEhtUvKgLkTs2ctcJdC3
solana,EDqcjo8S7PBuk4rNygtA9FsTypdHyMTKBdmKyqKt7L1Z
solana,CRxC2yikxEEgcDJRJT5VtFETRzRS8BErtjdFng2oX1nH
solana,yKuXJceB2xuzy4xG9Hros4QPsyRWazZbcuZaN1RGT9W
solana,8Z8HQZWQ66c8zMBGiXnqt8Q3qQeXBiFRGiwe3nGkSwcb
solana,AATDsj3X8GQsxr7YebDSjVrSz476EygzxeP4YBGjN4aY
solana,6erTZawi3emuQJrStXmbwKAVPBn5pZy4MbQKDR3Tic8b
solana,2ascXbDbTfHaG2gSLsADjmtxye2zd4pWJXeTjWV8ZoK8
solana,9pAF56fzPSQNEpeM8tU1LuBTddjaBVXq5sxhLYHeVx3t
solana,8KFzSpV3svufR8YBecEJ4JReQHnAgfAAgWbDhUMrwr3d
solana,GNu2oMhpNKYYsi2r3Hro3sYW5opAakeveKceaT6RZUVB
solana,2WuWEBAZWDBFqbWpgv7vuo9b4H164cHMaez2HTE4HzFW
solana,HnYJXMFjE5qjjKgET1ta6H3p5djsRG53t5svrvcXvh5q
solana,DDanz111geUFACA5dK7dxo1bDKZitYw8uuYMz6Tn8ssd
solana,HCgffYWLUawm6cJB6KVWxrdHDtvnVQ2qkDqgUL28i3Ji
solana,7HZiN1jo2GxC7yrSs7MZMDqFR7Ch7dqWGqXHW7Sg3q3n
solana,9BYxhgphRrBahWmfKTdSpYsnuPpsNtCvnXSSzVezGpYd
solana,3dUcxYzQEMSwXzHJm6qvxFCb9np4gJEZQnqrDWXgoVeG
solana,EeLdXUbjRTXYmt2e5EZevs6Nt5y6MH6PxX7Y6kyH8jcW
solana,4nAxgrzoqGz1gVq74VQQSEQNN6YWfuS7HQAGrMo9hcWB
solana,EsJHTkHccMgW8koDuCceJrk5QtYGZeq7kBcKMRJ7ooef
solana,41mxh6sttLdqQqV8X4SsWSk7Np2cDybUxVm9yU247KCT
solana,MPyvQpMJHUeGPCTxmgjWHRnKpYEkUeYCaWemDNwJibo
solana,7RPzdzkmtDWgvQMB4vHh5DCttrowexrTMJwVByvZgaag
solana,6Js3qXqRwhAtUyfWcnKgC3QrviAjJhRsyENoVc7u2QQW
solana,7ttSAW1nNQW9kgdqBEUrEENpyMbW1udzBkbCsFxfYGZX
solana,5GumrUqizmRk5YoC3ewbmis3PTn49G7Sk8auPyziTbGg
solana,DbiGhFwgXCstZvRkcCx4Dq4SjNHBqcWLhgZ8F8PerE5p
solana,6wUe2yNoXatNyZu8U815T8MPx5dUKeqjfuSK8WXTc6LB
solana,3nPxXVkpPaEJ5xx6mvbrXtUeP2ViXN6wpDouLYvy3psk
solana,5Lr8cTnA45GeCo79JWh47oeq8BtAmh6TjM48JtRYp2Cc
solana,CJmoHdTgQQ5NKcRY8tBoBai1DFaybjT6AC7birg5Rea4
solana,ConLMftZVnHy2yNucEFY3UWmRLAqFXybYdM1advNVz4J
solana,3EyjqCDHNtBPhBhgAq8hDwQkZqSdNh3aYvNsYH5syg6s
solana,D7BSfPtWRE6sn3wEXZJkYPmJngWMuTFofLib7GY1iwi9
solana,6dAn4TMTawEu3udfq85otf3KeYnigXxKnQV5RVQ5eWo6
solana,CAY2Ago6vBRs64FeeNJcTMzEeLDCeCTatr14GjHdHJHp
solana,AQGDnp964SKeAhvq3nygz3Xo6s8U951T5YM46GsEDcPu
solana,Etx6PNDUTMuFTqqUBPjoRTv5sjDLqBTvTtFzuXctpnuG
solana,ByWwmPjLS7qkmKL2VHJiJyTQjWXgHwcPWL7FncWxAGJZ
solana,Hpii3pPUjBbb8kLFjGshh54qTqkZpaGbv5b18rz33NZR
solana,GyaVyc5CmMhgA1L67mMxtHh2RQnAfCmBAM8k7iBgbEzU
solana,EL26JZXYPf4rMBKWk9AxKrVfVGVkRv7GhXFSScv4ZuMR
solana,AduaxofELD4M1xyM6me6M3wB2zfoPzuoEpkHsEiGSU5q
solana,7GqQunA4JjvWgdtWnxcopucQEpdiVEUSTHSmjbXcPGW7
solana,ATNZEsRw5xbecYbtYASWa8f7Nf7yDyWyRnJioYyANWYW
solana,EjrLw3akeAE9oUcrKmfAygS9BoGxPonvJ1nCAuvDU4RB
solana,4XhYPPwsSU88cVmBS6T9QoA7ubeM1Mg9jgWYbVURmfRS
solana,13hwvgETPxHf2vsjdPXVsVW4jJqpbugZKwX5opzuGR5v
solana,H4u4wMrTjtpJbqPmncnP2f37XKmKQd3b3XwchiLqi4P
solana,23djbmBJnZBAW3RWTkR278WXBgbJ7Khc79NYiTWKB24k
solana,9pp4Gx48qmpnscYNgG6H3SJ5evNBuUSsGSxt9dqtVF7a
solana,C8f2Rq22iszfWNJqtXUcUADZus4gjkdvZAs4dmvfzgX6
solana,9R2hJ3XzaWb23jaQEbkKwLTpiqpp5KuPRRzXSZ6pf3ER
solana,HaHrFcvENd4Wz4x5JyMREKrEq3WWvd3KHp8YKTqtVNf5
solana,CvggVy6WUB68ZT4ZiijNfjSS57m9nKA1q6kqZxGtjmQK
solana,FjjAE5PVVzX7bAR9THJs3wAZ4BAeYE9E5JZitMPdPC7H
solana,J2oG8AdbmSsAW8XKbzQfvsAEYNiVXgeezXAFZWhhKxbA
solana,HQhmJBGwmFtdQZPukGrwawevCxbQ24iYuXC8gFpXhC8L
solana,9jg9BJGC12T7Vg2nyXfay2t9CxXReArBHa8cZMSF7PJ5
solana,2AUwDkB3Dn4pYw8naA1vDJyt5r6nXfuvniXHwPxLFzdp
solana,4fpgXtG26TogYD45T1sC5KHqH5PjLaiW9KmHEtRNQ6uj
solana,5MVe7Uei8tWpksR6y2S1gDjMGSphxKF3pEh3HGAyM2Lt
solana,7ogw4PJ9DMRHvSJbZZxDCRyj57ftYhtBCVYJkP4g8ZcZ
solana,6N7tqUQsaYoYDAyi1p4fJ8gD7BGL4nuU2pvP1XrasB1S
solana,FHdFbhfUFZXnUX2aK6EPPttNt3FLAPKiXDoo1z18FAHF
solana,CrPTvg2fQVC8Am5cUsiaHAuMmjEL7LM6AxkKy1o8pCyb
solana,2ADt6Az19WXdKdmHgQQeZ3U92q5HuAPXJ4xRsiRgsBHG
solana,3QybrRzVcPaHWvXtRXgbipxYFQSQxozEDfZ6uBVg7x2T
solana,6TekwFLjs1dSK4EZXY8eVx33MuMW323xGui7avJkYubn
solana,6WwAEo6iHLsccuvPYUBFpMyeDaTFpVZULhWxpKAfK7zZ
solana,8ivoamnDwSJGzR8AqbG8vRKLcfhqitFchXeirgLvWc8g
solana,5yffj3BeE9Am17W43M2DsY23KwNHRPNSoqV4YDK36TSd
solana,8pSzap61yf6QvPQwtEtSAJgS4dM6qBhRyFz8xXUJHHzR
solana,BToLTLi5VwmnzKpXeWJreUDPa691w4mNLyL6hYrhfmRe
solana,3RwDLFn5Y6YYTRnatb4x5WfsAYF37X8XzBrpfXrebfsm
solana,GPQv6HeUQZrPYDzFYSaNPiS1LgpUabG67WisVMRq3CHC
solana,GWKC49UT6R2647zfu4WT38TDp7iAFxfesNxH6Deb8U8F
solana,4A1SMvGkgnFbgMgqawPtxLNMehnGJQJnD3nfJnhPbpjU
solana,9DL1FURHDAFKQ8GdMfiYB6XMf21yUdPFLAS4JLoPRcGo
solana,6fkDTc9NsZEBFMPQAjLdWP7Zxk4DWD3XW4vPS22xpfmc
solana,8VEnrZkWED4rnjfT5SDpnySw3ekF3NefyBBbWZQBZxfx
solana,5QYnkMZ1Uyei7CHqom67SsoKC358pxWYjg6omsbQdnhs
solana,Dp9BrSaNVNw4R15tXk43rNFsxKmNoRGoc85Zi9QazKjj
solana,AZ8jBK1Jrnk77jUos1F7DiW4JwdoqLBzt3AQhhNYMYd7
solana,Ehk28yQc6Q1sR8MisBs3sk8BuNMQ8XPU3ssWZBKGHjH3
solana,3GgbC7URwQP9YyawLNDnguh1UCM2gD1iWKmt6E3tUqtv
solana,9iLgkNugo9UK6UAp845sPAfZ9ZKWLyLPe2JtLGXLmnRy
solana,2N4biW3GMXBVkQCVqdvMoK7kY4T2CWEKy98tf8vXzXtY
solana,7S5GsMSatzSj6n2ZZ2RmRJaLiw3e3tHERuz7g1eQQ4Xm
solana,88MFPVTWLeDF3MvkPbvZQ7SYtp7KeDnbFtQMt5q9JBPQ
solana,J34ZsYu8wypYMQyfkyyFwtneRYkyLc6D7rEakXniWfdS
solana,CMGdm4LU22WEh64GR1LKkwtgsWPoA8KnVF49ZJdg47nq
solana,7nM3P22jKKE7T5qci1Q9ZQfcDD2o4Z9xZdRuwSCp1FRU
solana,88EfvdP7A1LjSyreJnToRqtu74cJeBqNaLLTxjjBeLJ9
solana,ESrF6fbHYrS7kvik4WZVLJQ87C9vg2chhFoFgn7tvH8a
solana,CarTQXcoC2TrXi41cxkJcW9xDRgR2YUjBfsCDJzEkd7a
solana,58mL1VnqkfRbdeCZTUJ6hZkUzAaea2zkgrAosYLnR3KQ
solana,DhSDGdQrYu8hLrKA4k55oytRhGtsX652yXwYGdWQndJx
solana,6hL8HC6TDgP14brKMG5iewd8AyeWAs2A98f4fXML61YC
solana,G1rDupu1fAR1sCwcsN3fArvedfffRf6QSzGQ8U471PUn
solana,4oDGYuLTs3VBF1CXwCkNvfYDPnfkhs6J8wsCZRPyUpt3
solana,GB92LA3UPRYTaikjCj8qVdgFVvNbqr9GrptN8PuhadU7
solana,7PGjPXX7sYxkcY9wzENR6CkC1k5acF2w9HXUjTwkjqTX
solana,5BVAq5F5APfvHGMzrxdkCu17qD6BkYbhrD13EPhfXbmt
solana,k8fCYVmMBHJu3CxVsWiv2edQqyyZNznMHdkEgjasCZ8
solana,2BtBC1RSTWz8bpTu5TBHmcWSkVWC7DyB1V6gYzsxB9Yi
solana,GZ7JQMpCMPAHDczYJYew8o7CNXp18qjrTB19dabnTSrF
solana,6yxmnhEC5x7Jh41Zv9TaLuHha1PywQvrLFmHjLSPb6aH
solana,6g8hvZrZxkrHBtYHXdYrGPVKWm4jZJHAjzpS5BB7FvvJ
solana,C6hN3NuMVmkMyMtcE7vA4D24dhwcxqBZMnJQJHjFTgT2
solana,EVuoQKQRFv7SmamfkKiELpxgLSpmQWqgZG7ZwYMHmPDv
solana,8CxvcX6cgSAq7VZYWtzfvuS47uhjahhnDbhp37uB5HRs
solana,4tw8oXBabrZZ9527YfyNCHywdiJMSWg5ScGQ5BiM5DGo
solana,AjN4diLpqvyUVLAL5XqGaMn2HGKznmE5nzwURPxw5A8H
solana,4e7WKR8pcJjxaDChresy1YNd9aRwQQmaQ4MU7VkvWvjF
solana,95VnT4T3QnsdnSjMBQPHFiNBiyHZfAmNpD36txQEvkzM
solana,7LLcX4LrhVsoddirC19rNmwbd8mXYQxQFqn3VBPbHsXx
solana,DTUb9zzJiTQu1rkmxKgAT88jDmMaYssgBKF8tTL4HGiw
solana,4fxVPwE23jQm7Yh75PCNcYBMHqGXTmQhNsNxuP52Yn28
solana,BSBBRY7F7KFrJYruhvDcESmDDNZfWokRKUoB59uxV9Xu
solana,7YvEYAZUqquTwiHhc8VkvdY5GkXtQn3ZY3nvqxqwanZo
solana,CTnU4KYZUPPys2EYBGosde764HXYf5uRCfy7bBm2ZZ9L
solana,FeDAc3DYRC7BBUYGwd3BLLe5eq4vLv2G7QKTHEFerc8o
solana,9zXZXRGN6EsCqB2Bexg8St7cpJUNFMY7Ei9LHJ8KtXpD
solana,A84sMaNbgJf883jYNHzoB9zQcsZt8Sm1B4KLegi91HiT
solana,522ajeX6r5AzGAfgoGVDQMo5Hj8dKZxynGBaawKZvxMJ
solana,35YYZ2mUZvGUjXowkrKyUKtekZ9GELV8R5MTx4JVbGh1
solana,3S7kxBKcvpP59R55ZR2GGBhpuHWqXz1JcMi7nuk6gvBP
solana,G2Q6oRTQWMnSNkaVy2MoNvYWxquXiv6NdgYUrEcSpLZi
solana,25vhB1yNr6SRkrejarUbcTZb3gMY8VwxpNtcJ2Y4q5R5
solana,9iJTYaHX9NiDZQASdNxJZJFpnB4j5wHCiSqGCiq69LZw
solana,3LGdNBKR5pHRwb3dME7345KjACu3dwKnS4CGCFwjMdLe
solana,F6PhGoKsUnuVPkSJTrx6RWWBk5LMnXHudeTmHJDysDEw
solana,2S1oRpxG16Y2FgfnpyLAmv8vmRPhByykCXKmZ5CmD8pH
solana,3AvQ8aNQFGPFjtDSYEt5WXKrgkVD2tRinDaevKAfAwzh
solana,GQUq8XynVF3gPfccpFdmBAdZN85AeUbGdxMwWu2QkPxU
solana,7VLpmrsH1YzPF8cmfcM1hRFAZSsaaXWrij7WMtuNHzP1
solana,CkYaqtoDJwP2mjozupcfMye3Kn6pAQ2vs9FUSnVE11hA
solana,AK2DNxgRNvdhJPf35PEXbxzdwEaNHEeB67U26DGttx3j
solana,HSaxEb37pL4L3WMQJd4doEezmBA3vYj8wT2Yggx4bPXX
solana,HSuC31eU2R75zswg7TDKCfeZMALBgmVVZa8ipd5YXe4h
solana,HiTqUsQXX6LdRmiLY2voXTj4tcSSdZLCYB6jEkPXaWy8
solana,CtPjjdFSe6nNXcyy6hASRoRPcaK6JGuswkejUrpSUisH
solana,H4u8SBCNCz1kdZZ5UiUoBhswqs3o38VEPHEQig9Lm8qG
solana,4a6SiZgcWNLQysLqDtRdfYuigLYrYgFVpqun42a6RXSn
solana,Ehh1vWR3ZkA1JtzXLiwJkdtNx71KRMtmrSD8xwkfQQY8
solana,2Sk2tTvXq524VtUbGcnZsNsT9PLnFFN6bo3FpekZLRsw
solana,5gUWC3tQ3Dx3yT7xS8yw975cP6tQZwcHj6wkR4Y8L3sE
solana,FXs46ct7vRo3Kkmdp3ZNeiqUmR15xSiRyMyBayPP1KNT
solana,5xaRfUF8d5MUofVJnzzQ14XGQojWw9JARDcYtvwA2c5F
solana,iuiawm4YBbeU4yyVRVC1rZH1r2zLxQ9r9ixZ2RGqQ3C
solana,AHXsB5dhqRJ1Bc7WTqtZtHSa4ti1W5dHPdBnkaHBRRh9
solana,D9rGkKMCQHYo6BzMfziz7SHAxXHb5aZn3fXCK4jNbFNV
solana,BuZuovzNBpqCpj7sF6HzsGJFrp6XJeA3gEwR7LpXe6RX
solana,DrP9ff5j2pxN43DdV6R9Eskj5J7brJmAh18L5TjefMA
solana,CLywKTvffTXseQiC5H77YyQqWdeDWYV8XDWrtS4Sbqiu
solana,3diaKy7VwoFqMvr2MYmqW1bmjUnFFAiGc8eLxxznmFme
solana,3FKBxVdNShAjSQV5URB8fZ51Z8fjvJxYcN9PGrpXe7G6
solana,7wu75q8LYs3yZqQn1sjyJo7eWfjte1QQWaHh4jzJLmgR
solana,6Nu1CB6LC3EvXNM5FY2cmmTwDevoNm5jiATpHqwiNv6k
solana,5J7KQsYvmdj7jMNkTzLLsbtU92ovMMNKAHCPfdyQRLAv
solana,AHjz9eeVZjPtMnvCLuHUrqYK536X7wUAzBvQkaEnmuWE
solana,7b6ae71govaHXDjedbdX8VNuEzX9KWrgigr2Vqt7Y4Dc
solana,GpYLccM8BRobofBsx4RPYmVSY8qrytnv3jbfh8WEdpge
solana,4u3Y8WgVM3iU3zJis5tNcDcufP1ozaz7GmXJwzeh5EVN
solana,3WnJ41ijPwoS2cgizUha1cjAKSwfwBBK4oJxmUoFpa1w
solana,A8oaVAioPaSLPZZvwfpGcAuvS7zATq3qGNw1zAzmQGV9
solana,3AmsrRHXUnZB1ULdeu2VGigZiHGV3mBEHn5Q92DKfiYw
solana,BJjEazCDJyJehj8z4LfiYGWUBZepZUisKQrtsE8N3Qiu
solana,3kthcrqyScon14jDBe3MeLQXAU2AsSKV27CmTL7mhECs
solana,5iCSasQpn8tTRFR1dJKjY844b27UzKeqqgsZZmzFndjD
solana,J9M4dkGhtDeKqBAyHHD8sHpeCpCFxYYj52f9zvTYi9Na
solana,2h9tg3CLBvCvkpMFbKCqBJFyhV6Vn51HQepLsTsN1u6h
solana,6mHoJmGXroMJmYgGV1amhp1J38WJdRwKaBhiSoG6gHHL
solana,kciFzJbHnRtGK3rGTgDVamGb4WBLzKB5xTnctFdEeh3
solana,ATqD32wPsKGtuaKaa76S5ypof3DfnyxVjov7YByLoqiv
solana,6Cz8N52jeGzH8AesKDjKNUeYSVFvN3FFSSW8cEJDAMmJ
solana,FuYQWaTbKPmRHh8oYdS2bXift4kDDtREY4mQVp4fVPr
solana,EmFDTC5LxMQzAqnWktCrYFUYZar5nX5DeJNuwmySyu7C
solana,57B3fzNorEAszULQVtzcg3RkKXCAptJsRWaDaarPve7f
solana,BYLd2KKy2u3NQG5546kHXysy7Vux3e7BgFVNLn6LArQ9
solana,2TVfmMFcMZi68qanZctzvKTAY9NENpgQPNfRX91XGSQi
solana,FVwoEaTJjKkUATrq2fhzBH6HBsfPYNpuEeRAEFQC7BZJ
solana,GN84ADFkTSopsh8TMLJXMQojgb9xDjK4FYfVRfWQG3AE
solana,9pvdf7bonqW2hVi45BfuzFowxBCAQsq9S6ULJ6eebvXh
solana,4BaDMX9tbcPAwSRPPamKmSFovUneyBoz3cQZnodv17cq
solana,B5beuWes5ijWz5eZ1L8SK9KJFLnm2W1eDVeoZNr2bPf4
solana,9zNvxHYJ6ENUNu8kbZVfSPGgkppMGPfNfeosBwZMRXSd
solana,BGJrePrYm2SjZo83NFUVJCDjQ5TJNVi5TdHHop8fKohA
solana,CNZW7PmujEKpVaxdVacvgJdYMim7nc1Zmg5yoUnb4ACo
solana,9EErzZHfr2qWY1ctZQx3fEnwsBAAcRc59ChzJQddSZfZ
solana,2DKiGTbxDU1uRtEb6HFKHgDvjwTdNbKfnN34GQM56sQn
solana,C2A2Jxpo2SzvyiyczvYtCqon8ESY3MQuujDa54RtSHkx
solana,4Mb5H6dpjHkSAPcS6U6mpF933dHz8LWHJur95p4FThi9
solana,BZrSreLxukvtxbKZg83zDLHoCbAr5e4Qqxp84GmFFB3A
solana,z6XAtos9hJaojaqVbtEUNfvMoY7CDBupDjNn8rBTy85
solana,2q3X9wisidqPybJLZDpZU8VdN1T1xvPyQYvZ7rULzyUu
solana,FLg3JYWFwXCzN3TcHGjG6Ash1Ge4MfZfXNQGFet4vAJe
solana,AeQQgcq8C69o9Lbo5RwP5Q7GaF7r9xLaiJjcZE5garL2
solana,6BbCoA15LSSfyNuJ1zNoWQdiZie8xqiYXT74SBHVQCYb
solana,2rgfDdVL1jTExEU5krZrWGK2YQkdHnvNkrd5bfNi61x2
solana,2Lef4w5Q6KzmicxLM3USedUm1uUDMYgd9qeSAQDZv9Er
solana,GAPoCXpnyq9dvRbwyy8xHuTqF3qQXutVEt7QY64mdnqh
solana,6UayTUBaMEJBgkYRvVtB3FT2efo42AVtERnBaifhUFh3
solana,7XQXUZoPnz3Qadjgh5Qm8NL15yzvSycTA4W1mxzhEgrG
solana,98FHPt41gMnrWKuSpsh8rfYfSSUtFzNqkWAAHFpmAXwJ
solana,H6fnsDhywM8rLGjY9Nf362t35y531Zkras8HycTtpfK9
solana,8sETJyxsxSjoMGGmZmCiqvzLnNvNE5gyp5gx3h9KosLu
solana,424xTziGzoLzGY3vcd2Q1FRCmNpXt4FQMQZzTjztQgFP
solana,GDFr2ZEcduwVkKYMK9faiG3aZPZd3T3qUQEZRfy96cgo
solana,GHEoRThEAqV4ei9dnrN5UXapWJyunEC4jtqAfJSpdfxq
solana,GxyCC5sioPUA8VLbVa2Bb257jMtD3cBL9zdbWJzYyqaY
solana,Asq1nSc4GMo5BEkoZaLwgcpS7MKLw6usJL2gL2k7FMMY
solana,BemGu3MK8PLUwAQoeXRo2T4SM6juf36bJEDnTcyC7c6k
solana,4Ljng1ijPXvjtGADdtz3HrG6mVsCrCQJWSjTnbNvSVCz
solana,Jxv6KQby5kdxMtxkGgEJF3Na4ZSNwAB2ivrc1kaZpVS
solana,2iRLEbtG8RXAsEVZyAwBoM1yF7VNDLDreyd5gqBZmSde
solana,BUndmeAiLP7hYFNWYa8JDKw6uA8wJo5hHRZnQcAgMM8H
solana,GNbgf8zY2mj4pPv7Uho3w9FMR5icBp5qx4BGpvLK2yga
solana,9FK1YeHY8s1Y6XKE9vAnrntv2EUZSHKebWCw5cB1r73v
solana,5rzVEqzJufCrz39okgKdpxtnXaq49UHYFfHow3Ry4J15
solana,BYG3PtZ9GLXgevrbExTnZiiNwPGjQN4h3vq5QsAe7sB5
solana,AKqKG7ToEW5W1CKQQo6VmvzS6Xyq2dqE9N96Jyt41kcy
solana,8Lpx2vVzCAB1Nn49nvQJoUUm6TZCq5QkLuAzcaRrtoHC
solana,GhL6Agfgb6zfHWCK7fAmP9s3mGWhEkc7fnf3gGmWgV2w
solana,6X57eiCVc8k641fcvjcFQ2vLWWvKZ1vfygzinWwmBUqW
solana,AqYBsmrNSwjpQ9FRuBGzPAGNup6qRrhHNgawcvSRT9iP
solana,6T723TXowzN78vhwSCE5RYpWD7UyyzhaC8mcmMFCnhAF
solana,CJrXXjL5QHWBEg7AfT56Gh59GAbKVG9LqLqfctDziBmY
solana,GBgzcwTQQPMKTqw9B16bYEFFnKkjbWqkRXuoj7P5n6vv
solana,57WmEUJponUKDNaBffBiGZrFSC2NmJ7UhQmsNZNn9xdZ
solana,6e1jMfXLFtjmThJFhkgWGJdpM4aJLDA1u3iA6kWnY44F
solana,F6TPsfNypBRP92JfU4LPMk1RPsrcvfqakUvrNvtSsYoJ
solana,HHf7Qfs8Nbz5gefVHzm89MEbcxYfnJNJ3V47oB1R7ckh
solana,6CuTo4o18ZZ2Rp9XkpG2KreFsxUaL6CUCSALG8jXVgNR
solana,8oZRYV9EjPUe6mqFaVT7cr3nakPUSxrpvE88VgfjfoLC
solana,DtNe2huBFW5xfet98xTRXgSyQU3RBh7A3EJxtVNsuNub
solana,FbvTizQrnvEmzPVhRvvJR2M9Dhk5N9N7eHqWpVDtQpKk
solana,D1r5ijTDvKmm32owqNjtkhFTgPMGr8YZVvUd8tPhtLdc
solana,9bEgJvtFno9cqx9fGeRECiun47pgcyMkUqQuaquDXu5W
solana,BmCARYDXEYaSHiWrwRJQvHxnA8CtwttirFWzbAk8pn3v
solana,ADFq7Ay3bMbrLuFTXN5MgzjdnqtCAasowPBaZ91tWnP7
solana,9BUDtMoP8ycc2zNg31wPqzQ8mLHCUAeT8twpwaeCUyHe
solana,4ua2vzaycR78rKwmMS7hGCDZ33n9S7dXVS3En4HgHdAx
solana,Cs7V9pCrFPmfDmWrATjccvUMZap4RCocqb59cLcq1NiR
solana,61MLJ3ripnQUoF25n5DK2cYwbzDQ4NWJJes4omRKTArS
solana,DQkooyyLe3LBRGeSrozW6uv1Z8kRkYXrnS1L1UJ6YFsP
solana,Dwub4zxb43v9A1C16aWUdsiesSZLdNuhjqoqHxMbr6pV
solana,CcRbMBAZ8YExLXBMYpFP4xcDjAKKoquC4tyGCoz95TaF
solana,4yyaxdNbxQaDXrt5WW9NmHNLDky3NbrkboGnpQzfgjki
solana,sSLsq1KGyT1YUqQ2WTnULQ66ZD5kTp3LywnAbGpvkRi
solana,35biMG9tsAp1BspTfNR4abZiidGoYRhwXWnpRbQg1kVV
solana,ANxpm1bfzogPciVXJ7HoYLVZJgLpjxLikipT3cgwgG8N
solana,J9HD6qq3nssPx5v121TNmmNqe6oRQnceS1CcfQ3NRL78
solana,7u48bFiernd9WpvUasv53uxTeF2Ak7freJihwF5gymMx
solana,8nPm7VEDSbyPgLFMrKJDJ7D1PnhfBvCoPZu4z1F3VgsA
solana,HXB8XZFx4nsvYZViNZhgkazDqn9Nb82vYhNh1bh65jAw
solana,GcUQWzX7mnjNFXBDHER8HSbnZ8Gv2yXh4mxouFtceENA
solana,5YkkRFTFTGPruE7LpjvoYTUxxKJgJqEjY8CtX46jjRK
solana,HixXbnbiXb1Ewn6htT4AkALvmDPGFJnX2VJxfH7tBp39
solana,2oZZqiKwNkuQpgmeS4b26YoWopJBxeGco9VwJ3LDpubV
solana,CTPHhx2aWNYJVaWEBLm5fXH5tPa91z8y156v6SAwe87B
solana,GameBGRhMEsWDdtmYSguCayvH7dkX32M2Co1SzLpPQyC
solana,9EQ8NvpgSokRgwcWNpUxXmmopPRJzwdVH8HNtjAe6pUV
solana,Dk8KSZA3TFAqDjCjDN64X4DYMDNaLPaBjxomC4RPFyKY
solana,FrqS22PW8SpDtDZE1Z2y7wCVMBTEkcz82ca637KC7J9E
solana,DCPicKrPwa4iXmHsVqX2ZgKcyzV2aBKR1zjqAgTw5oUN
solana,7dHD76H2WGu2z5kwRZQXtUMWu2UNoP6qYDZf87BYSSgZ
solana,D8tJqrRufdd4s4F213xr4FHFBTZ1mJQZVVTnhhzZSPv8
solana,9TPN4h9dcvXxWaSwyj6Wtk7iNzQiUSkHYhmW4stnf9Ji
solana,BhpNrGBGTmhUeETMiH9CVfbTtxPum58JUKW2zzgPkd6V
solana,HMfsZyvGbA9sHGbYCLipgtZQ33SyHFUEUgQsmwcWGaAg
solana,AH3eUugGzbPDnU4Eab9GDLk6vZznJFViJNDgufkqsyyv
solana,FbXrq18j36pwwqY8FYocShJHS4CdzxRPMnFymNCyK59K
solana,3ZvxLsRJY7yPHp2mFhknHyS3jGMquzmewpSob9nAzenC
solana,J4kpskN7SX3QN7DAdjKnmnYymTCGfRCaWXEhEK5kzSy4
solana,8hYu5DwgTunBj4DHujmaVEECBrdWMFchVm1MJcn49bzJ
solana,HRXBW7vLXDSwWhBtB9SGwZKWMEgFGAcFhU3XD4aoktc2
solana,8naCZxoLTUvVNCbBF1qXWp8Bw6tKMR3nv3YURefzEpEv
solana,2G1P92a74fnmEfCbRaPaCDZB71r2yWQ4TBf3541Pycr5
solana,DSR2zZeGkBkdS2KYvgTWNgZbop9sLroREUdSmAMghQHw
solana,GXhWMWNnfTBhSkXtFNMtNLZqqaMKmuW4UmUqT93wWDt3
solana,5TnVg83mMV7DfXsQNqn4xCVvevtrAfEeCwEEfq3bYvvp
solana,7zK1ie2LA7NpNBQgSp2xfxhD1kzdH1cQdCKTrF11qyi
solana,5AZzjwL4HEXkxgdg9bANbf627iWkfzPH59hAjAWFU8ga
solana,J45GYdks5LeE8FcZqEwNubMLgLdoDh7i2t5WMt6Cf2US
solana,Ce9Dy3WrcjkLjbWfaVyg6gBveqUVKsQSezyWd3ALhNMQ
solana,8MiUQ8DJyyYDSCsprdRMPRszbdNeTUHNPFUWKtDP2Wuk
solana,HZvC3LrL1xqA8K9ry3BKRNcuYDm7xqoqXNEeLXNpGKTG
solana,A1BYS8x4N2b6RvaPwwBVCS6QxeVVLhe7YXpK1tjp8TgM
solana,AP2tfkHSSTuKREJYFKjQLE568yz1pekF2yDBcZfKQ6oe
solana,44T9PvWt9wHc22B8CfXJonFGUmaEyq6HP4BbyQHtzTke
solana,UZwr99xKF8Uo6us3ZNujHAk4z99RFsugyJveuvyRgjE
solana,8EyNJkjEu9cPXQ2EVJ1vDJQ728ABP8FbfdjNUHwyWdqr
solana,8XQLugLsEPU3wPc3JRZEvjgmEn51mNcaVA3iNCWGx8Dz
solana,7UC6wR7SsDRuMiY5J1wjPwxYJZyMc2MyEptFJLUjMUCX
solana,AfVZbt4LdL5tdGBjcjty1ToxZYxuEvRKUgGxYcHhQuMs
solana,5LdsqHbCAXsxrktEaQT3yrBmnYnTNUacWYyL7s6s2w71
solana,HQu8rug91cESJXG6yuAhnk5uhmDfjXXkopatcBw2GkbT
solana,Eutgd57gVorD1xf5aUwF9AxreoZrs7hUQG8mSC9zNJcb
solana,PYPQjSnLjWBnHVS7Mqvi1uoFdzuh6UDntr3EnCJ5XQi
solana,BgLqyqzvyhnvVkLWp3xDuVJ4pNbYzSNwou3F1cyhaqXW
solana,721UdctqgEWkVXnv2idKGbrVjeVUXRLDvPxg7KkRtNuu
solana,7p1FSVEWgkVeJRaifVr4kztnDtiuRB1YHtNepyaVaoig
solana,56RSiN2yhrVMpjAu47RTykGCnr7C2pQYney7bMscxFqA
solana,SGCfwDvxez6zXASR4vfaY9Jdco7CJaEc6PcbqRprNJn
solana,E2pJwwu54V1Z9UevDznuw17FFdYYzcdkC3gezaqTVLjR
solana,9qPkRuiAaaEWaSZi8snMJWHWDFs45rSKjsnbnt6DpoNv
solana,BNp6mQkQxzCHts35zra2S17MREXUCR3LPC1yjc3AHZEE
solana,2GH3dUoj6qNZEkkgZjx9xTHW1rpjhr3q7wk67kTRarTz
solana,7GhSCvSiJt9ANxd3wqickcJLGt52a5PyPUkXUH9JMuZ2
solana,G3raQS2Vvro218WGsvC8FJJrj8iR9yzcRgHpuBc37XDp
solana,Cwf9rcyZfVciYKPVBUFhTitYhyi4GA5gYykBCXvJkzmc
solana,Cs9beQKA8EfZhm4yWDbdBtZJnS4wiK2nohnEJPaGVAk5
solana,5dD8M7wZgkWcaL4UuRaiEua5kWCLayUAZN7NDb7Du2Br
solana,6PAxRAu7zL1f7pMd9SQ8Thv85wCbJD9Z19pmc7Pevr44
solana,Gcj7mfgQuMp8NLhB3iBpvmKRYDWrVMEqU9dA8q2V6TTW
solana,92W8wjcZJRSJ2gsnVZTyMczbNffKHpNpi5Ehvcme9b3u
solana,8reaFz8RPG3jauJ6P9nnXtuv6dM3cyPcgbdjNbz7CX2w
solana,2q2mM9XcwT1dwfaZq84mQSAKvNXajhEGjJxDAyxkxXET
solana,kyzR6A2ZKVxviRQfruHgGWMZMBfQeFfPUvNqinCQ3h2
solana,4mP8hjtTFU6NdnsdBtqWE93e5EwXALu22xK7SxQbQMkn
solana,4GTJBLQqNjL96H8tTD2xe6S6jwR3XR3rqUytqPZKrWGg
solana,8cmxqwaaBbv5ishMQD7rQ3nBdTEng8srGVMEguQo2AmS
solana,GEemEH6wZ6jZvUNVywYBKLAjQYJvrngfYxW4PQGTueXa
solana,5dRE6SD5dzjCyGzyTDhLyVKxRrvnTmtRE4ow5v3KLZcY
solana,HhMd5eEghuk8PrpNyf6FVHWhDJPACRQYqD7zHvCFg6yJ
solana,Dh9614GwDNwyeQE6zmdcgUYDDPahawFRTUg3spBJxS9q
solana,3txnRRwo5wmCRkzfbNhNBwa2SEUDdMZ7JsqiCcHr9a3W
solana,FQwjKxrzKVvJ9izhMXz8ye2wtqLt8kwaxNaL9E3qs1rr
solana,5d6LV6AuR5Fq3pwuHMBBAR9qpMeC7G9tiFA4HY34uVF8
solana,C2MdMf9sSSwrSE4WzU4PgZbjD2LcBPr5Z53ET4ZQsUxo
solana,AfmZnVHHgfZnYNDnDvLxwxt9JnLLBQc4mhaXmf6wwfpA
solana,HH51tPZqby27GZUN5CLTpd31c8buDKNmRcqetFRhYbRy
solana,9oLNZ9sXb3iMs2apRmcM5vGju6NKvc6kw31DGu3jVvvN
solana,E4dKjPquWLQT6CJu43diGJCPaEdHtK48jLRt88bycxBW
solana,9uCTkHaUdxQfPsam23myQJFwprU3aC3wZTxFTcC7m3bt
solana,2LN9Mqo6H96M72GPzkYiu8YrAKBNBt76uLcMNC72bAKn
solana,E1S6tiL1Q9U5p5WCi32sWwPtprjysXWaxpyMzinhqg8a
solana,CEVH4NutSk1vi5RBZmLaY1zQuUsNfMkjZmPEpRCZFkA8
solana,HerZhNFbTvRD1rtspmVNizhdco6evo5DfJFTgcAgHWEq
solana,8F3ffZGWBQctVh8rd623bctEkkYZB1QHZQxVMHtCDZmu
solana,F1ThBJKLNaxumb3To8CDXbScY6ud5Q5bVejnvXZMjFTh
solana,6cSSrAWy2CXgcKJh6PVz8qWXG9JaYdDDVLwcRk3ZHoMt
solana,7A4Qog4cdCiHCUGi54ewJ1zwH4QzHTZ2XLCC1dQLJUhm
solana,G2XjTy735w6g1D53WwBhMKvHwuTvsu8eR12qLUPqePRC
solana,A4DVhZUjeYqnFgjpdT5eXFPRsoFxaFxqWn6nTKeWZWny
solana,7SsumJpLnMVG7QT42zLA84xUpF4ehpKtKJrudKsoGWDU
solana,nhpmRwBZnaNrVgUy53DYrZZK9RFScpbmnA9mU97wKDd
solana,72DDXN1RtNp9GKJ1ifkkWQvcFAuNrENZssojch7UG7DW
solana,D4ZLVNvhPCWwUYniiQdedBBjAgoqXm5VdyrCT5W7opnJ
solana,BrqSj4oxH5ZGcKCFeXUHUMQgbdRdCfVe6fGMdZUByp3p
solana,4CGti6Cmoe3MXpBd92LRTG4JzpwRcGPPNbZ5AodVdDYw
solana,59fXzNxaarBEKaP5cXkjuwSbgjDMHcvkD3agm4V9JybT
solana,BCGisiGnwV8M9BayngXKJ6GT81SmUWgpaKhqh5BQozvP
solana,14Sia5d7ywZkB9z2ATMZyRktRiTpp73wED1ELMqesRDP
solana,ECzodAxaVcRFoZHiVpSbcx8FyAkAHGYhmLE6a5n4nmKV
solana,HZuTkaMWdNiVvaowkMSRTmgxAgkYn3iFcQNfXJJng4tr
solana,GQvBWKMwVq2swM72adMK285r2eEPZTs44QPDVfLDUpWE
solana,4YcAgcafvdUrS49TMBDs1pRF9qVDSp1hcuUrnGLAYNUe
solana,FtT35fqPWAWBYs7PPdqfrXSDQN5g5nJ36wK7SrNEVB5F
solana,CYEuu2k6G9fhqAkTPGCN851uVmrZ2m8xE7Ybtp3RTd5V
solana,CM5Ln5Z4e3ewcvGs1nQayk5Ci8w6jQx37bojaSku2DdD
solana,BqsCk175VCFcQwUM5wrAYmysDRTb25Lmvdfo96qsH2jj
solana,D68BDGwavYGB95492WYpPQV9bbuctGh11vECmf3pbQ77
solana,2AxEZCMTCF1gLYgC4LnvhcfzVfKGvACMkP4i22Humc5Y
solana,HPFefgpSDNcqGooe4JaHmxa19m8ZnD4LoGc89CYAdNV7
solana,9jfkRZSoTMJy6BghFW96iN8tsrUhwJPyqCLXzWuq56QM
solana,FyopXurc3HzRdhKh8KkZKk2JsgRTFEZgMFep5TY17Ywz
solana,9bnQvMveRxvzFdyXY1SWodu3Dc5g3yX7Yz5jRkho32NY
solana,bkGqXkjdYK7jNKU3L69bWnncicU5ADkezA3aQmWYSPj
solana,3YvdE7tkorffzt5kSywAQ7yD6ZHJ8FLs6GGRBZC94eXr
solana,2peFczcJ77TRVD4xPhzCEzn4gBdRoWfrcw1sZ4bf2RtY
solana,Cpa46ivmgr8MBHPCQsRMUKYPdrc4BkBLPSFMpt5f9yPE
solana,2NeMU4yn136jR1fRunj65MtmKY3KVGQ5EszVF4CmvsxG
solana,ANTSv7ar5vCejXH8UgeMXEHAA8FREYeYBWTjBRRCX3uA
solana,2rZ36Pq4zCbXcFVGzewnygn73uy7J9PhxBd7DEXYoiPr
solana,G3b2riexyfeqiT8PmtyRqk28Ykbw3bhdiPsj5YtY4tqQ
solana,6YmZ2xzB7PAJpQUGxaTA4zfNyynBnvmx2nmZe7phNS5k
solana,5XiDWZUHKpTLdUs2jDBg2335Tg29CKxQZvWbfwkvLRRx
solana,3E4t1FLawhVzQdmqnHDjCjLjDtUoPkSKKjAGs6jSjQt2
solana,3YnHZke3Nt5WDoYXdx6dn62GmSHz7AfgJUd6haAJTVWQ
solana,6CLeNda3TY4uaR8SPKC62LhD6S6NXwNr6KhNoVfG6YdB
solana,q5fQHbu8bP65fnhsgv4niysqsTce4cUJpGKTzzZaSH1
solana,AKsoVfyNbZPAKoiL2YdEHgp7jCE9zi9mHji86GmxTjm8
solana,2rEbCNTACr1ad2QMXpMBbF5zLTdQFLpcWJodSTZugBdt
solana,BdeoxCYbo6gfCX9Vw5uzsxbGC7Lu64b7R6ScDm5eDvpf
solana,98TDiYpUoibAoKcUNMVYV4VT6hNAGtYeXVGQqPXYr5Q2
solana,HLhJGZge9Kb3LkB2hn4HJJ2GELRbuDhCy7XRamGdtc6x
solana,DgBQnTk9K663nJ2XwGLoiWkYdmZ54bRbKbTQSsaCvG2c
solana,Gb7Y7jDhNQEShdVJnaxjwgu1SrH6MYeR6uvgC4N2ArGj
solana,EtSmXVUqBqm5Yf2ya8YoGZdDF8TwisnYCAoDfXPs8SCd
solana,7w3SoWtHYZqkYrz8hkUbcKta7JbBAyFUKbkf8Zb2TaYL
solana,93TJcf99To3YVY84uQ8waKCr4uEjncLgMzq6Ad4cRpRL
solana,WTLRCAYnQDb1xm6XwU173m8Rd8G5bEUDSty2AeWW6X5
solana,Cc2X1LVQj3AJXe5bX1HkExsoPCpwhsvJEsXJXo1yZXJf
solana,6RWzbtpgA4DejYYfex7f3DQ7PLMohVVerL4Xrn5NHS3N
solana,2VG6xvjxt58c9AAgSrtoXSohwGKKdUG7JvfqBPV53b3Z
solana,B2pdriH2dKL72hqZ8qc8Ny28tw8QADdMbvPN468RwubN
solana,DThnHutNPjK3GTrx2JbJwsJFDDuW8piieHYVdiV2Eq7j
solana,GQkNyjv2gNZxdpq4L4ZD7vbWHiJf5fZwEQ6RocfjJX3g
solana,FjcXzrM3W5ehi5yqrGziBkXx9W5wdedcuYB9vMMMgjga
solana,DNUpDcx23BjMpsScyMhkPKT9PdmcbFis6Hv4YQ5bbLwC
solana,6Zhr6ggKV6bt3biJTSSqNgX8YwPyN286yPTAGhpNUwGn
solana,B1u89deAwbHKQneoxip7fWHUkMg7S8TFqviRtDRGy2LL
solana,AFsNks2Hzn9Mc4ntiSRstQkthb2tg33osigAFWP8X7aN
solana,9hcVnShopEHYrsxfxCTRPFBzBgrAsM4okfeomzgEqBp
solana,Ab2pEEjBttypjjKcBeyyDzedrk4CfJmWUSA4qZXkBP2m
solana,9WkqyNLyLYyRJFa59TVvKVdnewZRKS858DAAjYtwapRy
solana,CbHbTzTNaMUKPE4HJ4HVyLXwWZBghG2UZqj6reEaXAYA
solana,F2ywxLeUFT3k75whMo6xm7RqCw562pctaXfSEfgP1wKq
solana,7EsPDXfNTVZ6KUQMAkGLNdzfi1VKYHjf9uqyHk6ufzmZ
solana,H6qYMmZVGSvMb1f8zBhDZAgM72q6ZbEQ5fDhwpjaZ4kN
solana,ASzTfvQQhut3NtahbaxUJ9MJgcFdpe7YuhP7RQ6U7gcZ
solana,9ZMUEC9GrtCPc6Ae5PfkJ5Vy84QVj63mfQUge9NqkVzj
solana,93RjJrSNQr5k5M6feEW2aGrfkn91MCib9FFEErhn6q82
solana,8ZgRwMWhMEuS9gDGkCQUK2qqssaipmRyiDxDahYWe4Ab
solana,CLL66jM9KwR1GAcDBz766fHy9dSMCHDYLSQQFVWuUDxs
solana,8GTTnbqHfoFm6H5Y3ZAYxtfmRb2BTg9hB11vBH6JArLL
solana,HFx1b6WfmvBMidwyzcBGAeUPoESpEohrmM8w6GPDM6cg
solana,6PwGRxwAz1wjRy76jNpj4X9aJb8ogBLSZJe65sBryRtw
solana,8WWSESSToM3dbanMy7d3kbRvPWvx89fETu6GiLk3yh72
solana,HLgyoxRweRu9HH43hfyNauCUGUzmW4hg4eJPwvw18wtp
solana,CLSoGYT1M3Y2SvXZXq7hWU2Bp8u1GMuo8M6bKXb2rEXu
solana,9VMWyLc7tLaiRvHqxQ1Lfv9dZ5XqW3DQTjac41hHjRM7
solana,6AVzezE6Wo3XK6v4oKFjGw29k6zscXddmBpZt2N49cX7
solana,sRr8H5sHQtAY48ceHAEZQ2zryXUVUGttUQ7SXtypku7
solana,7es7DLk2Fad4aA12DDKmKeuJkgDCDh715dMmfgbXERgU
solana,DbpJmCg1G6rEgmpZKAHyrXBcF9fX5738Bw34bcRNjP9p
solana,4w7bR6png3LduwCdq7tSr56qwUQgGDGcnPvXxstytW7M
solana,Cztq5QBBk8A6rtUqCygVCqTaaxne9ftfJ7aoGbG9DFmt
solana,Giy4L9wjDs7xqFNpLsYfBdLerZDfFBjvtRkQu33RtD8S
solana,6W6dqBNGTdM7WAjd2WsNcaQoS6UhkAizNbnBfmGVacdN
solana,Dp7V6rxhBaoFfrwwtbCCiJFoDJyKdPF7mj9CUdeUyjJD
solana,5oQE6mqWWAcCfpDLuTNELeVY7V2p7rMBg2jx9czd2vPv
solana,FmJkE5iEhmTTrCr4snWRZggv4K24eJGtY8Q6GoE64kTW
solana,E7nMAbCm3rs5yyzfGGWYgnQESWB435k3Tzh4Hotk79th
solana,5QA2PHWH2GZtixDNfHcYHi6aqMgn7XEGZrPaQdg3kF9M
solana,Uz53fWL2bFcW5m2EbnthhzjsBB5LWx8U93RU6UYi4dU
solana,2c4SmnMD4vJjBgmjmL6M8qP8qDCQQQ9xwNyZzattv7N1
solana,4PUuvq96EtnGiRdfmeYDRcYiqtSGqvCVoYBw7p46aadx
solana,8c2o46YvKvfZpyJdPgAonnCR8bzirgyCY1y1E8wSsFWP
solana,9SE1MhacbdaM8eJZL6NNHztvEfXxH9BxERRvCL7MZBZJ
solana,AaTL3iHfdEdmM2Ct21AC9q5Pjeba4MnxRX6PT7f7R1GQ
solana,FH3m16heccYTdtWuQ9H9Uht1JEadpTo8Tx8r7bu2pVBX
solana,2dXLjC6mrJD1VrrDsTT2c4C7dPRsukirQTL3mpgnkwqJ
solana,DRHKbJep7TkHJfjxTPdw4if68GR6C1Na4bqsuLwmPCzT
solana,57yYGAWUYEvqNUtfDhUtpZtrUEQe3KsWv6zeuTvy1o8M
solana,c8xzV6GNXAxhop6y4mDs7CuWWVXGYmz8QenReU7ZQWS
solana,3eXAX5nazd4EDyXUotdMjK4FHxoUma7bvugkBmszA2a1
solana,CaPNfT1gZTcVQYmZAdnjMceVkLMRBehtrSw1z7kFm64w
solana,GsLvJeddnG2S4DQQ9nQGydu9rnjzHM5WaB2uAFks1yTz
solana,Bxy3HDFhhxUndvr6sPwcHsvWTaTQ5UmiG3v1WzrpFpSc
solana,ESth5CsXDMgfAJLNYNcQ14nLxtR6SGBadmmHozmDn25t
solana,HEi5sWmJmWEvDVDqhz8wpMzZ9xZ8gXi7R8Xaf1WMe4HQ
solana,BDXxiG2yAjXnq5L9dbRjSrJ3ZMWtAmF9D4kDup3fkDer
solana,59Z3c8Ay5vJ8R3mtz3jEodm3dN2kb9isQVMERdtyVhRK
solana,GY8mSsZHBfQh3Fxakvo59hzwUZuh49VbXo3usGLpWnh4
solana,DGskwT1AQZjpfJ9kVn7iWNEnxxUCMgRuKRnkG8C8Td7Z
solana,Do22CZ2ZguobEuDyYps97YiAgxfdqQh9Qv32XhfmA5QY
solana,DtPVi5HNo93ZMCUpVCAFxh23sCrWMj9XQzDpSuBmca92
solana,iXebVcSXyn95N8WsJ9kktcYPP4LrCc75879qnAmS7uV
solana,G8ZT56EYkb57N3WbGQXFH6MvKhGmpHToF8pMCRz1rzr6
solana,2y1XBD5EfULQgXZcDo3XUPFFuSsG4pqch3JdhTkWgaHa
solana,D76j3TNqfxXkwjhQZfFkTde98xXRNXgm7mimEELauUNd
solana,DfRZAXAKJPFboner8FR1kRrPty86utr8fCNh4AWpVVb1
solana,CTMh2pmkQzF85maD4y3BUHohvWw7MCAc5nkY5nuJfrXo
solana,2pnoiDfDXENSVnEc7ZaasXMLnAapnMCZMDqYkfvapB4S
solana,5iBBPFt3YUQSxHVAvkYMCrg8uyEXYz1LBie4y21QmQqr
solana,HtdHuKZda768FTs96sa4YNMboQVczPTSm85cNo5fiqGk
solana,tEaygjTKJZGZz3eyydipEveQqqpEPQxWY4EqXVEmjH8
solana,7rQHcZXJoWt9ja828hjrwE6w6eGkHPBkbTC9mX1HhFkp
solana,DWY6DrHJKzd3gtWmBxGU5YaaEhVq9A1Ju9gMgdpYn2pe
solana,3uoAAxfnbWRhahwtRzaEhoUYTJRcYXTRDWeXqGaW6yHd
solana,J2Zpbiz2n4JLwcm82YULkG1MvQeLDiB3MqDgBWRnaQRf
solana,64wPK2SnH3GuTXwdBsdruTanijzXVkuPyBSEDhb9FM1i
solana,7cWpu5RkgfmETJMwVmRhjDT4qW2vteajbyb7ZGTuEraS
solana,9dx9CPV93bTVJk5kLkGvnhJS79CzWhLyNV4BzBhERMda
solana,5j8au3YdxwZWSwXaWDkH3tcN6rmtTp2tkNfczEgurTb3
solana,E6vk1jv1koVjGbFwX3oj6mpmYyvTuEpTEfrrCmipXcsG
solana,BySsxoUs6Dn5pxZo5PLAd3fLktc3Ntshy7v7B5J8cAFk
solana,DdtiQ1FSo4LxxtLszec6dQq4d3CHqafvGNRYXmaSn8Tm
solana,7EX1i5J8xX4XPaNaWrNUjXCZV1xvgBwyjqZiUCNECa1x
solana,GnoCSwwJwajVbxKTeysg6szcjHqakZeGdVUGmQ7n776R
solana,AKcCkhYj9smpUEqpbH2TRHajVagnmaidYVc6W8KEYDFa
solana,ByReogbF4G46KpPv5a1gRksUdmA6RT3rGYT1qRgtGLuN
solana,Cur63WcbQJJK6kQBSpu9YMrCDx3vxEoiAps2zARhWHW5
solana,H2KZWVKB4aJr7aqBGnihkJiTungjPN2xA9LWFZkBMm72
solana,ES4xBsZhBckvoDPXgScky5e8gsyH8FMdSqfuTBARnovy
solana,CV5s6GMyjNcfs6GeSjK7Mfy2NreefNM59hSELsmCExEC
solana,8FBSoTRrhLYC9Pj4UqFskRvJVHsacAxxDuz5Hg3eQbzC
solana,7Knchbvm4zhZRCfdCVMr9zqEHu6WmcSFVLN1AUggaxX8
solana,9r8cARGyYADVPTqYWkm3EL83vBiQb6uviPPs93F3vxWq
solana,FAu9DLTetUjEsSVtttwNnJJTVScRT32yWUk8rdCgdwhD
solana,ANyV8yeetMKcGMf3uoGBWz4CSKzjkfu1Z6y46wBMMHC8
solana,2KSNe3e6TXTi5s9WaTsd4c1tyKzW7wGbrbrvTq3AzCgN
solana,48T5MzugukC8XJc8iEqYbJZ5GmCos8QCXKbNPPqmdhUr
solana,9pv3xtg6bfnaUP8sFk9aQpwUJMHUU7FPGNfcbrFrCo2N
solana,FmvVXVpaydG6EjaTR2BSkUGdGfiNNvxyUMQxzTuNf8V6
solana,FvH6zpP9yBtrAf9xn8x2yzTwQxLwAD5N7BG1AUcFNKxJ
solana,8UMsTGeH7zuBqKMPzMPJo4FXYeGcc7bxNDQN9XKTFsnd
solana,J7dxj6j9hYweS5a7qZgcQFSdvSmxScKbqrkrnj7NTfZv
solana,J3vfhaTm2zeD2ZvEPdHyxx8zt8duqWMvR25jMjkY1zeY
solana,HKzWpY5ouXcVtQ3WhJL1BLCBJLXHhTZDMfkwHNAo1nT4
solana,7YLHfeevDbhGX2hEJL2AKLPi8cFyw47451HpqySckWFT
solana,4vVixFiA1yEkkCknCqBTYbrFYfTyfctRjZ7QkNGgm9DR
solana,G5zr2C18NoGS1kiktTdSqQUUvjvZYMAARtJjDMZeNX6P
solana,DZrwXewVcZbeX27WNkVcjw6WfR2wx62UFMwfTJ6YqeGb
solana,UAPen35oF21p3JU8hTjcmRs5jT6Hf9GBreNJGGVHJtM
solana,3y8ornpenoP9gnvPbCVK1uDbDzUwmqso9Zbokg3oAaEj
solana,8HsHgBWEr43B5ihkcAUQHDpdUQRytT3DTv1ExWHCmirz
solana,9CxMcT3rkbBXK2kPji56zX2eSyiRVGSSyWYoTYCKYrXF
solana,EoKJSVPzH7EhFTfCr4DpWU9BeJy1uRmGmAHu353x2udg
solana,B7kvojJJvSbeBwJATvt1JtQgnrh6ybttsYMAu9QUgZbe
solana,CkzHZZnEsYmnBt9s3tMQaf33BmXnLnfPDudcGULVutde
solana,7cZvJPN1Fj97CqWSytrsP4gs7aMSY1i4KqWZ5wdLjh2Z
solana,9mmozp4Z42yy7Rss7WX28E3e9A6ULCBe6sHk9sSPhbHt
solana,7b9n2xXnDW2tXSBSyosaYKJYHed649PLtxw6hksXeHAi
solana,DJWiNyfwbkDx57f2ahrhPbY832nCZszVXR9cvMbwggJF
solana,GQS8jWkPTmNgqCbSSSBghXEJgG1N6hXye4zSEHYimVic
solana,DFFfMdAQbiwCvvdXB7kTyfdAsQ7ft9xcdfEySZ9wk12a
solana,99ab1TQaJpF4y8MJDvNy9xrVYHvL92u9dAjfRMdR4iN6
solana,EfiJXZmLKaYns5nQcRJQizJDcfj9H6DuzjxtVwnY2CCy
solana,6DETLog9UodnaQgigfNW6avMkGLr9U9sbaNT4HYFeSmF
solana,4jLe82bvE2XepTNbNxKhrPrg1Qm7dSxuiPKCy3gXBjUh
solana,2piA3HYJVtSVVTXSZEHxMk3wYeh9xJo4TtDJpkaGddX4
solana,74DhnveQurv97QPnr1a9XqXoCbe2T5DdVJA7E6ZVCF42
solana,63izrK7vxggAh4eguNLnCyuEBbzRbYSMR9rLh4WLdsNs
solana,HUTQQ9CNZ3tTDJzPFZaJTghwyY9baRsMXNSP7HjKQYcX
solana,32B84mPnCfJ6z57Jxhx4pvTgNMFaxrJxmFPFkeTdZWMw
solana,CRC2khwRa9qbZMdhocmAyr9LHLTSEJY8HT3zwvLfFNLm
solana,5rut3L1p2y81ta7b35gTScdRs6nk48ZYfhrCzMYAL1am
solana,28H6cVjyWzDb5QUqH9ewftrGLuW8xcZwz2N9XaTFUMPf
solana,7BU7HssJ4HydWCAJar5XWQcXodP3fA4KfjPiW7pJVdSj
solana,6wPcxCq5SjNzwY8dBK7YxkvvhpYGD6yqtWY2J2m7RVir
solana,44YtVTdkYEeUS3CUPm5db5hEEPL2rBDG6MJmwho5kiSB
solana,EJWEiDGC9RSRyDYedrFRYTPQLGxv8vNvDbJH85VeZGEb
solana,9mXoiApmyFTZh4wzGNtMJmE7g9sQDfreabaF2XTpR4jY
solana,AfzHxfLtjpoCRcTEbYFUXnRxt1HrjkKFgwbwqVmD4g6w
solana,CTwvWnmwfQ1DKHyfFR9juy7jYMNfGqdxu5RHv7zNmbB5
solana,G1vc2GoPpCiTBWUvQ11bYF5RQUgTtvfxAYcFjwzWRGgW
solana,AFn7Ai6qPKtJFF9ZPR55mQem3LuB6XeyYvH4sBSK2Zsm
solana,9VBc2Qh4mGcUemyAvpJiuurGQQ1Ftfy9fh68RfABLeJ
solana,GLYwfhU7z7hPt5Em55nV7C44qpfXBjgn6sRGjWhdJQH7
solana,Ds6Sho9XqYZb9jQdb33Gu6pRhZyeMe2ZEQszo2H5Snyy
solana,C3tNLo15FmxqUrNRhSpYwSQTbcoTQFzhTr49uVDYcE43
solana,EWzVgZET4XNt1g9A7H7Vox5CDv3gwpYjMn3e9jk8uBwD
solana,7FDVCTJeYJaA5kdfogeTFUemyvMqgnCzsW8teuQTBzXv
solana,4nJebCf1uPEtBDuGZGCN4nRxWmhpwVGGcgCom6ExgiWL
solana,5jQiDeXo8FmJfxQfHk3aLa58KHR6ZWc2wijpUTqrHbpr
solana,BjrpjZehgjsE6C1BeyAhvcmoSztgjaUESpHPjR7bwkXJ
solana,EXywtUKiEgvAnmmTs9FvD4Ys3xRPNG8Rc9MBZToQzcq4
solana,68CphuWuoDKwM3UgKaaYNSMm5mFEeyu41CBNcWKvoHAQ
solana,HEpfx9Qunk2QmK7HT9sPPqK2YHE43H9RFF2KQdqwHinD
solana,BF5Un3R4YGgnADTL3bejtuveQwm68oQEXMjzQV1mT7hP
solana,DVDENtMritYf9RGWsvabD4WqEErBWvZiziC7L17fyhj3
solana,9jCmB7wCzpAzSkZEDHg46iqhaqzA9uHPMAn5qZE3jodP
solana,2qbYdGpiCxV8vcp1VWJjTU8iSSFi2k4PVrvqbQ2eTbTp
solana,Bgznqkx2nadmayHA4rppftENekw6xdR6pAqX7fuDeEbR
solana,5Nf42HyahgnoQXWyTXxJ4RebEAHC7sihvbEGHM8vVzDi
solana,A8QVBBDvw1feNXKNKudgRkVsT8U7uhX4MDm5bRywjgYG
solana,3u2drz91f7ni2sDAKSwbGu4QVAWrzqQpTjVxnjvu39S3
solana,EoQUttP5sdFT4NHjSC2zztf6sTAUP7rKxLQ86sooXRxo
solana,BmbJwSxeb4bJ5V7hxNassp7E5R231hY2rLeNpUoKRhVc
solana,8749PfRPejb1iiRLCoABCiCpZXU9D5V3DALn6Jnbk1ug
solana,JyjfSDY5P6TRUTndJYY8vnmZkE8iWAqRBnVnSVT84Jy
solana,DQD22AEeVx1wQkiBNQgonyqU6EbXqiKSs1Ek9NWbt4Jn
solana,8GPnAuS65x1jTNVDUVVXjeGTaVMpxELVi4c2aWKRJfmA
solana,6ipb4TNh7JMwvMU2xoH9YD8oL3kiLpg1enH1w74ucDwF
solana,CLa8MnYpDUV1ic1rGRmnB4AmmFsCdtffMTXQ8mhuodna
solana,H6AXY8kvduRYXg8KpvgygxcgbXZsKzRSCgS9JB5vZfAN
solana,FHxaWWCLnV1U5FsmdobAhJKDXpjuYxcrgPnwteBtSTPB
solana,ETVr5VC1VuwV56HvMYTfLvoifc6dLSFLh3UGvg9bfFED
solana,HdJeP94oX9YmacR4Vzhf9RVtk5nL5WBxkqsH6hS6dS4n
solana,HpAR6g6LDWMnUJSrKg6WPciapgx2rb686n9JMuQBVy3B
solana,GqXSrPxRniKAGWP9h9SceED8AXY1ytcx2me7QgPz1DqW
solana,8MYE5igez3FHCCHZC7L8L7nqNnRrcnfAkDT6yYpYGKSu
solana,B2mW5dc64HazKP1y3SuYddjxg9HH8bmhYp8EUgmGkuu3
solana,3MNvLnHpBc42AevLXrkJEyQtqw3NgsCtHquXFkKBVA9s
solana,DDYM58PBCtL4BEiyWeXniwirHraKU16EgKFVNxwcUYFR
solana,6mFvSN5UVTd4YdukiME4Ep6PAEEwYq8XpyziednFF9kg
solana,4gFKbXkLpFPaTRjfm4PaRFzptRyoVzPXM3QdpQWB4B3s
solana,8zLwF64Zy75o8WyNHBTteKkW9o7pVNTZyvh352rnnrmH
solana,A3gw1PYLX9YGinQAPzGg2Abk6jozR4FjAiK3bv3pb8R5
solana,H5zdqjcTvx7sL31apNL9XggdCRPgTHmFyc7v8aAb8YK2
solana,G6bevsRT83EyHDy1pzi5KS724EnCGJ3GJJGBeM9KQxbn
solana,HJbBf4NUzdafSv2ZyzS5MH17VFcyYUxMNfdpstjVao3c
solana,8zHM8c1rQ4Zm3RfCxFxgNTVYS5EiVpMucHgYVBNCrJGC
solana,HNQXAmmbseitVJ7xbycpPbzsfKbFg276LRZpZ2S7x8P6
solana,3rDekVuyKv9SsGQVfzzmQxeGS9V3PngThqvqtfVMzWqk
solana,3NEZH93fypmuHLDEBpVKeDeoNwdkEHntE5rwedJWJdjC
solana,8jZoKcZ3wEgrESxbTT1C4GHAScyZTAQqFnj46v4rQmU8
solana,6mqQsWTTvhrvNu4bmtjXxK6oPE6rMHSi1Gc9woBGj9UP
solana,HSrh2wTNqV7HKfYdaExyuuvrbvfdYrhZziJ41fCVGSim
solana,758Njf2FPyNkWzWXFVWWcEfropCwUSMj6QVEbedUw6Rg
solana,BMSfmCnZb4dUuccAA2KE2H6Dxq2yNr4KhCYAvqdcHqaZ
solana,8TqMgwMtM9Ar4DrLLzTz8DdDVzSw6vsaGQT8m7jtUjxz
solana,9REfNBa9eQhcSaZLTzr8ANj6rxLaUQmrE3kJ4oxNmfe5
solana,DQxZx84y3woAmNVwdtEHbTcarQz5RF817bz1aredhE8H
solana,G9Pu5UerCc61z3zSbQrdaaKYUw7Yk1AQDAAAvtCTA2Ez
solana,HSEA5rB7FGgzMGa1Bttg3mp3tgEKTEmJQWP1geJZdae9
solana,9YqCaDNGrMPz9jeeZencv5eLjjgpdkrHteJ8PACBirbg
solana,3p1cr4ZkQL4amri11WcTKzLKZDzNsmnaa239nmrgiaKH
solana,4VoLC5bjtnXVe2oSYVCdQnAmBGUb7jF7fECgtSLsS1cQ
solana,9jo4JeioaoqApwYfQLuwipj9Nt5Ko3BasfuGsqYrc3X9
solana,FzB64TobgA3S1ed8Ft6NkvdrHLC1MT5A9ZjA7DwdMHtK
solana,7pWcQUrmPaaJwqRnRtzTEYZgkF69ie5pKAmY8Ls2SJgQ
solana,8CBF16xJHmV9imTifiTzTHzCwS4D5Q1en7cfuTgHMXPx
solana,DTgUaD19XUHYAXt9wL7MEEgUVWJmfErfLUvotqUMeFD6
solana,A914ZJcj4MeSKPaqdULxnDGgitXGqjVWb4u9XV1B2H4N
solana,7hr4RXdB5Pmxo72ASyw7uNQyiiGChS8iNThCHdhpDqDm
solana,9P7ofxLr9boZTd7VhLjpJgSo77wT8VYA3X3Dye97SScU
solana,EzbS6Reh5LaQ1VRFMSB3wMPoDD3v1eWqx8726STBQr7Q
solana,Ex6P8BrK58VEEhekYpy7LVGAmhCGDdexDhj4NbTGGRKL
solana,7BGLZMyEGicxLHuoyicH5xUjh2r7yyw9z4ihWUsH1RH7
solana,GM11dQoye3rU5yGcEXwDB6RwVik8GM3s1ra2fKZNNW1E
solana,94NP6zEh84RRfVYwZR9bFRcbCbJKEKkBFZe1W6Be6qRt
solana,3jNUCU5qDKFuVL5grdXRbbs3kDXTLL6YhLqtzzDCThKy
solana,AA3CaKmFU65BmgNw9EA7yLLBVsmPiGZjtVysguG9ReZu
solana,2CtP8y1QTV7M8Mj9BUyEg4Kr2H6nyHcbuBPGwC461eXd
solana,7gXb67XRUyNJY9eHom6Sx9AnG6rFrpVxAMeVYLjp1Lb7
solana,Arjku4qPNmdjVhNVmS2MbADHBFT5GDo3xwF2N8tgzBik
solana,3GWyFzvx2EhjPmKngszu9rjvMnCmSw7fBdTTm8UkDDYh
solana,Et4o16CKqdzs8EZmqafwjMkrjS5bZijdZoZWXbuz2Dbt
solana,394uLRcMgkNQUwhpDnqPE1B2sTJUR4iSJaqL33dLU1zh
solana,4oJka9ueW867BWgx92VzBDzoVdUXbmyWLsWBArdmYu5X
solana,44MHpKQ2Yuo75FocXv2NMmcwiWDKT1JGZ7uFbSC6DSpU
solana,49FtHc9KFaadms56TqcnmG2et3HK7sGjf388jXYYfe6Y
solana,EYwoAtPZMnnJ62gjdFSHBU5FTgBwDWXaNwLj4XvsMBR8
solana,4FuefYk8qqE3cbDk4P1WhBdvSpV2joHACo42A4BYaPAY
solana,J4JjiYRKxLExiEV9nALSSteAzXNTkUh2KCY78Ws7AWBi
solana,AUPf2ZfWDeG1ziKMfdCiUXJzCA45uPfnqzJ1WKspJbmF
solana,4bv3RgZrHS3H7MYc59t5XGjYo4VkGrsdtm5SpE6gFU6o
solana,D9ctMw292Bvj8mkirRvSXZXk3akcq5AHmuzwGpDTuxNG
solana,Df4PsW5DJcEqqLbntaqxgdrBK7NhPTX8XEDa23gekfLL
solana,BYVaYtyj5CBB917jJwC6bKeS5JRRRULR8UUvwzqjqdck
solana,9kKkGqyExgQatHbTvdeKpzBQnwqYkmhpS3JzMWEzGwWF
solana,4hF8HRGaTx1fKJdPz1cSKc3DKg3P1SzY3bVCN9Ys9SvH
solana,FbUREpREgcoLMguPnuPzBJF9PSWAQ5UKvPPH47zYgc4T
solana,EzLnyn6xhRiWy9gRbwBPdqneBEGjaYCAekTUpxzFuRaE
solana,FmfG7q1FgMBz1sfcPUjoYznMgNupqSRSFiD32rszwrj6
solana,3ctc78PFAxetsynVKQAGcGbDaSk6YX36Xi3ADPgCdNEk
solana,CHji4VQNCj5P5Y8Cfe1yRtS9X2tf9n9K6F6XJWAM4Kfh
solana,S3VS8MgGrzsnnMBJ8Ns3tgf5JmFELeYymeKQ22MG2Lk
solana,5BP7EgfGb1A23ZQWj8gK3ZyoK8YdxDSwCTzaD1diixLr
solana,Co17QxGsZnXswYqSV4QbojBoc42MFZixJoUExGk5wRNY
solana,37tdC87kC99npAkmh5nbNTvHxHjcNqPfUXXcP5txknhD
solana,EsTGwkQVDZe863sx7onWBXUFrg94BLrXLwyamqGjQLT6
solana,8NirBazF2Sm9HrApx7PaCQRn9pBPoSK62QAwoh3ZF7ND
solana,B7VYEhmVyD7rFNdUrNCB7MzHSMMhivkXFdsU2Qk8yu4j
solana,GFVMesntNtuF3W5L5JLvQJcjCr4K82M9JnWKTB63Hbe1
solana,2dPE4hPFfb43P4ToY7qwLJzqFXgNgYNV9aZMjbbZr9gU
solana,AZEJxmj1wUQtT1VUiXMPUL1oNhXL2N1gLVfXfbg65BBL
solana,DA5iKNEiKQcb6Cvy5Jnt4zbhBV37ykjM4urKJNYbwns4
solana,ED22Sz4Js9CufrX2niLDEhyFmpmuhjMD4zbRfkESPM9V
solana,8VpgXoQfRnptb9Ntz1HixHwjJPbscpgB9yvAB3rpMEz
solana,2bgdbwpUKoxC9r4P8s6bpAKj8TiYhcAdhfDFbLw6NNUR
solana,HR3UMTrbyjzTvHRY8A5hUU8VUA7zhZN1J3hpaf8VJLd8
solana,FwM4ks8Ysk9nDtq7vpSWX8DADVx1fJkPFs2dvvPVYm76
solana,EQTV6mQ3rSBHn51RNxvFKULMePqPY8hjoRDQPpb8ChrB
solana,zCgUEEQoQuGgGPmxDiwYSRRbTG6dFfmh1NyGgPNBm2W
solana,2CS3dVoFZ1CN4ANM9ACnMuvphK4Pv7APxqMN8B38E3E6
solana,81otKWFQNgP26DVYRQwdeS4oXAVoxECpELsBxJFm2MXe
solana,8Gre9J2DfG7JNqNcKSEMjvkk4MoVMQuo26Ko3tjMP1D6
solana,B6MCZiNxGQGdngAYgM6gmdUozZh45w4D6hyNwU8jHpzn
solana,3iUWCHAnkTN65qY23VKJbrAki1P49msygYdpcTiwvQWv
solana,B4NGHUL5jfNB7qbQYf6d68G12gBjGqiSXUKj87RyxieN
solana,8TKE1JJjaxJg92terxktQcTig3r6Zp9aTyi7dV9L6mf1
solana,J7sa1WXJSDRonDK29tYsgiXYLXU8kKWmNNiuggU3NDCt
solana,HWMQbJHK25yvvNFw5KWEayrKYc5F9QKbKcdiLajWeW67
solana,BRUcnxwQxx8QP17ZED1GGmy5cgAC8gQ2tUjXyG27M2BG
solana,5RFYQoXVyS1Dw7WzaGcjym76Wz7UWzRnZRZgYq8NQPVq
solana,EJpc7FK4xG9JQeBzGS97Nip2QuX9ZPmPLScBKDC8KQ3h
solana,4xf18v58kvLzXvZjmHk3u7k8Q2gD81rrPqHJNCiXd3uU
solana,FWMNNmdjGHrHwFFQ91wMRu2MFmvkaXaeChy2boJh2kuY
solana,5mwqRz8JMALFEGVHiby6Su4y1D4egyiT3gB67Kmc5EL5
solana,7y2t9X56GBfUVs9vHqcgLYaWg5f2baL6Rj4ktCxapzEJ
solana,5ynH9tmEA3C73p6zuKWwfGrKff4ejNZcCXJbR9koBK3G
solana,9BfDuek63iyZmVP8jsstvQEqqsy4VfjA9PMi7nPKrkux
solana,468J2Kvym7xGgGCfBnbdfPNYGEbpeLSyLyHzbPgCZgrD
solana,ACAm2uCQSePwD7zUhLzHtPMUMGp53R4yetB9ditiRY2G
solana,FTMSCkLT5SRXQsY3s33KZ3p9gWzQG3RAgBszYQuNSgVZ
solana,3RRU9Ln7rbuFJ1KCHpP5LRQ227szmYzrFro9xg8A6mEW
solana,BQLCZYWXYoge8RpYzFGj6EcU289SyLjBvyfCvYt619LB
solana,9LrUtjjMjoQuvpkzpL4eyT5bCEo96nCxFaCVdGNTAHcm
solana,327WJ1Xs6Q3TmfQAzKEu97e5cZWW3dnYfN5QmPwV7b1M
solana,4oAy8fEXjViJkTUJ5Kbf37TFraU3vkFXrr76a3vRRTNh
solana,ACQuVF8FQj1DQCDy8qxSMtFN2APPKUr1thQ9jw9vSYkh
solana,F5NtESid9yfyEtBLhiFzFUAfp67XaAXHzEXNugDRnxrc
solana,3Pm93vJit3Uip5zEsc2S2tdhLAf9sEecfYKKowmu2dVT
solana,HCXcoBNggtULdNRp3jNEYP8CtvJhbzWu6n91UvSCKpvu
solana,QTWPdPPQYcD6TBepKk61wfKscUyqkj7Sx14dd3rafx7
solana,9t2mxEmcd7MKjTdQQWCmQvpwS5YS7kQhxU4qREUM4Bru
solana,XEmvLLRJr6J8KoLCmeeBcnU76wh2iABoCngZr7pmMFT
solana,BU2K1CzswKtiGbknuYmxd4p2fcwRdTtYP8QqebfZr39W
solana,82UWcEUxeY1ZAykpTQYFkq8RkX7jGxYQka5mNxBSLC9w
solana,7uANQiEiQwLoCfSvwWLNm4AB3kDCr6tDnMRZ9ayHUt34
solana,8HqtRb95dzYn88v2kbZAZcL2HY2jwuoBfgCUBJVd4PC
solana,N7PFsHfDFbHmSwL11WHou5wwZ9pPHgyhnWMBNvR6MWc
solana,Cw2uTeTwHLAxHvkKuTeWkyzRZFF1iZPAzdGNqvJwxJhJ
solana,8GXJMroDx9jqgXjTNnStsaD6Ntf8DhtohvjCiBuLc5ku
solana,cXBioBYxTrPmudMJ7THJ6JxvFfo7i4nZXYF9ThQSLGS
solana,42q9RrR5MLsNaVYMbLVcgaf1cQSUvAh7z7wbUCAGr7rm
solana,AgijGiieVYyuqDN3yALSJq7z38yaMGjgMajA8143xW7o
solana,BhoCXUB3fXwJqjodjoALJLjz8BvGEagyqCVhrNGTtQcf
solana,C58dNvaz29wgFhmPPSKtyXtXLpSBEjLCX462iBxi3PBF
solana,AzkS5nx1LkBsqRiTGScp6kmNouHMZxXDHxJUPTQghGnJ
solana,B3qo5UfTR3KaRuD78TAtnWk2ropMdsgB4qcBj7iRqFqE
solana,AfMJiQVRkvonckcscFuoqWm9VWahqq6oejsoLeCEP2aY
solana,Db5z6QGDkHhE35kwTv226mQv9Nc86BRf7uG7obvNdFkX
solana,4nGFBtmtR1hAov38CKmYiUH677UGUz8zecSnQoLL1Ym9
solana,NtWAisKGvwRWgTx1gzqzSGzEfq31SDuohzxHYXd6Zbt
solana,2CZSpAjf1Wfwg2w3dQKCw2jX5R6ugALjmQGswNuY3oJn
solana,5n7aZVhnK8DYZehStBDdd7vvhpmYuTnaqbHYQaHAHMgV
solana,4j4sCNmW63mfRM7jqPaWZmC4nAAnfvRr5iswRhpuoCWm
solana,Q5reR1cc9X2sVbs8hHkSBDkXqr7BANfDmKjxuxJhShK
solana,CTST699f6ujQyf5CR6UvPV4j7EuVBVjUZCTJ8bZe8Wrq
solana,AAjHGTzW1ssZZ6ajSyJJiitgGunwRsK6SQbgtjkB7YLJ
solana,HkquFVRp6gt2KsUWZqAqgAW8EnyGMjjmWYAJqvF6GSrn
solana,7MoBMSLN9ZtcNuG5iSUBEbsCc681JaCvKpMAFSAi57Sn
solana,w1WoWbYawpWQcCbF7rwA87cNf1KixATwfo2k4Y6xAoC
solana,4YCwyU2tKfVEBHuSxrBmz1BW19gQCdBfLfyrLSW3zdPp
solana,6pcKNjpG9jzAZfjyytDG7sm2iU6KrxkgqqWkQZseyFS1
solana,8PHwnEoAhuNG5wXsRqsHEmcTzg9k3qRX4Yvu66LQwkyL
solana,HxWvQP89U9DtzB5UmEkULN9YW6ujhVYQwD2bgqCaHuLz
solana,4eqWyKnPJfjsjHaNW4rWKw1MGhghBYywqAzbHXFWUSCJ
solana,Ea32YzEtJigXDpa4WJPghL2csiDYdmRLNSAKiUrF3WTg
solana,BGopLR5KacQLArkBQEuUhrSy4A8bC6LmVZHRLFZwBJL4
solana,5fyARF6M7z924SQc7ecDRUXDn5t6uEGyw4BaJzLUneMa
solana,4PHLA2xGauCdZTVW73MrFQsS1sEQXb1ZNKP8ydMrDfpj
solana,3aqdrAYCoEsGQ4FJVXpNi5ThFwyvdijDw6acStLDkHrx
solana,B3bE6KxYUre4yvuhVQ9zZP61HHNS3EofMhzPkLBPxhpt
solana,6CsKXEkYXbQrBpa9KpthQdVPWj5BJ5kXJaFgB5xmXUro
solana,BpRBECsbtX2ymFEVHNUKLcbNNjrJEiC7ogVi6HHh3Gvt
solana,BVtjZRATp9Pa7jEucSnTHzDUagkmRS9Q9Vx55F1P7n36
solana,G7V6T1jTBh9B1UivxjsomJjpCn7Xpofz5EA9HGf6tGWe
solana,FNPM8ZVxZsCnhCPi6mxzXM2e6axqxeqP1KqYocQQNEvg
solana,Frbki4NpRezoenJk4YsKkZtNMdQ9Amfe1cDN49RWbghZ
solana,EZF9EaF7R8ab8392eqS4wPDWBpmoYUb2CMNXDLZ2dtYq
solana,6W6YDBGzYPz8QiTDJi6Zeaw3YBcnqr8q3XCv5ZFdrL7X
solana,C3UJwBz9UHa7WfemqZn688vwfiUMLGeY3gUcHJmsdZs8
solana,2T1WbDLdwK7QxAaeRhq1MPoiiPWjnjgV2tRQELPPHH9X
solana,EnjsJiqfuX4ibySkf8AD5xAjHjniHQWGD4kTyRU5GFMt
solana,2EgqqEXnwNP1ihTEoi7XGPFvHNrvWSE2GWNcta38o2Xu
solana,6BGwVz8tEZrzMJcKnE7s51ApgiRyuMcMZ6Y48VKQr6Cu
solana,BJNSTKXY1X9Gb5JkVFjdVcrofKnwdXqtbgUVbWDA5Pw2
solana,G2xxqwMtGKKXaYzVyS3zsKndBZSuTKydGMZNkNS6CH1D
solana,AYEGzfi2qumpFiobR5q7UQzEhQ6kJFxsB8d2o1fVVr3x
solana,8d7b9fvUNYMjx5S4Awcowt2yUWRXHmFifeeyaZFPmmVX
solana,DhUr8bLYF2L812qowyaFTLF61C8XtCAzGRWCcJcqCQhD
solana,2FcR18BvAt4L2wSLKFXxGLP7emukU2zBoMvR1XA2UowW
solana,D8Ni5YhCtjCUtWpF827mnWfbQe4gGCjA5aakwDJxBXVx
solana,A8eW9W8GqceYqc5MxzBAek8ZDKhTjona4m5sG61qfs2y
solana,CVPjUdFv1d9tvLSQuZbXdLXuV2mXzY3kCqCDbAv9UXtN
solana,FJpWNkfHgUYtX3FYKDdmUnr9CCRsmzoSCWPsCeZBUL5T
solana,GFCSK6yAXZWhjxSaXGLoqJGTQSnoFhWEeVjgj4BdoGg7
solana,7eSAh9KsxfxdGyHNWdazqnzkAY9weo35HYPtZ6nuaDci
solana,4T3GyS8V3Lh62YwAqB9ghvQPN5g6FEzkVf4Gv83c8G4X
solana,FRa8VQAZXP5rCE9qHg3UrBtEm7kNjBYgQ43wEWmjDPc8
solana,8rrQ7tSyepD8ndczh5QgxedwtnEqDSaSCfDAgnQHJEtb
solana,FvjMtU7W34Bk5C5pcjd29kQaSb48weWvC6gwGmT1VEmo
solana,2TSyrPsDaP4zLMbuZ1YQ41NFekfwvCcSKXtN8JzMfWhn
solana,7RZoBFh6gjswWkBvDBZJHzpkKL3HAwNAMDJkmm6nJRS9
solana,DbkbbCxyMbaAwW7dMV935n5mvbNmb5zjqQAZaPNPRoKo
solana,HiGdmLf5HTJdHa5345RhmkppCCXTTGJFU9zjsbzvryLm
solana,7n4MrK3S5c2QnQCPsRmHTbwY3LFryJEiihaUGQutuHDs
solana,4TcAskTYBwVAM7B8rD6nmqABLB8my5imVeAk19Vjbp8h
solana,58zTPY2q9bSJvHbzhQamTWTyK26jHD6gjhdQhLKtyNpc
solana,D1MgigSvUeD1y8vMdTo4JZpewZCGhvWQQKZKjBtZKBn4
solana,hXyA1gXyLXs3vYWU9A5MjV5tQTb8DsKiREi8THusCZ8
solana,AjPmcXm3He7vqRxppZDyLkHGKRdXrEQaWPUt8hQK5kRc
solana,AQwdnoKrx6YgewfxDxRAxdT53T9vyW5j211nqkpDjGK
solana,3FUQ6KThUGHnUPvJx4AZa36gA9y7rJrZ5ezS3nmwn8Gi
solana,AFK2Fe9QPSMDVpPAJnPWB1inUqCy8cGhXJ32xsG2DPQi
solana,EzXJUuy7yjLxjgVDm1qzbPMf7yJwJkFus8RbhwLfcz5i
solana,9sGNPJhX6fTRTJaSSpNNRP8XYJfNvBPQe4GkgfgBBkHb
solana,JDULr2KV3jFHi4CRuiaNR8T4WDJV6EGhcbZwNige2VAv
solana,HpMNd5xYvTQoo5G5tFpQoabX3E6Xytie1bX26bTPF419
solana,AkFyVG46mALkLrfw3S3yCZYzyYLsir1eoxDaeQnEMjGh
solana,4uhrwQvswxgtsVGzUGK37C4PWoXfURiBx2kpaeiwqQQN
solana,95emMF4V6bvYBe99C44SxAPtzHHVkJ2xCcKmALeJJfvz
solana,EQHKHv8fcxddKX6Lz7LUGreUNGaovvbosZefGgBZ51Ji
solana,2Vo8qQGB4vAukt5zn93SbFQDH6kMGxMxLQRcH19yBPn6
solana,2jGC6WCk7aB8mrjRpY8FEgvzuE2oNWLTGpVE9sFVJ2ug
solana,An73ybK689TyKW3uQxwP7hUnB7gr581gtYdivYgb9dBD
solana,32c9JZLnMReSkE1v4DLnHvRTUAdNJg6hYyVqzTHoNPsw
solana,2vZJju583X3d2h9bdPQiRqvZJZFeSTNyyS3GxNWtD2eH
solana,5fWSctbtRoKEPkqtRRx3Q3Z9HuN89qYY8Ly2QUB5DwkQ
solana,FwSAXHy5ety1UNTpZpajdQQ9LhkWAnEugk5Z5Z53SHMA
solana,9R3vaZG5dbfry35i4iyKc8EVTnzZ3svfDSgpT1jGheFm
solana,3NRmKtnWCaTL8Q8ugk4YXoiKQLXNFBPvrsqgxacdonvX
solana,Bpn582BSgfH75mmM1JiYJPqAYwBecSQdFatYhzY6mmfN
solana,6sqhivSkxaELbcJionAwxqtfYuJeXx5do2Mjg6TtoPH1
solana,DkWmt2UAEkeEhwRXdeMfY2J2tfLVnY3Pmv3SgThydKim
solana,5S6zmc1Vz9QC3qdVmhqNN2QmTyepjzd2xd71qzNRSpDr
solana,HYeQuv3DJaiXH4PNHqSrBGNxca7UoSkg1v9ZViMxFoi
solana,96fiNwAHmv5xD2AjYNGwzKPp4TeU5FXnpxKM3EtfBw9U
solana,BESMZd1UF3vVgrzWPHBgy26HtSUX5w7d5MGguLgsMXMK
solana,2nHKCtvQL3AWGfbneJ7L3ttGZrx3aZ7uuBqVPDc81KFr
solana,3BRBhQn3TN745V9ju4LqMuzA7oLDQnpjPFPTan1592CW
solana,ByKNivMx1huJu5KeKXEa5N8kqWXFgNkeNXLZVjRhdAwz
solana,FmkqGH8v5CktCTVUeFW4PstpGAXUCJ8dsqRxYUhhqahy
solana,h6TfU4jBDxLPBsGgTpFDF8uCM989Kpn7ipijLYMai74
solana,FvHUe7CZwnddtVzSrhZidjwjVAACo6xkMWBzyJFyfPv
solana,BXZ9nF7Df9sSM5KmFSDueWmxzFmGSzbQeMgFjCt71FUa
solana,AD9C6MU9qHnDL3dLCxtP4MpWbmjyWbvhMhh5tuXmd2Qv
solana,5XJZAr72VgYCa3Ew297iwbqi5pxN8wm3fW2ZXMxZNdeE
solana,68qPctJTGTYvxc2u2PP38qcHLLXE5nKJr2Ex3KQd7vc7
solana,CtUmEhyqfc2fBFrNFMvrq8Ae4aoHTPkL1oMfgoK3aVJn
solana,3K3DNdi9Y9FavKvGK1NZPKQ9DwXeGbrt3i9rx56k9n8T
solana,12tw8NuqtqRBw8jg1aUSh6rNFXPHd1G8yzwpQ9UDhx3G
solana,7jCN7fnoiPcWLkzUJbyxESJJR7rn34eLyLpeqEkV5b4L
solana,6Nj5GXBW6ctx7qiUNpG6p3uYMLARtHFA8d38SoCtb6y2
solana,GFuq11H2ooqxaX114foRhB5U5vDwRdhULjeEdaXGkeg1
solana,7qjsG6YLmmKF4ysdJXVZCC9AJuZ9DCWVfgMTrkPToRLA
solana,Eyz9NNXvuBbEvFj7NgC8dKc1ntvjZrQwuj3NHjfcg9EJ
solana,HUBJ7i8YL6obAx8EAx4vyXhKQjsUggndHPXBavMmXb8x
solana,Ac5cZ1NzozCqsciXZjhiAquoGRX4S7MgsgWDdnXHF1vd
solana,6q7GFiTq6wEFY2txuriFZxCDRUikuJVpeaKkNPANXQ6A
solana,HWnS7GNW27VYU4hLMWzYuJU8xmGjia9oM5xp7EyF9bTw
solana,HAPZi7usdHvBvbPJvX31tPKWjMxaY6trHA8xdnZur6Tm
solana,7nG5yHez311ko3GkGkLWE7m43VEZmqe6eiR4Hb4UsAbJ
solana,BvaSgFZLJssWKZrZAL71KHFRhxjnC7hwfK1nu6pmGTFd
solana,DdH6rD9kjW2gJDxx8vYFT2hCmqZJN5SxBBUXKzkc4Jvo
solana,6ozM4Ht2Tw8dekPfzmCxHAYEQvszPkbujjb8tg5CLnAj
solana,J6JEXrJ4Bk1HwuNKhTdZGKPBCAroeZojA9sWuvX6un7D
solana,6rNeAv2QrZfmNu4RsAbNahVrqk3ZLpSjWKqPtCFgiKhr
solana,12qvYQgk5ppjV22Jm34E3U5raJiuMG65fGdHuKfVDTys
solana,ByYgASXFEnoPyKXv4PtsbNgQi5ZZjwcTxXFY1uNc1Shw
solana,E2rXyZkgnFzkfg47foEExPs9HDXLjDNKoME5RgxGsQYC
solana,2eGp4R7j2vuZUDQg6J1P3WQ27Yedk4iMBNAJA72UxJSw
solana,2qstLJoNVh3L56RuanhqrE5JmokmsXA6JbRBrpMrRSeJ
solana,6rpruUWnWED6aMgeMXakK9n3LDb2jMm1VRCZQBCeS85n
solana,EmsAYnz5gLUbrMwBknVkp9Fnz2RNBfL1BDDKeHhctiQz
solana,GpVBB8QuhJfWFzK3Ngd32Q8MEppXJAc54Vj6VsEnz1oQ
solana,DYNj2ArwrnRQrhWsNrbM3bE4Rjr74mvJ6VmVPvXPLSwN
solana,8ftH7RDYLqLVmHRFXueogfXMsGzVAecjhMkC9V1YiCbB
solana,H6EBQeTJFH5quuFBxrn7UNDSGdJ6yMv1TELtfbFuoVtZ
solana,H6QQHpjWFMrKzTgvSMAyFxESrnKvUrCr2tpMru8r9LXB
solana,9kG9Zy6E6WPx3oNsfHm3YYspPm9pPgZWoHvNpWfk33Jo
solana,7G3GMhJj1Nb7YLqED9HdabL6T6t51c87b3THVGXPD19H
solana,Eb3Gzj7U4ZNA3cx2tUwpR3cmFuDQBpLAcQn3yD9pU4Cv
solana,EcnvbLzgJugFhBozz6a7xXVayN1v7tLnSReu6goMZXaV
solana,CLh7bdC2dR67z6nZSZKSUHL8sHcDCzYfcwq97g3bmZMz
solana,3xgTZzLZp96Md8XfXHx8twFJ5mpg83yzKzZEF7YwwW29
solana,CDExevZQhScAJpkeAKCjRigzdu37uiJW5tsm8NLnxYmW
solana,BD2A6D7oJyKSfR8P2X3dMa2Wz4xDhaHR4zkjg5eiibfK
solana,CbEvLafAjWVxn6sBQQkbk3HVXKRkBnNtfWTgBxRdE7Kr
solana,EtWgKnvC3XDkvN7hLELBrSQnpnvQyCgbaFCRnfRx4kCc
solana,9ktEdrurp3ntSsvDmxY1Z2kZb6Q3hQ4mnixzuR2HF7aq
solana,C3SX4bhyw2EfBgJr6jWo8rk3VEbvPR2M7mTS8xUg1Wxj
solana,H2Qqhx4U7Ak5AXUFJSnQFFE5uoxgTX8NTLEeaSuUTp2
solana,BYu89FzUauz4QRya5cPsqVsQEfC7Y1Zevr3KrfhR1U2R
solana,3R8ccaaDKJkucZAgv4L8Q6cXZ7oh7w5LBpNRgF3S7q8L
solana,FkkcqpKvpzMP79sTRoih8Po2d3yHrUskT6w95eXQ3dWc
solana,66BqupP2EqhM2gp8iwtPfDsB4CnFZ7fTVikfGVpEETRs
solana,HGBovH2D6gHLvADFPpUeWErLNrgp2PoUQZnPNWte3f1p
solana,FK79u1TumyodCLqX7HvwsstYwfZdRZSSyVgiWxEJ2of4
solana,8JjwpdCUAX8sXVX6YCh2EvFsFPpsBzs4BkWwcMbTJMi8
solana,9Wc4LGcrH18wCdxV4t3siTV99axBTXVLb93ndREHx6TE
solana,5EbG7LkD2iNtRP7oCiNsfQJAaRcuhMLdi6374T9zKgaZ
solana,9zKPMqBmtQnxj7H8scgbnpfcf6kcjtX4Y9Z53JHZK4qw
solana,CsBb2ZQMsC1DoGvoGF4aPNXJj43FM4aAfx8QGt2ZFU6f
solana,9oGaeqBLoi2NgR8vskCNyRqU3sGn2magGTaRZZBnRPyY
solana,2Vm7ZJP16xRp88ZDnPc8k8mc9qYVidAjWemwjDUGkgkF
solana,C4ddJb1dMVSPGiHp1CTkLi5NetQejQqmFXLGRKS6U5h4
solana,7e3CGdEkqEZQLvPvY7JVMMYXanJvSKwC9A2P8FWRRyNa
solana,F5FQeHFHWePbva8rKXMdgfYVwh6YkPvyoLc5PVP8WPGk
solana,EmwkFKYLBQXgpgDgV1PR1SLLcvkkEUJLpnEn2ZwVDkjw
solana,D59HweegHtVJVk9eWqfDNnRkkjVDVKUgPUUrCHnb91Wv
solana,xv3QyTWQQzPt2RAKctWm2podXDA187aBKDo9NSPFXyj
solana,AWV31CbLYqU9cozDqPBo8sZssaEPv9irv1rgcshmCsUB
solana,H18Wi7c6g8DS2zLaoq6cUFrdRYWhWYQUUgQbkJzH9EFc
solana,35xR3QrLE2YsshaEbgMXDjc5oZae9aoPxUZDDrWiQDzh
solana,3HkaaCUmDPVLW84B1HnqqS6P3x4T3D4eYb9gZRSYtXdj
solana,AWqPh7qSCcMMVsA5RitDZ2EnZk3DvDkZdRT4KZFoWrD7
solana,GKzb1RhZnH5sBmLLmMabyGwiib31RzQ1wN8MbJ9nb1WK
solana,6ZnAWhHzSAiXDUKBrK75GEDE4BAj6xRvs1QqGchwgzyE
solana,9R6z87KuL4ivgZKsR6nHTiKkErh6cvopmm2HiCcchcWZ
solana,BgacAqgNWtwXpXp6UmCVdWz8QBZWMcZ4rvaD4X1g3Qkg
solana,4m68cCQzJgNBnmnHvunTtjXSgZ6m7fhvmk2r9vPzriM4
solana,27dRsLELYajFySgk3WD4qqVgMrW9TiyNESxyNNYUUinQ
solana,4tAF57we14TZ4VuF8VFDQgfcEv5kTRo9iQm9KSJPD2gH
solana,DA72QTupJiS5eFvwsw4CUiDMVxD4ejDWqUPzNvR6Wd6n
solana,6zTzfe723rTR5bkv5iSN3sMzn6bR42oVLf7LrT2vMvs7
solana,Hv9Pee7eYJ4XEddmbZSUAFChFnseSTxfnyADrYseMnTs
solana,ALWMSGFS3VfuFhBD2C9F47KSycJL9x1dZfZcRrcrDxRU
solana,HAnkDKiXZp96X5pKiLFBg6iNhgmeGePi24V7uAEi9p78
solana,3CvSgrPCvKCjCysHGueXwSMbbSkGKUqjr8JtTaVMkCK5
solana,FZJgRgsCpZMspfAouzy9suBw8MtphY9pKNt6NCz5UB7f
solana,9bxQjWvYE3Xfwb4Qgwkknsp8HwFid6atZrhtqWczQriu
solana,6yvTTVUdAMs83j8V22s42FGBkDqiUxwrY4QFHWrcAqYu
solana,5RRkxcA6RvczvhXi5fuvRhFDNbAtKZtR89KgQDeXBVHV
solana,FDvsbvD7MWSah9e8wX53VCUJvsrYwVX4z6szRmKfFUES
solana,6hrdZrsrr9K5wJHapxtKBePsCeErbn9ZUNNMT2GfB8A1
solana,HnR9fce2Nmm73zEkqAnbT3JZVgjJmSQUxt6L7inBHCHQ
solana,6yPB5eMgGsepYU2V9ffAZ4y8yShDqgFuj8SGt8MQiLUx
solana,BKvWRKLBdbKU7QE2VT6FW4YYMb8bMFz9UaC5ka28yAZt
solana,9xD7ub8mYhb5A2ijJFytGbBj11JFKKq5Z65XNxnQJeLZ
solana,65iJeVDpMRBduMtnzt8t8nZXT3EvfeRxT7rRdnQ4AyVg
solana,9eCETD6dzske2vH9U4hBsYCxM7S6gGN1sGUcY6NSgzsh
solana,85PD1vuSS1V4uyGiZhZsN7uWcF6t8LeCFVskdRBYAaiR
solana,6pLGUjX9U3zDuQUy2WkxHMQsbQXUhxgC1kG965xXdxMR
solana,336g2ZLgs5ehm2CBVtniDna78G97rFiBhF7eSJoof82H
solana,GophpkKtSXZQcHvT8mvMwsrrWuCwjJchVv12u25cVQio
solana,7pMHJTaHk6S6bWK5jRe2k7yu386mVw9kYwZ1YJNHLjNA
solana,6oKnvEJMaAm8X1uzZzV4C5GcwHqrQf3WTMV93de5M5Uy
solana,HAsUmoH5Gw3qFYqUfqC9xg9RbgFDxYUkC228eAHu5sNu
solana,FBkXzYtWEKnJVSwSAMdZ9En1MbCRcDak4P4uxx56ESeC
solana,781ioWxEmRpJeBQtGqjSHzYf9hUggBjfWR6VS6hHyTrM
solana,7uY3TNNfhL8p35UEVgUTHBciz187qT9Rv14nYuZtn7qN
solana,DBYW9zwgTu661cpGsYEkqPeY1XovFD3qkRxfN183gqBT
solana,5VyESDVZWntSgisXDi5wPAruJhxUchQ2SmBXQyW8on9z
solana,t8tMKprS1xi8HJKCtYXFXHJKaLVm6DFovHGpVBYBr8a
solana,DjceAPgdkXtRdbNQcDZVrThDqbxzFv3iy9SMRcLtW7eq
solana,2SvAHD9r5qJBozxPcdoBhEZULwbXiq7qbCmpEbNVChHY
solana,uCujyyiiNo7wxgN4WRPfH9pvvdSxggqaN4T6b2KRnRH
solana,AtrSShg7gDn3fkAuByVYASjq1beCtAaSA7VH5KVtFbxk
solana,Ah5NYAj6i4QBHjKrceXspRkjD8ZFYE7MYUehREHUc2Qj
solana,HXjLJr8PLhxbKZs3KXqoTi22iHJMnXeS3XdhybW2YNiA
solana,8Vf3LxMgCVyNNp1vTuSmW8HEQdENYWJ4ZAi9SyuC6DJW
solana,2U2hQX1E6enfmWvH2sQcSiW7sWXnn6ceqGKXGHjgqnNq
solana,4GS5DKvGnomR2btdkwEBCoAxXLtaAhfqNE9r6SkDbboy
solana,BYszCVUYD97CxKxu45E4iSUCRegRDZgnddQ3f1sDbYHF
solana,H69baALxitk8nfWzUDB1oSCmXPGQjDYbkYMi1H6tBeKf
solana,A6fKcFhMxsQdPPLpqJFu4VRBmEQkdKamvYYGbCHE8Go7
solana,HywF7YEsiJfAAffRECqmB7PJpvk2uZDNcMqT1q9mgjEf
solana,6t7xGafgXuuoG5GVnu1cZtXaRuFKfVMpenQjGyZ7QYMJ
solana,EiUrYGkk2YGnGFSzHbzfMzXePHsJsHNa88jjmVnP2eFU
solana,8tUUW6Ki2HiaWywtebHker6dke5UXA88xYkgZLR32ZMb
solana,4cmketMiTZXRgoZYeAdQhrpxdFcgAaxQNdpQHazRbosk
solana,81VfKPrHMBuk529qXTc6xABeYcALjiacvauhMhpJrzDE
solana,BoQbaBkniv5zYHiZGRCg637Ycp5WAt7s993232ZhH1fT
solana,CriRuSEs2p2qDHDuD8Zu6CjTdmQwdJSTU66QVuahQFzV
solana,GAZfKuirojE84eBifHZf932xnm8bR1QCYPZJmdiRVmts
solana,EnB3FaWQiq1SgVahita3JFyN253xroAx3SVJyqNLM7bf
solana,6ZDMZ2RMhMMJBd11pBWz7XrnKvP3w6kVp1EdVKymy6y4
solana,5w1U7PFbSUUHXBSgvLxyETCkkDErpuPZwmZxLKkbXvbB
solana,GezAHrfGmL2LszMs9v1Pn35zkZA1yk2DsCFXRgMzNr3h
solana,ewWR765FjWA7tyVG6zSYAsj4gL3nnBZx7gNC2QqvRAe
solana,8Bqv72TAVDTzCuRUbMa6WopPVKnKKJRzJMTyzdciZT12
solana,T3U3ButeTCnqBz8XqfAHLCGYfPQ6jUc5GEpQ83eH8xX
solana,A5xXDCW6ZTozZTBReXSLvB2onThVYigLdwLCxfYJK6zF
solana,984i5QSBHR9KyDLAT8MaNu6qSN3nFzsU5cZgdA2MwBzY
solana,5r7YtL9FCGxxoyEo58Wg9yP62cgiUc5i1YVMkpFcVaFv
solana,2GTdVRMxNC3QmH73KFoFE7GKx1rsSGoVJLgoYtQq6rXf
solana,6T7aDpM2a5TK5WYt2z6SgTC6WEckqD8zXJ3Wq8C4g3SW
solana,H7Un6Atf2jN5nUvQxUC797vDMygGWPsufWsVG8ujkNWq
solana,9oeSxM9sDuXTum3QZLgBkvYxuJauyjAx3g8TcU1RBdH7
solana,CXAyCXH43Qs7CZrhiGojV6fNHonT8qmJHYTyZhEAkXBj
solana,J6L1TSwBAwWUouHTjxuf4HC4nDFqrtiLRioWxqgzsNeQ
solana,4XR4t4JAWzioAygebvgTGSM5K828Udk8t7fmY5QvAGL1
solana,J1dntBoWqrt4M4seesaqLMZoxP23uWCECswbkhoT8imW
solana,8kPEGV2v9tiCBcjcN19twABYVToN56GT9WtgNryPPugL
solana,BGe2VSXPrDf3KVmn6tZaFULv5rYWEWmmjg5NJhmpc87i
solana,4Yaf4WKTkt6qGmNs8yLgq2rZk2efQT8iGdS8fUqJhrmd
solana,83xYQikduDHArADg6NM6AGoy8ma9ACNXAyYYh7q6EB9T
solana,FanJXjKZXhKepsnhKVaNur1zrtXkCdfMizPY9hoVjV7s
solana,HRYTPSiLVCxVRMyYBYTQ4fA7aSdbrLosTzdzgKrqW7n8
solana,5XjZjtdawhDZKhsFKvQ7e67ywWJtM8WCro4u69ridRY3
solana,25RTW5DjRBLJ7h6qSrH5BDpkqe2XuZPWxmNjJx2Y2zQ9
solana,7GDeMR9vg6uDbuZKAd3BxAnU58d41YJBVeRNceyjkQJY
solana,HiZ2DhN3ZVobdDXK7ZB7RLNkHu7vMsGZ3xGFxDVofwiM
solana,GVExmtxMLCp6eHRyDnZTg5snhLuxxU7vLH6uaRccej31
solana,DrvdVqNvZcbq71LjBZHxC9izzDuhJSqPTUv3yUbnTuCY
solana,97b7vSgxXz33qBSHzd1rwmMq6ihVWG2vi9y6wDdFCCkw
solana,6aDQixhv4HKTfMZS8icXDnWXanP9n3ov8gavWraCimZv
solana,EvNP3ig6V3HkzDR1o5Mra8cj3Vhju4zMVBpRb5mXQBXP
solana,2FshDgJ27BUXZk3wskqthAbzHsnGFPP6hg3zPX9u6AWC
solana,ErsHqaUtb8etWJCGpFhcKS8sq5UFgD9DTxnRFj8UmKSx
solana,3nJdafx1wU7zn2dTLXGb3NsAzW6bfuGqPxcPrc6Xi2VG
solana,g6azc8JzCg9ze8BZaZZMMgChZgDWybJuiAEe4ckpMcL
solana,BmJzCCJF6LgC3cVEa1176gDPXTTU7JyYR7PN8knBjDeY
solana,9q4xr8dsY1HBBSwmiitjPgRMJqSv2qVN8y4ArvT97ZDf
solana,JQPMYkbztUSipRPBdfAxkEUHS8gi1Qyaaui2zaYbxSw
solana,AKLeDDowmCbkME6gPPkX8j1aYXUWXQQxBgBGMZ6tD2CH
solana,4ihJ2ZhAv7oCsP4wbq7Jg3Goeo5mZhz3mYK2aw3519yq
solana,oeSg98mFi9PVgCUhxdCByA7Wz3EHH7TJMqrjEknUhLj
solana,GgxpzfScwahmj5sX3sKHkUES5bPcZVnLQFxqeLe1F2yY
solana,Dk1UHQAjj1gSgoxsQ7inhmjQsrfPeTW11vqCCqYC2BpA
solana,DdfcRA875PXmbwRFFJoHBXXDCdS8MUNrPKKdnYFokxGF
solana,7gpPBWDG1viDeujqgVWFgVgAzNxG1qBdSzkLG8H8uKsJ
solana,8KpU6a5dddRu6ZHzBnVrmYH8BH7tDmZhyXmCvJs2PSdk
solana,5XpNE1ixFfsVjETwaNeyiFHwXk2FPKnd2f8UJhHxJL6
solana,8gCQozEL8FE7AhcyJjowFiWrk3oXBvh4vbqo7HjRPvAG
solana,4ZA8SMd1MMCTDpmUeGNVZJyuyv1LDzjerN11yNPv3xHy
solana,38Y3vLenPSE4mkz91RFt7d96qD3MCTd3zK7Gf2AAKYRa
solana,42cUgyYLCgv6H9PzzS6hnontkA1HwaGqGfxLjdBCTxmf
solana,9ix6246WFka3Kofg91UHQ9g5NAgeMtHgLPYihD8LrbLo
solana,6mXtpHNh5nw2rnN6LSSBWkMtAWTk2djtjgADEioW53nK
solana,4Pw5V36o4D78TxVge11Vby7WiPBATdrkM6BFgeQBfjBq
solana,4Sd5X1HKMFUuzdBw2WKG35WxjKXJtGYhX4MvBjXT7F54
solana,R5xfkTGPm9AWCpVJd3qww566VKV38ci1LvYjWFbdVdT
solana,Du1b289Z84p8R1fU1Vvtq36xbd2oA7CvbYcMhjWvqf4P
solana,3h5YkKd17QTEfek3qh4itZvpsgSKmSzAsgvyNQgioDSk
solana,3pvWansW2U3TmMGq44zp3ZK7g6wSfukkUQRjLHUqDndv
solana,Axp5Kfq84MW2aGt3vjjG8rA9QotLLbhkHvGfJXTYZQHM
solana,Ah84RKPFJCwvhj1v98fFmDUmmTZ14jcYJqmnR6iycBfz
solana,A3yz8Xf9xZdgA3eE1Bq6sFmsQoMDpiTJN7vBh8R9dHZT
solana,GXMW5r9K917qcockd1NXB5kkk5NouB3UrboCxv4soZFY
solana,JDZNu13TQqppAQptffSiES8rCPEfxZTPMdNCF2w2kASd
solana,9VZ4sZ9hCUhUjB1PQ2NAE1mNZd8pVwWLHbEba6Jj75LN
solana,BvE2UTQ4oUQEMaFEWFuz7oGL7Ppiw2dqSQgrcfWHjsXm
solana,8Z8BCFzmQpwkkJ2aNCGDjg9hGYi6KNtZdrt1j6f7n9yS
solana,5PsL7ek5mK76wo9yL7b7EyGqPQ9X9yedKsbgW7GL5CZJ
solana,GnXi84PXNfSYKexzWb1HEuUQKZ9riJ32CkBz5g68T8xx
solana,NbqPk7LQrF1HgbrfAoUHL3azRzPNbFbhtNPRWtsBw14
solana,FNZu7bPxWnw9ruqVvZf3JhvkHPaJqmsTSH1ggtHjuHZT
solana,BqSRsrHN1UpTx2oRR3YYi6UH4GtZkkDLAMBA1PuaBsn7
solana,ELN6ryBjceazxMMHy9GGMAfUwnq8gbzwhg7RRmmWnPEK
solana,FP98hQnBEj42E6E1MzcoZE625pxZwBSm7KitJCAnD5jV
solana,5v89gzG1YSoftCkos8LSijRD9nxqTDqqLRd8LVxZYuGN
solana,A6ZCKGP16pVnRsWNwSDCQBchiZuZ8cVok3cM3hmikY6M
solana,9cCtKfTrf83rzH2uKRwRRTjUw4kkz6AMX51ac8KTCyXa
solana,2gnMgs6MTzJ8EH73JmAwTVaFe7T1aBsswScGfFtsyz5b
solana,8nsW6GyLmYEWuh7JhXQFp7GHHzVoUsbZTnvycom8aWAj
solana,6FTqzUUe44U1mugWVNYKqPgJQ6JvEdVqmsrvce8CGo3h
solana,3iKNG9m9MkdRSeuX1U2xhgV94NjtywcmN2hVVHPoVJKe
solana,E7q9u1ZUaevsBTa1T9FrMiC36AcLRvdVncSHmy91tC1P
solana,CQzUgUkza7c98V3haLEBwgphr3taGA7y1nE5eoaEeRZE
solana,J27C7E3M8KCnCyr4gLzUoYUGTBN6BnEGKTHd2PgdeQdN
solana,29pShMv7ikoHtA72iofreJTzZAP5o5VLxiWqDt78JcS6
solana,A3Le6tSb93gBXkRR2eavkBpMDamqHt1A137L9NiNUdqo
solana,6rd1rYTMrahvFJMUbT1PSoN8vdBAgUUqcpKQc7WsEBks
solana,61BWqyCCyTSGz47ZSUpkmbwj13V5pDCps3wC5fgprEF6
solana,4LRKKhZtxHBxFVTUzEL6dNK2PZWP9KhgMpiTdtg1YDSq
solana,9iDSkGjf6e7UJH1LaiyMA6XQDBgmoTRSfNxhcwE2Fncy
solana,CYdCoPrvfLnvVp5mkF4LVFG8APHuYXvHwsguTgxPvQ5t
solana,B2CTwiBhscuoDjDzcRDYtBpwyHWqCoeYRGkLcqCzg1DN
solana,2K4ASY5sYguB13gkTsGJDcauiUkCEtQ2qt6DH3Gsyi4c
solana,3z94uGY2gUAcg4vRSKVZxw2XDtgCYRNbmDy2gw3A5oNq
solana,A73jMWmdSjymVrBAWYLxgPnSQXFEZhsSLe4kPUUTg6V8
solana,5qLUwgWFCJ8rxLt7MEMxJpvEH4Qh2Z7UMffiWy4wZMMw
solana,HQYP9BtPtBUAEbL965GSwU2Dw2Pm4R7FJdSKEQeJ2EQn
solana,CBXPnJAPB9WcxV9bc18PCjFvLEsoDQjMr3eotq5ajS6y
solana,CCBWD5s7QHYuzrH2MEUqrtz4jTAG5unkRAfzirE5ZHk8
solana,9VQJS77tvnAeQXQhGT3oaj5mquN9dxyhmDKnxRNvrREq
solana,AEgj6osNT43pYd1owZRF2JWcXBSsdDPmYkpVWAKZtPJU
solana,6onQq9ixCGv1B3DjsMkqbQbAVgvyb5cmoSZb1kz4q5ew
solana,E2HqjgYYMgjtvYN4cuYacrXQ7rw5VwU2KUvEWjepLcej
solana,39pG91vMb5sXxFqNyUV7WJ59bTzG5KgrNZEYmfi8bY2m
solana,DZns9PNkuDrqHt5wVNm2YvmwH6MsxZzbZYUBcvYQ73X4
solana,BeKPfPwGjTsgFxAPPQxRa1ixDmFHkTveeZqwad1juv79
solana,4LYJNU6qn5H2iyhnCT3NiF2znEGZutdiqnFb9ksHc6LD
solana,2cJmeV346aFHTvSmnJEeN63PGGKX6RGbG2eKRk7jhBcf
solana,FSGGJciS8zieYmgUzmLKgHbksrLUyN4odfbG5WjG4Tgq
solana,DwCMEwWqnKEG53MGrn73BXf1jRcX1w8246PBdyccWydZ
solana,6SPEAdxFqvSLtVBsN8ky3Hbbn1J1EqWSAjULvdoj1Au5
solana,3Lt6yD4J7hukYRx4JtbohcPZf9LTZQeW1ULsYbJjSyw8
solana,C7bP9ciJkimk2RcuGU7S9k1BwZQDFCXyvLoCeMXFfQn6
solana,ma9u3AxkzgAEkxWPFosmp92bhCC3atFBWjgo6jEtELr
solana,AhGtCZiS1HGZkkTfioM171beskeMvS76TfmeoWpfY2Uf
solana,J7WtyLSR1aYUS6jFtHpCFYR36GqGTNV2f21Lz3Ckm7Gh
solana,FKZq2skbTDxdvMmQeSYctQ8F7Qni5hEy87hwiyhrsMuo
solana,DS3QgDPjarDTkYbP4PEA3Rc5as5EozUzc3GTpcvTXhzf
solana,9Aps8uTJrmYtSD4YLtsZt6RB7RHNofUuYL5rTC2rnXpt
solana,7zZEYx6s4FyxLbrooWY2EBzYJWnr91PN8ysEXAnmKGih
solana,GFAEE1RrxFRuS1M2QWHfaeDafdM7rtBYzTQsKdpkcD5Y
solana,Ac5y8RKf2MWqJUJ5gQEDf7Mgudu8NQR3RVpAEfJc8dqv
solana,CwSwQY66F2EiUXYGyFJ7in5FuhkkRRQhtz9E95Wxv7xc
solana,APDiBowgbMSRpKL6nKR3f99Eikhu6yUCtm7NeN1w2Tfm
solana,8j2eh1nk9ZLR8bH74EmenCoVZsURE4etsFamgo1yQoh8
solana,8QVJSeFBZJdBsJaNqNFNQz42SFmLu7RjpLsybdkR4WWi
solana,8hE63aHkJoqMGHtmyPcfEhQqePVncwNH1F3krYCVUaWn
solana,9vEGhehrrGybsEefuXt5eU28YQi2zMVDGUSn5kWFo6gi
solana,HyorMx4oDqokkjbkkLJvqKpFZRYoreeybzBfKNUxq9PV
solana,5vqdS219jvjdzhgR5sTNed4M1rhZ96UsRKodSQyeKSpZ
solana,EGtGVhYsjM6ENkKVZDTScSMxVK9wEvL8XHeQfBQsmsp
solana,A8DohKVQwAfy6sF9Cj9JjT6jUuh2DZ89C25o8Yp7izV1
solana,GNsbggDzkxA9H8bc7Pv2UFA7pC14NdgjAU15txvN8THQ
solana,5LNGiFJMp7s4NuvuCjbyvrzJAuwc6vs43bEZ2M3xv6io
solana,7swoukRT7zQdz4VGZvCQFMd2oWmscLzuNSKJPgRGQChr
solana,FVNzvjtxt5Zt1aBk6sfsm3S4z81qo9ypfqXREDGKfG69
solana,GCegaux558uiJwm51mSdBi7HUUqfKH3SESExCCvxRqv4
solana,DN6abzegXzhBYisG7tKcMn4qijc5DaArrKZp4vgFEQFB
solana,87wpAs4iaXqqKfEfTUfVpTuiNfw2gi1AWrLeqvTR5QtT
solana,EtwJyXCVSpv7QggevJ1RzaKEXG1ui5kgnWbnKFVM1vix
solana,7NRAKLUuFRzYTktAuRjY4hEDMjqyji3kwLvtvH2Hkuar
solana,A3oa2neCT6jGMTVreF9jbGY58G4TEPhDZXXfTNAL9JUP
solana,3PbeUXdc9Zb4opd4MS35VHMmJ4sKK6HanXD2yd7kMqS7
solana,AA7YzR6yY3Nguo4tXvyZ6cxTWoJN2PqNZ7UhofWzm1v7
solana,9MKVm8xRmvaKQNH242DwQdWYrfQSxgLHXuYL627Vco5q
solana,85JkpfV6Mm1FuDcYJgs2UUrrBuDMGtJctKuKvSjcFEyz
solana,GN6vLdrroXMNSC1UDM8EiPwzAtX3Hfut3e6ZNishefQp
solana,DZV7Fh8iJ6K7UNu84JJ6YddwVrVifqL72DV4fA87MydS
solana,SW6pmTy1NYvSHKmYUgEovE5usBh712JSfuBg6KMSqAK
solana,2NTDHmnoa3p64GoooZw9emU1cVpzr42GZCEjAPug2ZEn
solana,H4FthRHUWD9vyiySvDusqRrWC3q3cnv8CcRHzvc3UNHu
solana,4wFGyJ7QjX9zMLGM5D6NW1wL2fnqEwT6suF6Xq6BD7xz
solana,AbrcvzqA7GUcQp6jdmtSV3TRTdcGtKbZXAPQt3TTq8q2
solana,2JXEvLd8wrsnPcNoG2XLryZaxQ4mxzHbWXZvrrcBNap9
solana,6nPb2fBZwYSGDR3MjBwnEGdBqhQVVRMrKS38TeP2F9us
solana,BQGrknD1cEZ8cDLmcYiyHmH6yRBMrtuiigTpjbpQELSc
solana,8j9v5R8kH7bK9S8PxGPXmun6ghrb7jFcv2TizbBhXvfT
solana,2VtL7gdtuhhee4pfxELqN8s18gqV3SAkz2x5V2e1vqiJ
solana,68Y2YZUtg4z6xudHFrZ4jVxmDkCYxwya7A9wKrKMNAsy
solana,9nA9rMFLWFdKGe4WtZkf2pAU5QQSKMhgNrUUqhxjCyXg
solana,cUuqYL7ULSAHFcKcaf1rg5ximcCdxZ3WSKowbzhfoqG
solana,FpftF6L49T2MXP1r9M8RJLmdTkPNG3mviydQxqsy68jw
solana,5sRYASneJrELmEccFxTYC45ZefRcVkVEwJmPvdnUZx1L
solana,D1NAjxPDtnShz1i8LooPAJsEKwGjtyDikDWChfkp9v6c
solana,3xPBPRwfGubBzErKhkdx1sdSW1e3xiU1fkjCZLa1zMKv
solana,2GZLtvM7Hg7AajihgJzKhBzwXbU9sdPrPmyhXm4aphig
solana,J3CAuMGE4U61pG6JYqeJbtoRn1q6WrMgRaDZin4zhAVR
solana,HkKxGPixeiVqJymcdGXjTHBEY5XKHyJYERpT1KQQnaqf
solana,7JkfHddmqY1uv11mHDRcYbN55XygfXfvpa1dJFXLRMce
solana,9fARFSWdTCWMFbNV21zegG4UMqfZmJphfUR2GL9nWCD5
solana,DiVKZ9FwtxkRkMgdPj8nDtLErnRqcffNPFBkZ4UQdYp8
solana,DPaie3zBw8Y3F3kfJD7i6m8neD6hMqX52FPZHzAsWnbF
solana,AWXJ9NXyuvWKcyC2R3oqvfxq1NaZHpKG52CF5QSFwAim
solana,5LgXSkuucCUCFhJ8AffBB1aZ4pyHP7gCxtFQVsbxEt2B
solana,7HtyHk8SM3AzrLNUyPW92GjXdUcPs4GmRDN9ALosHq6M
solana,7FJi4Hickr1kQpJThpo8ravQpPhssHKkHYruZPTag33L
solana,2q13nodeCoDjqP2sknhviikc1tGZhJekfGvqNp1kyTcs
solana,8n6q5KK2doF9d4W4ZciZrX8ixRCSUXpZpRtZKbe339kX
solana,AxQfBDNGFqZcZCnaUTzkJzHi8ueK9HB21ozFFqWUfkZN
solana,EF67D6M6vbW48SbAHAGavR7bvMJDeHfxmX9VWKFSp3kX
solana,G28KJ5BepBZDMLKe5VJMwuTeySS5PccygMaw5ZePcSJo
solana,D5b5JFNSEfcquhLQmAAtJzLCmUjM8YKwfHJXYAddzYAa
solana,Gyz8cCJrhuXCmR6DnPFsGTFHftE8ez6r4ZJEqHNQwj8P
solana,CXq5is8HCHQAW5sTsA1v8T2EMTfe7XWqZwDPfV9iKj1B
solana,3GZUNdC8LPd879wDbLyY5obw59jBRzEuojL9F4mYv6Qp
solana,AkiAqXu1sTPsMsc3k2RQ3QRsUGnQgf4i1CkrqjXDyp6t
solana,6x3Ak3n5DzLSehUZvvJKWNHd7j32MZLBPhjjqTnLctKa
solana,rFfm6uVHFvWJc87UGeCTuyjq5v4b5p9dY9JccwPy8Mt
solana,9AiEqpwRSU1wvaaNsZtG4knkfr66uAigXKmZVhPYfXPv
solana,FnA3GYP7FmkwWtS7iNi6zS4fXievQDP5RdMyvYT8NEDY
solana,EGGi5o5DXw24z8J6bXMFVuVZ1LWaacR2P8duA1NKxjSN
solana,5qTWuSxb8McP5ZEfmjYK4315BUQoZooW9GSijujdAVfD
solana,GoeDx2tXMy2chGobCWdjhZC1bijFjfgnNvmPSC3gngRK
solana,HMxa7VkykcLGwbim2puewD4pEQ3WEw5ZDvy38ABTgNUu
solana,Cy4WPtgD2hvBCZfpUqD3choK1UabhuRCnmQajjnKyqrV
solana,A5N2o4yGtWsETMMRD1yK9o9NH3sjW9wDEzqnV2xtDx6y
solana,9Gf9FdLH3HZD8tn76JjT9aWZ4h468MFKC6SSvdK5p7kA
solana,AXCkGgh29HVpQUWMV5ik23UTpMiWXwY4rKeaEE7M31yD
solana,7Vr5hzGMHs8Ajtikz6sSoQP2vtyYvDfHeLchyhxDRBBe
solana,87WNQLjQvxYqrbwmtP1LHs7NKud2UrhXHG9FUrEg6kRY
solana,8UBwbm6DjYJQh9esrQpqG4d7RYciSAdcCfAy6GdQ8cv4
solana,8u875JcL96DVUxQv8sm8cioYURA1qW2R25LgnWFT8Pz2
solana,GvCjC6rYY3p1jEJN4WxGVL6vYpqMzF3ZEEq8hAvXXTgh
solana,3uDSbidmt8v8JeGfYgXnzMCaHkyonsNfnMat4BTD5Qhn
solana,6nKP9BTiuouZgDEtv4d7vtfMDN5HXuMbHkUd7RV2yW3e
solana,G1dKsZgfFCqnR9AzaaUJ4tMmjdh5bFJMoXGT8HDXdVa7
solana,4KFxi7PH7xWNaQ46xzTu7q2NDPrEBBpCRRSefGDJ8qYS
solana,Hm6BULmvKFtU41p75bYNJJoDJjkRJfCeQ4svhze4pqeK
solana,CwudnzR6G3A3uQM4i63BUZkh8jZXS5DeQWbCvzXyx4Bo
solana,3Rxy5xkrKz18VUrDEku8Xxj4NbEoXTX5UhCnprPyZZQy
solana,7uR6wbCpezdRMnFs6h26UVy1eBWaePfVfVTeZHwFKF8f
solana,5nUrQezbVUBS2chpnZNXzu9mDrGcRwnuHNuCkpxhpUCR
solana,7V1DhGP9YfFrC5pvTM1b8i6Ap6vGBoTGc7J3q76Lz53J
solana,vsu3zvzAaEYo61ozT3776pXJoFpsH937ryjNtvtdMWB
solana,CRvWhunSvxGoXDvofa5D9jh6JsamAdiyG2Ngc4B3FwnT
solana,Apt8ZPFJWuvdFxCnnJfgMfDAK6HdTH6S8kfDGeJhcYBf
solana,J6NUme82rYBUBfT6Yst53kqRuzsyqoNMwZ63nH4rh6x2
solana,7P6ixLDooJifTnZt9WPXbFBpFgmK56PZAP4X9Ytbw1bi
solana,EoLMTHDsHGvwttGYPX8MSyEscqEQhz5PFXo5Ks9YSa7J
solana,Gs1syKREajnzvPj6naR7dTF9SzWv2BxUNgzPVNcihRWX
solana,DDsR11SHP2JY5mU6FZfQqtGW4iEtNFdMzzLog4ijcGg
solana,6FVWX2kr4dncFJdsVUEcM4jaADxiqWLpEovrKSuvXpNL
solana,FihoFxo2nMPdcZaJYEyeLxFnVY4bQVVSTQjEp5rfEg1Q
solana,JE9aJCxQmD3TJkWrNdXGBktWacfXE7GRAJ5gcvKmAwwe
solana,C3WPbMBxTECETYBvWfw4nU9mR21BwrD2Swj2KK3ccKaG
solana,DyKUan1R35TeTJFAEcMRtp3sCPkzbi2yREwzVYyAFQxL
solana,4c3j6RRjoyavrVE9URx9qyVBnpTCV6A9m7NvRL4cToTe
solana,FmfniozkaoHbMxvzz3FaGprthPB3rtfPKjYVWoeZgyCP
solana,EAukcx5ixZWwWtAMK67U8NFJuNWGiLwfmBU5BdHjggCM
solana,6v5ZMBjrk9kdTdz6HkUDk1VLY5mXKamVSuyyZxX1vKpU
solana,3hX2mnX9nEksmRLu2iDTgdDh5bVPP3BjX6zDVUoXqHhx
solana,HM5f6BvYTkU1t7jqM5uyawWN4EkCTPAjTKMs9HEEufV1
solana,G2Qv1sXc2iRoEYyd6tTk5zBPi7KghcYSrJ11m1noqfdG
solana,Avpo88iP9eYr8hg9tFm32zGBwUt34VjHud28jABEtDUQ
solana,DDL8iAFrw9JpVXbLAtoiVoqgPkKAPWFHyLquvRVVxVVF
solana,Eis6E8k9cUGEmuwNYpuoq9SgnZdHVmM5SQciqeGCFuA9
solana,6BdoTc4wirWxSgQosE8odwfcASKSS6B8cEbFhQs5XkpF
solana,DPstz9kVhvJTDmHBmFq3S6MofmApGXdCVvAAiGBGB7Md
solana,EKNuYPCQGA8QMiDcUa7GQ1JRbXERVTJ4K2TTrCsNyGE1
solana,2Kj9mnK6u9MWiyFHySFHc2fcyPGibXo9dmvoumAwuqrd
solana,H3M41S2xQShAeaoeeG5a3m2PvaTLjvqCNcfwaZH8wX1H
solana,7d5TH5SNkJQGxCGXrJ3j2decLt9JADT3Ur46ReVjtrGj
solana,FDRVC8yjGsiBSQ8FvgbJXkxQqkjQnm7PUQDJR7Cy1Qe7
solana,GTFx5ggscRAG1PKFysw6Vq7xL7VQt9ETU6M4xgMMV8a5
solana,4VPkSymq3NxvwDgdrB5LyRkzDYVb7LcrNpXMMfN24ue1
solana,GTL3S7TxGHx1hLVMrFGn8A1f2ZqFmar1CxtFgKwtqBW6
solana,A2qeXj2yNExAphpzsEt3kHMkCbV8ERAvpTSyWZWST5X
solana,3eHWTupjD7PfLS2gRmjpUVqNKPxqT8X8FxucZhFKXdZY
solana,9ufYNEwBnEC58PvMQMWsyRi84Zo8kT7sfJLomXWrpZrh
solana,HsX6geDXJFT3tKRwgKaVUwx937m14vVK5cwP2x5zLUFn
solana,k1red2hTVb5KTNALpjBvJ3PiY8MgZJUuxVqzguwHpjk
solana,APXEU5UtB6ULKc1V1D9ZDXaDJx6BXfQ2Esi4gBX7kzVo
solana,Hb9QHc7mbGCJNMPd5bgpwhZxXrkoeBa8EmknBk1mNq7z
solana,9VKxkZTBqQhzQTYKzZQdvtapnV3eQ2UMkPtJCf8wFgNM
solana,2aeBZ2frwFJi2uxMdzeiUCuu7REErEhdHMciuaERV3SU
solana,Amd3Rfy4YzSQJNspKveSHeDCzmY2fjJT3qppucVmBEU8
solana,8aJ2s8Eb7qrsWpdvMPSMrReov319ieceN1RYpGpkq7r9
solana,ERZ4aodbSEaZPu7oGpW1QPPE1cszLqAZPBEkEkGknGc6
solana,Fhu8udp9TR1JhDgEytKecuX7afQvhA2WdwWFTtEpdB3Z
solana,7hVKPJKtLP5PJx4MXZyJ4fP5kAkCkooXgyshjK6S93X3
solana,3AfMNhSpx1XMQwd87TDk565LkqMrmUbr9cQyHktS32ki
solana,5TfWrz8tSZ4ZikMf9k2yDovQnFf9SV1GZdoaynyghsSd
solana,8qeC4wVLe7JT1X2V4fTU5tNTUktApUDmQZsL9QzsGpqF
solana,6WkpCSbti3xBNAiZ2HdyYAMoJHJStdqKB8dE3ZRk7v66
solana,JBzfVZXEPTBoF36KfxmHNYhZGh2owSNv5hM8khhBiXZo
solana,25pHdWAAuGVp42BGCKRE1QVbgXSZteh4Yw1kawpsLRth
solana,G98gHk9pLWF4ckFaed7o9V5ZEdXvEK8pV7eNGU9c7oYM
solana,G7zwLoQ66zHMV1vZjNiuwVRdYdXqduT5t7MkWfegumUZ
solana,H9EwNwGjobyyWnRXFYefXwKzWnumN3Jmzqu9HVz69Re2
solana,C4nkeXaxAWHp7y6kL3V9vJwD5P6UqGtsUGaRw3orDDr5
solana,9Yom213Ey4RJjNPaquFBWtK7q2NVjwJKCWkhKhGh7kbB
solana,8EN1bpceoyqwkiSx2EZjRX2KTwPVJ1jFF7UFoysCLwC4
solana,GhgEuGrmgDJfyiRDrga5mNCsUwQXqAgAuag6a5XWDBLY
solana,CYUmFeeGj1Z2rUuhwEPFmRXuuayCuXEsTCtyH4FaNdCo
solana,5LVEcz9cY8UtJwav2X3PuznaUgo6edJ5nzyxrmirj8g1
solana,CQ9jFuRjsvPWVpjbwS6sJQZNxMuNZH3au6dy7pGSXkut
solana,BQ4uNTARt2zE51XUqY2uwQHndpTXDbmzgYVmkyez9UWL
solana,HYAThrhexdKv2ttAv1jpRUJQs2Am3mCQgtzfyTsYQMwY
solana,CHjBF73bbpe4B1nPCW1NHoFXKGYMpb6ijJv3FECW54ms
solana,8YEr1fxfEVMjS1xcZ6YH2MRZuwzjVXxzFoFs7yPrHtYE
solana,37dtDnV3aNitMR1CpTRvwA4dobpSmftRyMgDX4M2iN2Z
solana,5et25xvbBK1FeAD2bfT4Xupvn6maVMRYHhgRxg4MTpyC
solana,EpvT8yDnmddC5Frx8vUkVKjf4Qr3wyVebSQwbqkuEDCZ
solana,A43NsPTYSQkL9Zi16qQ4PMxHVYS6D1Sh9572ULysqeUo
solana,29ThaZjYZBTNn1fEXH63HSFghJr5pge9QpLGY3oCTmUm
solana,GEwqH5sTSFzDzeVWVEsd43YCcTEN78mTx86F4c7kfqFu
solana,HU7T6vHG8qLWpgRByRC7f75A3mQkpKcfvDm38x8Wp9bW
solana,CW1p85iV9EW5xQic8EzpvQmRL3WWw99hBLstMVVbMkRB
solana,DmGGhWpjjbSB8xA4qZyAkmRyTptnCvyCQ5XKnThc6w3z
solana,2FCuTi1f9j2ZTznybdtDps88nEAvzfKcxag7YXmwawSW
solana,F96uwwMaUXCfUXuh1LUiZBuZ2NQBjLydgr6S4Ue2BVSS
solana,89GWmTnYhajkbovn6iha2FvtVUZoSYR6JGHHYu52fcBS
solana,HLVRVkUguizhTRPCCnLw8djKx26VoqU154a7iccH9FPW
solana,57LsGEtNn1kXH61NxBY6rLg6kfp2Ke3MsDWQcp42q1XM
solana,FUSpFyax84DwLmP9YDqtN9aqpavy2hwnZ2MTP49p5WzN
solana,8qSRrg2inDCZfjHbgCB3XQcTXzBvsfpvuQFKvyzqwg4m
solana,G5RV3uaM2vt5AXBpgMUK2hgNtaeLUW9V85rNrq86Sx8H
solana,ELD61YMqqArB3hd6x1rajfoTDuBpeD4AdfVhydxstYbx
solana,GaGnnBzrL3wN6cpVFDdejR9YaXgPEAKx6i6pm1BRACha
solana,DqcZd4xq6UASakak96zCZcdbjMCYnfgeyApgmmmf3zGb
solana,9HuaXbx6dzGKS3hRFCKrFpcHsRLJrpEZfZ3NJvxnM1KT
solana,ABzbp1gS3nHJNXD51fHEJKxEaZ4Gt3ALVATzqLt5DJpv
solana,AcNQhZke8YpABpmE4EvNChEahE1FcoPBAs6Ho4D3cqtM
solana,4ZR2YgvSnFTt3oz27pH4Zknq7ShD7iu7SjRMuQptQwJB
solana,GSmH8f5TUgPe7wWWRdcBMGdUeitRq2VZ4LYfigCjn3ww
solana,3mo9CEfGXzzL7BsHwTa8ELMDrzkjvagdScQyfdtGDuJY
solana,GcadjCVHqJbHFbdaBYbCPvCyrPeKxxne75JeXAuzhk5r
solana,4QuoGstEYBBSF4UHUb92SvYRRSns5o3sBwUQcsBPkcyD
solana,6BduMtmWkYUgerZKV2kPPs8tVsenNarkHtkWdM5TufwH
solana,DSz9v6H1DGVBk3yPG9EaX4o94BW4dTXoiQpjAKPJa74n
solana,FY9voYvtysZE6yNk7mTDAyfPXXFRqnqeY4xkCZ91zfk8
solana,6u2GCQ6KQiWdksGyGBudugXubQR7Ycxf3bwkakSyTxw3
solana,EgCpgZ4MSTgy95JSGugto2fC6KZ2YXD4S6ni9c2wtbVA
solana,CeCw67XHjYEdTqDGXUkcibUCQMgteWCBmaPKMLDGugUF
solana,DxkutxsXjvanerZVZwHNYp3gSYiv7MWovgQF2wZuPnbf
solana,22dHpNzDuvuXuKGLiiTonf7RsQhUyN8DzUk1JuqKb7wy
solana,CYm6WBKLXbeBk1dmLNt2FE7oUvcMKQvHgqaYPPrxAhPi
solana,C1cHo7XpSm1SepT2f4qrCrxdyzxcGpXwm81JrNKdehm4
solana,Hty92hremdu3Zvv2YGNyUGb1p1sP6Rh5d62B1aqxHgeT
solana,Ge1TiVcWpbG27AX2N2fmNKPxhHLtVGV2pyT76JF29bdi
solana,72GVW7kX8pEyzTQ4VYa8exyKED341Rd2ESMCVpNHKSR8
solana,DBc3sMNiKnEWkeLewCHpTDrRtGmRk4mBGazyyB7FQfZJ
solana,7N8FmPZmxC9UYqqVJtpsgT7xmBVTHweop7sudk86CHko
solana,EaJyWmDPhP6athyHti6xXPd6Eh4M7vueJ1adRCN9ysZR
solana,35AJeWRvHXMTS3r3kjjw51dbbnNFPaJ1PDvgSafY8Nhs
solana,HmRq6VaYQKnUtpQ5Un2G6Xh15aXAoS6C8HArhRvvQhYA
solana,FwnsLoRd4LqvwXGJaQpKVvSbVGCjYvgtYad4gjCj2xpS
solana,HvA83zrJU3N6jSMMrZwjYQxgKbT3qB7LvKrotdwrGaq5
solana,5R9skqJ3bf7hJ8BCAmu3sm7GTHoSAwiivyhLY8UXGD8K
solana,ChGj2mDsJhwzy4mLtQXdTjrpMbA6nmZGLAGsYu7LBreK
solana,DhX8GgwQxKsxrQxrQ3d3dVXJoKGF3bCSo6cghsUVBXmD
solana,4mZHPXHLrkjyUHWjgwdxwojoZ2st3mXanYZQvgoaxYei
solana,CmfRV6rYQWkfqx6cTFpY3xeNVy2cy8DePtGHuzFAbyjw
solana,Fza7gdXBQC7gagEtr1iibL1N7Lg7z7uDyqWBDszvxkut
solana,HuWov1tcE7raRoRUS6jkTNNHH1GMq8d6Ejmzfq5h1qoS
solana,CUyF6XyLh6L7MgwBmnAuiVAbdVPnyHk1JiiCySNtK2uD
solana,ABjZh4mmXRAFwzeLgWgMAA7CupLRFR5386fHHbFC7oUm
solana,CneRkaXJv6U2p2DRZBzGcyTGEoBdURQoVAvWvGiAtfe5
solana,6PpZj9WHjvA9EosiaeW8BogXd5byhPvN4SKrdK6MFGdo
solana,FKTyLTtMCWqzxNuMrU6YFLUvpLFWzy3eXAC33HESA3Fb
solana,GU7di82zBJRRyj4sVeHJEFEVWbRc8u9SFgCEBjRJenKm
solana,cazDmm9P8QGEwUYo7nDQJ4JXdRdBinAqM4DjKqZQeoF
solana,AqHBdTf8hT6fCpyJeH9Yo1oL9WkomTE7Vr9iGWwqCazw
solana,BJRVtLULFYcPgVPhf8nErW8Stypibh4PoZaMC8BfhzUJ
solana,3FdcCF9AsZd6tF8b9r6XL8WNAbkaiQoJo9ys9LScPecy
solana,4Ypu5jJijQbAsgJMoEcjba3xhDTUB7CfGsmzUXBaMD9S
solana,7ebvyv71M5a45RLpfxFAC9xbvmyDuVzNwLxsh2ET6XLw
solana,78eMzCpyYibNQmDetzwFyaAobbPEa1thgxWnS9nQPEkQ
solana,93zm16GjJCmCafXtwXzNix4hZ6QV3DuxxBSGwsJq9C2p
solana,7eKzxmqV23khNuS3wcvJ2iqk1cUbeLHPzWAkaAdWFpwb
solana,6kwy8BEGefXHaBFRxiwyPrM8bCreAq5MUGtHPN99sT9g
solana,APSBMURBnu5fit9Em6ziBBrtj5bEib9sNVt2P22EXpAv
solana,5UTSGbQJC5PFmEDznnSWmSGP3bQCwnwmfqHQCEE5Sps4
solana,CTKoRxKQMXbqNKwtEKjWRePkUoWMr879By3ZNQtmF4YA
solana,9GM3QV9aXJTuvNEPe3SjnqKPbgDgfbDtw94T4UGoM9g6
solana,AfdhhrCJvFVv3dVy7ALP8fg3bLpYvLvBAknpvuY9bQsd
solana,5kgfcZ6fC3bUv6ottCSvfqqV5yXKT5HHqs62FqFpMGGj
solana,4PF7mESAonSVPCPnraKZytRycYeVPJ6ARt6cuVC4CEbL
solana,CBHxdk8uiXTAnMMxdMW8KL2uDiWLPtQxH4P6hMXirHK9
solana,B8hHZZ6gxWmhzDL5uYMTpfFeEpQeJVHurHEYKWDuHD54
solana,8mZpyCdEh236PE5NthypDo2vVrX1mTQvtWrhQNUMJvuS
solana,HzsHy2MNgHS1gtbkvxXjNehq91NvgoAbfoxpBLLR3RPP
solana,8EvBgkbj5yWdSnm5m9GwzmXRrqDFyhHh87uN1DseRaXC
solana,EePsaizV378TsmrTQPHCRHaqoKidPoiNvYsfWCYQaVpH
solana,QESZaxWUKiWTc2CFh6miLYBzkq83zrBNQX5uAYippVB
solana,6kQHJa3YEoj1RfVYrCEeqKN4gS5DYhj5tF3pxikCqMT5
solana,CirnpqUahqrcZGsFrFf21TXwcceW9qgZpPR9Wc9uDJMC
solana,Gqj7sx8yfqhDaGRqCvUDPvD9F2YNUAmCaYhXXGQifxB3
solana,4F6UN3hvnjvAgL8WyNYgHkM47ysLpGKHE8rzUqNy25Ma
solana,3Zu8RsWYh7mcyKF9FbHZ2d9U8sDhVffgpvxv7BBBvyN2
solana,DGmKtDpArcyuQFkvbKJNX9z8MzmPbRbo451BP23K7DWo
solana,DXRDkuNy8Fieb6356xANk3VUDNSYAW36bhsbV5tzLrck
solana,GFSj9Y8oHfLhhLFwbn9df9sjxobLSLpxutqrD3SxvV9D
solana,D5G1zLNBrA8ktYwbqXiTc5EcfZj26T7B9V4RBpDbdw5K
solana,H6mxxGRuTbzxev7nCwmJDEV4Vof2L8WDcmzWrTP4cAt3
solana,DbYRM1vdr2pJZxPfKyuqz62nub3CPM8RS8URKKyevkCc
solana,56BumfWamALaYvrpYrtodZcrx3Fg1w5RY2NapMG7fWDx
solana,AZhUWjSy2KmsCQtkh8zfLUy2n2yfpiu5TUFVdajdwxYx
solana,LPkEkAE8SQXG52TZUnbQY5QXR67ygpyydkb77Ssx3z1
solana,7gYS4PheFu45T9pgEuQJvfe3UTy53J7vEJdqJWx8Egwr
solana,GuUdsh9WEQdaH65HM389XVsM3s1XpnYuy6BCj7PXzvtg
solana,GQNxrg4dTbgkLqBkPbAozo7PXiL29SAwuGgiFLQ83nn
solana,J5QGSuXiHNXCARanwVHdvGJEN3wozAHX7Da6217xPXXn
solana,637iZtWeihAmcaN4JAXnBDg3gnByVaLNMD3eoRY3J6to
solana,5rxxpUndas8vh8fnA8WuoG5yhwwhL7vukxTHLXKehfXo
solana,7ZjFZAYUk2qjDqJaiUVCz8X1FgYdNpptBvMmortXbpF5
solana,8WDnVnQ1GwnYYe4tfdpcKcveTXUT7v3yfghWWNAGCadz
solana,8nC53Ey4ZVi5fJwpzpDP2rBvg3kbTw65jjHsMgNBX4SX
solana,883iiUYNaUebHLjWyLPkc9NANeNr1zmvY35pSmWTYZYH
solana,DMfeH479xox6g9SWWcJYziYzEqBZY17bRHcY58GUwjvY
solana,3mSgw3FvRhyeyLH3YRdsXgcuewAAY2RWgbjcBZNEDXJS
solana,7rVt9YWP1PebJ1M25Z3kFzTyZRPTvYmVk4RFuWNc9Scr
solana,8fgmQP3TyuUgKbKLymQZqm7nsGrfags9cuSDFpJjWkgY
solana,Ab1uoRyAxUnkpeRMKFcxs2TDmPmKKtPGhXMFDj3qrnRF
solana,Hu7YdVMzN2ktpeBjR55EsNdQfrFAm1fqm2z8MEn7kL2i
solana,D6kZ87DnXzTpEU6ZyL1VVPhoT2jit7p9BZ7gP1rPdAYr
solana,2wTQPF97eN3ySPFQaXbnhuWKPQyp5EhHFx2gr4251vZY
solana,5GT7Yku9atAkAWfsdun7Eed6c7KwudHNkJkD8ML6PdSV
solana,8txEtXUSduLFXvSKMHCUurSi7MdKMNHWGir8ZSMLdZQo
solana,53EvFH8kWz9kWTJQZyAKPfKZjSFyfKLytfWgNMQ7dZDt
solana,CtmUvGiF1LfomJsyrW5y8UnZfKwYXXwU2f2HReU7P1Nu
solana,4owod25FHoqJVQsg67TzuEFDxe2GgqYiE4TAoKq67L6B
solana,FYapa69dgMgUoPDaZV9ZAUcndY8t24ZstiEV87G7xiuv
solana,8Ug2FZygkBrA1zHgXE2MmY7ooCWiyy1Cz2X2zf52tfvg
solana,AduDympGnaQsYg1eXyXXsEiCQ67kkYeHCwsVt6hhjg3
solana,Ao4BSuqrrazCea9GyeUybM778PNL9dJ1zkhEwrMKUk2b
solana,CFXESgfXKfiVsuTDihwsTQnS1224jkYfTNFRCpnsJDCS
solana,DFwMMmgnsffoQoykdqGpJrRQ6pza4AS2kcJpxKWoudkY
solana,GGVNC2Kdb3Nih6GnsTxWxVuh65u1Nzdjn7yJf1d3TZee
solana,GvKcSr5oAE7txMxd6uYFV9dn94mPhL6U4fojqvYAzVTW
solana,3fUUMX35H3qjhqL8p7VCELSHsbchi45dfxcn8eUiFRDq
solana,A47wZiVU4ceoptb1FrwgbfV2WaZemVKJTCydjsGHmQQR
solana,G8ZbSoKMUUg5hQauACfZbAYqnh1VRsq92zTQY6SYJ9r1
solana,DmCBp4b9JreyjGJ7bXTX71Ncr7KnVmpREmMC3rUhZKsD
solana,Gc93vNXBSy1bbhRYPf6DTy6c9KaCGnQWyba7CujsU7LE
solana,CHNkf45hGw9K6Kwr9ck8bfBc4Jwq2wA25pJ8KkLeNFtK
solana,BsTcvHsbEWc5kgVSkDYCmKXg5FMrq4hJPMX7G3eBosn7
solana,5pVXNszC1CRfLvXWffZxMZ6VHLtR9pqBLJCvNwiBcwbR
solana,2FHuQhWLD1QZ61XTujhxWJ5WKNdEHecAAYezwNfUCfrx
solana,7i2EJiaKDErUnVb3ej5jfFh9HiZFRvRaqBwpoerUgziG
solana,HCWFfapa3KsCQVrxPXETqGX75yffV4zrw8YLSr8fFqqt
solana,DGgp7Z59M2JdodKmm74mz8LWwoZiaEoAxUHMQ1cCga2b
solana,DkfGySchcwp6xRxzyQRjLWX3ynNKScFWbs3MFtwZarsU
solana,9LEnLg9hDWYSMAvQwab1EbawML53QZof3jC6yMr7qmyS
solana,xzPGScNRbWp84LLM5HY1Spzz8oZ8QvREPuzWak2P7Qo
solana,GemQUkcr8DSucy7wMsy215YrgqE3s6tuQcv5J8J7Ztn4
solana,61CzMtfPzPULBdb9Bf6d1fB5UJ3ZxPSrTxkRnBshL1by
solana,EH2mDWepzaUfrMi81pbNihzUnB6pEFAv3t933jQmZR75
solana,HrW3J83qGchyZRZ11dKBL2AQHLMn2DunMCStnLeimgBV
solana,zC5QSJ6sx6xqS2h43ueocUtoH1LNNkMjHUzFjht9onh
solana,9xFy8aLQufsRDQM5K32n5HUqcc5iLdkDNHPkZXNri7kk
solana,DSajZG7FMCdRuA9DJgemZoQgHFazq2AmaBD7Du73W5xL
solana,7Hu3zmpRWyeVY6zJqumpW3dX4kJ6awX5TFPgk2Ae84LV
solana,DMgcPaNKBSGd8FvYLgxy245sogLfZxxR1AajQXmM1g9o
solana,8BuiLmNtPDTRRimVmzyTqNhpgWtvpuJpYEH1RTKgRY4m
solana,BpeT1fuNtwDWpFphib6o3Lrb8UudmNqhQ2Q1ZdVQAN6Y
solana,N3bHxrxTPR4qcosxeHpqFjBzxsjYX794sFBhFo8Fe4B
solana,75zyXaC9DzWZ34Chzt25zaP3Ytwkxu7oE5uNYjHVWEkT
solana,AbwiKkaaCkVNs6RL4RcbUpNp1w8h7i3Tiv64HGb9A57F
solana,6wv9p9QyiFueMftrtMSUF8GpK9e8jkBtsdi5KjC6Khsb
solana,BXcv37A1AgvDjCJCnAki6CxNdFEdeqJ9EerfncgDuj4j
solana,2Le92CzHarGhGHj7UjykjDXQnaLcQEd1MTC4RaB2a8uw
solana,pENLABG26i735juoGFW7zEiL2gAmDJFFsnwabDuoaJd
solana,5tVL1myjozaNYArnYBrN546MquZh873KZKK7P8JYxWoi
solana,E9fW7xMQjT3pFcshgnoqogdChKiKzJ3NbpasPVSSawGM
solana,G7hg675Jus8SmZSz7qRD9UB46am6Jg3wzypcRTgJC9dm
solana,EaeveMMju7PHWzGMerrn1JaP5CF2VqzrSCZ51DneAWV6
solana,BQToYTESyKpnDXuAjdWrZytH8LU6tdAF2dbPQxwTNt7v
solana,qSDyXDr8UT3QMV9mz1ZzSUydLMZ6XAmwFzrs2W5kg5E
solana,3qPFZF1BTMX4pzLz7TUmDtFkhXMZap1zRqbLK8NN1YUn
solana,ByLY2Eb8w7M5j6oTQsf33CoVEbUYCbSzQShUNto8HFxD
solana,iUyDTSmZdzEq1sTqeLziCvb6QfhcXnRiKQEs3WpqWqu
solana,B33QLMh9FX87w4eZfvsH8AfBMchoVWqXJapBA8MdqW4A
solana,4tVej2Wps5qQsY1BnV3cG6GGgsubWWGceGoN1XS8n7Rp
solana,HQ5dUzXjvuaqda5H6NfhzB59ptLifw3GKtvaj3vrSTyq
solana,Bw1hYY3gsLRHSqFVDWjZ9eUfpF5iFJsZW1JiWAbHU1M5
solana,GoyvSiDMzMnZgkQCAML9YArJEntU7BuhxhFRPS3qUfaG
solana,2kLapiDtomqo5v4Jng54eu9EGKG43FJNrSmXkN382ASm
solana,EHzEjKPLhY9QuexQgqvj5nxxmZhdR3x2s5ZDpee96Sx7
solana,5u53uEZJNf7WHWvH8t2zs27dsDUMDWJ65KyNm4yqhB1B
solana,EvdrdPHpcA2ryFgaFKxzKDcgaxmCPrPSjGkGbXU2TWPN
solana,DKbZdM8RqcSmidKT35aj2KQKhPxN3g6BK5b1U5odeaWV
solana,5mKAgBRb9EFjAyuTp6naWH1p77AaqEqBUZq7fYdAicXE
solana,3853RJzzRWa24ryYPwwBevBJY84sxRwpMjnHZruxAb1G
solana,J2W33qHdRgLPVqq45FgzwRo6f5qNgECTWA2hUFwKx6y5
solana,Gph9hidyTBkpkmLrn52LnUQmpebF8cKhM9Fbp76idvej
solana,3MrkhmUArjYy8nVESrZWYj86GMJbpUitTSqqwTqAQNsr
solana,GjpCQ5LXbdwStbEFiSBFsbgkkK6Hsu3fo8R4yZUWgS3m
solana,gjjPjBRoqekn9Zot4kvH73teqe859Bc8RWMx1cG9Knc
solana,9tat6aVt8k3Pc8ygmJTNER8NtsJNeGrrmcKjh8jgiVRV
solana,3L89DWqt5Yy74AjUBxKtY3AcRpWxp9t83ttnSyLk6ebK
solana,8eWwQH4Sh8CQr5AwmphhPf1pkVM5VvSPDHwKVGMpGziH
solana,98o3J6pEdrPZSadg1sh4SC8qhCQEwwTpFro3K7vXvrfn
solana,A8t4C61ediQ1EA5BF7UHTrEHVca6ytzySNfQn6hFPsFE
solana,215P1Jbz8mTvgVtox47PHrqwQzMamZk3PHWAsoa6KNzt
solana,4Go4fhPeu5sBBikQrtPFuz3ScsXqKNaSSii8s2rzPKam
solana,He3ueWu6x2usGMyqk2caH8fGDY9bwo2dpbp2nHsAFhQw
solana,8wYXUSH2rMRvQJRnv8DT3tw7kvynophoC6H7S1aFZJvr
solana,DRrY9LT4k227JVNwdmm3KhUn3qYCRetM14GsbGDUfi2r
solana,FYmtVQXj1ryCTJK6WSrkbzQea4zRuUh28WUFWhFWwurV
solana,CYB9tX4M78DoWBZLQAXiRpc1y3vwmKo971ZW7iHwwbFo
solana,FARvAf7sKw3cnNTjsPVpveUfUnJxc9ZMntMjWhYxDx9i
solana,4NqMVTnsR2zqsjX9FqFyKK5ycc6gsB17aceRfCaVHuLE
solana,DUWUDoLruVHn3EexcTrj4TejS3jJvcwSMJCgdsAkxLi6
solana,EJFpYy3eAC8fjCzr84he8Momik4yeGu3V9DjUum2QWae
solana,EjtyJoLLA5VnNnXAg6PJfkVKus6vnKhfBQZvpa9FnUzb
solana,EzbigF6KfMzvS6zTp69LMduXm9FSD65rocdLg8ZhSjSn
solana,5CXV8ypq4K2tRAgDQDZy1TMJ3BzMBE3ywhsuJNq1Cvm1
solana,3dRLTjT1LyApkAabRcWnwtKfmCf3qw5bYo9oDgkffBLY
solana,EoHSXPGKZ9kT2mQNm1PmuPDLCVGzYFvGn22C1hnGPchd
solana,8JR6ew8NZY3j9piG2qdU8UMXw8BgnPYiN8WUwsu5qMwA
solana,BeqsGriKSKSRtmdhz7LZXPD3KUhhxKG9pyRS9JvF5csh
solana,8nnPk9wSpkcHyZCj7KXbTCbHx7hter2tD8fmF19QECG9
solana,GapPEsz5JCYR8KAq1NyutVjhS92fUu9ofdtHks4qMqdX
solana,7JkNfcqWTbGHt8TNq8fNxEyiHWYZr7zJ21nM4iPu9Pes
solana,CpmfAfmLTKmNc5BoNn7sX7GevMN6mDG4EhLLmFPKV68Q
solana,G7Cvozp4CPj6F1PgA2pgkPr2wSE84eUeKzFtJVMPxGXs
solana,B34wEv2CFy3wT6PMhyJKfSQ65P7aBe4f3ZU2QxqV2AyF
solana,FL47fBWJTMvcsU7akkhFZZuBASz2BeDXkYmwASxvDxEk
solana,BuxCBwRgdSUvHv1Dz6KSUJr4QVJ5skggK3HEvBFd8PQU
solana,Bm1SmFn7PzW7FBfY2UZ1eAjiJ7dDd1noULTKRpgqxBaQ
solana,CPEmvk7Z7cLhLtjPVwCVyiDrvh72TVQTXyekYKxWGSrp
solana,2VSZ1hxYXXnnhSQVDXBgKdg8ZK6Dn94oLHeSUd9PuZqn
solana,94WY2yvKnVgczmdBpzDWnC9y9QrmK5X76WcPCbqFyifW
solana,AohWQo4tSoGoCNEuevaEzPNoibyoZuVEzUVQzPi3yvkS
solana,7BJY354FBDToHbueL5rAiD5U2sfSnP9RbzyP4tVKMSbR
solana,4iofDTt9UvViuPxGJVuqRve7ZsGFYZx3aKJXT3VDFiYM
solana,29mGNtqEVnFcuCQc9xwV6R7pffrHCk8gs7gXfE4ZV2iH
solana,5xRTcbx3YtMB8zPHJFRHCePt6MuxdPuwUJkax7a8tNG5
solana,HxkYmUWRAEVbktEkGF7aehANCxqWGC2SvafZJe53UWjv
solana,8UHEp4h798eqLy43mzBrPz8bJCGgLhkN215UsTURkxoz
solana,4bQQzvfTAR3uMoxQKtqJPXUhtGvjEXf5fqzhGtYwhytc
solana,6w1C1C1EeyU8uzCoCnMVr7EPRBFq7eHvdpHorSpf38Uf
solana,qeg9gzP3ShucPR7SABkR84Q411skwouh8XKGnx5Q2L6
solana,BEQhrGWW6xM2uj1VFXFVWLCtkVS2d7LC6PqS4TrbEi9Z
solana,Fq6tate421yHhvqsTModBWQs3tPSpQQXcVyKqA7zb9nV
solana,9ehLdUNcnTwvMogGFKhEAiQqi6PpLGcY7PtS4CskRKrQ
solana,99MvP2a7NBQNhfDBzaUoFwhrfmpwSnAy9Q7z9Gch3vtV
solana,6ZYpLVfriHeWRCjmRfYiB3UyBKWVnYJ7g3f6xSBKpzS3
solana,7eshptLfkCjrXzNtBXCZDCcWx9WBrWym8QfbzPr2Dg1R
solana,75Qu8hkgtdhzkKzfZqcU2RfvSXWihpjYKbbkgkie3iKB
solana,3LT8issGfk62NAGjrZWSSHMTZPJr3VNaYBXVwBGanYBa
solana,oj4uZyvcfqVzFbAedC5w2myJxdwxv9atNxvVcBFguig
solana,Dyvy4cuNw8MxjxaEdyNEquPbfuP8k7Z14ZnRtz5aYKXr
solana,5V8Ahce9aWmw51d8fS1VjegiWLM65bTzgfQw3JmcUDKM
solana,A8jtWF8jpvnutF99kqWcropCrjYzBuZRVr4wMv3WU1E
solana,3wzfurseoiWhWLkKwGBccuR5H2UVRFCCeteaRZjk5JBg
solana,6YntMaotfXRPJrHZoqoZuEJFDQa5nkuAwiAkhsR4LYVB
solana,7nzio1fkc3zzEa5iR319v1nGZW2WSpteiYUUqZnzd1mj
solana,22wWphVvhR7bgEPC2hzm5B7zp13eLBvxTytYuKsLuQc5
solana,2ju76wZJxWRXsCaBaFN6csb3eLB7zzYYqv3q2EX5xQEz
solana,6qL96yEfSEHq7JpuiuTURveULo8eAPENk4vjUTrDRG9d
solana,CbBmPfWjHPmciqWFWE6BY9bHfHok92xFgUUPwWRTDWWc
solana,9dip4pAvCBtmogEFtqoP1guLBbN5roTjDA36CAjJHjPC
solana,7zrqgTf8LvbQajREHkr5rJew3zUt41hQesdFYVjmN5ov
solana,6DRMmVT6x2HgXJNGULcoD7VYp1apXeDrWFqgcELq8f1k
solana,CuRf3vdP8YPikzB1rLUht9JUWpxtrx9W5F7FBpuTcJme
solana,32qMBZfDF8ffWz4CUMmTkFHyHNqk1CDL2dFpmvXMMNsS
solana,4HcFx9BcWQitUmwhrmiG7qfdLM4GcKiCzsegsK5rmEQ6
solana,CWrvZPTfcJBH5mmXbheJjjKm4ty74bLNpVdhRH5sxnDj
solana,33B6vWzA7HFbLLrJhAKx89fZ6Q6cJA3dLSJdAqgBh3yC
solana,Brqb5WbFXYqKvUVEQPBn5XJ7PEqyqtsFU7FRqgP3Z3Wz
solana,GFosLS5W21vNATvCkiu81mcd8aWuUzCNAu5QMsdjbHDt
solana,An7hsPEA7e4KzQ7Ki9Lcw3gWgzRfWywFMVhwM5LGQL1M
solana,8xvBJcFbfq9e17ER2ZRTdVQ6ay1skCbRez2ManL9cW2V
solana,8WNHhFLJgWSifDymCjJsf3aBEGGH1h27zXEg9Rpesy3V
solana,56Bpv9wGuP9Bs7jGC9heqy127bKDDkB6UQc8oZ6UoJmN
solana,GRm8anfDjdw2GmYaBzKMjmsgiXcUrrfBgupXjAVUtDkw
solana,77ME4pm3ZtMqgvNooFBg3k4Bvot1fxBUqRdptMzh3bqd
solana,88zdoUWLVXcGYwmUdXVbP3Cn6PQCZcHZ8GKr3aA677ip
solana,5rnZqG1g6B9tAVGk7nGpdixyhmcYwcR4WFttAv9oiHbW
solana,2GmC28AFNFhe4NbNsD3TTQpZWyuJ8JtVjTCcSbSz6bPf
solana,3hWbNcR7m75ttJZui5mu3URQmbnmc778NJ1YziQYuzpv
solana,DXjd85gLURTpZhSxYRVQ88NfoE7vTktJPtLyVTtfFFmY
solana,9BL72LRehCLtNGtjn2ENVTsVF4KnCJ7QmmGDBQRyLVtw
solana,4kawXPoUAw7FkDjEkKLu2romxsUet3nBwigJvfQ1Zj3j
solana,FjMkd4riesg7TiZsCK9f9oNfQp3vWEwn3qxaB5tCVQBm
solana,EfdhxqLcaQXMAhk61nXsZeqEYMATiq2VLihJ6hwJKKm1
solana,C8E76UXSdy3NoDv6hRmHFp6AL6LD6zJ5zjT6k1M1PLaU
solana,CH1SxA9LBBsWPKhZVaiprgUm5katsA3wd7u7azXWc3jh
solana,CjtGgHNTRYi7K6PXJ3QFEpURVGt2PUEj7anRSxDhtFWQ
solana,8j9sUo9Lxok5auSdCw2hqL6TdEP54nemZC5tjmw9TkMz
solana,4sKzwoDL7uJPUkt2CsG6WgJ1AoeuMdtg4CH4kVFpMpUG
solana,2sMVnQ9Uq1x4oj3URo9x3ZLTBE3hzTc8zZ3oQCGUAXbE
solana,HEJK9bzyB8gu2rE72gsjQMHvVBj8cRHXozmS1nbe7btn
solana,AsuY9tWZwetywJPLB3yT4QK3yXiLXzJaqeHmqeeegHBn
solana,ZUgrMJcGdXvhGqN1j8FhyFC7fxzMsaEggjyZw7LZ4pL
solana,CwFRQxqVNQNCEPwap6LQuo1LzH8PoDpkxS8zBVFhKn3h
solana,GNdvQbv1bYykkpLKA4YBC2j6rM9i2aeNTh1pTToUdsH1
solana,E64BVNAxbU6JMMbtpPbEGMNxPxi8nTdAD3tXjsY2AuL2
solana,3F3UKpejnPqx7wbg9EqnwdDouZQAfjLwJzpQ3rxYpa3f
solana,BJEa9QrfaYndoiTLBVVfTHv1AEBqQeQC8tjy8r15ukHf
solana,8uFRAUDHvWx6AJ1nFwq2TwTq2XwAoxzJLMUEX9ipnTn2
solana,C8XuoTB437ngEhthk93GV8FRhTKPqKwyXATxR1cb1Z76
solana,HLweNWtDWCoBUCTiXraETLN8vFzTzS4qN9vVLyEoskAa
solana,VavDi1iNQ1uQeqHUcGyuezataYUgxXqGsBbVER6R2iV
solana,2su8zdJAeUDT7rWdo238CHQSe4AYo9DwoDWN2hrk4zCs
solana,2kuxfwK9iEZfLo4w27KPVugFBaNyk48XFWwTueyyoTuo
solana,H98HfZ31g7fSJvNDtaA24ro5A9KDDBaFmBN3fdU9ZDSE
solana,F91Sdj49vsDTJ6rxGKfbm1LAj54ztXKDiz9dhESdrX7M
solana,8RGcmuZF59cyZbkpZT2ekx7bMwAdBA6t4rpXhcjzmnMA
solana,2pbfeeWhrNqHG2ibiM1mhp5HSU4PvFtam4kUAYKbpdHL
solana,9vdU48UpyT1zDXnqMWrdhLTZdf4gqmkxEQSBEBMR7LRa
solana,3feXynmCgnCqmkuNgjJYmPjwjgHK2hxdbD9PE3VquHFP
solana,3wkEoKFfyoXCiViKwcjfubGjFkdC9i9G36UjAN7wMfcR
solana,54vFxqr3KRZixvMQMphhLEfH4KashP1E2Myh5Uojvcno
solana,A5Y97wKmUbCW1rUsrpumSX7uDP6JBXia75WcWgnGTvB8
solana,CmFaYwYeKJcafuRUZcxv1Y2avBTuWe6fQ4R28tHNmo7o
solana,4Tnj7GgSk7kDDLGm8HY3hjFYxhoceLNFycf8wkEzsUUA
solana,7Q2KsGFqyTr7CueBjeGBvaXwwUoNrBrbQkTHUavwACvg
solana,3FAKhmjQuDkv7p5uGfiNi4amsKBjRiuM4gntg8aKFKk7
solana,34tVMcq9vUKW9mznNTWUMnY6jxffJ8femjYQWd7xGHPn
solana,TvksKkfTBWFSXoQbLVa6539ALoQKoDiJ9SfurGZDsdV
solana,884EYAzYFy163124sj9pzFHDXkaFUp4KBFh7Q5pZSs9H
solana,6HS3jxvz3Sg3zrRcgjqCDszXeK9zmsPof6EKbT82Vdhq
solana,3LErj8YDTaJqhtFZdSRrw2zxKKjggWzekuVAHCS8uc6g
solana,6FBTHyXMVByzAE3AB1mdGRkjNitagDnUwUdyEpMMjjRY
solana,3K2JXxfQ85veBdD8r6TTLTyzM7eQt2ustiwcHPp6gamB
solana,6WwYb59EnPqkC3Ky9U5na9EUMPfbDQxsRietwQbHf9cT
solana,ABb5yy6MMUWvDiaHPMntzDPJub5QF1Xb6ucHcGWcspip
solana,GTEGeh19h4BDLTqXcAZqJZqMYY57o1CMZsT2osKu4rbp
solana,4mkG87uuSW229doad2GdMXruSoCY4Q1VXy7yAW7qthFQ
solana,J321rY6LMWv18MJssRA9kdhiR2oXsQigwTM2JqSiWFB
solana,J1WSiaC2zWpJdiHMEFN88cW4H65iLctzbTg2mMveN7V7
solana,NeDhvSt27iuar87zGWP1TJxHHbmFEigi6ee7aGLQaHA
solana,6Wby5VL8dRZ4y3RQ2NhLgVScrGV9iUtqTHRAB5cCKHrX
solana,8iV2eFWUdmDyCczDJW446m9K9sv4khbivWVPYLZsEaPz
solana,2nb4wFs2uFwSjxrdh5dQAqAxvYX149CbCLmygkcvJHha
solana,FYzh4iM4TGUfVC2zZSPntiYpiYZmzp92SiQVAaUmnDTF
solana,5BGNksVB4ARm1YyaXnycn66GJKhocuQtR1zyPVS4ACrj
solana,6kq4s7hRv1xeEwhsBR4wGMNAUtBGE4oSBaETKEnoVM3n
solana,BoXSSokaaqkT7LkwtU2qXHcAFVuoJf8E1VvHa5zhx75g
solana,En9qZk3pRCPMYvDfEnfaF3GQQm6omd8Z55BMK4swhSWM
solana,svoyYxR6odTX21A9ZWeRKYnqRsdmFqDZqN3ZTTeVHxT
solana,7xAQrGx3gDwogJNfCHvTt3KAo5fmFjToHbKGvwNZrMmS
solana,7HmiUXx87H4sGWj6W5FaApWCXXfDPc3npDSFt4GAEMGk
solana,Eic3EqB6kQsPzsYz5ukZdYHsM1KmUzkGk5foHJZr2Msx
solana,2qHBnpJKy91gEYGEd1EFQJojHeM2DaGvEspu3ZD6a9BK
solana,6cD87SXRUf5oXd6umTj4YrYBPcPqMf173RKeNXvSM37S
solana,EfZKy5cRiCo7mZ7V6JyouqTfXTGcza33j4ii11E7EaKR
solana,6VMDaYyKmEKxtpRrj99oyXjxHKqeU4xrKUBUp9H6d9y9
solana,sSM1WwMKGF4gbyvkEQkbtmoNk5mT45q2F61Jso5JqCy
solana,9wf5M9YGooZR8VsGpiSb3oThSzBBpbCVyqYXiq3RHT7a
solana,55ZaxJHdxCXq1ikDyM46TrtJ1RsUhxLYaMbuSLcQC5TE
solana,7ydifZANqAn8Q5vV6fXikhEG667rXwiWoFjrWL5MdCof
solana,8MxhprZWUXPyM4Gc4kBNk7prNz1uP8FqDUAobWW6ovu9
solana,9D81KtAcob483ZZqKrk7F7bx392cb4xZ5VWhuSCS8T47
solana,EMCjrZFjLrkBFovBfCRiYSjcZN4Jothig9RzgvVZ9tAA
solana,AhNWJwy3M5KCaKt1QNvqCS8APpdk5Sw5DzMs3RiTcKE6
solana,HexYEXkja37kWtdrFGmToUFPE6CpnTGUQASFDqfv5J2Z
solana,9dfurft6m7E8vEPQDoA2Qk7nQqQJuHMabgERznGN883
solana,8XdyxhjfYNbcuxepSL8VWc92vhrkLHpWHDF8135KB1P7
solana,GgdVy3VNkZVSdpSAqM8eQRzBhiRvzag8eNfqLb2qm3KB
solana,HMxL15YT77o1QT1Twr1W6z5MmcUEJtBaYFU9aU9RASnV
solana,5gP1CBqBhqEYCk7fDA9xFfmKezjYW55sw4MZrbiQtqWy
solana,2aNKpuYTtc9CS4QzPnir1c27JJ4u82J5Y654xd8Jo23o
solana,BM2uLonpngFQkdiy2TqR2Zf2pWWkioWtotwCvGan8kwb
solana,CYpJh3FUHBZ9jdREsqJVbReCe1jj3wZcfB5ievUTpUus
solana,DzSof5JdehTL4T7YzYaqbUwRNrtVSsX4xGHoBDnb5tjg
solana,GEsBwUYQ5makg9NEZKLfSnBTyob1KGZXyiLAC6W7PNKQ
solana,8kSq3C8xheHVoWbFHGyRjKHfXQX8PzriZEBv1SkGhyLd
solana,8zwJ9yhQcuKYxDJgV4sEJYGAnZCxXXeTj5cZHxSjjRLy
solana,FzjqQmRf8Erz3ktA2VNpjt73NSjaNsP3rXHA1beEkWKN
solana,3q76TLb58eoLJY9qeXGmcdE6fjzRziWdypuiD5KbPH3M
solana,AsaA7AQEcdjztrqd22EpxZFqmAfFVFaxj8iY4b2SwYbF
solana,Av6wBDik7NUnbfSiiUKhU9L7HURFnUmMPC4DbfpeyHwY
solana,4iRvwJKEFK8GSXsdy3oezmY1hRDKZ3W7vcWpsdJZuEkc
solana,GDXdX82YHHkK2vsqAp4Mt3UvA2THbuiMsCXkZ9bYZ2cR
solana,9cKQhndVkUCqTucWLGVw47rGPCHDWCQECbsSQPj9tvQu
solana,5kTkHy7DE67UPTqBGVijukpYGPnU5U5oSE8T5WamjJfw
solana,BXP6PN6ieUYNqSuvTX9eycuj8k1GXZhYjE2ciz2vN2tY
solana,H6dQEU6CQ351p7Z6uucKoKEJ7VndXupCb7GR9B8s72BF
solana,G2cCoFDJWpMUBDKSyuX7q8zUJGBwDfMHbFUZDkHsqCx4
solana,F2ysEwkBdGr71GmkpXkchi7yB527SovLKd1TAJZkDtP9
solana,6fWm324GE3CEi81hLScacCX1bTij4EJSWTurfbLv8KL2
solana,8WpAGu8NNcZJNYE9Eh6WLzaWW3c5VmDfgGzkX2HuXCui
solana,A8R8AgUWE3C9bZxj4yoyq9cvBbE1SjL4Zwe4YKi3r2PJ
solana,Ga1jQrgGquNqzABRLcvFCkRFD2ZnVCRDAKwLVbf139j7
solana,4Lxif1qVLBdwhjK34sWe2gVJ53hBP21diZwv8CJReFFo
solana,GNvqhh7iwtRAyJXx5r3vdVKp4THFLxn8QD5e3U3YBrS8
solana,7dUS8Q2TkN5fz4scYZeLtLRhKLgFECGWp8bS445Ys1cN
solana,BbHPe5WmRQ9gnBY93jDNBotcQK5MUBum24baUpNFkDKY
solana,jN7GaK3i63KS74kprRCTP5ixVRgzD6BXPgmAEbXZGEP
solana,AkozbDWNwZTpdTGLbfucKPsovejXt44z37bdaTZTqTXy
solana,CR4bAidWStCgwuhUtoETwZ7EZwSvxWX8SUBgo1RrfhUV
solana,D2TCWVtYgT6FHitgdeCz97hDyT2vh7MCKuZbx4d2HRqc
solana,GpkZ1r7WmPthqoNWM5iuhc8rWTSaBPWsn5oSKRHKp8F5
solana,6qZASKefjku2LCVdddwV1VqLHXqrhMkqTsXRsZdm5Y92
solana,2bbDCmwWX9nSos8qx8kiGeaCXyNhU4mYPL4WfiRVTmBo
solana,6rureq9i6YeUvDwHR3ZGS1QK8PV4DAfv6KKKkviqv4xD
solana,3tAm4ZxtJgBbGXH8RhbrjYwzzNpzX3zMo2jpCKcvzJtW
solana,CPDa5utBpUMNWYUZFjdLw3nS6mHr4tNkrsS84vUJemM5
solana,3qpnwubKdS7NhKdXQpE7kRpfp5bZbybD5bfKUwHfwpMp
solana,9qK9rWtK8tbKsPq1mEfyZD7ENpxRaBLNvUuBVVVVYs9E
solana,9gp8hG4tWn3xBrH5s8xWiqE1UjXUbBck3X1Bkgpj9bmu
solana,2ozseRXyVyNiRdRVZk7cZMjmqQyGi6VKPpzvrcXTVLAi
solana,AGM8SfSZcNUk6TjXpVcpBeS6h4p1gyQfaN5b6wRtcXGR
solana,ArWZnUD8AqQFKU9HGUW6JYaVQtqM2szDwmDmwDbCTGra
solana,7bLEGQ2SzaeecHmcnC28zP89fFSQRoyc3Mu6PWC7HNQ5
solana,C2crKitgJPrwMN6SJByZP3Eb7ksmTk6FLr43vXZzqHy2
solana,5NyGkT9tFg98VWuEhPRbmWd3g1kct7a3eXkH3kcoQhfk
solana,F6rHATxrZN2bff9tTZTjWg3j1rk6CDuCTeBSjJjfLPVt
solana,BfMui8P7k6vMFLa79fnDzRJG5vxjz1XWrNn2kQtp1bko
solana,DeX2e9NxcKhQAJWoJRYgnawBUQsS66jgd8atTuDNprzK
solana,ALhscaQQoFrK88DTi6UotmWfJLB2h8uAhut2aSxuvZRM
solana,GjxFg6EaybUceMeWLhKifvpabdxUNRYuEhKPFLDaN5MV
solana,HFazX4TVD7jhpTDZGXfb87iiboRU3CupJvFP1PQkEYQc
solana,GVYhYPUb96E3fcgq89n3YC6hUEz6sTo2Jvoxsc33JiCg
solana,HEcvrYWfZW495eFYRspZdo55FwSTYcheXTW2J8aJUWs9
solana,FB3jBSfyQuvBzeY4axZcPmBzYAGZAzYZP4QFSooa445M
solana,G95kaayCWiZxMuiwDTsqz3yYEgBEGH6qG4hphEnraThf
solana,GfbK3omxUQC6daErreBfNuwERikJuHodghLq1s6ufLgi
solana,71b3V5uKvrJNPcjZr3L3aAaGHc31D22Kw2uVDootEt1n
solana,85ERsEkn8DJLCW2qUKoBUernHowzES8mEJSPNUdCnnMB
solana,4ZrH9agFuSEbHL8t1tSTw96FwJo91w3xrATJzqGahDtD
solana,FGU7GqeqbDfkpePxaiYwTyEchumhyhBaFfiUgVjUP7ej
solana,6qXLDfm6D61ayTZdEJqGsswJsW2D7dNuTimCpNVpKXXH
solana,7RBZwsxnDyvsDwGkCbbnmDZtMc5BPqcR41MKxGayR8Ud
solana,Gphs2K2B4GYfg28CNq4D8h5QUMCVDKYiRiRe4brZGvDf
solana,CEokzMgQgHoQCrQ4Cn2bgu3tL3XgPwzzLsVipQttXh4j
solana,6knPDbDoPSHtVxhiw4CR4mLByouoegeh1mFrfpsDm86c
solana,Ap9WbwLAnamxD9RLE1q2uB8j6BY9F8SCYKvjxchFkfWa
solana,2X8Lz6Up2btuwSm6A1yRo9QHkc7pagkd1ix4Hru7SSsQ
solana,Gy7iE26f63XnXzCpWV3qZfRQPrbMdZvYcEtpTzizLYDb
solana,7sT6t4hs74Ltgmzv6LH7HLGyVahxP5QEjexfHfuSVHjE
solana,Fjgbyt4jR75i5AUQMek3JbQsmkr4JjiNuxqtaivUFv2L
solana,2BsFvy3Q49eokC91SqByUA8mTGCd4dfDTAvb59428LwT
solana,7UxpWamChNUKF7bX4eRroNMzHfTudGrKqurj5VhKqZgi
solana,FFKynwGBxcfPThH5ojYzBEEz8eBNmEhXx4Uq89FGDbNJ
solana,3F1SvjNmM6Q9ZHqxQaqgfuwZQiXL3o8KJ5wgTsEcxXVZ
solana,GXhg2KDsrZygkcxt7xjzKhDffGWWPGk8cJXF11BSyRqJ
solana,GkamDV5t88ccyXPjkS8ANiRztX9R5XZaWCpT9NXzEybt
solana,478LKrEd5ojG9ptYpMpsA4HxGcnfc4dvY1QmeXGaYj5i
solana,8R3bYcpop7fMoTsBk9KbGfbPqPkQ6TJxQQmhSeePL6rG
solana,6LEHXX8ahstsqYNR9Y81N3qdiRea3HoPENQhZkKEAubV
solana,9pSBtXvcH3eLE2g6opRo6birYXm3vQVo8zq2ADpoXPJQ
solana,VqzM6g2aG1XS1dmTREjCcCuKeCjsHGSJNFk5e4ku8xw
solana,5Lxq2jzsh6yLfJHoyQ1DC4s2asEfxVcihjHSTf471DL6
solana,EqvGLyczK93i2cNYgGPVkYjxKJHPhgTKLA1VQVMzyPZz
solana,4cKHQk5n5PzqnRrgzT9oFpVC8J7pBJyZfDEPWQ1MzQbn
solana,3oXfGpidieb3L2knXAAdNakrPicXNyKtS5SNon7oc272
solana,5gaZjCf46rjzFw8SpPQzRpeadXM8G1SWT3t8H3dzRjy9
solana,9uuEntLCBGtfhxYZpiJx8FojPfKYKkdEvSPC2k4NXbTt
solana,CqF2nyedNksTiLUHqPgw1umdFwu5Mo2saLZBsyf3M9u9
solana,4mCdwY7Xw3ek7ZD5s666PqDg5cG4zjM1uDA7ajyS6upJ
solana,5PQuJGkAyHgDUXtD2Vts32d6kWBzka25xK1LYebon2YB
solana,52KYD3A6jwxD2DoxeNxDCiN97xS4m5UJUZ1qaiw6ChYL
solana,Cvk9GaimkzEoGtevLGKb65Z4iMCX4TZwwvGfzBg3dr4c
solana,3a3YTzAMjyRVEdjvFt6igkSnsMWML3xLi41kPM7vr7Rf
solana,6J57Goa8KBnUFZxmdoQfCEgfW43czueeEYZ11Vr8iKPV
solana,6gqEVBGNdMuMZunDnRaQAHVVGbbkiAC8xBrR4czRyVKT
solana,3qZRMJpSu5g7L3kVmq7qgQeuPwBUmzWLcpJ2Cn4iK7NZ
solana,3NTyGcBjs9ZdifpmxEF83E9pwpL76zvFztFqQcEtT8WG
solana,8GSH4hM7UWfVkn8B9tt6Zi3AyGcF5uXnQAxAbsff7XoF
solana,51aJxTPkgkrQJwUYerUXxmTBqFDM2U5a35gCXCB3yqNV
solana,DNPvGdD4Z3Gwf68xwJK4oHbnkudkUBeC37QT7ZDZSN3u
solana,8civaXSQwbRyiXGHgdzVfkd11YbUxV9T2nxSv544yq4U
solana,Eihp2oWw3LnCTyvjHbKXn38WoUGAAG6e1xXbpVkAmNTf
solana,F2r3nP4ityKUmqE5pTYpXkQma2C1dSK3sDkg4LsKkCW3
solana,FeSExcDckMXgMSNkJbHVowcyTdH9yrUrXrF6SppLcz2z
solana,3qKChh8dSVCGAU8vooUyNpunZdWWr1LXe3ribn8K7qrH
solana,4TcboeXjBu3sigYV2iFEx1YyoRjGg1U3KjdufKa1F6fW
solana,GcAGVpRAZ43gRTVPjaVo6jQMVoeCNWh8ZtvwK7R2kC9t
solana,6F41ZWTYZFgkW2R4ZDFV8LrWqDDWbt3FkMkPACMNavZ9
solana,5sFfBbicdxWe9M7pMFCx66T7U8RfVww2TzEFsH9Zyv9S
solana,DkoSdXakVdxaqbcBXqe3hzPDYBnq2JnzZJfdYDttNT7R
solana,DB25ezD4HUxy5dZkaAc6epw3gFvfBw1TuMt71Dx85bNj
solana,6wt7K7RvzAjHEX5b9hPNtM69X7AgRVLnsZ2U6KkMcUrs
solana,4iSPrGAerMLmC7cJWebRzNLVWQ8i9N6maqBNBsBnLsYY
solana,HBxboyMxJWoCTHw7XsTpdr94AYtH7PMPVHb2AdWKBC5M
solana,FyfR55sjv3ZSDq75JNA1jifrEoabQf6an5VHmtBBzGwF
solana,Axta8Bm5ZpFs8koudnVwrX8CirMFu6CoXidy3sFeALqU
solana,7xBwwCcHd6EqHo7RFm8ZK5WbJr44X4z7ZUz5oj67Aa85
solana,7sSqHjqYo48eaihCqtvNGk4jVaFGnbvpraUpUGTTHgQa
solana,FB7nWg6DJNJCp6vNxsE5gG51qkQ3Ujgo2T7HbuCatx5L
solana,BLPYVCGcYPbmJhddbXKxNbNXoiAcGoTbVTQ8GxQzpbA7
solana,9BgNxudHyMQJtfmu5jgzkQVzXaqtGiVx45keudAC5cmR
solana,i42Kk4FxvNsqABgcXUYbtrEuy2Nd77UKWR7kXzJVjMZ
solana,Ep1kEYwDfsLCzGE27yPLFgaVT6cmG17pqnRMbMHWp4xz
solana,2wREcAgDTAx7phxBRvYR6CkWxXrJDM9B5KdEnkttsvoJ
solana,H7zfMKuhBD2pF7oLPDkbPEfw1YQxdf9uFiyxwJNbbsGK
solana,AXXLQEduku52hdjbSa81T1MDeCUXEtNYJpzVTbVapko3
solana,E9rXxQmSKB5UbKRfCzmnetdqc4e3G6LrU8ezYPznSnzL
solana,J4MdruR1rPe3KT7vjEGZPsxqT1dTdCijba6vftE8BHJC
solana,33KXGTT1pxWEZhWrHxXvSbu9MPoZ2uRJ31itmc1DLuPG
solana,7sWWDB4XLzwWwrAuKpiFsS1SPHApu9RKTYXpYdZYkSjy
solana,7iHKcUsR8Ky7DjTgW9JvykcKLLs3wA3appCy49v4ECtE
solana,99nN3We4Xiwaufqs6RNgRRkKSPNRGVDbm6SqUk8UKihX
solana,8EjDbcabVCpuFsZfxgAjUWhFoTNTGQx4vGwDJ1gbVK6a
solana,C7Bv7EoD2GEDP6CptLyse6p3ddmq1PKpc2soV23rcxKi
solana,JBr3KeLFE2VgRX71nShtdwfdjuxgx9smN82RiuEzdGeJ
solana,9jReTm9t6VbSfCzJuPjcwNsoTEeHT8Br4rEi7iRBgeXT
solana,B34iyujYRxRTFBf7ixRqoNXBucGhAAAW7TE2V5tMLnc2
solana,2NymwuUxydjNsWUFu467UUFjhNQb87tUWFmNptUxujfh
solana,HpnZ6HVzRMweJhE4v8Y1Kbxfi8C1Te4wfbXVQ63Xh9bK
solana,7AzvmUQxAZZMwahsmdEyGAXL6hk77rvC2bZLGm89MZgU
solana,4H1P1tdL6RQizy6U94wr1eyT4XduzRPQDSQY1xxh99wn
solana,AJ1qK2JRufEX7LfjRC7tFhfyqAx2PTUDVEs56nWqufq5
solana,89NnV77i3421YARiGRLRGfkoegisgTDanhUemLPTMzVz
solana,2XTaaiMBPV5WfPYHQs4novoQEC515PNoVWVPDX7Aj5Cd
solana,CMtPTaErPGW3AemXd4i1Jf2r8LQTCr91Q596Ev3gVyUq
solana,B9XHkPhU9uTSq8kR4x6tCWzfA9E8RjWYbept59kyXoBz
solana,FVqhk6vv6CghcKo3e69RpTaXey3qjfBKQC8rfu1fgWAW
solana,2P3YopxonyRDcSpcsg2dp9omZqmBkSJt8dYmiqcCin7B
solana,G7ujEHNWjkD812o24LCezLmYioagEUQU1ZmL89frF5ZH
solana,EtoHhuVQFstYLKvFDSZEzD89tYhtbe5JtsXYoVFSZWqq
solana,9FeNeFGwJgkqaYZq8Bv8tk27sgLpwjuJ7dEUEejspJkQ
solana,EMxRayh5T1b6yKWZ1TKKk8sckzKGK21XKEjsAMxc9yif
solana,584H4whUf8pF85G6z3vE6ZbqKChxgfqxJ9VSbrfSJ3Ma
solana,A3eig5kRfJqmxw3JvAiFUAjM9yfGysHwN3ntTfZBvD1E
solana,GzTHBeZDkrMkieyYnuxanzY9fvGcsZGHUW4bDujV7MYr
solana,3UkNHzTF34MVCiQuz59cEvFA1eyXMNSC25TMcZ19PYT9
solana,2aVkCkp6zxhYXZZgDW6CS8n97qAt95mbwKGCCwXjy9WP
solana,D7FDvy7HLN1m6eSM3vWBSJn3mhbSY3pS5r9C3jL831Yr
solana,Fiia5j1rwEuFb8W8rrsNMQzLL5qhhmmPSk6tADxWF8xM
solana,3gHwNg661GFaNqpSAv7jQr3FMWczyAkY3Z9v7zL4ADYm
solana,J9zjopVRJsFLVGu79haMffjZm9SnHsv71S3AFmzBiMP1
solana,2Pt76fVPQZmHEkSPyBv8nEqscTdZdVs2WK41QV3ZpZBT
solana,2CTVDj3YF1R4wQ5jKBJ83qJcckgvrTYsLz6r5ZGRdYPE
solana,4gjYCccc9Jmyu4CUKXwn8UKw5hGJgu7QKqVwgkW2Zjuo
solana,CKi5yF5i1tdXtXpMgzK8quPeiaYJw1A4RVh6QVJCyiFx
solana,2NQXETa3YmiEzo2mADSuK2YoBaxucF6aC9ATpgnnqafQ
solana,GZjdKGRHtaxXToeh2cookYt29vVfiKaY1ZSrhE1PN99c
solana,HcPj7Qecy8zG8843PaHUP2u1xVUN98FxZQDaTvTLwx5d
solana,GrvyZ6ieP6sgY7cUQwgnAt21bhB6VRuyr6SeLBQjMq2x
solana,4s4PevJNbGigDe4qFvuSYRnfZQYsyGXbonNwzjoorymE
solana,FYw3hfWaMrULawkE1xZy6LBpUoYk8inNSuqJy8W19RQo
solana,7LdgsHABuJvTFjLecNvxYNvAdSLTsrgRpYz2xrJk9Jhh
solana,82kpptv1vAQKRYvYcNSRL8xkT89CTF3fEnCaQAPPupW4
solana,FA5Bxg8uiCHUJCmYt3rTUgJrtDVrt34PZ1sUXWxX4h57
solana,9x8s44gcQHBFrCurkFDJq2xUcoToUYwZxFmcxtPtkYoi
solana,CUjFmAkDHmGHFt2rbq6dumdNNufDaSA1iMn8xGwJQibb
solana,4mn7Jbri5ryg8sPNJw5M4bEumRSBXhDRSENbPFR5mxfk
solana,6YWyGhixTbySkn5UNez7eUvdb6CjbvN6AmNtsBQ3gSzW
solana,Dv6iTaLoP71N6UVeQW6cZzfQ99StvgqpQcpA5YxzNP1C
solana,GxUdc4hmUGfiXyXtBkg47TsVAnXM5Y8UCZKQWfth9v1u
solana,6XqmfTasGsRyoLkoBgBhLyH6ZitvR11iZs8UFnVC8c4L
solana,ErLh2Vi4Fz1u63z5j18qxQ6vCzA3KQF7JFA9epXNMtjs
solana,4tCd8tp7wPdwu6Esyq2KZTraLE5bH5EZy2hUD1QPQam6
solana,C6vDXVFZqD42JxLEoEc4oXUWi2TyRLnYoXBcLvxcVcUN
solana,4h4WLyJfSYevhTUMdrcjMczqQ8XJhYMs2U6mbZzDcBMt
solana,A6BRN9Gd94nAXZyyKpNza8QKWXg7QB3A1CCU7waZHkcJ
solana,61r2G91MLPP44amnm8HGav3tWrcLKsY5n7FEprdj3owb
solana,6BCUY6AJ8otmQjrKQ9Vwaks3RXddWAvvhestAV2ye15m
solana,2WeSiJK5s4ZWh6b53CEQbiC1MPmdRRR7E1e3zKL515dS
solana,jWqmQM9jpqLopcfQf9B58B4vdrKR25dxD4ZvFp9FZiZ
solana,32Gp2YiKAKe52Q7hyahaY9GT4mMERV5dbNWVHKV6UJRT
solana,7n8g1GC2cnmx1oB31x5vdihGG4hs8fXQCCcA9mFwbktj
solana,6T8hosFh5VdMfSF7oiM8Qz4hcAozHbV2TdNaH9iqFz5H
solana,9CdAPjaFNwEMXcaNPVrwNRhGvpQPSEi4cTED537AGuaA
solana,5ZFdXoFBEHqi65372poNwRcEvLg8CHctgzaSFEPLFXy4
solana,9tnPmxovQ8JUUNJDE8DD96Eb6SnsYLKFPqwafswVmpex
solana,CDPSozGYgiCGwpSgSJjDpgJyyLeNbnitrJam3E2GFgGx
solana,EXsUrqH8fVTB1UEqNss1pSNuGWc6eLCDt1PomQ28PCC6
solana,BrQkXf4KJxzLP31hKXb6Di2r4sHXtFqpAAeL7JtTcuCj
solana,HABoZc69jdXsngxLPd39NJtfJHkAGXZaM24R1sP9WqWn
solana,9ex5yQJrvFuvBEeH7f4qEnfaAJNkA3pRWejgj8Cd1isk
solana,F8PU6Uhb6Qeob1CMonux2mTKGRDiTJodwwxHpC68FtsX
solana,8qTPGNKZuMoBVTJaepV6UF3m52YCCrCW6pChNtNvAPoi
solana,8djMqYEV1TBKUyc36GUPNBPLnRyv26xMvGmaEs2sVQVg
solana,DKc9pmnzKVisdXct4hCUDASJsGvrzMryeP6GTUugCVfN
solana,B1UUV316wcfMa29XgoG4gSx2S9oFzNjXqGvGSCRAyXd6
solana,FCwQUDyVkGQHggLS7GJdKg344bU5CZ1LpQiwvJo6Qceg
solana,CZ1GZo4v62GhX4gFAhmqc1pc9DvD1KDtKjjY9Qj5iLq7
solana,Gt1sfy7UtHfrutqHZJfWHgD2EpGbExt4yrryFyAZLW7W
solana,HyPzPM4Kgpjr344qVogcedN4F32S8goYht4NtEzSjzHP
solana,47Zf2F3uyzTDgxbo7VfcCEYtX7SnsYkxhqi1wwWzD5u8
solana,B2EAv2cE6ddJbbf6n5vhcChh7sZgVowppmREBMmSmx18
solana,CmNdkNpDtsPzDQTj1amMRcAk5HyLpwqR2y6t8DJDv2qi
solana,6R5uTT3rb2wSFiJHvwiMX9o9gBnjofpnBt7hzaieZVVZ
solana,Zmc5ugVLNn6roYnZxcy9S3NdKHtsUQZ5tuovVLb4ken
solana,62uSHJ9aurc3xKdvnacQDtKL1wdk9C1Qv7QFmgS6Gd3
solana,ZbSRGc9qBnVCqPFS7kGzEpNJ76CRYjqvityqwok77Nc
solana,4a6jcenHh65Ps5rM9mwih5MX6xuc9fxdTgxHQtxD4Jbv
solana,HFJcuvsULrkhoaKPUa6c4MSqqKutk8kckmcnaqxeE8yq
solana,S2te1QV4WTtBMHZ94ggqr9NRYy9xCyTAGeCZFu12f2v
solana,CQPWkZrHFC3bAZioJUHkWkghG2qZdCaXUorx5VtALf6V
solana,amJUJSWnKsvYCCkBdEekNrheTFsvtPkRgrdn2SBxyS5
solana,3NdLHMDSSEeGa5wW51aj5xTmeuTbHnsY6M63xBqPyD1o
solana,7wkMVd4FPMunMvYKGs5BEdwxSAixByqVzNH2suzJXw2H
solana,3pQEChNn4Gi6k9hKh3oWhyZnQBdtHWf87pGWEke6o3Xw
solana,EEN7BtKUCEkwKUHneL5evCPAyvJGT1ieHXnPqwqCvf81
solana,J87Rz2adWtCThxnnr3yZKAwYKuENRQ5DsZGs4KwbR92h
solana,5YQ3qNotqsf2ySVMm57e3gSjERv7XGAuKqLAjdmDLsyW
solana,Ep2WTddVNvthVadsJ8z7bHE2RbiqQy5bdBDQBigJBW1y
solana,FUcXv39E82dNu4wKuNBGRv7q4oD8EDwg3Pnukc8yphe8
solana,AmF4cfWuFndtDoyW7Bjjj1ckzvorsfQxXikwmDP82CjS
solana,7Cr6RVxH63GNNQ4DWBXEpnewry2hMos4JwDTt6eFMbYJ
solana,CLJnkfscFRCwX6kLayc8kDkshFCt26iP2EWifFgC4vaF
solana,9St1UHExkKmywhES8JRcFnKxabe4nwcZDyKcENbfowHZ
solana,9PtprB25rbe7kkwrQY7Ke8FpEnqQWCm7cPjyhey8wRkd
solana,H2sdCxR25eQ2tv2hjSFA5EJB1M3asbD96jXpxVFZ7don
solana,FTCtaRUaAg1Qgfyh3ubmy9dN4TQGLxNY4WMjHXYYCAsf
solana,3ZsKfsBzdNAJBLk5rotBocnCUCyPw5UqrwKG3xDCzvox
solana,9TDbqPB7zxPBQYgJc4tjz94HdLrwVMKECFscqjaFca42
solana,AtWfguVRUaWdy9r44m3hReYZffUgxMe1798wgavRSqBU
solana,GFSRrd6dt8FNyd2ywB8yTufwyKJLN16Un8aqM5iMnoTJ
solana,4dpoZ2jLvw9wdtayY3xeTkZ61Pf5rpboGXwsmXvz37wF
solana,ARzuL8HaySvD7FA2zHF5xMX7g3RkjRxWbDcCqp3cPnvF
solana,BgckCJDkVZWYQfunRTK8uZ8jJd6FePje57SDxfnAQoJc
solana,AKmhjiUpYR2yLzGoxnTe9QKV4JHkgGrTBGhJjBmph1hB
solana,CrXC1wPa9yn26XecrA6aRJNRcwvbunJ3rqrTD8QJC8TM
solana,5FvRZvspDa4pLn2fFpRBEwbUqYd6FUyfUv8rzJ7VW2Em
solana,CZEC2qvYNBHTRZ4vSwdAP9PwcSux2z2SRHt5GbFQ9XTF
solana,Es5c1n5dTw8vAGoWkDDoAnrAFARpXVn9MFrxhSo6uowf
solana,5yeYTMkCh2o1LnKsAH3hvTgoKRfLxdk18n9o7DwsLUYt
solana,7ix3kyudcoXVAfENAhkbnLZhAZRK4KpEXVKAxpo1twC8
solana,EqMAzzX7du6vY8afZyT86UcCS4i1g9pzBEMsrGb8YavG
solana,6t8LZBrRN47kE6Ue9kFMe2rZpYmNDR96EmxmDG21utZK
solana,8xZxan11c7qEDjtq6Q2fHUxcQhnYrKYrP7hmh1XpWsEi
solana,5J3oz3ApiTPfbFGaEsm4XzWoAfwWvyJgDDVUJLsc5rzU
solana,a49GNUQ8HLK6YetdE1fGkpD4E9myErQUHjBVEgo5vGs
solana,2TK8vi2ArBwQrwVR9MKKhrA34nkMG71gwZjzU6dyvKMC
solana,FmSNZ3vauLxe7SQGb2KGNmv6ABmVoNrqa7YEP6E1Tfjn
solana,7ZkcAkVZ45PKE4CB4RsoMpc4Bjoxa6Ygt7V8nA3TjwJ6
solana,CwNL4U68tLMwYGSHxTKzdmA4XAKx9rR1qJ2jt8mPvCsq
solana,Dk2VuuYSj6MSrTQrVN334CB7pBTg9rSdVnXrYZX871xW
solana,CCmaYr6sAMu4L5j6XzN6TyaQjPciJTdAfUP3WWZHxzXt
solana,DQBEYjp1db8s4qkAYoaBX5XY9pHpeo2YdwJ3G6rk4PJb
solana,BtZZooMM98wHmrgQF27K23y89fHH4zyyMs54SGFXAUa3
solana,Hwd7wSuXH2HujGGtV5CdSwrLqLiF8fJGpPqXHkWv9KSv
solana,HsHKRqT5jHYuGdvGJDeNU11TRaYhNDrRjAfaA7zFYYLH
solana,5cHraXECDmYehLjdno2ZXKum4V8YJBgFTjzHosRzuw99
solana,6PR7ahpwkMcZtxmURojSYQxcYfehRVhMpeYhcWTCeoBG
solana,5FBQ4DQ3mwxPQzSAfnEZFoU8m1d3ta2fFmVSxKyCmeR3
solana,Cc7U2GRrK4bpgn4nEkZyMs69SkypwCJv3YVWwA1aWBQg
solana,9Q3AhkshrrsgFj5fyENZoF7TycpH6wewRBX3yUNgpF3G
solana,7Ggvxo3kfTD43uoosW5ZqZrk7XnRYirhriou3pRhzmZx
solana,888R7Zru7eaRxbMnQvk1zpT4WhRPpL3FyMr42EAAEH8
solana,7utd6bmTX1BFTPuovxvgbv1LkCwd2Xc2di1gQNUwmSvu
solana,F9qLCU5DYskmHzVMuMMBmbHsyttnaefwJ3sYQsxnnzDA
solana,C1d5YuZrmQuGpkMKrsDCLRDWcQo9poKSo4ffMG3j2BMg
solana,2vN6GPnhRadrgq2hRP4C1NTRVRa2YZsUdwNX2D5vfwuw
solana,HyzLGcmfLSWKeM1fRe8ZsRcRaAk94FrFwRg7bXhKtZQm
solana,HWDcR5jTobVZK3pSc2QZ7eDTFzcboWRiD2jtYzjqwVP2
solana,FTT4yigT8DsC39cXbMfaJJ5pEW8znVR7GXSNjdmcW3FF
solana,CShFLRjZA8EJsJn39pLSwRdKTErQzE2Zgc19TfWY5eMR
solana,2qC42PaRcbcWfDHNf6sENMpKKywmidBu8qjPEAvDYvNF
solana,8Fgzjnzt3TLh6FQpJqEE44FSPd5jGZ9qdtGm5dMMQXU1
solana,FSodNTpMPGJw2n99RmoLPRfi82X3uNqctdmiXWx7Sgoa
solana,8FB2XWMAe6J1dkbLFDQUmYoiTZqRnzo2VgSCHYurHLRD
solana,3HUTXx3HRBsFFbkYHELGAa1tfd1MNd6ESbAy17pXxGHc
solana,ADnVsKhaBZVGbVA8u2eGDju819NePUBCgBiG3RC1KhFm
solana,CBoBGBUT5vfW5UHZbKN4ceqXSiqrnEeieWSugXCXMiRz
solana,DKnmtoygppKgoH53MRN5js7TFPBeT3MZjKVYURH6B1ii
solana,HaGrsP2VQMpkd5fymbpuT3gsvMVap5v3UqYGKsVsTqZF
solana,CzMrVwmzYGLJYFxMntoU6WJrXV5yberV9ZgefM3LvDfT
solana,B9PxSqfbvZ5k7TWJyEucp8jtcC7q6n7y69n6Um5XNFNy
solana,2cmcbVpt2CSbDqkhFA2foYxAxRx9b87HvZKmSVrVbnUa
solana,41MD6zMev4EWaNQFzfcCrd1fmQoNMCVYbsBeLyfLKJwJ
solana,4gPzY8uaxsNxPYsYGG3GYDT16FLa19NtnM14teLJWCLw
solana,UatLrJYV22rwd8LCapNFUYtSn4fLnGG8W6bC3jzF5Jm
solana,3NokTrvaPjUe2N1j66HYJJowk6R56r6JQ9r66XifhB79
solana,2d92EA2W4ipgKPa6scjj9TPXsKJ4MiuzyJvjuP32cd3c
solana,CzaHCkjMLtSfj5enJ72xVBQCELePweVht2AUw8AH9hEQ
solana,2jJPcTWnXoH64d48tHDqofbgH4UkvEsMqXZ522BixyB4
solana,2Znkj4mk8rsW6u6gFvboVtznCkimRfkAztHBpEgQBmt7
solana,4RYXDnDEjVygraVDLDhMpx2gBmk5NzxZU4cd4mQkYXxJ
solana,57TogZArDZkjt91aqFXvxNMeD1vAoqvWUe3xzxxmcxXu
solana,nPRybFqhjjQV4PZhsDA2VfTRs2cnPjFji2js99e2Uik
solana,Bwah1GPdr2vZDg3ZevTyFHkNcBBzq6LTJz1Unau41Pcy
solana,5a5vFm4wCtVbUDzMtSVBABtNcux93D2V6xv3vBUHgkmR
solana,37AioCWyyX9pThrjBHinGym8r7YMKxrv2ioURVWkgVcU
solana,SSk2gSRyC3MrUdfb5mzYe1WYRWdYvQ1yBrsbpCaQrpz
solana,7Qm7XYtMzntfSgLrqCVcKxkSApQcAsQkwkKegTyqPyHT
solana,DsugS2FodSidcGkCm8fJQt916rnHY7SEWaTh3bKNif5g
solana,DoWEMp7KuSEQPyjG4XCYx2VSJEsyTxukPpLQ1s5rMbdG
solana,BddxH76HHNyBLmCV8SqPcbCW7JQb9ktAT1swUGSYiyqZ
solana,Bvd9r2o1TBa8csm7VWCQrFq66NxE3L44PvTXXACkfdoL
solana,31uASAXeeNyw8c2D7kPEU7SZn1Ph2ZDpADvju3hqphpj
solana,2Rwb9aw7VkYngWhK7k3UBigDwSiiB246H61vFL3ogQ2j
solana,FBaq6mc5hHrSMVEC4C7yN9ED5qBfCFcwZyi9DDsKodbg
solana,AgoWefp7WAn1DFgdqUuzQFBBDAUrx6qYnxL4Y9YM9HKK
solana,AVB6dXWXH4G5DoB81yRpQ21gtkzUuJiALvPU2XsJXGHd
solana,5UKzu7JG74J2JLK4nFpKXqp5yA1dToFasYQm8UmN56Pp
solana,5ERFfxZoiNtypyTUWkZ7ALMMUZbdPE4LHpbSVBvMiaJ
solana,EPaSEnjPRT3hbzeZoVnbnKdtuXtLfQ8gRYVn1VDXXNb3
solana,CB9VGRzSrqQ32fZFKTJ3tKUCTfz28ZUkyW72CmJRG8Q8
solana,5pituDr9kWQSxEXPw8VXNydiwD2s3Xr4aDnE6oTzYEVu
solana,3nW6gQx33nDTUBMi5TCkEcpb8bKU6hoJxVgzCdPdaZqE
solana,97P8GAxraLiLzvnZqTPqfecPhrMzE8Ak4Piitno2GV6Z
solana,5jxoYek3CrqposENFtHMsoSEuiPpSPHLtFYfyes5cmQM
solana,874pLEw1Dw4zan7581zYKTzqdTtWKZ2aQboX1P4cPy3H
solana,BthBueWyqjBn4j6zZXkUDRuLkH4jbnj1CqGfD1sJKK3Q
solana,R2W5DfZXp29JT814f4uUzADmKvq4WAHEtgb7gsnoCbK
solana,7Q7xkak6357etoaJTKyz1iZfXsc4nSxEkyRsy5SeZPmZ
solana,3yv3sL6C2mHDJdjF7a3NbtC9nRCMniFsxyJZN377KHP6
solana,3wmu99Vxpfw1C3FtwQbfAqtgaZQSXYbvACybyQXVgHsi
solana,5P6nVsWZVE8HtgnRJjYDuV9Q9WKwj6cdM1vAzSp8c8M4
solana,6xo5PJbD7s7Dbvyxzf2Xm2BBYvaPNvDjSZ3aSdrxbiQt
solana,6rY51pXYZ91pUSK5FD9TjPBVSh1szDHrjGfnorLPHUec
solana,CaSoZXEGXy4th5fV7B2pXNwDbdusCg4SSbQZwJgcnnG2
solana,FocWpRugJ4DUBUDnLsCvXFQxqg9cMX8j6zfyzUqBcf1d
solana,AoeSDe81amMZjDxDnTVqGLgHXie8HVdWkdfBbwVQahuH
solana,3GyfhTfYJAgSLbmtfiKhBx9HiH1w6doU7qXTuuLPsasJ
solana,2XXUrf2SnT7Fb7zWFgV9s7uRcR9WiRNHbbBaVrkwgmcL
solana,4RjhMtH9CJjBAV2w7rPQcwub2DVxiV1NRB7JoB8Ng7Xd
solana,2SbPgXsBgEHR8KurYDpbhNzpJERTXwdC19f4BB2kHaVZ
solana,HNvFpH8bpRqWprE8WCktxy7a7gsA4RE2Xyiz1QPDdtkE
solana,2sdMJ14PM4TqNrVY2oKfZkHfSf2qxKogAHhj3BVtP7Uz
solana,CNWUnn9yDHiRKcse8Jqp27nKj2urFSX8eoqwxZUWbSdu
solana,BNKxBjTocnpfRp5AtkwqevVsqoutP5c8PcS38yTjg341
solana,9LVvapSsQftMBjEFA7xyMiMyTd9gkMm5nNgBz2dxUZai
solana,8hNEyBQ3qTmyU5yZjNXjLAykz1ZexSsdHpQnGYPxDYBq
solana,5cWf6B4nx37oAzbprdwM21EkkENUoBqoifkHGdvoNA83
solana,7eQfVZEmxecq77cwDsvdbdGxQ2zWYSwA89y3aKSDzHB7
solana,6XULjgbHVxgnRdnsASYMKg8oy9G8HY9FFc2KMzdWAdWX
solana,4Eajf76rXoQS7KqX6pyrVynSoD6967id4dQDB2pJL5Zu
solana,CcLhZqdzCZZsBbQ6bj5YnDUhzwvF2faqoTDTiTHv7o4P
solana,2BTsyJQX7TsseJJaWv4CHt6f6xtgzTiTCo2DK82DdaFa
solana,HGPHbH7hiiPAjJnw6CSLzGBEuMLtpoU4Knhb8R2xxeaq
solana,7VamTig4enwcmTAUJU1Dtc36okPapQ4rGr5giXd3Aoeg
solana,8JkC2pJAJr6FuKLTuYLobQ5nuapZP5mFaB3itqMcgQno
solana,4CKdDysbmATaAhDE4bNTDNRdv82FddaeAzbFiL15r6ob
solana,GUfPbY8AoKzanbPPqPxyCQfds3aimYroLkNWP1LMu9yx
solana,BHsEsfBdLWQzxCzdoLMyLrEqvbZXb7tNsR2vHHyV3acs
solana,NpGLyJ3ns99PrRAkcYy8BNT4Qbe4inSARMfdmU2dgPp
solana,95LUcYBUdJsjFtQ628oWWWSdhRhGJskmkDDXDn2arUPd
solana,Ayvmcew1umRKPCCfsFZUx5iMWJvoG3WnjM8ciTeNJXt9
solana,J5DoNjdKmyzRf4Ki8dfyX7Ho1oY9tzyyGvFC1n7yiRAR
solana,SM95ptPbHbS3hzDxey7imE65nvGaaiCLgSsdEXoE2Ka
solana,EJomMQFSh5ZQy5ibuTbTMSevWu9kiTR6bewDN2oN2YuD
solana,Buxit6uZUgDjM4gvSztbHmLokRT7QWgtdHhuFDZH9juT
solana,BpkLSA4rCZnqzEHEaxmCTQTGppj4VoMT5hDJYkT4zUEJ
solana,EKu7ZJsT6xGiF3JYywpVBc8wPsv8MGSWqpyESaezCB1h
solana,4DEEKSM4na82DZcF2rnNk9GcT89o5anvZ8P5Z2sBJWB9
solana,7Vu5BuMpMaWrWNA6dvceEQEPcDYDDec7Nq9c4WZoSwKu
solana,C59T5pEMoZyypHxWiRvVkTV42f2PgSvn7GhisxK2igrK
solana,CH2EjKrqjN3ioEhqwHMcAtHLt4euHk2igqzuM67K1qQh
solana,BGqJpqVdkYoNLsRuNe2iAc4HXRm2JjsBCu8D2pprvVkx
solana,GM3NK2k3b9cJQmsC1EowNuHc5SGMojxmqpasKXPVjuGh
solana,F6UsN1H2Hjh33p8feKqXqomGq6CGMdCKpfsXZ1UkpASK
solana,BGbbPLZfP1tpi5x7XouKsEXKcfyfUMtrufgVdJxLxTic
solana,BEEBvxBV4sAiuouuA21x7eYi3sBjmXWYN8bMmQCe74wt
solana,AonbSW3Q36nfdyrGy2Vfook36hAeKHPinXbBQWo4YQDE
solana,HGPah6GGxfPM1gqjxpq9jQMswLboV8zED7zv4TmEzcR5
solana,HerA8H2wURVmWz3ReM3fuNLVGsjwFZqGZ7QMpVFgsQKw
solana,8Cw8x81TQd5fjDhvikixKkEAcxh7L5ejyKDv1NTwfMRz
solana,HAjLs86ih5X27i9jDbkJeL7aoNp4MBYssNLE9e6ncf2d
solana,7XYYKH3J4AJhMxkSkWJgWzSauSze54qkXV12Jvndrxwn
solana,FDUmSDgWWcHK93grvTz2nvzKf1iigfiQSVjjnZ3fUc9C
solana,BQTiWTmtBkgkVUQH1tuv79F67gPojdYMZ3nunZUbKdx3
solana,AeBRK1wGsjMyo27CBmHwwD5jbWXYL3d69yM5RJLYxKTZ
solana,BV5CiKJ6cvT9RZA9Mt2Ebjtzf5PTmjrBiHgVdVg9tkQS
solana,5ZguKSBmYKvv1Dy3c5ARc2c3HFMVgf8XDJwimKvg6b2
solana,CMe1sPpXetsGZJken6UV7BECUwu5EZumLeQfdAgbpGrU
solana,EWpp6Cm6V8EFxFLbZ7uu5TboQ9a8xcekXCJZkJgTVNLR
solana,6QXBtMLyLPrGihhoiKibrSbDKefs1UEGajW5DazrEBeT
solana,Ezbq38haUPKT2MsQC4P78jnZHUbo69xYJYYZ1J6K5i3D
solana,4sZEwwL2vzYHWDTk5VFdjoKxXGkq8JYanmsFvZbz6Z2q
solana,5R26hkx4Zvtj8ZtxWx4reRKMLvwZAVb7jPb69GuiwXYH
solana,81ky4BcpLrfndWYjNBDj7omnS5idp5efgNAA65Q6UCEc
solana,58Ksm1iYuhmuz3YjafUGWXpua5LvbgWzn9th1NWRRtVJ
solana,FmJFsC1zqdQndMfW53oPDZFMG5t8ACmpBmKVEgXzxYjk
solana,25RT7yUEjWnEBzQER7MBects1Cd5nWcan66H7ECx7NhR
solana,2tjkSaRw2vynDXMETRArsUF9gyRuCVn9hvQyXL3WCLBM
solana,5JdKzeTGPfALaah5f42BUTWMBUxq18VAATZ4kQaj8ueT
solana,6r7KEyWkm3vVFXrvqJ82bPFSNcvBNXXq1Yxyur1d7sxc
solana,6dW8gpnh9vmSiEdQz89zxaxui2hvhX76hfG2rDoqT3Be
solana,7BtQf4bkc6gcUk6yFbax9VQHB6bwnK6PeSx3MaFteAjV
solana,BqKEfgbpc225tjRHTH1P6vXmgvx3G82XaLPyPv48KN8T
solana,9UoDtSSfVK9UAbpJ5PtgfmLtTY9DdArCC42D3hFrB6jz
solana,7b2Ro2xgsw1VQ3VvhrvzQmLa841parVedZrQ23eZ2nqa
solana,5SdH3s4unfejaGXoRpoDbj7KmiiBzWvdmha5JrUXxB8C
solana,392pbHre7BJZCdocY1SuJfXgsmbMcnXJtDSsUQywswz8
solana,Ds1gLYdMdqwmWFVsnNz4LP6NmVJS9GokvF5YyjQ6Rnzs
solana,H7voz2jtJsH2U6Bd7Yq8kb9P6bQnqv5r9EFFCqFRDFeJ
solana,7oiMEhvTvJ3HyoYNcW6osGqG9n41mnJr5bX1LUimNznx
solana,7msaifem846Kwrn1whXpywMEQSZMHaMaBWmS2AbxLDwu
solana,22hUwoThAuBvzkNJmsSJvYtpVR3awynhUszRoWcAg3ui
solana,3w931aLjvaJWt5WVgK2rAUXrK6QLUQFDqvcj3F7RiMKS
solana,GNsz7kjRDy3zdisC3DFscxGb7mnmkBRNgvwyyAHsgQN
solana,8CUbtfjM7vkw6XQkrq5d7U59Pa2KSUdJ2yGGrqs13GkA
solana,bsNUWpBUwfWiomtEXyhYS6m3V5FeSoUqHTs4nZtCDby
solana,21AqHin5DyTsYpBujoqD6MCqW8Gay5C42BsYdvuSetmb
solana,8tedxQCnjJT7WHTaLEqJpJmm5sA45epAMRsCMAgSLtH6
solana,9vr7iXrL6fnKEE6UCfs8yQXWhUzSGA8zYG9Z36iXZ766
solana,Ht9bMK8rRNt5TSnFk2wHFngDXaJVv3VXVRQwAVR1KhGS
solana,DsKdhr9QiHy5peK1QbifYs9GwVshvaVPvYD1LTAtu2Bx
solana,Df8BPwbGX8ci4yKWbEYcUexthjMs2TgYZ31ovBBVpN1N
solana,3Lew4rdV4Lwd9QkgcjbXS9wYw2MFFaFMabpwygXwcDZX
solana,AUTwkk6Ef6rk1qz3mdnaaV4Pfyw1p3ckSr9hVWtsSYhP
solana,DdXEUFUG9bkg5cSFRXhygCSSFv5V3w22WsZBjjdC7Axb
solana,Hk3pBp1DKP3jDLuRSivhMGBopDVZNfFAQD2tjtzu62g8
solana,3ssASaz4B4tqX6iQ6RDCt8C3JnvvFV6mmo4xfmXV3Kvg
solana,HWmYhxdWGYbgYM2DRnznnMbuyhVSQJFpyGFXWpmFQ2MM
solana,3aWKd4bsepMfr2UhajDm7adP9n4rZSVySrC9jGGG4Hjt
solana,CTAKmSYypJKm7rPqHHxbHLU87dTTCeEBFpkmMUaxE6we
solana,J1uE6x1hskH5kpGTCM5U2XnRDqtdCwP4zyCoRHNZ9rpr
solana,2m6R7ujJQASNohMMVdXWffySF3WsoZ5g3HbSnVkbcfXv
solana,G5Un8LrQpJ6S2hhVJJqKbjTG27NCKeZTxmKyLprvYnLZ
solana,2YmbXrQu6hm17SKDfdgGTZ34iK4MM97yPLG7kiC6gYn1
solana,8MxFnwJYGRLUxSHwnPJLMRLgyDPANATpDjn3nKfZWLoi
solana,2bypuTEKpq8YTPF6TkicGYFfrEs9ceKDCuuthnEaxP2c
solana,6CEfoiL5YzkJ294UinAgxVbavsS8KY8C6GvWkmxTDPK9
solana,3SByEwWYjx1LkxXCYBVbiBNiTDJ2skRAaYit9EP64UPr
solana,Bv5GCMvo14L6cZdYbgZ12SW1sGHJ8xVvbt2JUvFRTxxH
solana,22B61SrH2bWhrVsucz1BxtCXLWdyJ4KhhM83tF852vUn
solana,HGXfHTxyrAZ6p8RMzRe4Frpr6SpGAH541RE7JbDgb88D
solana,2mwpPAGU5kVwyEoRxg6UV9wsCRnRTgAgRgZKgssYyw2W
solana,AKZSTYVfdurqYQoi63DK6rsviSu3B6HBr5nBH2D2eHhz
solana,Gih7x42vFNxCKNYFzbA4rKATmnkSihfDqHSMx3WXH5M4
solana,9dEfXjun5BcUZEiGMrjkzeMvHbwWySbyJdLbewjgUmon
solana,EcecWMJbjDS2ewcZn4Ee9jbjgUE4eWQiwY9b1SXNKFH
solana,HUPfTxmnXWSvBjCCREgrdzLdd2MsuFZF8ZU5vXubaLxX
solana,ArTkmqDhXQSGjUheSk1E8bf9cDjiN88DgqYLaa1F9YB9
solana,3FBcqBxp47j1773b5Eubodu8FJYtpf57yTtNj8ENdeEs
solana,DugTzHWS5EGuMsyBC1EBAKUoyn3wXTdZfTpXUmfu3Xsx
solana,3kgPQMY8MVvET5otKfwZkBRxM7md5thZjimATUUna3Du
solana,2DAJw6vSWnNhMdkqc3D4ZFhCy2nag2bd5ZUGaPkNMYtT
solana,5gKKYqaFaA8ZfCdFpMtnwCuBWo6s7qddNiyQgMimj7Py
solana,7Ei9X6dwufe6a7LDNBiZrjuCv44C99SSN4p51AMqzfAd
solana,Du11qtqde8YVcWVRepHRbb1CRkjXLYh2nWrHT8YTKiaN
solana,BKLS3q1RhP1AKducWvuc7dYNZC7i5KgACtRWK7eLY9EF
solana,GXBMyr26nNWGRxT8pXVizekkVd8PK79PFWpb5dEMbXg4
solana,HR4ACcnZrMSYJTup9uvWbsrCP3fAhLdqw45Am2ip6mwv
solana,2qLDuL9zcAhBiGGcavGqMqaBWx99rWKEGfyqwJNu96jt
solana,FNpCxFi95vcYiCUV3zjNwUxRh6W2QKPgmp42EDpuJb54
solana,GiAYg66P3q3U25KnXSGdyhc6Q5GynvgPALLa3uSwnH4y
solana,Adzh5uqXC3zC7odJho6PZgjwjVyJU6NFfZTtvS2m7VHx
solana,36mqVXg5aJbDmWZ4wmuvmqrioRJG7NFCgvVkniaH8nE3
solana,i28X6K9vwEG1SUik6huXn78RMkoiBYGY2dnJ7XRwtJT
solana,8zvp88MBJrCBPecsbihYoPCrq29SvPdpLkm3Wnspwmgz
solana,EoW6qthqeEk4D3hb5dvgSX6ZigDVLycUdzQ5i1etny5c
solana,HCPkSsUnzy24mXHqy6cGvDEd3573EMaPtNArPwPiDtvM
solana,HyM6Kk8yf4agMiWkqUJK4JTadvqxyJ9GH8R281Aos12L
solana,3JZ35yWQLCUKg7AiJr25skJw5A1kCpBevXW5Q57B6kSY
solana,5ndA1CBaCWEoCZQeMHEpNHVnRXfzh26HFDhNLuMvxhLt
solana,BYGWmVxDcyGCPQVDsdhQTFuZZ2JUZBVzVpNuHcDiScXH
solana,BWfDFMw7btunHLUVNaa67FPPZYb7fiuzyoAh7jLZc4oC
solana,BBdXwAGVdtcjsySo6dJWytoMW5zLxcpNwoU1fz6BLeLD
solana,FNN4iNxV3QCWxUJw98hNH4pD7LWTfgi9fdcNwX48CpRk
solana,7HWHpbV91vtSjLxnw9G492BhszG38bJsz88Ut6X7xAq5
solana,4KGUXvkwAvcFLSjdbAJReuXsXeKZcf763UKsPaVaD1TY
solana,GWyE6B3PqFkk47RqPWNkAHNXhJkVppKZ1fd8FPuEXWTA
solana,AjJScwWz6RL2mGejiYtE5Bbq3fvdQMYVoy6JQ8nizRfA
solana,5zexCwE4xvrdfqvcXWbQHZvFZUBERJbwHW8p2ywD9MKZ
solana,EF9krap4gLEmEw9CxCNt1GfD9cnE3mESBNm5xpcAak89
solana,BhQX53YiAjEJ7EBJ7qyD8rB7FDCUdisiCCQFi7R8en8h
solana,3RgqjGepQr6WqzELoaXvTD7B89nDsS4E96p2Zr2HPX5C
solana,4beGbEbhE5LyPr7thieyuLxKyv7MqKVc22cSyA16dUnA
solana,Gk5shrB1crdYUhCLnivDy8QuzpHYHThcEa34vQTa45ra
solana,D4wCUxZSxjTvuGoJB735RXkp6jfQEbWtwPkTQMzYsQkH
solana,CCwBXBd1VCP55s44Dpg71i17wctKD31nng4Me9odNnTm
solana,ERLYbGUy74BUqAqhpwZiRco2PoLbwcPpPGCbwdvCWegE
solana,Fa5MdkhRZe4bbyEDeAbvxeP1LQWJ9VNdxXcf7Eoa3FPh
solana,6FAg6KzKekykydB7Wvfjx2km6XfmmAko9NtLr3qxYgnX
solana,8dk9EXRPxWdAFEDjPMwVc19pC4FaJqf6cxYjdX5NDeSd
solana,EmQtrYgyvyzFSPHsAp28X17AyvYNQdBfdLserw2M899f
solana,8Shrdn9HVP4icLVKZe5yQXd1Tce8XwSztU68frjpT14M
solana,Ew7LYo13cHCKkneB5i3ufGQCLuPcpDjD1yxgVNQz6tY2
solana,Aah7CVi8JsGDEvZJxhRLVftDVXnEXRUaZGdAoRrW1zS7
solana,FicV8XxwPesaCarQCREiX7qJGtwM2acDVToDDBRjcu94
solana,Hfngx58vZGuBiPChi8YD5gvNprQQrhycmxDT3fyxNhXN
solana,FYaQF7E97fqtc4nXThhpXmjA3u7pLgitLM4knFb63sMV
solana,GqcqBCH1p394ptRZMBtnqag83StD8iDwqDHgEcLARibc
solana,2jvFvyNrKi1U5Gzut5fzqgsQw8A2Ut8Gr26BXdLe2Nim
solana,BsmHLehz98izeFZgc5UfM7Keza7XU25G6EPrW52j9pY
solana,BeWY46afjeC3WbZQf94BY1UYUBxCxjAtDbik1aRiFX9w
solana,cBhb87L4r5y4GF5TtZxfUUdAUZBWR82qfZnkkxBtf25
solana,83DEFF24P62F5zzM48cUyiQp98EX2VzZpeY8M8tUs2R6
solana,BFfKAbZubfao2b7Sgsbeqnb2h7MtFDVwkavWnHsef8Uo
solana,GNCsmL64AtnwaJ8NsdcRGas4jEEEvFHsjAJC1HQZD8U5
solana,Fk5LkUE7phTRMrvaFw7YTmmqvaRyWbXKEu7gSPLZh6Dm
solana,3YQGN4pVehoE9ELTigsJdNft8LzFVtoHhnnFXXDWKSbm
solana,AeEpo6fNSJDB3iPhDRtXG5dkBegSKcXxAVRHtcjGChTj
solana,9aohRikbmQYLYnfsdFk7zPyTTSD7HPZqyoiUS58XWByq
solana,FY6bgUjf46aZo67MP367xpoi1kbCQ4yWTS8EVfXwmEQB
solana,2QbEMuTnezaaSZaS77YDd3nfB4mBFm9KxfXC498fzAyM
solana,5BkdYd8pYkzNKQrWe66mvQfucRnUmE21EukfeXAZfHva
solana,3sbgjasdWwg3ZtR4zs8CehrTx8MmRTJRZQQCCPZ53sns
solana,BupAxWnnu7jEpG6VsQemWvHJLWPnTMREqLgjtL5V8Y8g
solana,A9tXw1aq4GebPggmG2W9bwT9yL8PDyLQueTjWA5Db3XE
solana,HuQyTz6mstJVWNKKR5E8ESFdT69NZBSpVD57FNCa2bJK
solana,4SYp1fk6iSYJyPPqHDqDCBJCVpdS9dKuN56YmP3H6m2t
solana,FVrpDRwFChygZJAiDu5NAM2ew3Fhu7dBopJKmVcFqEap
solana,GLomVUpduaYXJ8gsSak6psJmx2GzQNXjFc6hPWyiqvhW
solana,FQFrEj6zJVjAmZ4r3mu8ZLJffH1pSjU5GH1ooWzwTMQe
solana,4gskKkVLpymtjkTbLh7dYS6JQGEZTuJE8xBXhNKVhar9
solana,9C2TpFvZECQWsLhdcQG3k2SzYdrB7yNs2EkqTMHnyBDD
solana,54yHEhhjivH28hb2uTbqYBw7hMtahCwqqBFkP7oVpjHk
solana,DbazcbVgNCuJBaK1NHbaz2AP5utVRAN8R8W1kFZsXmZG
solana,9ru7oPwyeuVdSatEfaGWTVeBDzNZ8Y293PQSYUmReh2o
solana,GPcKM29SAcJm4WPKEaeygjM5bU3qBwgLEiDVMAxMb3Cq
solana,AS7KxXD5v2wvvv88V3BRFqnNC6YnA4211eEqFrkdF7Dy
solana,4FRBEgZvhmzu25M3heg3MepVzbgTtvx2Z7cmTyoHxnp4
solana,8JVAmwZNQ6cq7zKiFCyKxHRYUMwK1jqcR8TimAvj4ZJd
solana,GsCiz9u4XQSQSp8VtqD9xFVDdmXRbjjbfGJL3fbuUby9
solana,5mBibpL3c9zsvbrmQShS4yfchdrtjaoSuiF6iqh5jFUi
solana,38fGCTMBsmwg1FmYQDP9h9Jh9PSqo28u3Gx5XqUHuwPP
solana,BXi2Qe1PnGFrf5BWx61Gvdpqk6m6dKyWTw9J1UNQv2Pu
solana,E2AdFgAapqS74DKZGtiaybNU4oPekiwoZbMKZhgqs4AR
solana,E3Aq95FjjKPGebhmkYo9KaDpNHjPqESRBEsQnNUgKp9P
solana,JYfnJj3xNhwsibptZqmoSFY7JYxqDMCArZG3adrwZi5
solana,HdjeZ4zgLVURJWyRuVh2nFVkmwcxTmpxPNcZe3YzvTUc
solana,AvPzp4Ne6pkb1GdQ5Cx8HsM8MNURzqH87RuhspDSASZ9
solana,JAQLBntTgiaUX1E6KWuJfw6oR55yniAs1cN81NBAD96D
solana,4wiVak8eLb8Jntorntzuo17iKqYgVm4D2o11eT4rrSFQ
solana,8nbJYPa6CcfJAfQYi9oCG5BEGbMkSzYkbLgffNCAVAVC
solana,2JUQmKGiHQ1jNy4T5yF8LiXiX3SbrdtKo1PUxaScF6Re
solana,HZRCkugD1nF9tcTHK6jgAfZLbSwV1hzspFxWGUV2bfpc
solana,6WSzjLDAMENL2WVpBZn8JMQsm2FYYLAE1HdnXrShoj2q
solana,8LZnsAFugY2mYgmESJJqv12zHvKD4whgpCqfdcW72ZEK
solana,2q8NzbJax9ZJXdpRrow2bftQrMpfDc5Tj2LhUDuQTW82
solana,YZK348bRS5uJFjY1Lk7D93PfjdeDw1YcMjFYCT2EGKY
solana,BUkphqi6528y5DMNQhVwLNxjwvrohem5JBTsAUcEbHN9
solana,5HphVAGEwcaQaYiUgX3B6ENZcbdJdcoJ6qQtUeQijRTi
solana,62PZeRfAnj9UbWjX9KdNvi3yi3p1qSsBGvWET8GqpxR4
solana,EuYkP93PLQxZbs8yxuQHTMtHdBzaoHm8i3BEE6riNK2G
solana,AQUQ8W1eeAtVkFhUhgo8rwRhcdXVv8qCBEjSXQChX3EW
solana,394Z5KKCsS95GPo6hy4hQKtu66W7DqUh4PrV89XcDpzA
solana,BKjcJfceDVrrRfvPDMhP7vX4zzfd5m6KUTQkFbCEdEJx
solana,FY7ML7gvAmwbFkDDZX3CTc5zQ7vxnN39Zh9q52eG9tjU
solana,8XhnoaoRR8LSUatVswdvi7QNEGuYCiaV7vgMWJTkMRYA
solana,E5DZZo53eecA7HmC1ASffkZPsrUcFGbjQs8d3k7pRfks
solana,3TVFECj6fxorL9RwpW5ZjDmcK8PRZk7ztcQ6c1LvD8bJ
solana,CmLJTxhHRtg13L5aCDUtc2Z3cnZMXba6xj7eBdvsEBBr
solana,CncdyHRbSBpoBvyahVGoQSwYcsb8ACWQVC4CVHTbsHqa
solana,BGGNfxAeqpSV9pcSBEU7VVziAggwRnTzSQ341YJxAJk2
solana,DncX8TUZumWJSJ6FtFM4XxqmxM2r49mJqMmj8qLrCqUj
solana,Dvh851XPj1mtLHTgvj5bUyjHTLNmmULX2xg9nTQnK9zw
solana,8PLe1qQk4AkkpgRSE7sV1BSShwr7noeq7Nnh8RjJtpi
solana,Cr4bBCFhEdLeiJygMAFq1QfzdrTRC8mwdpccM2yPzJUf
solana,F7QrjHGpUgucgAwBYk5uQg2WKgCUPRFrnGrLp24N9wAv
solana,HceVw3UGtVv4oC1G6XorFo47iFcgoxJKN4aiSoE99Mi
solana,HkaWXEDsVeN4c4Pgq87nbeAd7LK9zZYEcSQrnmchcbsi
solana,FwWciP4PuJMpCNsGGzKTQsrKXDL9EjYsULMxr6JHK7kN
solana,FeXZWa2CaDaKQFt6durSGmtkMq7nLWoj7kYzXFSzmBT5
solana,4TUVHD8wLgchYjYSMrMFthAQeA9JqZuzWk6mBcKZ7va2
solana,4kWzS5rMKHBToe6zptTGo8DKL4vEuVfZpQLECw7F6Vv8
solana,5FpU5Yov1hL5BfXTm8x5FfS1aJnLE7cAxGcDQk1G76KX
solana,CSZ1CcMZBMAcYMCkpFiHfoLHP3hS28UhxegFoxvBP1Fo
solana,6tuouwxkVF5EzVsxGPrkM9UVLaBTUV1PjkBt6JWZfyxM
solana,DKWkcePpiaQFoR3mDdQuwk3BTWrvpaBygRLuzzPqNpQn
solana,HaXzSffKgucdwsDk5QWKJrvDmUSrTwUjNjrkrCAL9aFF
solana,779aKNH2qR5YbGi4G3gYyq1tL9xBDYPYeTj4Jmsjffdm
solana,RGNP424mJSH15Y8YunwnoY5JKKi6ciWkVKBmxREjGUN
solana,14nJ4V1zPiUbYDhfpphMGGC8chLZiab5d4uGkqPMty9V
solana,2Ufksh9ssXqZ28qWEtbFQFwYKzf1AFxAH1UFjARCXp8w
solana,J3UMU6Q2ffPo7dQtbBuBrSfKZGjXPXRSZtyd8P45nu6J
solana,CKAadwjyjTe7SPgjjmf38Qj2RtWBf39cHnvcREN3WLqV
solana,476xvVq6kfKft5Y9MKUZFmh6kGnoPZLE2RLwF3aFvmsn
solana,3sqi8fhrKo4QYScSqFQfQRHWmMMSrETmStRVvfnMJ4WV
solana,HxnTj8ULVGfprhAfaaSn1VgdoNjxtNyELANnwDqZEnQR
solana,E5vDph5eaUNky1znK1WPK8kNJJwBk4X5V9PhcjhUFqWJ
solana,J2JMJnch9bggUo8drCeK2zUEHZ2rrAtC5rL5BtLTgJra
solana,HMGMgiDbEkQ1sN1syjqU1pqHUmcWuHuacT76GTnpdwoR
solana,647GvLw2WcMmQGera77fzodgCaHKyYPweb659UL1Kr4J
solana,ES7bNntXzWCMgouzikfFVHznhjNciKavuUXBDasdneTZ
solana,Ec2pL7MX3JTD6uxvSBoTZvZyN2hP9YXUbNkGnoeFD54K
solana,34Lr5wWbWaC7Y7diG4bjWbmkw7V5m4mY7iJxavMXBFg3
solana,8SZi8W6j3eEi6Ex6WvEgRpR9Sy1HP4hUf9LJaLC8QH5t
solana,HoGzmKHcpsoLAX7v9WxxjKtZdRqgtjsJ5ufUxiy49dDR
solana,5WLsUPAAvkUbZAyJTf7qb45xWZchp6xsf2TA6ZoytqtQ
solana,CLtUCc6NoBMPk42Mc9iU7GAJ9aqtpLc9uDnjGBQF1JAM
solana,66GETXE971NW2nzPcF7NsTNTMmMHWN3oKNcsD6738Fgk
solana,BXdpzppWA84u4EyoL79FmECFq1Z2vaXCDMwiHhfF3QzS
solana,6fDuK7p9DUGSJMdSHEL8x8TNgs5ZzihGBS36Jw5cqGFL
solana,3eeP8VCyFQv7nQ8ZNAjaJiftKEK9UsXphG7hv7ro9y5F
solana,FUMbzxPJcihTq6wt5nseDSdYpg95kxzfv4S3rSmbQBiY
solana,5iP62NqjCsLaf3VYAoRV36wrqDXwFAE2sbKuW9bsseFD
solana,7f9DoTfQFi1z23BFuKms1y5Aemzryq1ZDs7XhsnsVaAv
solana,2DtwNhYJpuEzD2cshPCzmjrhUEcnfZH1gX6FDrxYri9Y
solana,F1bq7KoMuSRf9giP5CJpLErSwBaycd5LJDFo4hGxMmsc
solana,Gy2SjWff48TL9mnjVwqhjJsDDUueoM61DSBFwzyuKv2x
solana,DxBhznJokujkmd6Kz5ebYXGdBr9nJbRwSyeerR5cXE9o
solana,4ag3pKeXCgNz9p5FmgVEA4HDN4LjWSBiMy2jswWZUdem
solana,C8V3MyhfPHX6aE1aCsgYjvLJESSNEYSZzdccrttVL65E
solana,EEpLViYZHwu7U61YdZuFt97LFYUnKr5zKaXSk2yr1Gtj
solana,LftQiXbgMDxA84c6zMWwm8NNEBHjNKChSxxRS1hfY4x
solana,FwiZvVWaCw1AsgjCpa9atktWsSYD8kHmX9aoDPqVkyW2
solana,FU8gVF34x7pVUnL2mfUxwQHXyMcjwQWLxtP1U2Xt985A
solana,6NiYgjnasZYH6NSSNyoBxRaTxJ9fLCUGo3s9FmVWDKFz
solana,FbKpK5aZJVtwdG3XfTpAkj62o9z4rQ7wfHvX2fq8khWo
solana,4rKim5unb6ny5Zexc5VXwpVRVPdGTvwMjSXjBKJWp4Zo
solana,DNJvUspqHhzByBfTksqLfvegnGwzyBYHUJ38prQoyV9y
solana,2tyLRNWx5BZAzmhxekDckSERwFLbPqXPtDcqkC18NBvx
solana,EHTecAZndWtYZezV2v7a4pNaKL9MDTwB1JxCVnHaXSSP
solana,3tNt9keuV274L6FfuyjB8mEZy9KQiTe8ozE3J66DxZdj
solana,42oH7jnHbs6qS8FgM9ukWzb6DfwXxtu7BNP4DeLYVTYn
solana,5rKdj3qquoxGyGeyeUTy1YBVUML9PwZvcax7e9eE9DCE
solana,DVvS9cmcjSyLqGxk79YXhyZejRxDaUjeyKcnPa6jVXtP
solana,F2q6yyXzQPcjP23cxBgj7uUDmEcDjtTjL7J8NhURB5dE
solana,JCuViywPwu7gmZGi7bfH9nwtgN5Trq8bEu7Xwenph6Am
solana,9eQ2LFbnJEBBNawjXjMrc55aZRrKjRdW9AqSzud3oSJt
solana,8fgxdscVBM3DVTXu96yinSUBjwmHBz1CTBU1Sw4A9Tvj
solana,92knJ8zwSbsn21N9HKa5hNECVpbjLZd4YP9CMw8cKfnQ
solana,H2pV5pJDV7smdyL99M1Bh2mVqnLQpaAMfBkBSpuwiuQt
solana,4K3aGvP45SFoc9rffniwU6VnZf88sZw2ge22FQN7HeNA
solana,7JCgz4UN5ePPxkdukz17DSkHC27HQ41Hhqw6G8Xc2fwB
solana,G4evFSuDaGyLzCnvivRhTbfGgZFXM7teTn2HR4Ff219E
solana,AGMH65xiaaSNozC3izyWZ1gwBJbqP1WqMAFTNsVbTtWz
solana,5ihdNtp1iPrHEjA5AmQmNm3i6ktKvN1TdYbmCkrmqLf2
solana,2bsZSDQoResKSJXEpDh2nazkje6Cm6Y2yMFos8KhatHQ
solana,D7wbvSrcXdFe2kevWtR4JewxpUP7EUoyH4idBfmffxMM
solana,FMkdVxSZ7HGmMostujTV341XHovWru7Q175gijWvjpWS
solana,31iFki46Y26VcwLP9uqZRyu1Q15dvRHAQHXfaVn7Mu4H
solana,Af5jMs2anLeVWjXs7kZeJGZgFfZiF91WhnAcT86qtfym
solana,FLdKDrQ6pauprU2bEaX2e8KnspeWHskuNx9a2KjV2KxP
solana,8ayhf6GmD1N312YBRSrryjwAvc9wb5mGNwu7H7wPdAre
solana,9ox7D1r5KX4qxjXprZREZYjiGP17QubteSJBUQuXDChd
solana,BaUPoRJZKPLtKX2y4RVj238WJrPjx1ktDXgPKRvUybom
solana,4gKdnoyZ313vSCie56JFatSPuSdSAKevXQjLxGPbjoqw
solana,9zM1pj9KSvFDCbhozZsy9FQGjDGRW7qgJ2pdTKKcMaj8
solana,7TivUUeiigqyG4pf2naANoAttFCqPQK4aNDWcsMj1EAB
solana,AcFD5JBK5MpKpXnasD3bmG59LDmz92oPgiCrGND7Rdky
solana,H9GUw89WAPhT51Lxz1r1FCNqmWW7D2necNyLJRWYfvpW
solana,2MywHFQ46u4JxqGLgyiH4cQDuK97C4u5orozayKpr1Qk
solana,EnnhP9uzkT9R6zGGQwo8hZsc8HGCbyX2ajHqwGfDkhao
solana,3UqFw8yuARSNNwNCrYug3FaNtPPB6gybk4YEyZmPbboJ
solana,4fgZHDBzFc4j1Q6J3kmsAYxVREdyPhnhEnuFFdV9cYzB
solana,9qiPbz9DDNnVd2nfdKJDbUPMy5MvkS1HFpn2QAZoEtEH
solana,6QyFT7sSg3KAJ6gxPt8wHBswvS97uZa4y5nd9rVKqgYt
solana,FHk5KkwFpKoCHVUtDgGrwAQKqg1SJahHwpYucZjkhVbv
solana,8qaV3jzRLP3KwCW1hn6JBs6fCEs6Dh8SeWUvvqWZXiSH
solana,6t4etaXffPzTwApmpvYgjvn2Qc3hsPmk2U8npe6LUrF8
solana,DWYHgyKWevzLca955JzMFVAFYVsEiaWQpHP9ERpUV29n
solana,6CYC45cWTpcEZj8i4cWEEBjhkgEpnRq3TJTVtDt6g5bG
solana,BSB6RpdG71xkP7gT6vUUXghsLRTUZouS8ZCbiqU3f2Vx
solana,AKsQoUUJ7LFE8kxR11f8j8hhbRA2WLAtxUTc3rut1gNq
solana,2NRe2krTYQ4xTf5kDbEzTf9jN7zheLNq4Se9ojH6Sbsw
solana,2Sc1RQbrougZUHZMbquFttAFbAZNHffZSJqfsyf17RHJ
solana,2m7Rrf4C6DXNd8Ty4Q8QdFWxs5wZjiX7HL2i2rtiLhjZ
solana,7UKiXbv1n6oXPvJxazuCxdtrGcoumCKEgM1pmsd6LUjf
solana,5PecigfQU7MuWtDoAoffNCHeCiCrjw74FMqw8ShCvRUk
solana,CehttSajQmTYSSVb3UWCdt81THZZzpUPVLHiJP2mJXNA
solana,D4T3gBW81QEdmWYPfRQkqFk5oZqVSaAgjJ7hk8howjNm
solana,2Xn1wQ3Rz4Y8gNqVtUk7sdsEJ3jcBuKSY7CJzxHoYc5z
solana,HvTPjrDxuuJdsNeA1Nkw2JTei7PGDPJyGvGCP4A3VWS5
solana,EtgLzXftXDbFfu9TH6LppbFCR4Ltz6syUd773dMEJx1F
solana,D4pkddcngzSqy4gJywcevwL6e75ukbBAcuvpqeQaFaNs
solana,7ngomweUEwi5J1AaUHfeCXunenZZRcceSK4kkYidy4VJ
solana,52SveLzxVkM2Ymf1VnDMP96KvqCfgPQDwtwt5vfhfLSz
solana,A8iLvnjvpnU79RaSADraTJYFJT848j4F5vzv8aY6f8d4
solana,8Y7iUu7WqqimF9Lj3xkdw8ehQjGMNhsBfCmpQW8A9ZxS
solana,6DteVazMayDpVBw6QHFhKs1b8gy1nwQeLmzeUdGodU6T
solana,5ZUWGPsNyPZxr1DmBEbeMSdGiaRg2QKNWP72YUk2qy8Y
solana,D6YE7nCe26t12i86Y1u49zP93gkoKcEh75ACrhk2rK9r
solana,AXwmunfQ9SDLinZhHQi3te45qxaPPE4Cd61TAyxVbrex
solana,AUEj6wi36JA82bgApfpp4LbTbyGeNppFZ4a2eNjpY1rj
solana,A8x4ac8Hx653LeeQpnczki56S1h9mmfpE9aLgL5o6a3s
solana,9cM7kzauhA6DBN5WrGxEMKEFzRHG4zqUzRQrzCVP3Whb
solana,6RNSw1qJXbayhujgVFLACcqbW4Hei1zLgSk3J5S48rM5
solana,BMcMMwwky8HLruag28NMP51VVjGAmRazNmWLnGAaHqfS
solana,DtGqFsgr9t4uHgZ1sEdZCmoYAvQmNcDFDLJLXWMPwqmD
solana,CFJf5jiRPvLwT2MHZVU6VjBE3JLmuaXrD272zNpvZ7RF
solana,5B7x5SL7dgyB4cRSgNKh6REV3TEtbYmnhoSdXCJVaNFw
solana,Dh7Q9iEQyoFxgn4dmfPsaZtY3BDFxRWiFfsu2Q3LwD4E
solana,7GHK1mZRXDgWXGvjwJHCfwXE1dRR32BS8cbzNb38FPnv
solana,6NVDSgvizQAfrg4zPWKVEYQjnjZdNRXYy8Ae7FSCcwbk
solana,LU1a5TvoLk3bHX8LQUUVuLfRHfc2EjEgK6z4gSS1dh5
solana,BYg61aFFHiLVkxBXhu9Wjv14UJQKsUfYxWheu74HZioj
solana,DQBk2nZv4sWyK6P6bT5qRyjZwZwWoiHqus3tqwzhDpgD
solana,GpDKstFretPVMRPNRwe9kfW3XtxqnX5MS8F7msQRppzt
solana,ASVxPyXyU8wtrc38Gj52KvKhny1JD5WSsux8MNMfvwKP
solana,GYqWKsjRRndec5EKrojUC7zjk8f9CQPa3QH3bDJKRiVC
solana,6BZwB53EdEmejxT6wFqvr9C6JdAYdnxjTusP3wY8TGeU
solana,8kVv4wTukV395fn4KzCHh5ghv9LvxDMCqjZn21zVPjcr
solana,9CrFbkkVtet9k7fJaUduZtt2zntb344g5J8VpV8G2ThW
solana,DWtv5Y4Bj8cVnK9rXL4S5NK42e1qxiZQVXYc7F8J5vvv
solana,8iBwx1Fbib3UhmeAJVF6vBgdsQoApUWdU5JrYKeUcapD
solana,3qfEFaaGTG8aG9EqfnZ3QNaTFfBq5QFs9QTZ2bRDcSDs
solana,3f88r6YZdvALqdXgGUyezH312nUYpkMoTn6qVbPLBzif
solana,DLVBPeeChAMQDw4hqKGXNAiJXhrsoDQiJaRkh6itJLWU
solana,8wtTd35hkgY5q3LeCiwz8aV9S6uPMu7uuffwpAGpXGWb
solana,DR8Y9xYqpQNJ87kmuJrzTUu6GRFbhgonDuC4zL5Mw9dq
solana,DTvhbbxr1FQ15snwYGnK38stfPyR4sg2e5oQ9FeWejge
solana,joJbQJTR12wW4C979ot4Q9SWNTebLcxMWjhWqn27S6p
solana,55zdLhTvxcRPpCEq1cYret6nFst5dz3YacuBtuZieceG
solana,D7G2MCxL7yf1DVtHrDJMGRgaqK4xwtioRdY42mCUZEFx
solana,DVrubVubum4AektLWK4Kcb1v1czkgNnDdch2Fm6zVFHg
solana,BqiyKVchVsDxUB22xUg4GqhduF7s8btLnzseGkzKPmo9
solana,6uuTxRH5GRfe3NsBnxza1QjKnAd2ncDvUrrNgaEQdCXS
solana,CYodeDCEwfHSsyfnx6BAuhksYMsukEzAWj5u5QCvbixB
solana,DYCpWiCubXGLvuLE1VvnebqbpfvVNTacAx9qmt7jgi4k
solana,4yRwRjEHoUdBCUzpHcuzEgP8SY3Mc7LmugVMKgRdsDfu
solana,HrYJKfCNTMCc4ScebQh3HDzzkXxi5rCAGKHQQBE9jK2t
solana,FCr3PSro7pG7vXgdxF3eEL6h3auAAPeueEUQh24ZRe57
solana,4B4P3nnpGkL87jrxaJ8AMqcVLUMDerfVz7FXosjAp2ym
solana,G7SciiqSVK9XoEJgnG3sdzCsetqsu9LxzmGejNdhCZ2k
solana,1xHfwmVK5EctJV8pAuSQsBdqjZoKtJT1zeuEuLPE5fg
solana,BM2zxcDwMke9BUSVwuUfdmxfw5yNt29Cm7px53D2Ajf6
solana,7jEx6FT8P6C2vmHNmZmgCgdwfioUWD1MikJ7ShnDtLta
solana,BEJ4ExCNVMfCrrNLNrkX2U5Zwuhs7uQeeeppfxavhC48
solana,Gn8VU6E9mWWbPnUWcNETqM6nJbvX3psLo6oUuGa6yF1H
solana,EHavTKC9VUoxdBBNWZdFGwfFsotz3YQuJR4hMnWPbTcU
solana,HhSguG3Ci3Rt7iGY9F8zrYZVZSSzn1Q4wp42WWiL95eG
solana,Ez6YHZ6X6wQysfKZFvVXdYpqQutc3yuLPLf4NmKH866s
solana,DmyuMcLYJ4DnqGCnKVr5sfEm24BWL5xeqxY6VkUXVbkr
solana,3VgsVWt1ZPmnWz3NE5X2Jk3uF5YK1JQPfbr6vEQQa6fZ
solana,C5veahut2GYuuGLmk7GWVnq6JNgd1zStyidQggQSaGKK
solana,CCL53eYPFMddkCSuXyse177aThBtq6xe8UKdMjXRBTmx
solana,H4vjcPucREpXnMhmJLt9gk9pojC6axgNDtfS2kUBwkaW
solana,HwG76MFNTjT3mvxKQkpeG94Q5TdgRYLgAu2Z5RLMG6mE
solana,E7B7aCivtnzttw8tmgbLpFcRDADEoRq88Ypaok1BLqZh
solana,E4ZfdrUV4wuLmsXkxiess9wwdHiy6mAXn8E2Bzd1aKsC
solana,8bJW4TuaB6yx6Wb8RrFmFSU797SWGcA1oQqSz6VZwZh8